날짜,조식,조식열량,중식,중식열량,석식,석식열량,증특식,증특식열량,열량합계
"2026-09-24(목)","전주식콩나물국(05)(09)(17)","114.71kcal","닭고기육개장(01)(05)(06)(08)(15)(16)","148.47kcal","부산식돼지국밥(05)(06)(09)(10)","252.72kcal","","","3157.39kcal"
"2026-09-24(목)","비엔나소시지케찹볶음(02)(05)(06)(10)(12)(16)(18)","370.72kcal","쇠고기육전(01)(02)(05)(06)(16)","320.14kcal","애호박전(완)(01)(05)(06)","235.39kcal","","","3157.39kcal"
"2026-09-24(목)","감자샐러드(완)(01)(02)","77kcal","도라지무침(05)(06)","24.72kcal","부추겉절이(05)(06)","15.02kcal","","","3157.39kcal"
"2026-09-24(목)","배추김치(09)","10.66kcal","약과(06)","237kcal","배추김치(09)","10.66kcal","","","3157.39kcal"
"2026-09-24(목)","사과(홍로)","29.52kcal","배추김치(09)","10.66kcal","아이스샌드(02)(05)(06)","220kcal","","","3157.39kcal"
"2026-09-25(금)","쌀밥(1/2)","180kcal","쌀밥","360kcal","쌀밥","360kcal","","","3199.42kcal"
"2026-09-25(금)","꽃떡국(01)(05)(16)","347.85kcal","맑은쇠고기무국(05)(06)(08)(16)","107.23kcal","뼈없는감자탕(05)(06)(09)(10)","431.89kcal","","","3199.42kcal"
"2026-09-25(금)","오미산적(01)(02)(05)(06)(08)(10)(12)(13)(16)","191.25kcal","잡채(05)(06)(08)(10)","176.47kcal","깻잎전(01)(05)(06)(10)(16)","311.64kcal","","","3199.42kcal"
"2026-09-25(금)","오징어젓무침(17)","69.16kcal","돼지갈비찜(02)(05)(06)(10)(16)","313.04kcal","고사리나물(05)(06)","36.38kcal","","","3199.42kcal"
"2026-09-25(금)","배추김치(09)","10.66kcal","삼색송편(05)(06)","113.5kcal","배추김치(09)","10.66kcal","","","3199.42kcal"
"2026-09-25(금)","배(원황)","34.03kcal","배추김치(09)","10.66kcal","우유(백색우유(200ML,연간))(02)","135kcal","","","3199.42kcal"
"2026-09-26(토)","계란말이밥(01)(02)(05)(06)(16)(18)","275kcal","족발(05)(06)(09)(10)","397.14kcal","쌀밥","360kcal","","","2681.76kcal"
"2026-09-26(토)","","","비빔막국수(03)(06)(13)","422.31kcal","순두부찌개(01)(05)(06)(10)(16)(18)","87.66kcal","","","2681.76kcal"
"2026-09-26(토)","","","양파간장절임(05)(06)","22.53kcal","마늘불고기(05)(06)(10)","491.87kcal","","","2681.76kcal"
"2026-09-26(토)","","","매실에이드","55kcal","실곤약야채무침(06)","73.93kcal","","","2681.76kcal"
"2026-09-26(토)","","","유과(02)(05)","430kcal","배추김치(09)","10.66kcal","","","2681.76kcal"
"2026-09-26(토)","","","배추김치(09)","10.66kcal","사인머스켓","45kcal","","","2681.76kcal"
"2026-09-27(일)","간장계란밥(01)(05)(06)(18)","427.27kcal","허브치킨마요덮밥(01)(02)(05)(06)(15)(16)(18)","543.14kcal","쌀밥","360kcal","","","3145.47kcal"
"2026-09-27(일)","조갯살미역국(05)(06)(16)(18)","16.53kcal","유부주머니어묵탕(05)(06)(09)(10)(16)","153.87kcal","새우완탕(01)(05)(06)(09)(15)","204.6kcal","","","3145.47kcal"
"2026-09-27(일)","스팸구이&케찹(10)(12)","340.18kcal","단무지무침(05)(06)(13)","25.7kcal","명란떡갈비(05)(06)(10)(12)(13)(15)(16)","240.6kcal","","","3145.47kcal"
"2026-09-27(일)","진미채고추장조림(05)(06)(17)","42kcal","만다린샐러드(01)(02)(05)","82.51kcal","치커리사과무침(05)(06)(18)","57.35kcal","","","3145.47kcal"
"2026-09-27(일)","배추김치(09)","10.66kcal","자두에이드","56.5kcal","베이컨떡말이(01)(05)(10)(12)(15)(16)(18)","428.24kcal","","","3145.47kcal"
"2026-09-27(일)","우유(백색우유(200ML,연간))(02)","135kcal","배추김치(09)","10.66kcal","배추김치(09)","10.66kcal","","","3145.47kcal"
"2026-09-28(월)","쌀밥","360kcal","쌀밥","360kcal","치킨버거(01)(02)(05)(06)(12)(15)","914.26kcal","","","4009.13kcal"
"2026-09-28(월)","쇠고기무국(05)(06)(08)(16)","105.87kcal","순대국(02)(05)(06)(08)(09)(10)(13)(16)","365.49kcal","야채스프(02)(05)(06)(16)","98.15kcal","","","4009.13kcal"
"2026-09-28(월)","돈육마늘간장볶음(05)(06)(10)(12)(13)","741.89kcal","부추전(01)(05)(06)","261.64kcal","허니버터콘립(02)(05)","71.9kcal","","","4009.13kcal"
"2026-09-28(월)","검은콩조림(05)(06)","43.6kcal","오징어야채무침(05)(06)(17)","216.6kcal","오이피클","43.74kcal","","","4009.13kcal"
"2026-09-28(월)","가공우유(커피)(02)","185kcal","요구르트(02)","65kcal","딸기드레싱샐러드(01)(02)(05)(16)","42.67kcal","","","4009.13kcal"
"2026-09-28(월)","배추김치(09)","10.66kcal","배추김치(09)","10.66kcal","청량음료, 코카콜라음료, 스프라이트, 250mL/캔","112kcal","","","4009.13kcal"
"2026-09-29(화)","쌀밥","360kcal","카오팟무쌉(02)(05)(06)(09)(10)(18)","265.36kcal","쌀밥","360kcal","","","2898.12kcal"
"2026-09-29(화)","두부고추장찌개(05)(06)(10)(16)","71.75kcal","샤브샤브국(02)(05)(06)(16)","49.47kcal","무청시래기국(05)(06)(16)","42.25kcal","","","2898.12kcal"
"2026-09-29(화)","볶음김치(05)(09)","65.79kcal","고기짜조(01)(05)(06)(10)(12)(13)(16)","328kcal","목살버섯두루치기(05)(06)(10)","451.25kcal","","","2898.12kcal"
"2026-09-29(화)","파인애플함박조림(01)(02)(05)(06)(10)(12)(13)(16)","324.78kcal","매운락교무침","38.91kcal","분홍소세지전(01)(05)(06)(12)","182.74kcal","","","2898.12kcal"
"2026-09-29(화)","감자크래커범벅(01)(02)(05)(06)(16)","95kcal","망고큐브&연유(02)","106.5kcal","배추김치(09)","10.66kcal","","","2898.12kcal"
"2026-09-29(화)","우유(백색우유(200ML,연간))(02)","135kcal","배추김치(09)","10.66kcal","젤리류, (주문자상표부착)푸드머스, 퓨레뜨포도, 55g","","","","2898.12kcal"
"2026-09-30(수)","카야잼토스트(01)(02)(05)(06)","461.72kcal","잡곡밥","358.25kcal","자장밥(01)(05)(06)(10)(15)","626.05kcal","","","3557.18kcal"
"2026-09-30(수)","햄에그롤(01)(02)(05)(06)(10)(12)(16)","194.62kcal","돼지고기김치찌개(05)(06)(09)(10)(16)","108.33kcal","짬뽕찌개(02)(05)(06)(09)(10)(15)(16)(17)(18)","113.74kcal","","","3557.18kcal"
"2026-09-30(수)","타코샐러드(01)(02)(05)(06)(12)(13)","202.21kcal","쇠고기야채볶음(05)(16)","404.17kcal","피자춘권(05)(06)(12)","464kcal","","","3557.18kcal"
"2026-09-30(수)","시리얼(05)(06)","119.28kcal","두부조림(05)(06)","120.63kcal","사과에이드","56.5kcal","","","3557.18kcal"
"2026-09-30(수)","모듬피클(13)","36.8kcal","매실장아찌무침(05)(06)","56.22kcal","배추김치(09)","10.66kcal","","","3557.18kcal"
"2026-09-30(수)","우유(백색우유(200ML,연간))(02)","135kcal","동아오츠카포카리스웨트340ml 캔","85kcal","단무지(13)","4kcal","","","3557.18kcal"
"","","","","","","","","",""
"","","","","","","","","",""
"","","","","","","","","",""
"","","","","","","","","",""
"","","","","","","","","",""
"","","","","","","","","",""
"","","","","","","","","",""
"","","","","","","","","",""
"","","","","","","","","",""
"","","","","","","","","",""
"","","","","","","","","",""
"","","","","","","","","",""
"","","","","","","","","",""
"","","","","","","","","",""
"","","","","","","","","",""
"","","","","","","","","",""
"2026-09-12(토)","옥수수콘스프(02)(05)(06)(15)(16)","119.15kcal","큐브스테이크(05)(06)(10)","205.83kcal","유부비빔밥(01)(05)(06)(13)","551.47kcal","","","1472.13kcal"
"2026-09-12(토)","치킨파니니(01)(02)(05)(06)(12)(15)(16)","155kcal","커피음료, 동서웰빙, 칸타빌레헤이즐넛향, 230mL","","감자양파찌개(05)(06)(16)","47.25kcal","","","1472.13kcal"
"2026-09-12(토)","황도샐러드(01)(02)(05)(11)","80.64kcal","","","고기말이폭찹(05)(06)(10)(12)(15)(16)(18)","190.28kcal","","","1472.13kcal"
"2026-09-12(토)","무피클(05)(06)","12.72kcal","","","양파간장절임(05)(06)","22.53kcal","","","1472.13kcal"
"2026-09-12(토)","","","","","연유아이스베리(02)","76.6kcal","","","1472.13kcal"
"2026-09-12(토)","","","","","배추김치(09)","10.66kcal","","","1472.13kcal"
"2026-09-13(일)","쌀밥","360kcal","쌀밥","360kcal","족발덮밥(01)(02)(05)(06)(10)(16)(18)","795.3kcal","","","3766.90kcal"
"2026-09-13(일)","파송송계란국(01)(05)(06)(16)","117.04kcal","맑은콩나물국(05)(06)(16)","17.41kcal","미소된장국(05)","38.63kcal","","","3766.90kcal"
"2026-09-13(일)","연탄불고기(05)(06)(10)(15)(16)","284.79kcal","춘천닭갈비(02)(05)(06)(15)","561.68kcal","무말랭이무침(13)","76.04kcal","","","3766.90kcal"
"2026-09-13(일)","진미채고추장조림(05)(06)(17)","42kcal","콘치즈오븐구이(01)(02)(05)(16)","441.2kcal","자몽허니블랙티","54kcal","","","3766.90kcal"
"2026-09-13(일)","가공우유(딸기)(02)","165kcal","깻잎무쌈","5kcal","꽃맛살샐러드(01)(02)(05)(06)(08)(12)(16)","281.83kcal","","","3766.90kcal"
"2026-09-13(일)","배추김치(09)","10.66kcal","배추김치(09)","10.66kcal","배추김치(09)","10.66kcal","","","3766.90kcal"
"2026-09-13(일)","","","우유(백색우유(200ML,연간))(02)","135kcal","","","","","3766.90kcal"
"2026-09-14(월)","쌀밥","360kcal","잡곡밥","358.25kcal","후리가케밥(01)(05)(06)","428.9kcal","","","3689.54kcal"
"2026-09-14(월)","순두부국(01)(05)(06)(16)","66.56kcal","쇠고기미역국(05)(06)(16)","85.34kcal","우동국물(01)(02)(05)(06)(09)","26.48kcal","","","3689.54kcal"
"2026-09-14(월)","스팸구이&케찹(10)(12)","340.18kcal","감자채볶음(05)(06)","64.68kcal","허니간장누룽지치킨(05)(06)(15)","785.5kcal","","","3689.54kcal"
"2026-09-14(월)","마일드오믈렛(01)(05)(12)","215.02kcal","삼겹살김치찜(05)(06)(09)(10)","645.38kcal","치킨무(13)","5kcal","","","3689.54kcal"
"2026-09-14(월)","배추김치(09)","10.66kcal","매실장아찌무침(05)(06)","56.22kcal","요거트샐러드(01)(02)(05)","26.71kcal","","","3689.54kcal"
"2026-09-14(월)","우유(백색우유(200ML,연간))(02)","135kcal","짜먹는발효유(02)","35kcal","배추김치(09)","10.66kcal","","","3689.54kcal"
"2026-09-14(월)","","","","","청량음료, 동아오츠카, 데미소다 청포도, 250mL/캔","34kcal","","","3689.54kcal"
"2026-09-15(화)","쌀밥","360kcal","새우볶음밥(02)(05)(06)(08)(09)(16)(18)","510.41kcal","쌀밥","360kcal","","","3399.83kcal"
"2026-09-15(화)","백짬뽕국(05)(06)(08)(09)(10)(17)(18)","118.64kcal","팽이버섯국(05)(06)(16)","32.51kcal","감자돈육짜글이(05)(06)(10)(16)","127.34kcal","","","3399.83kcal"
"2026-09-15(화)","떡갈비칠리조림(01)(05)(06)(10)(12)(16)","315.72kcal","지파이(01)(02)(05)(06)(08)(10)(15)(16)(18)","662kcal","쇠고기야채볶음(05)(16)","404.17kcal","","","3399.83kcal"
"2026-09-15(화)","간장깻잎지(05)(06)","8.07kcal","파인애플샐러드(01)(05)","72.99kcal","두부카츠(05)(06)(18)","241kcal","","","3399.83kcal"
"2026-09-15(화)","배추김치(09)","10.66kcal","배추김치(09)","10.66kcal","배추김치(09)","10.66kcal","","","3399.83kcal"
"2026-09-15(화)","우유(백색우유(200ML,연간))(02)","135kcal","상온주스, (주문자상표부착)신세계푸드, 올바르고반듯한망고망고, 120mL","20kcal","","","","","3399.83kcal"
"2026-09-16(수)","에그마요모닝빵(01)(02)(05)(06)","484.7kcal","흑미밥","343.87kcal","유부장국(05)(06)(16)","27.36kcal","","","3504.75kcal"
"2026-09-16(수)","페퍼로니샐러드(01)(05)(06)(12)(15)(16)","144.96kcal","부대찌개(01)(02)(05)(06)(09)(10)(12)(16)(18)","167.67kcal","떡볶이(02)(05)(06)(12)(16)(18)","394.84kcal","","","3504.75kcal"
"2026-09-16(수)","오이피클","43.74kcal","가자미구이(01)(05)(06)","304.85kcal","미니돈가스(01)(05)(06)(10)(12)(15)(16)","471.5kcal","","","3504.75kcal"
"2026-09-16(수)","치즈머핀(01)(02)(05)(06)","192kcal","실곤약야채무침(06)","73.93kcal","오꼬노미김밥(01)(02)(05)(06)(07)(13)(15)(16)(18)","461.14kcal","","","3504.75kcal"
"2026-09-16(수)","시리얼(05)(06)","119.28kcal","고들빼기김치(09)","8.75kcal","자두에이드","56.5kcal","","","3504.75kcal"
"2026-09-16(수)","우유(백색우유(200ML,연간))(02)","135kcal","두유음료, (주문자상표부착)매일유업, 매일두유초콜릿, 190mL(05)","60kcal","단무지(13)","4kcal","","","3504.75kcal"
"2026-09-16(수)","","","","","배추김치(09)","10.66kcal","","","3504.75kcal"
"2026-09-17(목)","쌀밥","360kcal","불고기참나물파스타(02)(05)(06)(16)(18)","806.13kcal","쌀밥","360kcal","","","3302.01kcal"
"2026-09-17(목)","맑은쇠고기무국(05)(06)(08)(16)","107.23kcal","알감자버터구이(02)(05)","142.83kcal","무청시래기국(05)(06)(16)","42.25kcal","","","3302.01kcal"
"2026-09-17(목)","돼지고기부추볶음(05)(06)(10)","433.03kcal","참깨드레싱샐러드(01)(05)(06)(16)","107.89kcal","회오리핫도그(01)(02)(05)(06)(10)(12)(15)(16)","182.5kcal","","","3302.01kcal"
"2026-09-17(목)","땅콩조림(완)(04)(05)(06)","28.96kcal","아이스홍시","200kcal","닭고기고추장조림(05)(06)(15)","328.96kcal","","","3302.01kcal"
"2026-09-17(목)","배추김치(09)","10.66kcal","무피클(05)(06)","12.72kcal","양파간장절임(05)(06)","22.53kcal","","","3302.01kcal"
"2026-09-17(목)","우유(백색우유(200ML,연간))(02)","135kcal","배추김치(09)","10.66kcal","배추김치(09)","10.66kcal","","","3302.01kcal"
"2026-09-18(금)","간장계란밥(01)(05)(06)(18)","427.27kcal","잡곡밥","358.25kcal","쌀밥","360kcal","","","3067.58kcal"
"2026-09-18(금)","햄치즈순두부찌개(01)(02)(05)(06)(09)(10)(18)","119.08kcal","파송송계란국(01)(05)(06)(16)","117.04kcal","버섯된장찌개(05)(06)(09)","47.46kcal","","","3067.58kcal"
"2026-09-18(금)","참치야채볶음(05)(06)","127.22kcal","단호박튀김(05)(06)","289.76kcal","대패삼겹살&소시지구이(10)","675.46kcal","","","3067.58kcal"
"2026-09-18(금)","토핑형발효유(02)(05)(06)","135kcal","해물찜(05)(06)(09)(16)(17)(18)","181.84kcal","상추겉절이(05)(06)","17.22kcal","","","3067.58kcal"
"2026-09-18(금)","배추김치(09)","10.66kcal","배추김치(09)","10.66kcal","배추김치(09)","10.66kcal","","","3067.58kcal"
"2026-09-18(금)","","","사인머스켓","45kcal","우유(백색우유(200ML,연간))(02)","135kcal","","","3067.58kcal"
"2026-09-19(토)","사쪽마늘빵(01)(02)(05)(06)(13)","136kcal","푸팟퐁커리(01)(02)(05)(06)(08)(12)(13)(16)(18)","671.32kcal","소불고기잡채덮밥(05)(16)","797.13kcal","","","2468.18kcal"
"2026-09-19(토)","양송이스프(02)(05)(06)(15)(16)","99.4kcal","옥수수콘소시지(01)(05)(06)(10)(12)(15)(16)","205.02kcal","들깨미역국(05)(06)(16)","99.59kcal","","","2468.18kcal"
"2026-09-19(토)","시저샐러드(01)(02)(05)(06)(16)","145.96kcal","무피클(05)(06)","12.72kcal","닭꼬치(완)(02)(05)(06)(08)(10)(15)(16)(18)","189.8kcal","","","2468.18kcal"
"2026-09-19(토)","","","청량음료, (주문자상표부착)코카콜라음료, 닥터페퍼제로, 350mL/캔","0kcal","감자고추장조림(05)(06)(16)","50.58kcal","","","2468.18kcal"
"2026-09-19(토)","","","","","레몬에이드","50kcal","","","2468.18kcal"
"2026-09-19(토)","","","","","배추김치(09)","10.66kcal","","","2468.18kcal"
"2026-09-20(일)","쌀밥","360kcal","쌀밥","360kcal","차슈덮밥(01)(02)(05)(06)(10)(15)(18)","1006.82kcal","","","3397.46kcal"
"2026-09-20(일)","맑은쇠고기무국(05)(06)(08)(16)","107.23kcal","스팸짜글이(05)(06)(10)","278.17kcal","미소된장국(05)","38.63kcal","","","3397.46kcal"
"2026-09-20(일)","베이컨야채볶음(02)(05)(06)(10)(12)(16)(18)","162.51kcal","닭순살야채조림(05)(06)(15)","222kcal","빨간꼬지어묵(05)(06)","190.39kcal","","","3397.46kcal"
"2026-09-20(일)","블랙페퍼함박스테이크(01)(02)(05)(06)(10)(12)(13)(16)","254.23kcal","양념깻잎지무침(05)(06)(09)","57.5kcal","락교&산고추절임","24.6kcal","","","3397.46kcal"
"2026-09-20(일)","가공우유(초코)(02)","160kcal","배추김치(09)","10.66kcal","딸기청","8.4kcal","","","3397.46kcal"
"2026-09-20(일)","배추김치(09)","10.66kcal","","","배추김치(09)","10.66kcal","","","3397.46kcal"
"2026-09-20(일)","","","","","우유(백색우유(200ML,연간))(02)","135kcal","","","3397.46kcal"
"2026-09-21(월)","전복죽(완)(05)(06)(16)(17)(18)","480kcal","마파두부덮밥(05)(06)(10)(15)(18)","518.01kcal","쌀밥","360kcal","","","3295.76kcal"
"2026-09-21(월)","쇠고기장조림(01)(02)(05)(06)(10)(15)(16)","365.54kcal","중화식계란탕(01)(05)(06)(08)","85.22kcal","닭곰탕(05)(06)(08)(15)(16)","142kcal","","","3295.76kcal"
"2026-09-21(월)","무말랭이무침(13)","76.04kcal","짬뽕만두찜(02)(05)(06)(09)(16)(17)(18)","272.22kcal","돈육김치볶음(05)(09)(10)","412.65kcal","","","3295.76kcal"
"2026-09-21(월)","르뱅쿠키(01)(02)(05)(06)(14)","125kcal","마늘쫑장아찌무침","35.4kcal","두부양념장(05)(06)","63.54kcal","","","3295.76kcal"
"2026-09-21(월)","시리얼(05)(06)","119.28kcal","얼려먹는요구르트(02)","80kcal","깍두기(완제품)(09)","15.2kcal","","","3295.76kcal"
"2026-09-21(월)","우유(백색우유(200ML,연간))(02)","135kcal","배추김치(09)","10.66kcal","","","","","3295.76kcal"
"2026-09-22(화)","쌀밥","360kcal","쫄면(01)(05)(06)","464.91kcal","쌀밥","360kcal","","","3746.18kcal"
"2026-09-22(화)","두부고추장찌개(05)(06)(10)(16)","71.75kcal","불고기고로케(02)(05)(06)(10)(12)(16)","396.24kcal","쇠고기미역국(05)(06)(16)","85.34kcal","","","3746.18kcal"
"2026-09-22(화)","밥싸먹는훈제오리(01)(02)(05)(06)(16)","175.75kcal","단무지무침(05)(06)(13)","25.7kcal","낙지볶음&소면(05)(06)(17)","183.48kcal","","","3746.18kcal"
"2026-09-22(화)","미트볼칠리조림(02)(05)(06)(10)(12)(15)(16)(18)","415.8kcal","단호박스프(02)(05)(06)(15)","165.65kcal","콘치즈계란찜(01)(02)","302.58kcal","","","3746.18kcal"
"2026-09-22(화)","배추김치(09)","10.66kcal","배추김치(09)","10.66kcal","마시는발효유(02)(05)","102kcal","","","3746.18kcal"
"2026-09-22(화)","우유(백색우유(200ML,연간))(02)","135kcal","아이스크림, 떠먹는형(02)","470kcal","배추김치(09)","10.66kcal","","","3746.18kcal"
"2026-09-23(수)","불고기치아바타(완)(01)(02)(05)(06)(15)(16)(18)","476kcal","치자밥","360kcal","쌀밥","360kcal","","","3103.47kcal"
"2026-09-23(수)","스크램블에그(01)(02)(05)(12)(18)","175.24kcal","꽃게탕(05)(06)(08)(09)(16)","62.47kcal","부대찌개(01)(02)(05)(06)(09)(10)(12)(16)(18)","167.67kcal","","","3103.47kcal"
"2026-09-23(수)","페퍼로니샐러드(01)(05)(06)(12)(15)(16)","144.96kcal","계란볶이(01)(02)(05)(06)(16)","272.61kcal","안동찜닭(05)(06)(15)","337.5kcal","","","3103.47kcal"
"2026-09-23(수)","무피클(05)(06)","12.72kcal","새송이떡갈비구이(01)(05)(06)(10)(12)(13)(16)","225.7kcal","조미김","28kcal","","","3103.47kcal"
"2026-09-23(수)","시리얼(05)(06)","119.28kcal","배추김치(09)","10.66kcal","가공우유(바나나)(02)","165kcal","","","3103.47kcal"
"2026-09-23(수)","우유(백색우유(200ML,연간))(02)","135kcal","상온주스, (주문자상표부착)신세계푸드, 퐁당자몽오렌지, 100mL","40kcal","배추김치(09)","10.66kcal","","","3103.47kcal"
"2026-09-24(목)","쌀밥","360kcal","쌀밥","360kcal","쌀밥","360kcal","","","3157.39kcal"
"2026-07-31(금)","들깨무채국(05)(08)(09)(17)(18)","64.46kcal","파송송계란국(01)(05)(06)(16)","117.18kcal","뼈없는감자탕(05)(06)(09)(10)","589.56kcal","","","3662.03kcal"
"2026-07-31(금)","돈육마늘간장볶음(05)(10)","496.83kcal","아귀순살콩나물찜(05)(06)","95.75kcal","메추리알장조림(01)(05)(06)(16)","207.05kcal","","","3662.03kcal"
"2026-07-31(금)","쥐포조림(05)(06)","25.03kcal","고기굴림만두(01)(02)(05)(06)(10)(16)","428.41kcal","무말랭이무침(13)","71.02kcal","","","3662.03kcal"
"2026-07-31(금)","토핑형발효유(02)(05)(06)(10)","135kcal","배추김치(09)","9.59kcal","배추김치(09)","9.59kcal","","","3662.03kcal"
"2026-07-31(금)","배추김치(09)","9.59kcal","복숭아(백도)(11)","54.72kcal","아이스크림 콘,완제품(02)(04)","270kcal","","","3662.03kcal"
"","","","","","","","","",""
"","","","","","","","","",""
"","","","","","","","","",""
"","","","","","","","","",""
"","","","","","","","","",""
"","","","","","","","","",""
"","","","","","","","","",""
"","","","","","","","","",""
"","","","","","","","","",""
"","","","","","","","","",""
"","","","","","","","","",""
"","","","","","","","","",""
"2026-09-01(화)","쌀밥","360kcal","흑미밥","343.87kcal","쌀밥","360kcal","","","3534.43kcal"
"2026-09-01(화)","감자양파찌개(05)(06)(16)","47.25kcal","참치김치찌개(05)(09)","147.4kcal","쇠고기미역국(05)(06)(16)","85.34kcal","","","3534.43kcal"
"2026-09-01(화)","돈육메추리알장조림(01)(05)(06)(10)","368.57kcal","고등어필렛튀김(05)(06)(07)","457.93kcal","주꾸미돈육볶음(05)(06)(10)","445.67kcal","","","3534.43kcal"
"2026-09-01(화)","진미채고추장조림(05)(06)(17)","42kcal","단호박사태찜(05)(06)(10)","416.34kcal","계란찜(01)(09)","110.9kcal","","","3534.43kcal"
"2026-09-01(화)","가공우유(딸기)(02)","165kcal","오이풋고추&쌈장(05)(06)","36.84kcal","쌈무(13)","6kcal","","","3534.43kcal"
"2026-09-01(화)","배추김치(09)","10.66kcal","요구르트(02)","65kcal","매실에이드","55kcal","","","3534.43kcal"
"2026-09-01(화)","","","","","배추김치(09)","10.66kcal","","","3534.43kcal"
"2026-09-02(수)","햄에그야채토스트(01)(02)(05)(06)(10)(15)(16)(18)","739.66kcal","잡곡밥","358.25kcal","중화비빔밥(05)(06)(09)(10)(17)","625.78kcal","","","3801.96kcal"
"2026-09-02(수)","오이피클","43.74kcal","올갱이해장국(05)(06)","27.32kcal","팽이버섯국(05)(06)(16)","32.51kcal","","","3801.96kcal"
"2026-09-02(수)","고구마샐러드(01)(02)(05)","168.88kcal","청양풍닭볶음(05)(06)(08)(15)(16)(18)","366.96kcal","야채튀김(05)(06)","512.55kcal","","","3801.96kcal"
"2026-09-02(수)","팬케이크(01)(02)(06)","37.8kcal","초당옥수수전(02)(05)(06)","244kcal","매운락교무침","38.91kcal","","","3801.96kcal"
"2026-09-02(수)","시리얼(05)(06)","119.28kcal","배추김치(09)","10.66kcal","배추김치(09)","10.66kcal","","","3801.96kcal"
"2026-09-02(수)","우유(백색우유(200ML,연간))(02)","135kcal","아이스샌드(02)(05)(06)","220kcal","청량음료, 코카콜라음료, 코카콜라, 250mL/캔","110kcal","","","3801.96kcal"
"2026-09-03(목)","쌀밥","360kcal","쌀밥(1/2)","180kcal","쌀밥","360kcal","","","2844.63kcal"
"2026-09-03(목)","백짬뽕국(05)(06)(08)(09)(10)(17)(18)","118.64kcal","들기름막국수(02)(03)(05)(06)","309.21kcal","순두부찌개(01)(05)(06)(10)(16)(18)","87.66kcal","","","2844.63kcal"
"2026-09-03(목)","비엔나구이&케찹(05)(10)(12)(16)","348.36kcal","족발(05)(06)(09)(10)","397.14kcal","새송이떡갈비구이(01)(05)(06)(10)(12)(13)(16)","225.7kcal","","","2844.63kcal"
"2026-09-03(목)","사각어묵조림(05)(06)","145.39kcal","모듬쌈(05)(06)","37.51kcal","콩나물게맛살냉채(01)(05)(06)(08)","63.67kcal","","","2844.63kcal"
"2026-09-03(목)","떠먹는발효유(02)(16)","80kcal","보쌈김치(09)(18)","56kcal","배추김치(09)","10.66kcal","","","2844.63kcal"
"2026-09-03(목)","배추김치(09)","10.66kcal","배(원황)","34.03kcal","상온주스, (주문자상표부착)신세계푸드, 올바르고반듯한망고망고, 120mL","20kcal","","","2844.63kcal"
"2026-09-04(금)","쌀밥","360kcal","흑미밥","343.87kcal","쌀밥","360kcal","","","3353.33kcal"
"2026-09-04(금)","샤브샤브국(02)(05)(06)(16)","49.47kcal","콩나물냉국(05)(06)(16)","33.24kcal","사골곰탕(01)(02)(05)(06)(08)(16)","107.49kcal","","","3353.33kcal"
"2026-09-04(금)","(통)마늘김치두루치기(05)(06)(09)(10)","410.51kcal","순대곱창야채볶음(02)(05)(06)(08)(10)(13)(16)","395.83kcal","고기만두찜(01)(05)(06)(10)(16)(18)","296.24kcal","","","3353.33kcal"
"2026-09-04(금)","명엽채조림(05)(06)","112kcal","닭똥집튀김(01)(02)(05)(06)(08)(10)(15)(16)(18)","303.8kcal","부추겉절이(05)(06)","15.02kcal","","","3353.33kcal"
"2026-09-04(금)","두부양념장(05)(06)","63.54kcal","배추김치(09)","10.66kcal","배추김치(09)","10.66kcal","","","3353.33kcal"
"2026-09-04(금)","우유(백색우유(200ML,연간))(02)","135kcal","멜론","76kcal","아이스크림 콘,완제품(02)(04)","270kcal","","","3353.33kcal"
"2026-09-05(토)","쇠고기스프(02)(05)(06)(16)(18)","80.65kcal","마크니커리덮밥(02)(05)(06)(12)(15)","630.28kcal","쌀밥","360kcal","","","2829.96kcal"
"2026-09-05(토)","소금빵(02)(06)","29kcal","탄두리치킨(01)(02)(05)(06)(12)(13)(15)(16)","603.4kcal","스팸짜글이(05)(06)(10)","278.17kcal","","","2829.96kcal"
"2026-09-05(토)","열대과일샐러드(01)(05)","87.64kcal","모듬피클(13)","36.8kcal","쇠고기숙주볶음(02)(05)(06)(16)(18)","316.55kcal","","","2829.96kcal"
"2026-09-05(토)","","","동아오츠카포카리스웨트340ml 캔","85kcal","감자채전(01)(05)(06)","311.81kcal","","","2829.96kcal"
"2026-09-05(토)","","","","","배추김치(09)","10.66kcal","","","2829.96kcal"
"2026-09-05(토)","","","","","젤리류, (주문자상표부착)푸드머스, 퓨레뜨애플자몽코코, 55g","","","","2829.96kcal"
"2026-09-06(일)","쌀밥","360kcal","쌀밥","360kcal","큐브스테이크덮밥(01)(02)(05)(06)(10)(12)(13)(16)(18)","576.24kcal","","","2938.37kcal"
"2026-09-06(일)","파송송계란국(01)(05)(06)(16)","117.04kcal","쇠고기미역국(05)(06)(16)","85.34kcal","유부장국(05)(06)(16)","27.36kcal","","","2938.37kcal"
"2026-09-06(일)","참치야채볶음(05)(06)","127.22kcal","오리고추장주물럭(05)(06)","523.58kcal","할라피뇨피클","16kcal","","","2938.37kcal"
"2026-09-06(일)","밥싸먹는햄(01)(02)(05)(06)(15)(16)","138kcal","계란찜(01)(09)","110.9kcal","타코샐러드(01)(02)(05)(06)(12)(13)","202.21kcal","","","2938.37kcal"
"2026-09-06(일)","가공우유(쿠키앤크림)(02)","160kcal","쌈무(13)","6kcal","사과에이드","56.5kcal","","","2938.37kcal"
"2026-09-06(일)","배추김치(09)","10.66kcal","배추김치(09)","10.66kcal","배추김치(09)","10.66kcal","","","2938.37kcal"
"2026-09-06(일)","","","상온주스, (주문자상표부착)신세계푸드, 퐁당자몽오렌지, 100mL","40kcal","","","","","2938.37kcal"
"2026-09-07(월)","치즈브리또(01)(02)(05)(06)","210kcal","흑미밥","343.87kcal","김치볶음밥(01)(02)(05)(06)(09)(15)(16)","725.28kcal","","","3662.14kcal"
"2026-09-07(월)","앙버터모닝빵(01)(02)(06)","335kcal","모듬어묵탕(05)(06)(16)","85.83kcal","우동국물(01)(02)(05)(06)(09)","26.48kcal","","","3662.14kcal"
"2026-09-07(월)","무피클(05)(06)","12.72kcal","버터플라이새우튀김(01)(02)(05)(06)(09)(12)","488kcal","멘츠카츠(01)(02)(05)(06)(10)(12)(16)","506.24kcal","","","3662.14kcal"
"2026-09-07(월)","푸실리샐러드(완)(05)(06)(12)(16)","143.2kcal","분모자안동찜닭(05)(06)(15)","389.72kcal","허니버터콘립(02)(05)","71.9kcal","","","3662.14kcal"
"2026-09-07(월)","시리얼(05)(06)","119.28kcal","망고큐브젤리(02)(05)","39kcal","궁채장아찌(05)(06)","9.3kcal","","","3662.14kcal"
"2026-09-07(월)","우유(백색우유(200ML,연간))(02)","135kcal","배추김치(09)","10.66kcal","배추김치(09)","10.66kcal","","","3662.14kcal"
"2026-09-08(화)","장조림버터비빔밥(01)(02)(05)(06)(10)(15)(16)(18)","763.03kcal","잡곡밥","358.25kcal","돈부리덮밥(01)(02)(05)(06)(10)(16)(18)","696.14kcal","","","3701.51kcal"
"2026-09-08(화)","오징어무국(05)(06)(09)(16)(17)","111.35kcal","물만두국(01)(02)(05)(06)(10)(16)","179.73kcal","미소된장국(05)","38.63kcal","","","3701.51kcal"
"2026-09-08(화)","비엔나소시지야채볶음(05)(06)(10)(12)(16)","379.45kcal","매운돼지갈비찜(05)(06)(10)","318.43kcal","타코야끼(01)(02)(05)(06)(07)(12)(16)(18)","310.9kcal","","","3701.51kcal"
"2026-09-08(화)","배추김치(09)","10.66kcal","연두부양념장(05)(06)","68.92kcal","단무지무침(05)(06)(13)","25.7kcal","","","3701.51kcal"
"2026-09-08(화)","우유(백색우유(200ML,연간))(02)","135kcal","레몬에이드","50kcal","배추김치(09)","10.66kcal","","","3701.51kcal"
"2026-09-08(화)","","","배추김치(09)","10.66kcal","아이스크림 팩형(02)","234kcal","","","3701.51kcal"
"2026-09-09(수)","베이글샌드위치(01)(02)(05)(06)(08)(10)(15)(16)(18)","397.49kcal","김가루밥","407.64kcal","쌀밥","360kcal","","","3208.51kcal"
"2026-09-09(수)","오이피클","43.74kcal","팽이버섯국(05)(06)(16)","32.51kcal","쇠고기고추장불고기(05)(06)(16)","375.13kcal","","","3208.51kcal"
"2026-09-09(수)","시리얼(05)(06)","119.28kcal","반마리통닭(02)(05)(06)(08)(10)(15)(16)(18)","621.09kcal","계란장조림(01)(05)(06)(16)","262.13kcal","","","3208.51kcal"
"2026-09-09(수)","딸기드레싱샐러드(01)(02)(05)(16)","42.67kcal","치킨무(13)","5kcal","배추김치(09)","10.66kcal","","","3208.51kcal"
"2026-09-09(수)","아이스슈(01)(02)(05)(06)","193kcal","만다린샐러드(01)(02)(05)","82.51kcal","","","","","3208.51kcal"
"2026-09-09(수)","우유(백색우유(200ML,연간))(02)","135kcal","배추김치(09)","10.66kcal","","","","","3208.51kcal"
"2026-09-09(수)","","","청량음료, 코카콜라음료, 코카콜라, 250mL/캔","110kcal","","","","","3208.51kcal"
"2026-09-10(목)","쌀밥","360kcal","쌀밥(1/2)","180kcal","쌀밥","360kcal","","","3427.02kcal"
"2026-09-10(목)","샤브샤브국(02)(05)(06)(16)","49.47kcal","냉짬뽕(01)(02)(05)(06)(09)(15)(16)(17)(18)","653.17kcal","한우소머리국밥(06)(09)(16)","523.99kcal","","","3427.02kcal"
"2026-09-10(목)","흑마늘돈육야채볶음(05)(10)","372.11kcal","만두유린기(02)(05)(06)(10)(16)","281.3kcal","해물파전(완)(05)(06)(08)(09)(17)(18)","230.34kcal","","","3427.02kcal"
"2026-09-10(목)","양념깻잎지무침(05)(06)(09)","57.5kcal","단무지(13)","4kcal","무말랭이무침(13)","76.04kcal","","","3427.02kcal"
"2026-09-10(목)","마시는발효유(02)(05)","102kcal","배추김치(09)","10.66kcal","배추김치(09)","10.66kcal","","","3427.02kcal"
"2026-09-10(목)","배추김치(09)","10.66kcal","포도,신선형(포도(811월))","33.12kcal","청량음료, 코카콜라음료, 스프라이트, 250mL/캔","112kcal","","","3427.02kcal"
"2026-09-11(금)","쌀밥","360kcal","우삼겹부추비빔밥(02)(05)(06)(16)(18)","715.56kcal","쌀밥","360kcal","","","3754.44kcal"
"2026-09-11(금)","쇠고기무국(05)(06)(08)(16)","105.87kcal","들깨미역국(05)(06)(16)","99.59kcal","두부된장찌개(05)(06)(18)","37.96kcal","","","3754.44kcal"
"2026-09-11(금)","직불떡갈비조림(02)(05)(06)(10)(12)(15)(16)","316.87kcal","견과류멸치볶음(04)(05)(06)(14)","62.09kcal","제육볶음(05)(06)(10)","670.57kcal","","","3754.44kcal"
"2026-09-11(금)","가쓰오계란말이(01)(02)(05)(06)(07)(15)(16)(18)","202.01kcal","두부조림(05)(06)","120.63kcal","양배추쌈(05)(06)","36.79kcal","","","3754.44kcal"
"2026-09-11(금)","배추김치(09)","10.66kcal","배추김치(09)","10.66kcal","배추김치(09)","10.66kcal","","","3754.44kcal"
"2026-09-11(금)","우유(백색우유(200ML,연간))(02)","135kcal","사과(홍로)","29.52kcal","아이스크림, 떠먹는형(02)","470kcal","","","3754.44kcal"
"2026-07-18(토)","크로크무슈(01)(02)(05)(06)(10)","369.6kcal","","","갈비만두찜(02)(05)(06)(10)(16)","356.07kcal","","","2515.32kcal"
"2026-07-18(토)","우유(백색우유(200ML,연간))(02)","135kcal","","","배추김치(09)","9.59kcal","","","2515.32kcal"
"2026-07-19(일)","쌀밥","360kcal","쌀밥","360kcal","쌀밥","360kcal","","","2816.12kcal"
"2026-07-19(일)","돼지고기무찌개(05)(06)(08)(09)(10)(16)(17)(18)","47.77kcal","맑은콩나물국(05)(06)(16)","17.46kcal","부산식돼지국밥(05)(06)(09)(10)","252.72kcal","","","2816.12kcal"
"2026-07-19(일)","볼어묵꽈리고추볶음(05)(06)(08)","125.82kcal","청양풍닭볶음(05)(06)(08)(15)(16)(18)","438.29kcal","오징어김치전(05)(06)(09)(16)(17)(18)","209.94kcal","","","2816.12kcal"
"2026-07-19(일)","김자반","50kcal","분홍소세지전(01)(05)(06)(12)","171.49kcal","명이나물절임(05)(06)(13)","34.5kcal","","","2816.12kcal"
"2026-07-19(일)","비엔나구이&케찹(05)(06)(10)(12)(15)(16)","247.86kcal","배추김치(09)","9.59kcal","배추김치(09)","9.59kcal","","","2816.12kcal"
"2026-07-19(일)","사과에이드","56.5kcal","","","젤리류, (주문자상표부착)푸드머스, 비타민D가함유된트로피칼코코푸딩, 55g","55kcal","","","2816.12kcal"
"2026-07-19(일)","배추김치(09)","9.59kcal","","","","","","","2816.12kcal"
"2026-07-20(월)","쌀밥","360kcal","옥수수밥","398.4kcal","쌀밥","360kcal","","","3184.11kcal"
"2026-07-20(월)","물만두국(01)(05)(06)(08)(09)(10)(16)(17)(18)","251.99kcal","두부고추장찌개(05)(06)(08)(09)(10)(16)(17)(18)","70.91kcal","미소된장국(05)","38.43kcal","","","3184.11kcal"
"2026-07-20(월)","밥싸먹는훈제오리(01)(02)(05)(06)(16)","175.75kcal","느타리애호박볶음(05)(09)","32.92kcal","쇠고기야채볶음(05)(06)(16)(18)","340.12kcal","","","3184.11kcal"
"2026-07-20(월)","감자고추장조림(05)(06)(16)","47.59kcal","돼지갈비찜(05)(06)(10)(18)","385.83kcal","타코야끼(01)(02)(05)(06)(07)(12)(18)","488.4kcal","","","3184.11kcal"
"2026-07-20(월)","배추김치(09)","9.59kcal","배추김치(09)","9.59kcal","배추김치(09)","9.59kcal","","","3184.11kcal"
"2026-07-20(월)","우유(백색우유(200ML,연간))(02)","135kcal","(주문자상표부착)대상, 최고야포도C, 135ml/개","70kcal","","","","","3184.11kcal"
"2026-07-21(화)","쌀밥","360kcal","오므라이스(01)(02)(05)(06)(10)(12)(15)(16)(18)","766.52kcal","쌀밥","360kcal","","","2835.94kcal"
"2026-07-21(화)","쇠고기미역국(05)(06)(08)(09)(16)(17)(18)","35.55kcal","우동국물(01)(02)(05)(06)(09)","3.46kcal","닭고기육개장(01)(05)(06)(08)(09)(15)(16)(17)(18)","141.71kcal","","","2835.94kcal"
"2026-07-21(화)","오징어볶음(05)(06)(17)","282.42kcal","갈릭함박스테이크(05)(12)(13)(16)","38.43kcal","갈치순살튀김(01)(05)(06)","313.23kcal","","","2835.94kcal"
"2026-07-21(화)","무말랭이무침(13)","71.02kcal","망고샐러드(01)(05)","98.54kcal","두부조림(05)(06)","96.29kcal","","","2835.94kcal"
"2026-07-21(화)","짜먹는발효유(02)(12)","50kcal","배추김치(09)","9.59kcal","배추김치(09)","9.59kcal","","","2835.94kcal"
"2026-07-21(화)","배추김치(09)","9.59kcal","아이스샌드(02)","190kcal","","","","","2835.94kcal"
"2026-07-22(수)","도넛세트(01)(02)(04)(05)(06)","133kcal","잡곡밥","358.25kcal","참치마요덮밥(01)(02)(05)(06)(12)(16)(18)","856kcal","","","3306.29kcal"
"2026-07-22(수)","순살치킨샐러드(01)(02)(05)(06)(15)","483.62kcal","강된장찌개(05)(06)(09)(16)(18)","55.33kcal","감자돈육짜글이(05)(06)(08)(09)(10)(16)(17)(18)","124.21kcal","","","3306.29kcal"
"2026-07-22(수)","시리얼(05)(06)","167.58kcal","돈육김치볶음(05)(09)(10)","309.45kcal","야채고기말이(05)(06)(10)(12)(15)(16)(18)","187.5kcal","","","3306.29kcal"
"2026-07-22(수)","무피클(05)(06)","12.72kcal","깻잎튀김(02)(05)(06)(10)(12)(16)","161.87kcal","단무지무침(05)(06)(13)","14.38kcal","","","3306.29kcal"
"2026-07-22(수)","우유(백색우유(200ML,연간))(02)","135kcal","매실장아찌무침(05)(06)","52.19kcal","배추김치(09)","9.59kcal","","","3306.29kcal"
"2026-07-22(수)","커피음료, 롯데칠성음료, 레쓰비카페타임라떼, 240mL/개(02)","44kcal","에그타르트(01)(06)","201.6kcal","","","","","3306.29kcal"
"2026-07-23(목)","쌀밥","360kcal","콩국수(01)(02)(04)(05)(06)(12)","338.38kcal","쌀밥","360kcal","","","2717.28kcal"
"2026-07-23(목)","파송송계란국(01)(05)(06)(16)","117.18kcal","오징어야채무침(05)(06)(17)","213.23kcal","두부된장찌개(05)(06)(18)","38.24kcal","","","2717.28kcal"
"2026-07-23(목)","우삼겹숙주볶음(05)(06)(16)","131.63kcal","간장무채장아찌무침(05)(06)(08)(09)(18)","33.53kcal","야채튀김(05)(06)(08)(09)(17)(18)","396.36kcal","","","2717.28kcal"
"2026-07-23(목)","조미김","28kcal","호박인절미(01)(02)(05)","180kcal","닭고기고추장조림(05)(06)(15)","302.6kcal","","","2717.28kcal"
"2026-07-23(목)","배추김치(09)","9.59kcal","열무김치","3.6kcal","배추김치(09)","9.59kcal","","","2717.28kcal"
"2026-07-23(목)","우유(백색우유(200ML,연간))(02)","135kcal","","","복숭아(천도)(11)","60.352kcal","","","2717.28kcal"
"2026-07-24(금)","쌀밥","360kcal","장어구이덮밥(01)(02)(05)(06)(12)(15)(16)(18)","671.89kcal","쌀밥","360kcal","","","3199.35kcal"
"2026-07-24(금)","조갯살미역국(05)(06)(08)(09)(16)(17)(18)","13.27kcal","유부장국(05)(06)(16)","17.36kcal","맑은콩나물국(05)(06)(16)","17.46kcal","","","3199.35kcal"
"2026-07-24(금)","바싹불고기채소무침(05)(06)(10)(15)(16)(18)","483.66kcal","가쓰오계란말이(01)(02)(05)(06)(07)(12)(16)(18)","254.55kcal","제육볶음(05)(06)(10)(18)","508.74kcal","","","3199.35kcal"
"2026-07-24(금)","가공우유(딸기)(02)","165kcal","매운락교무침","37.82kcal","양배추쌈(05)(06)","36.79kcal","","","3199.35kcal"
"2026-07-24(금)","감자크래커범벅(01)(02)(05)(06)(16)","95kcal","배추김치(09)","9.59kcal","궁채장아찌(05)(06)","9.3kcal","","","3199.35kcal"
"2026-07-24(금)","배추김치(09)","9.59kcal","수박","39.744kcal","배추김치(09)","9.59kcal","","","3199.35kcal"
"2026-07-24(금)","","","","","망고바","100kcal","","","3199.35kcal"
"2026-07-25(토)","잠봉뵈르샌드위치(01)(02)(05)(06)(10)(16)","576.75kcal","큐브스테이크(05)(06)(10)(12)(15)(16)","267.33kcal","쌀밥","360kcal","","","2620.70kcal"
"2026-07-25(토)","옥수수콘스프(02)(05)(06)(15)(16)","99.4kcal","오이피클","43.74kcal","부대찌개(02)(05)(06)(09)(10)(12)(15)(16)(18)","156.55kcal","","","2620.70kcal"
"2026-07-25(토)","시리얼(05)(06)","167.58kcal","모카번(01)(02)(06)","3.5kcal","쇠고기불고기(05)(06)(16)(18)","331.03kcal","","","2620.70kcal"
"2026-07-25(토)","딸기드레싱샐러드(01)(02)(05)","54.34kcal","청량음료, 코카콜라음료, 스프라이트, 250mL/캔","112kcal","콘치즈계란찜(01)(02)","303.89kcal","","","2620.70kcal"
"2026-07-25(토)","우유(백색우유(200ML,연간))(02)","135kcal","","","배추김치(09)","9.59kcal","","","2620.70kcal"
"2026-07-26(일)","쌀밥","360kcal","쌀밥","360kcal","풀드포크덮밥(01)(05)(06)(10)(12)(16)(18)","798.02kcal","","","3109.06kcal"
"2026-07-26(일)","유부주머니어묵탕(05)(06)(08)(09)(10)(16)(17)(18)","154.53kcal","쇠고기육개장(01)(05)(06)(16)","114.41kcal","우동국물(01)(02)(05)(06)(09)","3.46kcal","","","3109.06kcal"
"2026-07-26(일)","연탄불고기(05)(06)(10)","334.79kcal","닭순살묵은지찜(05)(06)(09)(15)","192.98kcal","마늘쫑장아찌무침","35.4kcal","","","3109.06kcal"
"2026-07-26(일)","명엽채고추장조림(05)(06)","112kcal","조미김","28kcal","매실에이드","55kcal","","","3109.06kcal"
"2026-07-26(일)","가공우유(쿠키앤크림)(02)","85kcal","베이컨감자전(05)(06)(10)","353.49kcal","어묵바(매콤잡채)(05)(06)","102.8kcal","","","3109.06kcal"
"2026-07-26(일)","배추김치(09)","9.59kcal","","","배추김치(09)","9.59kcal","","","3109.06kcal"
"2026-07-27(월)","전복죽(완)(05)(06)(16)(17)(18)","480kcal","마제소바덮밥(01)(02)(04)(05)(06)(07)(10)(18)","598.47kcal","쌀밥","360kcal","","","3080.81kcal"
"2026-07-27(월)","쇠고기장조림(01)(02)(05)(06)(10)(15)(16)","309.67kcal","조갯살미역국(05)(06)(08)(09)(16)(17)(18)","13.27kcal","스팸짜글이(05)(06)(10)","278.31kcal","","","3080.81kcal"
"2026-07-27(월)","무말랭이무침(13)","71.02kcal","치즈스테이크볼꽂이(02)(05)(06)(10)(15)(16)","149.41kcal","새우볼튀김(01)(05)(06)(09)","437.1kcal","","","3080.81kcal"
"2026-07-27(월)","배추김치(09)","9.59kcal","치커리유자무침(01)(02)(05)(13)","39.19kcal","단호박샐러드(01)(02)(05)","104kcal","","","3080.81kcal"
"2026-07-27(월)","우유(백색우유(200ML,연간))(02)","135kcal","배추김치(09)","9.59kcal","연유아이스베리(02)","76.6kcal","","","3080.81kcal"
"2026-07-27(월)","","","","","배추김치(09)","9.59kcal","","","3080.81kcal"
"2026-07-28(화)","쌀밥","360kcal","곤드레나물밥(05)(06)(10)","416.24kcal","쌀밥","360kcal","","","3037.12kcal"
"2026-07-28(화)","백짬뽕국(05)(06)(08)(09)(10)(17)(18)","117.68kcal","팽이버섯국(05)(06)(16)","33.69kcal","쇠고기애호박찌개(05)(06)(08)(09)(16)(17)(18)","72.3kcal","","","3037.12kcal"
"2026-07-28(화)","견과류멸치볶음(04)(05)(06)(14)","62.09kcal","닭똥집튀김(01)(02)(05)(06)(08)(10)(15)(16)(18)","236.3kcal","대패불고기(05)(06)(10)(18)","502.53kcal","","","3037.12kcal"
"2026-07-28(화)","참치김치볶음(05)(06)(09)","337.64kcal","양파간장절임(05)(06)","23.87kcal","고구마츄러스맛탕(01)(05)(06)","313.53kcal","","","3037.12kcal"
"2026-07-28(화)","연두부양념장(05)(06)","65.57kcal","자두에이드","56.5kcal","배추김치(09)","9.59kcal","","","3037.12kcal"
"2026-07-28(화)","두유음료, (주문자상표부착)매일유업, 매일두유초콜릿, 190mL(05)","60kcal","배추김치(09)","9.59kcal","","","","","3037.12kcal"
"2026-07-29(수)","계란말이밥(01)(02)(05)(06)(16)(18)","275kcal","잡곡밥","358.25kcal","쌀밥","360kcal","","","3226.47kcal"
"2026-07-29(수)","비엔나소시지케찹볶음(05)(06)(10)(12)(15)(16)","293.37kcal","사골곰탕(01)(02)(05)(06)(08)(15)(16)(18)","111.36kcal","순두부국(01)(05)(06)(16)","66.58kcal","","","3226.47kcal"
"2026-07-29(수)","감자샐러드(완)(01)(02)","77kcal","쇠고기불고기(05)(06)(16)(18)","331.03kcal","팝만두강정(02)(05)(06)(08)(10)(15)(16)(18)","330.82kcal","","","3226.47kcal"
"2026-07-29(수)","시리얼(05)(06)","167.58kcal","실곤약야채무침(06)","68.91kcal","안동찜닭(05)(06)(15)(16)","388.8kcal","","","3226.47kcal"
"2026-07-29(수)","배추김치(09)","9.59kcal","배추김치(09)","9.59kcal","배추김치(09)","9.59kcal","","","3226.47kcal"
"2026-07-29(수)","우유(백색우유(200ML,연간))(02)","135kcal","아이스크림 팩형(02)","234kcal","","","","","3226.47kcal"
"2026-07-30(목)","쌀밥","360kcal","쌀밥(1/2)","180kcal","카레밥(06)(10)(16)","600kcal","","","3094.73kcal"
"2026-07-30(목)","쇠고기무국(05)(06)(08)(16)","60.11kcal","데친오징어물회(02)(05)(06)(13)(15)(16)(17)(18)","454.51kcal","미소된장국(05)","38.43kcal","","","3094.73kcal"
"2026-07-30(목)","야채고기말이(05)(06)(10)(12)(15)(16)(18)","187.5kcal","새우튀김(01)(05)(16)","177.3kcal","멘츠카츠(01)(02)(05)(06)(10)(12)(16)","359.24kcal","","","3094.73kcal"
"2026-07-30(목)","두부조림(05)(06)","96.29kcal","야채스틱(05)(06)","33.57kcal","콘샐러드(01)(05)","360.61kcal","","","3094.73kcal"
"2026-07-30(목)","배추김치(09)","9.59kcal","배추김치(09)","9.59kcal","배추김치(09)","9.59kcal","","","3094.73kcal"
"2026-07-30(목)","우유(백색우유(200ML,연간))(02)","135kcal","자두(후무사)(L)","23.4kcal","","","","","3094.73kcal"
"2026-07-31(금)","쌀밥","360kcal","잡곡밥","358.25kcal","쌀밥","360kcal","","","3662.03kcal"
"2026-07-06(월)","감자양파찌개(05)(06)(16)","48.94kcal","팽이버섯국(05)(06)(16)","33.69kcal","콩나물김치국(05)(06)(09)(16)","55.25kcal","","","3293.95kcal"
"2026-07-06(월)","치즈말이어묵구이(01)(02)(05)(06)(12)","155.18kcal","블랙치킨(02)(04)(05)(06)(15)(17)","454.5kcal","제육볶음(05)(06)(10)(18)","508.74kcal","","","3293.95kcal"
"2026-07-06(월)","배추김치(09)","9.59kcal","치킨무(13)","5kcal","고구마맛탕(05)","207.19kcal","","","3293.95kcal"
"2026-07-06(월)","우유(백색우유(200ML,연간))(02)","135kcal","만다린샐러드(01)(02)(05)","82.38kcal","진미채고추장조림(05)(06)(17)","42kcal","","","3293.95kcal"
"2026-07-06(월)","","","배추김치(09)","9.59kcal","","","","","3293.95kcal"
"2026-07-06(월)","","","청량음료, 롯데칠성음료, 펩시, 250mL/캔","110kcal","","","","","3293.95kcal"
"2026-07-07(화)","쌀밥","360kcal","햄야채볶음밥(완)(01)(02)(05)(06)(10)(12)(16)(18)","698.5kcal","볼카츠덮밥(02)(05)(06)(10)(12)(13)","866.23kcal","","","3520.56kcal"
"2026-07-07(화)","두부고추장찌개(05)(06)(08)(09)(10)(16)(17)(18)","70.91kcal","순두부찌개(01)(05)(06)(10)(16)(18)","85.96kcal","우동국물(01)(02)(05)(06)(09)","3.46kcal","","","3520.56kcal"
"2026-07-07(화)","스팸구이&케찹(10)(12)","340.18kcal","유산슬(05)(06)(09)(10)(17)","372.96kcal","떡볶이(02)(05)(06)(08)(12)(16)(18)","310.3kcal","","","3520.56kcal"
"2026-07-07(화)","메추리알장조림(01)(05)(06)(16)","207.05kcal","매실장아찌무침(05)(06)","52.19kcal","락교&산고추절임(13)","19.05kcal","","","3520.56kcal"
"2026-07-07(화)","마시는발효유(02)","55kcal","파인애플스틱","50kcal","배추김치(09)","9.59kcal","","","3520.56kcal"
"2026-07-07(화)","배추김치(09)","9.59kcal","배추김치(09)","9.59kcal","","","","","3520.56kcal"
"2026-07-08(수)","베이글&크림치즈(02)(06)","580kcal","잡곡밥","358.25kcal","쌀밥","360kcal","","","3496.82kcal"
"2026-07-08(수)","햄에그롤(01)(02)(05)(06)(10)(12)(16)","194.62kcal","올갱이해장국(05)","28.31kcal","부대찌개(02)(05)(06)(09)(10)(12)(15)(16)(18)","156.55kcal","","","3496.82kcal"
"2026-07-08(수)","시리얼(05)(06)","167.58kcal","느타리애호박볶음(05)(09)","32.92kcal","잡채(05)(06)(08)(10)","96.98kcal","","","3496.82kcal"
"2026-07-08(수)","감자샐러드(완)(01)(02)","77kcal","등갈비김치찜(05)(06)(09)(10)","545.93kcal","에그랑땡(01)(05)(06)(10)(12)","262.62kcal","","","3496.82kcal"
"2026-07-08(수)","무피클(05)(06)","12.72kcal","고들빼기김치","8.75kcal","배추김치(09)","9.59kcal","","","3496.82kcal"
"2026-07-08(수)","우유(백색우유(200ML,연간))(02)","135kcal","","","아이스크림, 떠먹는형(02)","470kcal","","","3496.82kcal"
"2026-07-09(목)","쌀밥","360kcal","스파게티(02)(05)(06)(10)(12)(15)(16)","790.32kcal","쌀밥","360kcal","","","3448.04kcal"
"2026-07-09(목)","쇠고기무국(05)(06)(08)(16)","60.11kcal","대파크림치즈돈가스(02)(05)(06)(10)(12)","364kcal","쇠고기육개장(01)(05)(06)(16)","114.41kcal","","","3448.04kcal"
"2026-07-09(목)","흑마늘돈육야채볶음(05)(06)(10)(18)","321.66kcal","모듬피클(13)","36.8kcal","비엔나소시지떡강정(02)(05)(06)(08)(10)(15)(16)(18)","328.35kcal","","","3448.04kcal"
"2026-07-09(목)","견과류멸치볶음(04)(05)(06)(14)","62.09kcal","청포도에이드","0kcal","안동찜닭(05)(06)(15)(16)","388.8kcal","","","3448.04kcal"
"2026-07-09(목)","배추김치(09)","9.59kcal","유자드레싱샐러드(01)(02)(05)(13)","47.73kcal","배추김치(09)","9.59kcal","","","3448.04kcal"
"2026-07-09(목)","우유(백색우유(200ML,연간))(02)","135kcal","배추김치(09)","9.59kcal","","","","","3448.04kcal"
"2026-07-09(목)","","","동아오츠카 나랑드사이다 180ml 캔","50kcal","","","","","3448.04kcal"
"2026-07-10(금)","쌀밥","360kcal","흑미밥","343.87kcal","쌀밥","360kcal","","","3579.80kcal"
"2026-07-10(금)","샤브샤브국(02)(05)(06)(16)","53.02kcal","도토리묵냉국(01)(02)(05)(06)(09)(15)(16)(18)","95.27kcal","얼큰콩나물국(05)(06)(08)(09)(16)(17)(18)","22.75kcal","","","3579.80kcal"
"2026-07-10(금)","직불떡갈비조림(02)(05)(06)(10)(12)(15)(16)(18)","306.92kcal","마늘보쌈(05)(06)(10)","1247.14kcal","오징어볶음(05)(06)(17)","282.42kcal","","","3579.80kcal"
"2026-07-10(금)","감자채볶음(05)(06)","47.66kcal","명이나물절임(05)(06)(13)","34.5kcal","베이컨떡말이(05)(06)(10)(12)","192.74kcal","","","3579.80kcal"
"2026-07-10(금)","가공우유(딸기)(02)","165kcal","배추김치(09)","9.59kcal","배추김치(09)","9.59kcal","","","3579.80kcal"
"2026-07-10(금)","배추김치(09)","9.59kcal","수박","39.744kcal","","","","","3579.80kcal"
"2026-07-11(토)","딸기샌드위치(01)(02)(06)","450kcal","버팔로윙봉(02)(05)(06)(08)(10)(13)(15)(16)(18)","572.63kcal","쌀밥","360kcal","","","3178.99kcal"
"2026-07-11(토)","페퍼로니치아바타(완)(01)(02)(05)(06)(10)(12)(15)(16)(18)","421kcal","무피클(05)(06)","12.72kcal","파송송계란국(01)(05)(06)(16)","117.18kcal","","","3178.99kcal"
"2026-07-11(토)","야채스프(02)(05)(06)(16)","98.15kcal","동아오츠카 나랑드사이다 180ml 캔","50kcal","돼지불고기(05)(06)(10)(18)","436.07kcal","","","3178.99kcal"
"2026-07-11(토)","블루베리드레싱샐러드(01)(05)","47.68kcal","","","부추전(01)(05)(06)","224.59kcal","","","3178.99kcal"
"2026-07-11(토)","시리얼(05)(06)","167.58kcal","","","배추김치(09)","9.59kcal","","","3178.99kcal"
"2026-07-11(토)","우유(백색우유(200ML,연간))(02)","135kcal","","","바나나(육사)","76.8kcal","","","3178.99kcal"
"2026-07-12(일)","참치오믈렛(01)(03)(05)(06)(12)(16)(18)","150.24kcal","쌀밥","360kcal","돈부리덮밥(01)(02)(05)(06)(10)","624.2kcal","","","3176.98kcal"
"2026-07-12(일)","쌀밥","360kcal","쇠고기미역국(05)(06)(08)(09)(16)(17)(18)","35.55kcal","유부장국(05)(06)(16)","17.36kcal","","","3176.98kcal"
"2026-07-12(일)","쇠고기곰탕(08)(16)","97.51kcal","춘천닭갈비(02)(04)(05)(06)(10)(15)(16)","590.51kcal","빨간꼬지어묵(05)(06)","154.33kcal","","","3176.98kcal"
"2026-07-12(일)","베이컨야채볶음(05)(10)","153.19kcal","콘치즈오븐구이(01)(02)(05)","383.32kcal","레몬에이드","50kcal","","","3176.98kcal"
"2026-07-12(일)","가공우유(초코)(02)","160kcal","쌈무(13)","12kcal","배추김치(09)","9.59kcal","","","3176.98kcal"
"2026-07-12(일)","배추김치(09)","9.59kcal","배추김치(09)","9.59kcal","","","","","3176.98kcal"
"2026-07-13(월)","불고기브리또(02)(05)(06)(15)(16)","315kcal","잡곡밥","358.25kcal","후리가케밥(01)(05)(06)","413.6kcal","","","3755.22kcal"
"2026-07-13(월)","시리얼(05)(06)","167.58kcal","꽃게탕(05)(06)(08)(09)(16)","62.62kcal","미소된장국(05)","38.43kcal","","","3755.22kcal"
"2026-07-13(월)","버터쿠키(02)(06)","350kcal","참치김치볶음(05)(06)(09)","337.64kcal","닭강정(01)(02)(05)(06)(08)(10)(15)(16)(18)","736kcal","","","3755.22kcal"
"2026-07-13(월)","모듬피클(13)","36.8kcal","허니버터연근강정(02)(05)(06)","301.93kcal","치킨무(13)","5kcal","","","3755.22kcal"
"2026-07-13(월)","잠봉뵈르샐러드(01)(02)(05)(06)(10)(16)(18)","192.16kcal","계란찜(01)(09)","110.68kcal","황도샐러드(01)(02)(05)(11)","84.94kcal","","","3755.22kcal"
"2026-07-13(월)","우유(백색우유(200ML,연간))(02)","135kcal","복숭아아이스티(11)","100kcal","배추김치(09)","9.59kcal","","","3755.22kcal"
"2026-07-14(화)","장조림버터비빔밥(01)(02)(05)(06)(10)(15)(16)","697.46kcal","자장밥(01)(05)(06)(10)(15)","625.92kcal","쌀밥(1/2)","180kcal","","","3864.83kcal"
"2026-07-14(화)","물만두국(01)(05)(06)(08)(09)(10)(16)(17)(18)","251.99kcal","해물순두부찌개(01)(05)(06)(08)(09)(10)(16)(17)(18)","173.78kcal","감자수제비국(01)(05)(06)(08)(09)(16)(17)(18)","58.22kcal","","","3864.83kcal"
"2026-07-14(화)","언양식바싹불고기(05)(06)(10)(12)(15)(16)","343.86kcal","꿔바로우(05)(12)(15)(16)","418.5kcal","쇠고기야채볶음(05)(06)(16)(18)","340.12kcal","","","3864.83kcal"
"2026-07-14(화)","무말랭이무침(13)","71.02kcal","단무지무침(05)(06)(13)","14.38kcal","마늘쫑장아찌무침","35.4kcal","","","3864.83kcal"
"2026-07-14(화)","가공우유(바나나)(02)","165kcal","배추김치(09)","9.59kcal","배추김치(09)","9.59kcal","","","3864.83kcal"
"2026-07-14(화)","","","","","아이스크림, 떠먹는형(02)","470kcal","","","3864.83kcal"
"2026-07-15(수)","햄에그야채토스트(01)(02)(05)(06)(10)(15)(16)(18)","668.31kcal","삼계탕(완)(05)(06)(15)","920kcal","에그누들팟타이(01)(02)(04)(05)(06)(09)(17)(18)","527.13kcal","","","4009.97kcal"
"2026-07-15(수)","오이피클","43.74kcal","찹쌀밥","376kcal","블랙타이거새우튀김(01)(05)(06)(09)(16)","599.1kcal","","","4009.97kcal"
"2026-07-15(수)","고구마샐러드(01)(02)(05)","168.88kcal","해물파전(완)(05)(06)(08)(09)(17)(18)","197.74kcal","샐러리장아찌(05)","12kcal","","","4009.97kcal"
"2026-07-15(수)","시리얼(05)(06)","167.58kcal","오이풋고추&쌈장(05)(06)","48.84kcal","유자드레싱샐러드(01)(02)(05)(13)","47.73kcal","","","4009.97kcal"
"2026-07-15(수)","망고큐브젤리(02)(05)","39kcal","배추김치(09)","9.59kcal","배추김치(09)","9.59kcal","","","4009.97kcal"
"2026-07-15(수)","우유(백색우유(200ML,연간))(02)","135kcal","수박","39.744kcal","","","","","4009.97kcal"
"2026-07-16(목)","쌀밥","360kcal","흑미밥","343.87kcal","참치야채비빔밥(05)(06)","734.82kcal","","","3399.50kcal"
"2026-07-16(목)","사각어묵국(05)(06)(08)(16)","80.92kcal","파송송계란국(01)(05)(06)(16)","117.18kcal","우동국물(01)(02)(05)(06)(09)","3.46kcal","","","3399.50kcal"
"2026-07-16(목)","닭불구이&고구마무스(01)(02)(05)(06)(10)(12)(15)(16)","415.85kcal","납작만두(05)(06)(10)(15)(18)","154.32kcal","새송이떡갈비구이(05)(06)(10)(12)(13)(15)(16)","261.63kcal","","","3399.50kcal"
"2026-07-16(목)","진미채간장조림(05)(06)(17)","45kcal","냉채족발(01)(05)(06)(08)(10)(16)","472.39kcal","계란후라이(완)(01)(05)","85.5kcal","","","3399.50kcal"
"2026-07-16(목)","배추김치(09)","9.59kcal","양배추쌈(05)(06)","36.79kcal","배추김치(09)","9.59kcal","","","3399.50kcal"
"2026-07-16(목)","우유(백색우유(200ML,연간))(02)","135kcal","미숫가루(04)(05)(06)","124kcal","","","","","3399.50kcal"
"2026-07-16(목)","","","배추김치(09)","9.59kcal","","","","","3399.50kcal"
"2026-07-17(금)","쌀밥","360kcal","차슈덮밥(01)(05)(06)(10)(12)(16)(18)","1032.13kcal","김가루밥","379.44kcal","","","3718.56kcal"
"2026-07-17(금)","맑은쇠고기무국(05)(06)(08)(16)","63.18kcal","팽이버섯국(05)(06)(16)","33.69kcal","쇠고기미역국(05)(06)(08)(09)(16)(17)(18)","35.55kcal","","","3718.56kcal"
"2026-07-17(금)","돈육김치볶음(05)(09)(10)","309.45kcal","소떡소떡(02)(05)(06)(08)(10)(15)(16)(18)","415.6kcal","무뼈닭발(02)(05)(06)(15)(16)","376.81kcal","","","3718.56kcal"
"2026-07-17(금)","땅콩조림(완)(04)(05)(06)","28.96kcal","실곤약야채무침(06)","68.91kcal","콘치즈계란찜(01)(02)","303.89kcal","","","3718.56kcal"
"2026-07-17(금)","연두부양념장(05)(06)","65.57kcal","배추김치(09)","9.59kcal","딸기청","11.2kcal","","","3718.56kcal"
"2026-07-17(금)","떠먹는발효유(02)(11)","80kcal","","","배추김치(09)","9.59kcal","","","3718.56kcal"
"2026-07-17(금)","","","","","우유(백색우유(200ML,연간))(02)","135kcal","","","3718.56kcal"
"2026-07-18(토)","양송이스프(02)(05)(06)(15)(16)","99.4kcal","치킨스테이크(02)(05)(06)(08)(10)(15)(16)(18)","533.9kcal","쌀밥","360kcal","","","2515.32kcal"
"2026-07-18(토)","리코타치즈샐러드(02)(05)(06)(12)(18)","71.15kcal","할라피뇨피클","16kcal","쇠고기육개장(01)(05)(06)(16)","114.41kcal","","","2515.32kcal"
"2026-07-18(토)","시리얼(05)(06)","167.58kcal","청량음료, 롯데칠성음료, 펩시제로슈거라임향, 250mL/캔","0.2kcal","오징어볶음(05)(06)(17)","282.42kcal","","","2515.32kcal"
"2026-08-25(화)","쌀밥","360kcal","김치말이국수(01)(02)(05)(06)(09)(13)(15)(16)(18)","298.6kcal","쌀밥","360kcal","","","3387.61kcal"
"2026-08-25(화)","들깨무채국(05)(08)(09)(17)(18)","64.46kcal","연탄불고기(05)(06)(10)","334.79kcal","스팸짜글이(05)(06)(10)","277.76kcal","","","3387.61kcal"
"2026-08-25(화)","목살버섯두루치기(05)(06)(10)","428.8kcal","녹두전(02)(05)(06)(10)(16)","202.44kcal","청양풍돼지갈비찜(05)(06)(10)(16)(18)","621.84kcal","","","3387.61kcal"
"2026-08-25(화)","감자간장조림(05)(06)","75.49kcal","고들빼기김치","8.75kcal","양념깻잎지무침(05)(06)(09)","57.5kcal","","","3387.61kcal"
"2026-08-25(화)","배추김치(09)","9.59kcal","커피음료, 롯데칠성음료, 레쓰비카페타임라떼, 240mL/개(02)","44kcal","배추김치(09)","9.59kcal","","","3387.61kcal"
"2026-08-25(화)","","","","","아이스크림 팩형(02)","234kcal","","","3387.61kcal"
"2026-08-26(수)","바질치즈치아바타(완)(01)(02)(05)(06)(16)","527kcal","전복장덮밥(01)(02)","492.54kcal","쌀밥","360kcal","","","2884.57kcal"
"2026-08-26(수)","단호박샐러드(01)(02)(05)","104kcal","쇠고기미역국(05)(06)(08)(09)(16)(17)(18)","35.23kcal","쇠고기육개장(01)(05)(06)(16)","114.41kcal","","","2884.57kcal"
"2026-08-26(수)","망고큐브젤리(02)(05)","39kcal","장어순살강정(02)(05)(06)(08)(10)(15)(16)(18)","258.16kcal","허니버터연근강정(02)(05)(06)","301.3kcal","","","2884.57kcal"
"2026-08-26(수)","시리얼(05)(06)","132.86kcal","오이양파무침(05)(06)","13.68kcal","닭고기고추장조림(05)(06)(15)","302.41kcal","","","2884.57kcal"
"2026-08-26(수)","모듬피클(13)","36.8kcal","오미자주스","13kcal","배추김치(09)","9.59kcal","","","2884.57kcal"
"2026-08-26(수)","우유(백색우유(200ML,연간))(02)","135kcal","배추김치(09)","9.59kcal","","","","","2884.57kcal"
"2026-08-27(목)","쌀밥","360kcal","옥수수밥","398.4kcal","차슈덮밥(01)(05)(06)(10)(12)(16)(18)","1030.11kcal","","","3700.97kcal"
"2026-08-27(목)","콩나물김치국(05)(06)(09)(16)","55.25kcal","파송송계란국(01)(05)(06)(16)","117.18kcal","미소된장국(05)","38.43kcal","","","3700.97kcal"
"2026-08-27(목)","비엔나구이&케찹(05)(06)(10)(12)(15)(16)","198.36kcal","춘천닭갈비(02)(05)(06)(15)(16)","414.2kcal","매운락교무침","37.75kcal","","","3700.97kcal"
"2026-08-27(목)","두부조림(05)(06)","96.29kcal","깻잎무쌈","5kcal","오꼬노미야끼(01)(02)(05)(06)(12)(16)(17)(18)","453.5kcal","","","3700.97kcal"
"2026-08-27(목)","가공우유(초코)(02)","160kcal","꽃맛살샐러드(01)(02)(05)(06)(08)(12)(16)","284.2kcal","배추김치(09)","9.59kcal","","","3700.97kcal"
"2026-08-27(목)","백김치","0kcal","배추김치(09)","9.59kcal","","","","","3700.97kcal"
"2026-08-27(목)","","","포도,신선형(포도(811월))","33.12kcal","","","","","3700.97kcal"
"2026-08-28(금)","쌀밥","360kcal","흑미밥","343.87kcal","참치마요덮밥(01)(02)(05)(06)(12)(16)(18)","854.2kcal","","","3293.79kcal"
"2026-08-28(금)","조갯살미역국(05)(06)(08)(09)(16)(17)(18)","13.27kcal","도토리묵냉국(01)(02)(05)(06)(09)(15)(16)(18)","97.66kcal","우동국물(01)(02)(05)(06)(09)","3.46kcal","","","3293.79kcal"
"2026-08-28(금)","오징어볶음(05)(06)(17)","281.79kcal","주꾸미돈육볶음(05)(06)(10)","239.87kcal","계란볶이(01)(02)(05)(06)(16)","331.6kcal","","","3293.79kcal"
"2026-08-28(금)","밥싸먹는햄(01)(02)(05)(06)(15)(16)","138kcal","양배추쌈(05)(06)","36.79kcal","갈떡꼬치(02)(05)(06)(10)(12)(15)(16)(18)","349.51kcal","","","3293.79kcal"
"2026-08-28(금)","배추김치(09)","9.59kcal","얼려먹는요구르트(02)","80kcal","배추김치(09)","9.59kcal","","","3293.79kcal"
"2026-08-28(금)","우유(백색우유(200ML,연간))(02)","135kcal","배추김치(09)","9.59kcal","","","","","3293.79kcal"
"2026-08-29(토)","뉴욕핫도그(01)(02)(05)(06)(10)(12)(15)(16)","550.76kcal","버팔로윙봉(02)(05)(06)(08)(10)(12)(15)(16)(18)","345kcal","쌀밥","360kcal","","","2693.49kcal"
"2026-08-29(토)","초코머핀(01)(02)(05)(06)","296kcal","청량음료, 롯데칠성음료, 펩시제로슈거라임향, 250mL/캔","0.2kcal","강된장찌개(05)(06)(09)(16)(18)","55.33kcal","","","2693.49kcal"
"2026-08-29(토)","타코샐러드(01)(02)(05)(06)(12)(13)","190.5kcal","","","오리고추장주물럭(05)(06)","469.7kcal","","","2693.49kcal"
"2026-08-29(토)","시리얼(05)(06)","132.86kcal","","","사각어묵조림(05)(06)(08)","132.55kcal","","","2693.49kcal"
"2026-08-29(토)","할라피뇨피클","16kcal","","","배추김치(09)","9.59kcal","","","2693.49kcal"
"2026-08-29(토)","우유(백색우유(200ML,연간))(02)","135kcal","","","","","","","2693.49kcal"
"2026-08-30(일)","쌀밥","360kcal","쌀밥","360kcal","중화비빔밥(05)(06)(09)(10)(17)","609.43kcal","","","3019.25kcal"
"2026-08-30(일)","쇠고기무국(05)(06)(08)(16)","60.11kcal","햄치즈순두부찌개(02)(05)(06)(09)(10)(15)(16)(18)","169.84kcal","파송송계란국(01)(05)(06)(16)","117.18kcal","","","3019.25kcal"
"2026-08-30(일)","떡갈비칠리조림(02)(05)(06)(10)(12)(15)(16)(18)","196.65kcal","소불고기당면볶음(05)(06)(16)(18)","402.94kcal","야채고기말이(05)(06)(10)(12)(15)(16)(18)","162kcal","","","3019.25kcal"
"2026-08-30(일)","땅콩조림(완)(04)(05)(06)","28.96kcal","계란말이(01)(02)(05)(06)(12)","162.99kcal","사과에이드","56.5kcal","","","3019.25kcal"
"2026-08-30(일)","토핑형발효유(02)(05)(06)(10)","135kcal","배추김치(09)","9.59kcal","고구마샐러드(01)(02)(05)","168.88kcal","","","3019.25kcal"
"2026-08-30(일)","배추김치(09)","9.59kcal","","","배추김치(09)","9.59kcal","","","3019.25kcal"
"2026-08-31(월)","사골떡만둣국(01)(02)(05)(06)(10)(15)(16)(18)","533.58kcal","쌀밥","360kcal","후리가케밥(01)(05)(06)","413.6kcal","","","3442.71kcal"
"2026-08-31(월)","쌀밥(1/2)","180kcal","짬뽕찌개(05)(06)(08)(09)(10)(15)(16)(17)(18)","124.4kcal","우동국물(01)(02)(05)(06)(09)","3.46kcal","","","3442.71kcal"
"2026-08-31(월)","분홍소세지전(01)(05)(06)(12)","171.49kcal","동파육(05)(10)","650.25kcal","뿌링클팝콘치킨(01)(02)(05)(06)(15)","408.68kcal","","","3442.71kcal"
"2026-08-31(월)","오징어젓무침(17)","58.4kcal","단무지무침(05)(06)(13)","14.25kcal","치킨무(13)","5kcal","","","3442.71kcal"
"2026-08-31(월)","배추김치(09)","9.59kcal","쉬림프샤오마니(01)(02)(05)(06)(09)","217.12kcal","요거트샐러드(01)(02)(05)","26.71kcal","","","3442.71kcal"
"2026-08-31(월)","우유(백색우유(200ML,연간))(02)","135kcal","배추김치(09)","9.59kcal","배추김치(09)","9.59kcal","","","3442.71kcal"
"2026-08-31(월)","","","청량음료, 코카콜라음료, 스프라이트, 250mL/캔","112kcal","","","","","3442.71kcal"
"","","","","","","","","",""
"","","","","","","","","",""
"","","","","","","","","",""
"","","","","","","","","",""
"","","","","","","","","",""
"","","","","","","","","",""
"","","","","","","","","",""
"","","","","","","","","",""
"","","","","","","","","",""
"2026-07-01(수)","에그마요모닝빵(01)(02)(05)(06)","462.9kcal","흑미밥","343.87kcal","쌀밥","360kcal","","","3432.24kcal"
"2026-07-01(수)","후랑크소시지구이(02)(05)(06)(10)(16)","193.5kcal","짬뽕찌개(05)(06)(08)(09)(10)(15)(16)(17)(18)","124.4kcal","돼지고기무찌개(05)(06)(08)(09)(10)(16)(17)(18)","47.77kcal","","","3432.24kcal"
"2026-07-01(수)","오이피클","43.74kcal","고추잡채&꽃빵(05)(06)(10)","632.98kcal","닭순살카레볶음(02)(05)(06)(12)(15)(16)(18)","280.17kcal","","","3432.24kcal"
"2026-07-01(수)","시리얼(05)(06)","167.58kcal","마늘쫑장아찌무침","35.4kcal","야채춘권튀김(05)(06)(12)","296.75kcal","","","3432.24kcal"
"2026-07-01(수)","단호박샐러드(01)(02)(05)","104kcal","가공우유(커피)(02)","185kcal","배추김치(09)","9.59kcal","","","3432.24kcal"
"2026-07-01(수)","우유(백색우유(200ML,연간))(02)","135kcal","배추김치(09)","9.59kcal","","","","","3432.24kcal"
"2026-07-02(목)","사골떡만둣국(01)(02)(05)(06)(10)(15)(16)(18)","530.88kcal","메밀소바(02)(03)(05)(06)","290.5kcal","마파두부덮밥(05)(06)(10)(15)(18)","512.51kcal","","","3451.00kcal"
"2026-07-02(목)","쌀밥(1/2)","180kcal","멘츠카츠(01)(02)(05)(06)(10)(12)(16)","359.24kcal","조갯살미역국(05)(06)(08)(09)(16)(17)(18)","13.27kcal","","","3451.00kcal"
"2026-07-02(목)","돈육김치볶음(05)(09)(10)","309.45kcal","락교&산고추절임(13)","19.05kcal","고기만두찜(01)(05)(06)(10)(16)","344.93kcal","","","3451.00kcal"
"2026-07-02(목)","쇠고기장조림(01)(02)(05)(06)(10)(15)(16)","309.67kcal","참깨드레싱샐러드(01)(05)(06)","151.11kcal","배추김치(09)","9.59kcal","","","3451.00kcal"
"2026-07-02(목)","두부양념장(05)(06)","60.71kcal","배추김치(09)","9.59kcal","아이스샌드(02)","190kcal","","","3451.00kcal"
"2026-07-02(목)","우유(백색우유(200ML,연간))(02)","135kcal","블루베리","25.5kcal","","","","","3451.00kcal"
"2026-07-03(금)","쌀밥","360kcal","잡곡밥","358.25kcal","차슈덮밥(01)(05)(06)(10)(12)(16)(18)","1032.13kcal","","","3205.16kcal"
"2026-07-03(금)","샤브샤브국(02)(05)(06)(16)","53.02kcal","강된장찌개(05)(06)(09)(16)(18)","55.33kcal","미소된장국(05)","38.43kcal","","","3205.16kcal"
"2026-07-03(금)","오징어실채볶음(01)(05)(06)(17)","93.42kcal","족발(05)(06)(09)(10)(16)","503.14kcal","알감자버터구이(02)(05)","142.7kcal","","","3205.16kcal"
"2026-07-03(금)","비엔나소시지케찹볶음(05)(06)(10)(12)(15)(16)","293.37kcal","모듬쌈(05)(06)","37.51kcal","단무지무침(05)(06)(13)","14.38kcal","","","3205.16kcal"
"2026-07-03(금)","배추김치(09)","9.59kcal","실곤약야채무침(06)","68.91kcal","배추김치(09)","9.59kcal","","","3205.16kcal"
"2026-07-03(금)","바나나(육사)","76.8kcal","배추김치(09)","9.59kcal","","","","","3205.16kcal"
"2026-07-03(금)","","","(주문자상표부착)대상, 힘내파인애플C, 135ml/개","49kcal","","","","","3205.16kcal"
"2026-07-04(토)","치킨브리또(02)(05)(06)(12)(15)(16)(18)","315kcal","큐브스테이크(05)(06)(10)(12)(15)(16)","267.33kcal","쌀밥","360kcal","","","2476.41kcal"
"2026-07-04(토)","쇠고기스프(02)(05)(06)(16)(18)","80.65kcal","모듬피클(13)","36.8kcal","스팸짜글이(05)(06)(10)","278.31kcal","","","2476.41kcal"
"2026-07-04(토)","시저샐러드(01)(02)(05)(06)(16)","95.76kcal","동아오츠카포카리스웨트340ml 캔","85kcal","쇠고기야채볶음(05)(06)(16)(18)","340.12kcal","","","2476.41kcal"
"2026-07-04(토)","시리얼(05)(06)","167.58kcal","","","양파간장절임(05)(06)","23.87kcal","","","2476.41kcal"
"2026-07-04(토)","스콘(01)(02)(06)","226.4kcal","","","매실에이드","55kcal","","","2476.41kcal"
"2026-07-04(토)","우유(백색우유(200ML,연간))(02)","135kcal","","","배추김치(09)","9.59kcal","","","2476.41kcal"
"2026-07-05(일)","쌀밥","360kcal","쌀밥","360kcal","쌀밥","360kcal","","","2810.81kcal"
"2026-07-05(일)","돼지고기김치찌개(05)(06)(09)(10)(16)","101.27kcal","물만두국(01)(05)(06)(08)(09)(10)(16)(17)(18)","251.99kcal","모듬순대국(05)(06)(08)(09)(10)(13)(16)(17)(18)","296.47kcal","","","2810.81kcal"
"2026-07-05(일)","김자반","50kcal","돈육청경채볶음(05)(06)(10)","292.61kcal","애호박전(완)(01)(05)(06)","208.45kcal","","","2810.81kcal"
"2026-07-05(일)","밥싸먹는햄(01)(02)(05)(06)(15)(16)","138kcal","오이양파무침(05)(06)","13.99kcal","부추겉절이(05)(06)","6.86kcal","","","2810.81kcal"
"2026-07-05(일)","계란말이(01)(02)(05)(06)(12)","162.99kcal","배추김치(09)","9.59kcal","자몽허니블랙티","54kcal","","","2810.81kcal"
"2026-07-05(일)","우유(백색우유(200ML,연간))(02)","135kcal","","","배추김치(09)","9.59kcal","","","2810.81kcal"
"2026-07-06(월)","장조림버터비빔밥(01)(02)(05)(06)(10)(15)(16)","697.46kcal","김가루밥","379.44kcal","쌀밥","360kcal","","","3293.95kcal"
"2026-08-12(수)","우유(백색우유(200ML,연간))(02)","135kcal","배추김치(09)","9.59kcal","배추김치(09)","9.59kcal","","","3063.31kcal"
"2026-08-13(목)","쌀밥","360kcal","연탄불고기비빔밥(05)(06)(10)","620.08kcal","쌀밥","360kcal","","","3565.44kcal"
"2026-08-13(목)","맑은배추국(05)(08)(09)(17)(18)","46.52kcal","팽이버섯국(05)(06)(16)","33.69kcal","부대찌개(02)(05)(06)(09)(10)(12)(15)(16)(18)","156.01kcal","","","3565.44kcal"
"2026-08-13(목)","계란말이(01)(02)(05)(06)(12)","162.99kcal","견과류멸치볶음(04)(05)(06)(14)","62.09kcal","느타리애호박볶음(05)(09)","32.29kcal","","","3565.44kcal"
"2026-08-13(목)","무말랭이무침(13)","70.7kcal","야채튀김(05)(06)(08)(09)(17)(18)","395.76kcal","갈비만두찜(02)(05)(06)(09)(10)(15)(16)(18)","617.81kcal","","","3565.44kcal"
"2026-08-13(목)","쇠고기부추무침(05)(06)(16)","204.46kcal","복숭아요거트(02)(11)","288.86kcal","배추김치(09)","9.59kcal","","","3565.44kcal"
"2026-08-13(목)","우유(백색우유(200ML,연간))(02)","135kcal","배추김치(09)","9.59kcal","","","","","3565.44kcal"
"2026-08-14(금)","쌀밥","360kcal","초계국수(01)(02)(05)(06)(08)(09)(13)(15)(16)(17)(18)","425.98kcal","마파두부덮밥(05)(06)(10)(15)(18)","510.96kcal","","","2968.12kcal"
"2026-08-14(금)","백짬뽕국(05)(06)(08)(09)(10)(17)(18)","117.68kcal","찐옥수수","260.8kcal","파송송계란국(01)(05)(06)(16)","117.18kcal","","","2968.12kcal"
"2026-08-14(금)","돈육메추리알장조림(01)(05)(06)(10)","363.91kcal","해물파전(완)(05)(06)(08)(09)(17)(18)","197.67kcal","치즈스테이크볼꽂이(02)(05)(06)(10)(15)(16)","149.41kcal","","","2968.12kcal"
"2026-08-14(금)","진미채고추장조림(05)(06)(17)","42kcal","배추겉절이(09)","22.95kcal","조미김","28kcal","","","2968.12kcal"
"2026-08-14(금)","배추김치(09)","9.59kcal","오징어젓무침(17)","58.4kcal","배추김치(09)","9.59kcal","","","2968.12kcal"
"2026-08-14(금)","두유음료, (주문자상표부착)매일유업, 매일두유초콜릿, 190mL(05)","60kcal","","","아이스크림 팩형(02)","234kcal","","","2968.12kcal"
"2026-08-15(토)","피자브리또(01)(02)(05)(06)(10)(12)(13)","330kcal","돼지목살스테이크(05)(06)(10)","250.79kcal","쌀밥","360kcal","","","2319.29kcal"
"2026-08-15(토)","쇠고기스프(02)(05)(06)(16)(18)","80.65kcal","자몽허니블랙티","54kcal","맑은콩나물국(05)(06)(16)","17.15kcal","","","2319.29kcal"
"2026-08-15(토)","태극기마카롱(01)(02)","150kcal","모듬피클(13)","36.8kcal","무뼈닭발(02)(05)(06)(15)(16)","376.18kcal","","","2319.29kcal"
"2026-08-15(토)","시리얼(05)(06)","132.86kcal","","","콘치즈계란찜(01)(02)","303.89kcal","","","2319.29kcal"
"2026-08-15(토)","만다린샐러드(01)(02)(05)","82.38kcal","","","배추김치(09)","9.59kcal","","","2319.29kcal"
"2026-08-15(토)","우유(백색우유(200ML,연간))(02)","135kcal","","","","","","","2319.29kcal"
"2026-08-16(일)","쌀밥","360kcal","쌀밥","360kcal","중화비빔밥(05)(06)(09)(10)(17)","609.43kcal","","","3417.26kcal"
"2026-08-16(일)","순두부찌개(01)(05)(06)(10)(16)(18)","85.96kcal","오므라이스(01)(02)(05)(06)(10)(12)(15)(16)(18)","721.52kcal","물만두국(01)(05)(06)(08)(09)(10)(16)(17)(18)","251.99kcal","","","3417.26kcal"
"2026-08-16(일)","감자채볶음(05)(06)","47.53kcal","유부장국(05)(06)(16)","17.36kcal","계란후라이(완)(01)(05)","85.5kcal","","","3417.26kcal"
"2026-08-16(일)","파인애플함박조림(01)(02)(05)(06)(10)(12)(13)(15)(16)","264.88kcal","자메이카통닭다리(01)(05)(06)(12)(15)(16)","399kcal","궁채장아찌(05)(06)","9.3kcal","","","3417.26kcal"
"2026-08-16(일)","짜먹는발효유(02)(11)","50kcal","콩나물게맛살냉채(01)(05)(06)(08)","71.02kcal","배추김치(09)","9.59kcal","","","3417.26kcal"
"2026-08-16(일)","배추김치(09)","9.59kcal","배추김치(09)","9.59kcal","","","","","3417.26kcal"
"2026-08-16(일)","","","젤리류, (주문자상표부착)푸드머스, 비타민D가함유된트로피칼코코푸딩, 55g","55kcal","","","","","3417.26kcal"
"2026-08-17(월)","쌀밥","360kcal","쌀밥","360kcal","쌀밥","360kcal","","","3039.86kcal"
"2026-08-17(월)","쇠고기무국(05)(06)(08)(16)","60.11kcal","들깨무채국(05)(08)(09)(17)(18)","64.46kcal","모듬순대국(05)(06)(08)(09)(10)(13)(16)(17)(18)","358.27kcal","","","3039.86kcal"
"2026-08-17(월)","흑마늘돈육야채볶음(05)(06)(10)(18)","321.03kcal","쇠고기고추장불고기(05)(06)(16)","306.47kcal","오징어김치전(05)(06)(09)(16)(17)(18)","209.87kcal","","","3039.86kcal"
"2026-08-17(월)","사각어묵조림(05)(06)(08)","132.55kcal","에그랑땡(01)(05)(06)(10)(12)","262.62kcal","실곤약야채무침(06)","68.6kcal","","","3039.86kcal"
"2026-08-17(월)","가공우유(쿠키앤크림)(02)","85kcal","배추김치(09)","9.59kcal","자두에이드","56.5kcal","","","3039.86kcal"
"2026-08-17(월)","배추김치(09)","9.59kcal","","","깍두기(완제품)(09)","15.2kcal","","","3039.86kcal"
"2026-08-18(화)","쌀밥","360kcal","흑미밥","343.87kcal","자장밥(01)(05)(06)(10)(15)","625.92kcal","","","3575.49kcal"
"2026-08-18(화)","조갯살미역국(05)(06)(08)(09)(16)(17)(18)","13.27kcal","등뼈감자탕(05)(06)(09)(10)","480.99kcal","짬뽕찌개(05)(06)(08)(09)(10)(15)(16)(17)(18)","124.4kcal","","","3575.49kcal"
"2026-08-18(화)","밥싸먹는훈제오리(01)(02)(05)(06)(16)","175.75kcal","계란장조림(01)(05)(06)(16)","220.05kcal","군만두(01)(02)(05)(06)(10)(15)(16)","290.37kcal","","","3575.49kcal"
"2026-08-18(화)","라구미트볼조림(05)(06)(10)(12)(15)(16)","275.94kcal","오이풋고추된장무침(05)","16.91kcal","단무지무침(05)(06)(13)","14.25kcal","","","3575.49kcal"
"2026-08-18(화)","배추김치(09)","9.59kcal","배추김치(09)","9.59kcal","배추김치(09)","9.59kcal","","","3575.49kcal"
"2026-08-18(화)","우유(백색우유(200ML,연간))(02)","135kcal","아이스크림, 떠먹는형(02)","470kcal","","","","","3575.49kcal"
"2026-08-19(수)","대파크림치즈베이글(01)(02)(06)(10)","388kcal","병아리콩밥","425.6kcal","돈부리덮밥(01)(02)(05)(06)(10)","703.4kcal","","","2967.13kcal"
"2026-08-19(수)","햄에그롤(01)(02)(05)(06)(10)(12)(16)","194.62kcal","모듬어묵탕(05)(06)(08)(16)","85.46kcal","팽이버섯국(05)(06)(16)","33.69kcal","","","2967.13kcal"
"2026-08-19(수)","시리얼(05)(06)","132.86kcal","해물찜(05)(06)(09)(16)(17)(18)","159.57kcal","회오리핫도그(01)(02)(05)(06)(10)(12)(15)(16)","182.5kcal","","","2967.13kcal"
"2026-08-19(수)","황도샐러드(01)(02)(05)(11)","84.94kcal","부추전(01)(05)(06)","224.52kcal","락교&산고추절임(13)","19.05kcal","","","2967.13kcal"
"2026-08-19(수)","오이피클","43.74kcal","배추김치(09)","9.59kcal","배추김치(09)","9.59kcal","","","2967.13kcal"
"2026-08-19(수)","우유(백색우유(200ML,연간))(02)","135kcal","팥빙수(육사)","","","","","","2967.13kcal"
"2026-08-19(수)","","","우유(백색우유(200ML,연간))(02)","135kcal","","","","","2967.13kcal"
"2026-08-20(목)","쌀밥","360kcal","잡곡밥","358.25kcal","참치마요구운주먹밥(01)(02)(05)(06)","210kcal","","","3752.43kcal"
"2026-08-20(목)","샤브샤브국(02)(05)(06)(16)","53.02kcal","오이미역냉국(05)(06)(16)","14.36kcal","우동국물(01)(02)(05)(06)(09)","3.46kcal","","","3752.43kcal"
"2026-08-20(목)","비엔나소시지케찹볶음(05)(06)(10)(12)(15)(16)(18)","237.52kcal","마늘보쌈(05)(06)(10)","1247.14kcal","떡볶이(02)(05)(06)(08)(12)(16)(18)","372.99kcal","","","3752.43kcal"
"2026-08-20(목)","가공우유(커피)(02)","185kcal","모듬쌈(05)(06)","37.51kcal","오징어튀김(05)(06)(12)(17)","457.5kcal","","","3752.43kcal"
"2026-08-20(목)","감자샐러드(완)(01)(02)","77kcal","명이나물절임(05)(06)(13)","34.5kcal","배추김치(09)","9.59kcal","","","3752.43kcal"
"2026-08-20(목)","배추김치(09)","9.59kcal","보쌈김치(09)","36kcal","단무지(13)","4kcal","","","3752.43kcal"
"2026-08-20(목)","","","사인머스켓","45kcal","","","","","3752.43kcal"
"2026-08-21(금)","쌀밥","360kcal","돈육잡채덮밥(05)(06)(08)(10)","599.64kcal","쌀밥","360kcal","","","3248.55kcal"
"2026-08-21(금)","감자돈육짜글이(05)(06)(08)(09)(10)(16)(17)(18)","124.21kcal","중화식계란탕(01)(05)(06)(08)","79.14kcal","햄치즈순두부찌개(02)(05)(06)(09)(10)(15)(16)(18)","169.84kcal","","","3248.55kcal"
"2026-08-21(금)","견과류멸치볶음(04)(05)(06)(14)","62.09kcal","유린기(02)(04)(05)(06)(09)(15)(16)(18)","275.89kcal","쇠고기불고기(05)(06)(16)(18)","330.4kcal","","","3248.55kcal"
"2026-08-21(금)","김자반","50kcal","간장무채장아찌무침(05)(06)(08)(09)(18)","33.34kcal","고구마맛탕(05)","207kcal","","","3248.55kcal"
"2026-08-21(금)","너비아니구이&마늘후레에크(05)(06)(10)(12)(13)(15)(16)","323.23kcal","수박주스","110kcal","배추김치(09)","9.59kcal","","","3248.55kcal"
"2026-08-21(금)","배추김치(09)","9.59kcal","배추김치(09)","9.59kcal","","","","","3248.55kcal"
"2026-08-21(금)","우유(백색우유(200ML,연간))(02)","135kcal","","","","","","","3248.55kcal"
"2026-08-22(토)","요거트볼(02)(05)(06)","321.9kcal","쌀밥(1/2)","180kcal","지코바치킨덮밥(02)(05)(06)(08)(10)(12)(15)(16)(18)","633.24kcal","","","2531.91kcal"
"2026-08-22(토)","","","차돌된장찌개(05)(06)(16)","94.31kcal","맑은쇠고기무국(05)(06)(08)(16)","63.18kcal","","","2531.91kcal"
"2026-08-22(토)","","","족발(05)(06)(09)(10)","426.64kcal","베이컨야채볶음(05)(06)(10)(12)(16)(18)","240.16kcal","","","2531.91kcal"
"2026-08-22(토)","","","로메인상추&쌈장(05)(06)","11.8kcal","배추김치(09)","9.59kcal","","","2531.91kcal"
"2026-08-22(토)","","","비빔막국수(03)(06)(13)","429.5kcal","","","","","2531.91kcal"
"2026-08-22(토)","","","배추김치(09)","9.59kcal","","","","","2531.91kcal"
"2026-08-22(토)","","","청량음료, 코카콜라음료, 스프라이트, 250mL/캔","112kcal","","","","","2531.91kcal"
"2026-08-23(일)","쌀밥","360kcal","쌀밥","360kcal","삼색소보루밥(01)(02)(05)(06)(10)(15)(16)(18)","468.82kcal","","","3116.44kcal"
"2026-08-23(일)","전주식콩나물국(05)(09)(17)","112.3kcal","사각어묵국(05)(06)(08)(16)","80.92kcal","사골우거지국(05)(06)(16)","153.98kcal","","","3116.44kcal"
"2026-08-23(일)","떡갈비데리야끼조림(02)(05)(06)(10)(12)(15)(16)(18)","249.33kcal","(통)마늘김치두루치기(05)(06)(09)(10)","479.64kcal","짬뽕만두찜(05)(06)","188.91kcal","","","3116.44kcal"
"2026-08-23(일)","명엽채고추장조림(05)(06)","112kcal","감자채전(01)(05)(06)","282.09kcal","양파간장절임(05)(06)","23.87kcal","","","3116.44kcal"
"2026-08-23(일)","배추김치(09)","9.59kcal","마늘쫑장아찌무침","35.4kcal","매실에이드","55kcal","","","3116.44kcal"
"2026-08-23(일)","우유(백색우유(200ML,연간))(02)","135kcal","","","배추김치(09)","9.59kcal","","","3116.44kcal"
"2026-08-24(월)","잠봉뵈르샌드위치(01)(02)(05)(06)(10)(16)","571.75kcal","잡곡밥","358.25kcal","고추장버터비빔밥(02)(05)(06)","489.75kcal","","","3092.73kcal"
"2026-08-24(월)","스크램블에그(01)(02)(05)(12)","192.74kcal","올갱이해장국(05)","28.31kcal","유부장국(05)(06)(16)","17.36kcal","","","3092.73kcal"
"2026-08-24(월)","시리얼(05)(06)","132.86kcal","콩나물잡채(05)(06)(08)(10)","156.83kcal","멘츠카츠(01)(02)(05)(06)(10)(12)(16)","359.24kcal","","","3092.73kcal"
"2026-08-24(월)","무피클(05)(06)","12.72kcal","안동찜닭(05)(06)(15)(16)","388.48kcal","계란후라이(완)(01)(05)","85.5kcal","","","3092.73kcal"
"2026-08-24(월)","시저샐러드(01)(02)(05)(06)(16)","95.76kcal","배추김치(09)","9.59kcal","배추김치(09)","9.59kcal","","","3092.73kcal"
"2026-08-24(월)","우유(백색우유(200ML,연간))(02)","135kcal","(주문자상표부착)대상, 힘내파인애플C, 135ml/개","49kcal","","","","","3092.73kcal"
"2026-06-30(화)","검은콩조림(05)(06)","49.05kcal","간장무채장아찌무침(05)(06)(08)(09)(18)","33.53kcal","집게맛살튀김(01)(05)(06)(08)(16)","268.3kcal","","","3179.96kcal"
"2026-06-30(화)","가공우유(쿠키앤크림)(02)","85kcal","배추김치(09)","9.59kcal","단무지(13)","5kcal","","","3179.96kcal"
"2026-06-30(화)","배추김치(09)","9.59kcal","아이스크림 팩형(02)","234kcal","","","","","3179.96kcal"
"","","","","","","","","",""
"","","","","","","","","",""
"","","","","","","","","",""
"","","","","","","","","",""
"","","","","","","","","",""
"","","","","","","","","",""
"","","","","","","","","",""
"","","","","","","","","",""
"","","","","","","","","",""
"","","","","","","","","",""
"","","","","","","","","",""
"","","","","","","","","",""
"","","","","","","","","",""
"","","","","","","","","",""
"","","","","","","","","",""
"2026-08-01(토)","베이컨토마토디럭스버거(01)(02)(05)(06)(10)(12)(15)(16)","1034.55kcal","바베큐폭립(02)(05)(06)(10)(12)(16)(18)","607.6kcal","쌀밥","360kcal","","","3114.63kcal"
"2026-08-01(토)","갈릭스틱바게트(01)(02)(05)(06)","26.5kcal","가쓰오계란말이(01)(02)(05)(06)(07)(12)(16)(18)","249.55kcal","맑은콩나물국(05)(06)(16)","17.15kcal","","","3114.63kcal"
"2026-08-01(토)","코울슬로(01)(02)(05)(16)","114.2kcal","오이피클","43.74kcal","감자채볶음(05)(06)","47.53kcal","","","3114.63kcal"
"2026-08-01(토)","시리얼(05)(06)","132.86kcal","청량음료, 롯데칠성음료, 펩시, 250mL/캔","110kcal","닭순살묵은지찜(05)(06)(09)(15)","192.35kcal","","","3114.63kcal"
"2026-08-01(토)","우유(백색우유(200ML,연간))(02)","135kcal","","","검은콩조림(05)(06)","43.6kcal","","","3114.63kcal"
"2026-08-02(일)","쌀밥","360kcal","쌀밥","360kcal","유부비빔밥(01)(05)(06)(13)","545.9kcal","","","3134.73kcal"
"2026-08-02(일)","쇠고기미역국(05)(06)(08)(09)(16)(17)(18)","35.23kcal","물만두국(01)(05)(06)(08)(09)(10)(16)(17)(18)","251.99kcal","감자양파찌개(05)(06)(16)","48.94kcal","","","3134.73kcal"
"2026-08-02(일)","계란찜(01)(09)","110.34kcal","제육볶음(05)(06)(10)(18)","508.12kcal","허브치킨플레로티(01)(02)(05)(06)(15)(16)","387.7kcal","","","3134.73kcal"
"2026-08-02(일)","떡갈비데리야끼조림(02)(05)(06)(10)(12)(15)(16)(18)","249.33kcal","상추겉절이(05)(06)","10.11kcal","무쌈샐러드(01)(02)(05)(13)","26.7kcal","","","3134.73kcal"
"2026-08-02(일)","배추김치(09)","9.59kcal","배추김치(09)","9.59kcal","연유아이스베리(02)","76.6kcal","","","3134.73kcal"
"2026-08-02(일)","우유(백색우유(200ML,연간))(02)","135kcal","","","배추김치(09)","9.59kcal","","","3134.73kcal"
"2026-08-03(월)","장조림버터비빔밥(01)(02)(05)(06)(10)(15)(16)","697.15kcal","치자밥","360kcal","쌀밥","360kcal","","","2959.35kcal"
"2026-08-03(월)","팽이버섯국(05)(06)(16)","33.69kcal","돼지고기김치찌개(05)(06)(09)(10)(16)","101.27kcal","닭고기육개장(01)(05)(06)(08)(09)(15)(16)(17)(18)","141.71kcal","","","2959.35kcal"
"2026-08-03(월)","비엔나소시지야채볶음(05)(06)(10)(12)(15)(16)","197.98kcal","잡채(05)(06)(08)(10)","96.66kcal","쇠고기불고기(05)(06)(16)(18)","330.4kcal","","","2959.35kcal"
"2026-08-03(월)","마시는발효유(02)(05)","55kcal","가자미튀김(01)(05)(06)","225.03kcal","야채고로케(02)(05)(06)(10)(12)(15)(16)(18)","202.68kcal","","","2959.35kcal"
"2026-08-03(월)","배추김치(09)","9.59kcal","열무김치","3.6kcal","배추김치(09)","9.59kcal","","","2959.35kcal"
"2026-08-03(월)","","","우유(백색우유(200ML,연간))(02)","135kcal","","","","","2959.35kcal"
"2026-08-04(화)","쌀밥","360kcal","계란볶음밥(01)(02)(05)(06)(10)(15)(16)(18)","599.28kcal","쌀밥","360kcal","","","3484.46kcal"
"2026-08-04(화)","두부고추장찌개(05)(06)(08)(09)(10)(16)(17)(18)","70.91kcal","짬뽕찌개(05)(06)(08)(09)(10)(15)(16)(17)(18)","124.4kcal","맑은쇠고기무국(05)(06)(08)(16)","63.18kcal","","","3484.46kcal"
"2026-08-04(화)","돈육마늘간장볶음(05)(10)","495.49kcal","맛쵸킹탕수육(05)(06)(10)(16)","433.6kcal","닭고기고추장조림(05)(06)(15)","302.41kcal","","","3484.46kcal"
"2026-08-04(화)","명엽채고추장조림(05)(06)","112kcal","배추김치(09)","9.59kcal","깻잎전(01)(05)(06)(10)","260.42kcal","","","3484.46kcal"
"2026-08-04(화)","배추김치(09)","9.59kcal","단무지(13)","4kcal","배추김치(09)","9.59kcal","","","3484.46kcal"
"2026-08-04(화)","","","아이스크림 콘,완제품(02)(04)","270kcal","","","","","3484.46kcal"
"2026-08-05(수)","샌드와플(02)(05)(06)","639.8kcal","흑미밥","343.87kcal","미소된장국(05)","38.43kcal","","","3778.66kcal"
"2026-08-05(수)","스크램블에그(01)(02)(05)(12)","192.74kcal","순두부국(01)(05)(06)(16)","66.58kcal","분모자떡볶이(02)(05)(06)(08)(16)","432.81kcal","","","3778.66kcal"
"2026-08-05(수)","시리얼(05)(06)","132.86kcal","돼지갈비찜(05)(06)(10)","340.58kcal","무말랭이무침(13)","70.7kcal","","","3778.66kcal"
"2026-08-05(수)","무피클(05)(06)","12.72kcal","에그랑땡(01)(05)(06)(10)(12)","262.62kcal","치킨마요덮밥(01)(02)(05)(06)(12)(13)(15)(16)(18)","843.61kcal","","","3778.66kcal"
"2026-08-05(수)","잠봉뵈르샐러드(01)(02)(05)(06)(10)(16)(18)","192.16kcal","매실에이드","55kcal","배추김치(09)","9.59kcal","","","3778.66kcal"
"2026-08-05(수)","우유(백색우유(200ML,연간))(02)","135kcal","배추김치(09)","9.59kcal","","","","","3778.66kcal"
"2026-08-06(목)","쌀밥","360kcal","메밀소바(02)(03)(05)(06)","291.85kcal","쌀밥","360kcal","","","3012.20kcal"
"2026-08-06(목)","꼬리곰탕(완)(08)(16)","81.29kcal","후리가케밥(1/2)(01)(05)(06)","202kcal","맑은콩나물국(05)(06)(16)","17.15kcal","","","3012.20kcal"
"2026-08-06(목)","오징어어묵볶음(05)(06)(08)(17)","154.55kcal","히레카츠(01)(02)(05)(06)(10)(12)","303.5kcal","소떡소떡(02)(05)(06)(08)(10)(15)(16)(18)","409.1kcal","","","3012.20kcal"
"2026-08-06(목)","마늘쫑장아찌무침","35.4kcal","락교&산고추절임(13)","19.05kcal","족발(05)(06)(09)(10)","426.64kcal","","","3012.20kcal"
"2026-08-06(목)","가공우유(딸기)(02)","165kcal","오리엔탈샐러드(05)(06)(18)","70.48kcal","로메인상추&쌈장(05)(06)","11.8kcal","","","3012.20kcal"
"2026-08-06(목)","깍두기(완제품)(09)","15.2kcal","열무김치","3.6kcal","배추김치(09)","9.59kcal","","","3012.20kcal"
"2026-08-06(목)","","","멜론","76kcal","","","","","3012.20kcal"
"2026-08-07(금)","쌀밥","360kcal","잡곡밥","358.25kcal","소불고기잡채덮밥(05)(06)(16)(18)","748.02kcal","","","3130.90kcal"
"2026-08-07(금)","샤브샤브국(02)(05)(06)(16)","53.02kcal","도토리묵냉국(01)(02)(05)(06)(09)(15)(16)(18)","97.66kcal","들깨미역국(05)(06)(08)(09)(16)(17)(18)","102.09kcal","","","3130.90kcal"
"2026-08-07(금)","스팸구이&케찹(10)(12)","340.18kcal","돼지고기가지볶음(05)(06)(10)(18)","243kcal","감자고추장조림(05)(06)(16)","47.42kcal","","","3130.90kcal"
"2026-08-07(금)","계란장조림(01)(05)(06)(16)","220.05kcal","쫄면야채무침(06)","402.92kcal","배추김치(09)","9.59kcal","","","3130.90kcal"
"2026-08-07(금)","배추김치(09)","9.59kcal","배추김치(09)","9.59kcal","복숭아(백도)(11)","54.72kcal","","","3130.90kcal"
"2026-08-07(금)","아오리사과","35.055kcal","수박","39.744kcal","","","","","3130.90kcal"
"2026-08-08(토)","양송이스프(02)(05)(06)(15)(16)","99.4kcal","큐브스테이크(05)(10)(12)","304.83kcal","쌀밥","360kcal","","","1918.09kcal"
"2026-08-08(토)","치킨파니니(01)(02)(05)(06)(12)(15)(16)","155kcal","모듬피클(13)","36.8kcal","부산식돼지국밥(05)(06)(09)(10)","252.72kcal","","","1918.09kcal"
"2026-08-08(토)","딸기드레싱샐러드(01)(02)(05)(16)","42.54kcal","동아오츠카포카리스웨트340ml 캔","85kcal","오징어김치전(05)(06)(09)(16)(17)(18)","209.87kcal","","","1918.09kcal"
"2026-08-08(토)","카스테라(01)(02)(05)(06)","88.25kcal","","","부추겉절이(05)(06)","6.23kcal","","","1918.09kcal"
"2026-08-08(토)","시리얼(05)(06)","132.86kcal","","","배추김치(09)","9.59kcal","","","1918.09kcal"
"2026-08-08(토)","우유(백색우유(200ML,연간))(02)","135kcal","","","","","","","1918.09kcal"
"2026-08-09(일)","간장계란밥(01)(05)(06)","457.2kcal","쌀밥","360kcal","쌀밥","360kcal","","","3095.35kcal"
"2026-08-09(일)","쇠고기무국(05)(06)(08)(16)","60.11kcal","쇠고기육개장(01)(05)(06)(16)","114.41kcal","유부주머니어묵탕(05)(06)(08)(09)(10)(16)(17)(18)","154.53kcal","","","3095.35kcal"
"2026-08-09(일)","직불떡갈비조림(02)(05)(06)(10)(12)(15)(16)(18)","281.37kcal","훈제오리(05)(06)(15)","460.3kcal","쇠고기고추장불고기(05)(06)(16)","306.47kcal","","","3095.35kcal"
"2026-08-09(일)","떠먹는발효유(02)","60kcal","무쌈샐러드(01)(02)(05)(13)","26.7kcal","감자채전(01)(05)(06)","282.09kcal","","","3095.35kcal"
"2026-08-09(일)","배추김치(09)","9.59kcal","배추김치(09)","9.59kcal","딸기청","8.4kcal","","","3095.35kcal"
"2026-08-09(일)","","","","","배추김치(09)","9.59kcal","","","3095.35kcal"
"2026-08-09(일)","","","","","우유(백색우유(200ML,연간))(02)","135kcal","","","3095.35kcal"
"2026-08-10(월)","누텔라토스트(02)(05)(06)","550.1kcal","잡곡밥","358.25kcal","볼카츠덮밥(02)(05)(06)(10)(12)(13)","866.23kcal","","","3488.44kcal"
"2026-08-10(월)","페퍼로니샐러드(01)(05)(06)(12)(15)(16)","109.92kcal","두부된장찌개(05)(06)(18)","38.24kcal","오징어국(05)(06)(08)(09)(17)(18)","111.39kcal","","","3488.44kcal"
"2026-08-10(월)","오이피클","43.74kcal","계란찜(01)(09)","110.34kcal","베이컨야채볶음(05)(06)(10)(12)(16)(18)","240.16kcal","","","3488.44kcal"
"2026-08-10(월)","마일드오믈렛(01)(02)(05)(06)(12)(15)(16)(18)","204.02kcal","삼겹살김치찜(05)(06)(09)(10)","442.35kcal","단무지무침(05)(06)(13)","14.25kcal","","","3488.44kcal"
"2026-08-10(월)","시리얼(05)(06)","132.86kcal","매실장아찌무침(05)(06)","52kcal","배추김치(09)","9.59kcal","","","3488.44kcal"
"2026-08-10(월)","우유(백색우유(200ML,연간))(02)","135kcal","(주문자상표부착)대상, 최고야포도C, 135ml/개","70kcal","","","","","3488.44kcal"
"2026-08-11(화)","쌀밥","360kcal","카레밥(06)(10)(16)","600kcal","쌀밥(1/2)","180kcal","","","3428.19kcal"
"2026-08-11(화)","쇠고기미역국(05)(06)(08)(09)(16)(17)(18)","35.23kcal","우동국물(01)(02)(05)(06)(09)","3.46kcal","삼색수제비국(01)(05)(06)(08)(09)(16)(17)(18)","181.22kcal","","","3428.19kcal"
"2026-08-11(화)","참치야채볶음(05)(06)","367.94kcal","바베큐폭립(02)(05)(06)(10)(12)(16)(18)","607.6kcal","돼지불고기(05)(06)(10)(18)","435.64kcal","","","3428.19kcal"
"2026-08-11(화)","밥싸먹는햄(01)(02)(05)(06)(15)(16)","138kcal","망고샐러드(01)(05)","98.54kcal","양배추쌈(05)(06)","36.79kcal","","","3428.19kcal"
"2026-08-11(화)","배추김치(09)","9.59kcal","가공우유(바나나)(02)","165kcal","배추김치(09)","9.59kcal","","","3428.19kcal"
"2026-08-11(화)","","","배추김치(09)","9.59kcal","아이스샌드(02)","190kcal","","","3428.19kcal"
"2026-08-12(수)","야채스프(02)(05)(06)(16)","98.15kcal","흑미밥","343.87kcal","치즈김치주먹밥(완)(02)(05)(06)(09)(16)(18)","210kcal","","","3063.31kcal"
"2026-08-12(수)","시리얼(05)(06)","132.86kcal","꽃게탕(05)(06)(08)(09)(16)","62.31kcal","미소된장국(05)","38.43kcal","","","3063.31kcal"
"2026-08-12(수)","꽃맛살샐러드(01)(02)(05)(06)(08)(12)(16)","284.2kcal","닭순살야채조림(05)(06)(15)","194.49kcal","바질크림떡볶이(02)(05)(06)(09)(10)(12)(15)(16)","377.1kcal","","","3063.31kcal"
"2026-08-12(수)","무피클(05)(06)","12.72kcal","베이컨감자전(05)(06)(10)","388kcal","버터플라이새우튀김(01)(02)(05)(06)(09)(12)","364kcal","","","3063.31kcal"
"2026-08-12(수)","포켓토스트(01)(02)(05)(06)(10)(12)(16)(18)","349kcal","레몬에이드","50kcal","단무지(13)","4kcal","","","3063.31kcal"
"2026-06-18(목)","스팸구이&케찹(05)(10)(12)","219.15kcal","족발(05)(06)(09)(10)","426.64kcal","야채고로케(02)(05)(06)(10)(12)(15)(16)(18)","220.65kcal","","","3644.57kcal"
"2026-06-18(목)","콩나물게맛살냉채(01)(05)(06)(08)","71.21kcal","오징어젓무침(17)","57.81kcal","계란후라이(완)(01)(05)","85.5kcal","","","3644.57kcal"
"2026-06-18(목)","짜먹는발효유(02)(11)","50kcal","모듬쌈(05)(06)","37.51kcal","단무지무침(05)(06)(13)","14.38kcal","","","3644.57kcal"
"2026-06-18(목)","배추김치(09)","9.59kcal","말차라떼(01)(02)","260.55kcal","","","","","3644.57kcal"
"2026-06-18(목)","","","배추김치(09)","9.59kcal","","","","","3644.57kcal"
"2026-06-19(금)","쌀밥","360kcal","잡곡밥","358.25kcal","쌀밥","360kcal","","","2917.36kcal"
"2026-06-19(금)","두부고추장찌개(05)(06)(08)(09)(10)(16)(17)(18)","70.91kcal","버섯된장찌개(05)(06)(09)","54.99kcal","감자돈육짜글이(05)(06)(08)(09)(10)(16)(17)(18)","124.21kcal","","","2917.36kcal"
"2026-06-19(금)","흑마늘돈육야채볶음(05)(06)(10)(18)","321.66kcal","닭장각부추찜(05)(06)(15)","405.73kcal","백순대볶음(05)(06)(08)(09)(10)(13)(16)(17)(18)","282.82kcal","","","2917.36kcal"
"2026-06-19(금)","쥐포조림(05)(06)","25.03kcal","청포묵김무침(01)(02)(05)(06)(15)(18)","50.56kcal","빨간꼬지어묵(05)(06)","154.33kcal","","","2917.36kcal"
"2026-06-19(금)","배추김치(09)","9.59kcal","쑥떡(06)","222.1kcal","배추김치(09)","9.59kcal","","","2917.36kcal"
"2026-06-19(금)","두유음료, (주문자상표부착)매일유업, 매일두유초콜릿, 190mL(05)","60kcal","배추김치(09)","9.59kcal","참외","38kcal","","","2917.36kcal"
"2026-06-20(토)","야끼소바빵(01)(02)(05)(06)(07)(09)(10)(11)(12)(15)(18)","526.96kcal","르뱅쿠키(01)(02)(05)(06)(14)","125kcal","쌀밥","360kcal","","","2424.55kcal"
"2026-06-20(토)","불고기오믈렛(완)(01)(02)(05)(06)(10)(12)(16)","187kcal","옥수수콘소시지(05)(06)(10)(12)(15)(16)","139.5kcal","맑은콩나물국(05)(06)(16)","17.46kcal","","","2424.55kcal"
"2026-06-20(토)","야채샐러드(01)(05)(12)","131.48kcal","스포츠음료또는에너지음료, (주문자상표부착)코카콜라음료, 파워에이드마운틴블라스트, 340mL/캔(11)","11kcal","매운돼지갈비찜(05)(06)(10)","411.38kcal","","","2424.55kcal"
"2026-06-20(토)","시리얼(05)(06)","167.58kcal","","","에그랑땡(01)(05)(06)(10)(12)","202.6kcal","","","2424.55kcal"
"2026-06-20(토)","우유(백색우유(200ML,연간))(02)","135kcal","","","배추김치(09)","9.59kcal","","","2424.55kcal"
"2026-06-21(일)","쌀밥","360kcal","풀드포크덮밥(01)(05)(06)(10)(12)(16)(18)","860.64kcal","쌀밥","360kcal","","","3335.72kcal"
"2026-06-21(일)","쇠고기미역국(05)(06)(08)(09)(16)(17)(18)","35.55kcal","얼큰한오징어국(05)(06)(08)(09)(17)(18)","111.11kcal","닭곰탕(05)(06)(08)(15)(16)","158.62kcal","","","3335.72kcal"
"2026-06-21(일)","밥싸먹는훈제오리(01)(02)(05)(06)(16)","175.75kcal","알감자버터구이(02)(05)","209.3kcal","오징어김치전(05)(06)(09)(16)(17)","139.94kcal","","","3335.72kcal"
"2026-06-21(일)","계란말이(01)(05)(12)","186.95kcal","비엔나구이&케찹(05)(06)(10)(12)(15)(16)","234.3kcal","골뱅이야채무침(05)(06)","285.79kcal","","","3335.72kcal"
"2026-06-21(일)","토핑형발효유(02)(05)(06)(10)","135kcal","배추김치(09)","9.59kcal","자몽허니블랙티","54kcal","","","3335.72kcal"
"2026-06-21(일)","배추김치(09)","9.59kcal","","","배추김치(09)","9.59kcal","","","3335.72kcal"
"2026-06-22(월)","쌀밥","360kcal","흑미밥","343.87kcal","후리가케밥(01)(05)(06)","413.6kcal","","","3330.58kcal"
"2026-06-22(월)","유부주머니어묵탕(05)(06)(08)(09)(10)(13)(16)(17)(18)","154.53kcal","부대찌개(02)(05)(06)(09)(10)(12)(15)(16)(18)","206.55kcal","우동국물(01)(02)(05)(06)(09)","3.46kcal","","","3330.58kcal"
"2026-06-22(월)","땅콩조림(완)(04)(05)(06)","28.96kcal","고등어필렛튀김(05)(06)(07)","390.75kcal","콘소메치킨(01)(02)(05)(06)(15)(16)","597.5kcal","","","3330.58kcal"
"2026-06-22(월)","파인애플함박조림(01)(02)(05)(06)(10)(12)(13)(15)(16)(18)","274.99kcal","계란찜(01)(09)","110.68kcal","치킨무(13)","5kcal","","","3330.58kcal"
"2026-06-22(월)","시리얼(05)(06)","167.58kcal","배추김치(09)","9.59kcal","매실에이드","55kcal","","","3330.58kcal"
"2026-06-22(월)","배추김치(09)","9.59kcal","","","딸기드레싱샐러드(01)(02)(05)","54.34kcal","","","3330.58kcal"
"2026-06-22(월)","우유(백색우유(200ML,연간))(02)","135kcal","","","배추김치(09)","9.59kcal","","","3330.58kcal"
"2026-06-23(화)","쌀밥","360kcal","새우볶음밥(02)(05)(06)(09)(12)(15)(16)(18)","474.98kcal","쌀밥","360kcal","","","2985.39kcal"
"2026-06-23(화)","사골곰탕(01)(02)(05)(06)(08)(15)(16)(18)","120.46kcal","짬뽕찌개(05)(06)(08)(09)(10)(15)(16)(17)(18)","122.8kcal","스팸짜글이(05)(06)(10)","181.01kcal","","","2985.39kcal"
"2026-06-23(화)","(통)마늘김치두루치기(05)(06)(09)(10)","279.07kcal","볼어묵꽈리고추볶음(05)(06)(08)","125.82kcal","소불고기당면볶음(05)(06)(16)(18)","382.2kcal","","","2985.39kcal"
"2026-06-23(화)","연두부양념장(05)(06)","65.57kcal","어향가지튀김(01)(02)(05)(06)(15)(16)(18)","160.69kcal","감자고추장조림(05)(06)(16)","47.59kcal","","","2985.39kcal"
"2026-06-23(화)","무말랭이무침(13)","71.02kcal","배추김치(09)","9.59kcal","배추김치(09)","9.59kcal","","","2985.39kcal"
"2026-06-23(화)","가공우유(딸기)(02)","165kcal","동아오츠카 나랑드사이다 180ml 캔","50kcal","","","","","2985.39kcal"
"2026-06-24(수)","스크램블에그(01)(02)(05)(12)","216.7kcal","잡곡밥","358.25kcal","자장밥(01)(05)(06)(10)(16)(18)","540.12kcal","","","3684.17kcal"
"2026-06-24(수)","시리얼(05)(06)","167.58kcal","조갯살미역국(05)(06)(08)(09)(16)(17)(18)","13.27kcal","파송송계란국(01)(05)(06)(16)","117.18kcal","","","3684.17kcal"
"2026-06-24(수)","단호박샐러드(01)(02)(05)","104kcal","주꾸미돈육볶음(05)(06)(10)","337.19kcal","군만두(01)(02)(05)(06)(10)(15)(16)","268.93kcal","","","3684.17kcal"
"2026-06-24(수)","무피클","12.72kcal","콘치즈오븐구이(01)(02)(05)","383.32kcal","간장무채장아찌무침(05)(06)(08)(09)(18)","33.53kcal","","","3684.17kcal"
"2026-06-24(수)","깔조네(02)(05)(06)(10)","502.2kcal","깻잎무쌈","5kcal","배추김치(09)","9.59kcal","","","3684.17kcal"
"2026-06-24(수)","우유(백색우유(200ML,연간))(02)","135kcal","배추김치(09)","9.59kcal","","","","","3684.17kcal"
"2026-06-24(수)","","","아이스크림, 떠먹는형(02)","470kcal","","","","","3684.17kcal"
"2026-06-25(목)","장조림버터비빔밥(01)(02)(05)(06)(10)(15)(16)","697.46kcal","셀프주먹밥(01)(05)(13)","659.51kcal","돈부리덮밥(01)(02)(05)(06)(10)","703.4kcal","","","4157.13kcal"
"2026-06-25(목)","순두부국(01)(05)(06)(16)","66.58kcal","맑은쇠고기무국(05)(06)(08)(16)","63.18kcal","참치김치찌개(05)(09)","206.44kcal","","","4157.13kcal"
"2026-06-25(목)","베이컨감자채볶음(01)(05)(10)","87.81kcal","볶음김치(05)(09)","46.88kcal","고구마츄러스맛탕(01)(05)(06)","313.53kcal","","","4157.13kcal"
"2026-06-25(목)","양념깻잎지무침(05)(06)(09)","57.5kcal","한반도돈까스(05)(06)(10)(12)(16)","424kcal","마늘쫑장아찌무침","35.4kcal","","","4157.13kcal"
"2026-06-25(목)","배추김치(09)","9.59kcal","쫄면야채무침(01)(05)(06)","467.85kcal","참외","38kcal","","","4157.13kcal"
"2026-06-25(목)","우유(백색우유(200ML,연간))(02)","135kcal","초코파이(01)(02)(05)(06)","145kcal","","","","","4157.13kcal"
"2026-06-26(금)","쌀밥","360kcal","흑미밥","343.87kcal","쌀밥","360kcal","","","2973.95kcal"
"2026-06-26(금)","바지락된장찌개(05)(06)(09)(16)(18)","57.07kcal","맑은콩나물국(05)(06)(16)","17.46kcal","들깨무채국(05)(08)(09)(17)(18)","54.86kcal","","","2973.95kcal"
"2026-06-26(금)","쇠고기고추장불고기(05)(06)(16)","306.59kcal","대패삼겹살&소시지구이(10)","628.6kcal","분홍소세지전(01)(05)(06)(12)","195.45kcal","","","2973.95kcal"
"2026-06-26(금)","진미채간장조림(05)(06)(17)","45kcal","모듬쌈(05)(06)","37.51kcal","닭고기고추장조림(05)(06)(15)","314.03kcal","","","2973.95kcal"
"2026-06-26(금)","가공우유(커피)(02)","185kcal","배추김치(09)","9.59kcal","배추김치(09)","9.59kcal","","","2973.95kcal"
"2026-06-26(금)","배추김치(09)","9.59kcal","수박","39.744kcal","","","","","2973.95kcal"
"2026-06-27(토)","마일드오믈렛(01)(02)(05)(06)(12)(15)(16)(18)","216kcal","스파게티(02)(05)(06)(10)(12)(15)(16)","790.32kcal","쌀밥","360kcal","","","3339.91kcal"
"2026-06-27(토)","시리얼(05)(06)","167.58kcal","사쪽마늘빵(01)(02)(05)(06)(13)","136kcal","순두부찌개(01)(05)(06)(10)(16)(18)","85.96kcal","","","3339.91kcal"
"2026-06-27(토)","우유(백색우유(200ML,연간))(02)","135kcal","바베큐폭립(05)(06)(10)(15)(16)","840kcal","돼지고기부추볶음(05)(06)(10)","196.01kcal","","","3339.91kcal"
"2026-06-27(토)","","","키위드레싱샐러드","45.24kcal","사각어묵조림(05)(06)(08)","132.61kcal","","","3339.91kcal"
"2026-06-27(토)","","","모듬피클(13)","36.8kcal","배추김치(09)","9.59kcal","","","3339.91kcal"
"2026-06-27(토)","","","청량음료, 코카콜라음료, 스프라이트, 250mL/캔","112kcal","바나나(육사)","76.8kcal","","","3339.91kcal"
"2026-06-28(일)","간장계란밥(01)(05)(06)","454.23kcal","쌀밥","360kcal","쌀밥","360kcal","","","3226.90kcal"
"2026-06-28(일)","쇠고기무국(05)(06)(08)(16)","60.11kcal","부대찌개(02)(05)(06)(09)(10)(12)(15)(16)(18)","206.55kcal","쇠고기육개장(01)(05)(06)(16)","116.88kcal","","","3226.90kcal"
"2026-06-28(일)","김자반","50kcal","쇠고기불고기(05)(06)(16)(18)","331.03kcal","안동찜닭(05)(06)(15)(16)","400.22kcal","","","3226.90kcal"
"2026-06-28(일)","떡갈비칠리조림(02)(05)(06)(10)(12)(15)(16)(18)","248.83kcal","김치만두찜(01)(02)(05)(06)(09)(10)(16)","265.05kcal","에그랑땡(01)(05)(06)(10)(12)","202.6kcal","","","3226.90kcal"
"2026-06-28(일)","배추김치(09)","9.59kcal","오이풋고추된장무침(05)","17.22kcal","배추김치(09)","9.59kcal","","","3226.90kcal"
"2026-06-28(일)","우유(백색우유(200ML,연간))(02)","135kcal","","","","","","","3226.90kcal"
"2026-06-29(월)","쇠고기죽(완)(02)(05)(06)(16)","530kcal","완두콩밥","372.5kcal","중화비빔밥(05)(06)(09)(10)(17)","609.75kcal","","","3266.65kcal"
"2026-06-29(월)","진미채고추장조림(05)(06)(17)","42kcal","쇠고기미역국(05)(06)(08)(09)(16)(17)(18)","35.55kcal","물만두국(01)(05)(06)(08)(09)(10)(16)(17)(18)","251.99kcal","","","3266.65kcal"
"2026-06-29(월)","무말랭이무침(13)","71.02kcal","춘천닭갈비(02)(05)(06)(15)(16)","414.51kcal","통새우짜조롤(05)(06)(09)(12)","371.5kcal","","","3266.65kcal"
"2026-06-29(월)","인절미오믈렛(01)(02)(04)(05)(06)","140kcal","계란말이(01)(05)(12)","186.95kcal","배추김치(09)","9.59kcal","","","3266.65kcal"
"2026-06-29(월)","우유(백색우유(200ML,연간))(02)","135kcal","무쌈샐러드(01)(02)(05)(13)","26.7kcal","","","","","3266.65kcal"
"2026-06-29(월)","","","배추김치(09)","9.59kcal","","","","","3266.65kcal"
"2026-06-29(월)","","","주스,카프리썬오렌지망고","60kcal","","","","","3266.65kcal"
"2026-06-30(화)","쌀밥","360kcal","쌀밥","360kcal","치즈김치주먹밥(완)(02)(05)(06)(09)(16)(18)","210kcal","","","3179.96kcal"
"2026-06-30(화)","얼큰어묵국(05)(08)(09)","79.86kcal","등뼈감자탕(05)(06)(09)(10)","347.99kcal","우동국물(01)(02)(05)(06)(09)","3.46kcal","","","3179.96kcal"
"2026-06-30(화)","돈육마늘간장볶음(05)(10)(12)","583.43kcal","두부강정(05)(06)(12)","232.85kcal","분모자떡볶이(02)(05)(06)(08)(16)","308.31kcal","","","3179.96kcal"
"2026-06-06(토)","시리얼(05)(06)","167.58kcal","닭다리살구이(02)(05)(06)(12)(15)(16)","612.5kcal","우동국물(01)(02)(05)(06)(09)","3.46kcal","","","3225.63kcal"
"2026-06-06(토)","우유(백색우유(200ML,연간))(02)","135kcal","옥수수콘스프(02)(05)(06)(15)(16)","99.4kcal","소떡소떡(05)(06)(10)(12)(15)(16)","282.1kcal","","","3225.63kcal"
"2026-06-06(토)","","","무피클","12.72kcal","알감자버터구이(02)(05)","209.3kcal","","","3225.63kcal"
"2026-06-06(토)","","","태극기마카롱(01)(02)","150kcal","배추김치(09)","9.59kcal","","","3225.63kcal"
"2026-06-06(토)","","","배추김치(09)","9.59kcal","대추방울토마토(12)","10.2kcal","","","3225.63kcal"
"2026-06-06(토)","","","청량음료, 롯데칠성음료, 펩시, 250mL/캔","110kcal","","","","","3225.63kcal"
"2026-06-07(일)","쌀밥(1/2)","180kcal","족발덮밥(01)(02)(05)(06)(10)(16)(18)","753.74kcal","쌀밥","360kcal","","","3285.36kcal"
"2026-06-07(일)","사골떡국(01)(05)(08)(09)(16)(17)(18)","334.26kcal","순두부찌개(01)(05)(06)(10)(16)(18)","85.96kcal","파송송계란국(01)(05)(06)(16)","117.18kcal","","","3285.36kcal"
"2026-06-07(일)","너비아니구이(05)(06)(10)(12)(15)(16)","324.87kcal","분홍소세지전(01)(05)(06)(12)","195.45kcal","볼어묵꽈리고추볶음(05)(06)(08)","125.82kcal","","","3285.36kcal"
"2026-06-07(일)","오이양파무침(05)(06)","13.99kcal","마늘쫑장아찌무침","35.4kcal","목살버섯두루치기(05)(06)(10)","481.72kcal","","","3285.36kcal"
"2026-06-07(일)","가공우유(초코)(02)","160kcal","배추김치(09)","9.59kcal","연유아이스베리(02)","88.2kcal","","","3285.36kcal"
"2026-06-07(일)","배추김치(09)","9.59kcal","","","배추김치(09)","9.59kcal","","","3285.36kcal"
"2026-06-08(월)","쌀밥","360kcal","쌀밥","360kcal","후리가케밥(01)(05)(06)","413.6kcal","","","3699.09kcal"
"2026-06-08(월)","쇠고기무국(05)(06)(08)(16)","60.11kcal","부산식돼지국밥(05)(06)(09)(10)","285.72kcal","미소된장국(05)","38.43kcal","","","3699.09kcal"
"2026-06-08(월)","밥싸먹는햄(01)(02)(05)(06)(15)(16)","138kcal","비빔만두(05)(06)(10)(16)","469.14kcal","허니간장누룽지치킨(05)(06)(15)(16)","681.3kcal","","","3699.09kcal"
"2026-06-08(월)","불고기오믈렛(완)(01)(02)(05)(06)(10)(12)(16)","187kcal","해물파전(완)(05)(06)(08)(09)(17)(18)","197.74kcal","치킨무(13)","5kcal","","","3699.09kcal"
"2026-06-08(월)","시리얼(05)(06)","167.58kcal","깍두기(완제품)(09)","15.2kcal","파인애플샐러드(05)","75.59kcal","","","3699.09kcal"
"2026-06-08(월)","배추김치(09)","9.59kcal","커피음료, 코카콜라음료, 조지아오리지널, 240mL/캔(02)","34kcal","사과에이드","56.5kcal","","","3699.09kcal"
"2026-06-08(월)","우유(백색우유(200ML,연간))(02)","135kcal","","","배추김치(09)","9.59kcal","","","3699.09kcal"
"2026-06-09(화)","쌀밥","360kcal","마크니커리(02)(05)(12)(15)","600.68kcal","쌀밥","360kcal","","","3270.11kcal"
"2026-06-09(화)","조갯살미역국(05)(06)(08)(09)(16)(17)(18)","13.27kcal","우동국물(01)(02)(05)(06)(09)","3.46kcal","돼지고기김치찌개(05)(06)(09)(10)(16)","97.27kcal","","","3270.11kcal"
"2026-06-09(화)","돼지불고기(05)(06)(10)(18)","422.57kcal","블랙타이거새우튀김(01)(05)(06)(09)(16)","599.1kcal","오징어치즈떡볶음(02)(05)(06)(17)","296.26kcal","","","3270.11kcal"
"2026-06-09(화)","간장깻잎지(05)(06)","8.07kcal","리코타치즈샐러드(02)(05)(06)(12)(18)","71.15kcal","계란찜(01)(09)","110.68kcal","","","3270.11kcal"
"2026-06-09(화)","배추김치(09)","9.59kcal","매실에이드","55kcal","시금치고추장무침(05)(06)","37.42kcal","","","3270.11kcal"
"2026-06-09(화)","우유(백색우유(200ML,연간))(02)","135kcal","갈릭버터난(02)(06)","81kcal","","","","","3270.11kcal"
"2026-06-09(화)","","","배추김치(09)","9.59kcal","","","","","3270.11kcal"
"2026-06-10(수)","불고기치아바타(완)(01)(02)(05)(06)(15)(16)(18)","476kcal","잡곡밥","358.25kcal","셀프주먹밥(01)(05)(13)","659.51kcal","","","3929.35kcal"
"2026-06-10(수)","양송이스프(02)(05)(06)(15)(16)","99.4kcal","올갱이해장국(05)","28.31kcal","얼큰어묵국(05)(08)(09)","79.86kcal","","","3929.35kcal"
"2026-06-10(수)","참치샐러드(01)(05)","306.72kcal","허니버터연근강정(02)(05)(06)","301.93kcal","바질크림떡볶이(02)(05)(06)(09)(10)(12)(15)(16)","297.1kcal","","","3929.35kcal"
"2026-06-10(수)","시리얼(05)(06)","167.58kcal","닭순살묵은지찜(05)(06)(09)(15)","244.78kcal","회오리핫도그(01)(02)(05)(06)(10)(12)(15)(16)","182.5kcal","","","3929.35kcal"
"2026-06-10(수)","모듬피클(13)","36.8kcal","무말랭이무침(13)","71.02kcal","배추김치(09)","9.59kcal","","","3929.35kcal"
"2026-06-10(수)","우유(백색우유(200ML,연간))(02)","135kcal","","","단무지(13)","5kcal","","","3929.35kcal"
"2026-06-10(수)","","","","","아이스크림, 떠먹는형(02)","470kcal","","","3929.35kcal"
"2026-06-11(목)","쌀밥","360kcal","흑미밥","343.87kcal","마제소바덮밥(01)(02)(04)(05)(06)(07)(10)(18)","599.27kcal","","","4184.84kcal"
"2026-06-11(목)","물만두국(01)(05)(06)(08)(09)(10)(16)(17)(18)","251.99kcal","맑은콩나물국(05)(06)(16)","17.46kcal","짬뽕찌개(05)(06)(08)(09)(10)(15)(16)(17)(18)","122.8kcal","","","4184.84kcal"
"2026-06-11(목)","닭불구이&고구마무스(01)(02)(05)(06)(10)(12)(15)(16)","415.85kcal","마늘보쌈(05)(06)(10)","1247.14kcal","유린기(02)(04)(05)(06)(09)(15)(16)(18)","430.21kcal","","","4184.84kcal"
"2026-06-11(목)","두부조림(05)(06)","96.29kcal","모듬쌈(05)(06)","37.51kcal","간장무채장아찌무침(05)(06)(08)(09)(18)","33.53kcal","","","4184.84kcal"
"2026-06-11(목)","배추김치(09)","9.59kcal","보쌈김치(09)(18)","35kcal","배추김치(09)","9.59kcal","","","4184.84kcal"
"2026-06-11(목)","우유(백색우유(200ML,연간))(02)","135kcal","수박","39.744kcal","","","","","4184.84kcal"
"2026-06-12(금)","쌀밥","360kcal","메밀소바(02)(03)(05)(06)","290.9kcal","쌀밥","360kcal","","","3054.05kcal"
"2026-06-12(금)","감자양파찌개(05)(06)(16)","48.94kcal","버터장조림주먹밥(01)(02)(05)(06)(15)(16)","210kcal","스팸짜글이(05)(06)(10)","181.01kcal","","","3054.05kcal"
"2026-06-12(금)","흑마늘돈육야채볶음(05)(06)(10)(18)","321.66kcal","멘츠카츠(01)(02)(05)(06)(10)(12)(16)","333.7kcal","안동찜닭(05)(06)(15)(16)","388.8kcal","","","3054.05kcal"
"2026-06-12(금)","명엽채고추장조림(05)(06)","112kcal","블루베리드레싱샐러드(01)(05)","47.68kcal","부추전(01)(05)(06)","224.59kcal","","","3054.05kcal"
"2026-06-12(금)","떠먹는발효유(02)","70kcal","배추김치(09)","9.59kcal","배추김치(09)","9.59kcal","","","3054.05kcal"
"2026-06-12(금)","배추김치(09)","9.59kcal","멜론","76kcal","","","","","3054.05kcal"
"2026-06-13(토)","불고기버거(01)(02)(05)(06)(10)(12)(15)(16)","519.6kcal","큐브스테이크(05)(06)(10)(12)(15)(16)","267.33kcal","쌀밥","360kcal","","","2472.84kcal"
"2026-06-13(토)","야채샐러드(01)(05)(12)","131.48kcal","치즈머핀(01)(02)(05)(06)","192kcal","조갯살미역국(05)(06)(08)(09)(16)(17)(18)","13.27kcal","","","2472.84kcal"
"2026-06-13(토)","시리얼(05)(06)","167.58kcal","청량음료, 롯데칠성음료, 펩시제로슈거라임향, 250mL/캔","0.2kcal","감자채볶음(05)(06)","47.66kcal","","","2472.84kcal"
"2026-06-13(토)","오이피클","43.74kcal","","","등갈비김치찜(05)(06)(09)(10)","545.93kcal","","","2472.84kcal"
"2026-06-13(토)","우유(백색우유(200ML,연간))(02)","135kcal","","","검은콩조림(05)(06)","49.05kcal","","","2472.84kcal"
"2026-06-14(일)","쌀밥","360kcal","쌀밥","360kcal","쌀밥","360kcal","","","3097.31kcal"
"2026-06-14(일)","시금치고추장찌개(05)(06)(16)","76.33kcal","파송송계란국(01)(05)(06)(16)","117.18kcal","두부된장찌개(05)(06)(18)","38.24kcal","","","3097.31kcal"
"2026-06-14(일)","비엔나소시지케찹볶음(05)(06)(10)(12)(15)(16)","256.34kcal","춘천닭갈비(02)(05)(06)(15)(16)","414.51kcal","쇠고기불고기(05)(06)(16)(18)","331.03kcal","","","3097.31kcal"
"2026-06-14(일)","계란찜(01)(09)","110.68kcal","콘치즈오븐구이(01)(02)(05)","383.32kcal","실곤약야채무침(05)(06)","89.91kcal","","","3097.31kcal"
"2026-06-14(일)","가공우유(바나나)(02)","165kcal","쌈무(13)","6kcal","배추김치(09)","9.59kcal","","","3097.31kcal"
"2026-06-14(일)","배추김치(09)","9.59kcal","배추김치(09)","9.59kcal","젤리류, (주문자상표부착)푸드머스, 비타민D가함유된석류코코푸딩, 55g","","","","3097.31kcal"
"2026-06-15(월)","모듬피클(13)","36.8kcal","흑미밥","343.87kcal","차슈덮밥(01)(05)(06)(10)(12)(16)(18)","1027.13kcal","","","4293.98kcal"
"2026-06-15(월)","갈릭스파게티샐러드(01)(02)(05)(06)(12)(15)(16)","1040kcal","들깨무채국(05)(08)(09)(17)(18)","54.86kcal","유부장국(05)(06)(16)","17.36kcal","","","4293.98kcal"
"2026-06-15(월)","콤비네이션피자(01)(02)(05)(06)(10)(12)(15)(16)","321kcal","고추튀김(05)(06)(10)(13)(16)","217.84kcal","타코야끼(01)(02)(05)(06)(07)(12)(18)","476.4kcal","","","4293.98kcal"
"2026-06-15(월)","사과팬케이크(01)(02)(06)","37.8kcal","해물찜(05)(06)(09)(16)(17)(18)","159.82kcal","매운락교무침","37.82kcal","","","4293.98kcal"
"2026-06-15(월)","시리얼(05)(06)","167.58kcal","배추김치(09)","9.59kcal","참깨드레싱샐러드(01)(05)(06)","151.11kcal","","","4293.98kcal"
"2026-06-15(월)","우유(백색우유(200ML,연간))(02)","135kcal","농심,카프리썬사과,200ml","60kcal","","","","","4293.98kcal"
"2026-06-16(화)","쌀밥","360kcal","검은콩밥(05)","372kcal","카레밥(06)(10)(16)","600kcal","","","3358.28kcal"
"2026-06-16(화)","물만두국(01)(05)(06)(08)(09)(10)(16)(17)(18)","251.99kcal","쇠고기미역국(05)(06)(08)(09)(16)(17)(18)","35.55kcal","돼지고기김치찌개(05)(06)(09)(10)(16)","97.27kcal","","","3358.28kcal"
"2026-06-16(화)","직불떡갈비조림(02)(05)(06)(10)(12)(15)(16)(18)","279.32kcal","돼지불고기(05)(06)(10)(18)","422.57kcal","참치야채볶음(05)(06)","214.58kcal","","","3358.28kcal"
"2026-06-16(화)","견과류멸치볶음(04)(05)(06)(14)","62.09kcal","오이풋고추&쌈장(05)(06)","48.84kcal","햄에그카츠(01)(05)(06)(10)(12)(18)","287.7kcal","","","3358.28kcal"
"2026-06-16(화)","배추김치(09)","9.59kcal","양배추쌈(05)(06)","36.79kcal","마늘쫑장아찌무침","35.4kcal","","","3358.28kcal"
"2026-06-16(화)","우유(백색우유(200ML,연간))(02)","135kcal","배추김치(09)","9.59kcal","망고바","100kcal","","","3358.28kcal"
"2026-06-17(수)","치즈브리또(01)(02)(05)(06)","210kcal","잡곡밥","358.25kcal","지코바치킨덮밥(05)(06)(12)(15)(16)(18)","653.84kcal","","","3117.90kcal"
"2026-06-17(수)","슈크림도넛(01)(02)(05)(06)","95kcal","꽃게탕(05)(06)(08)(09)(16)","62.62kcal","우동국물(01)(02)(05)(06)(09)","3.46kcal","","","3117.90kcal"
"2026-06-17(수)","딸기드레싱샐러드(01)(02)(05)","54.34kcal","베이컨감자전(05)(06)(10)","353.49kcal","단호박튀김(05)(06)","245.57kcal","","","3117.90kcal"
"2026-06-17(수)","시리얼(05)(06)","167.58kcal","쫄면야채무침(01)(05)(06)","467.85kcal","레몬에이드","50kcal","","","3117.90kcal"
"2026-06-17(수)","무피클","12.72kcal","배추김치(09)","9.59kcal","후르츠칵테일","39kcal","","","3117.90kcal"
"2026-06-17(수)","우유(백색우유(200ML,연간))(02)","135kcal","아이스샌드(02)","190kcal","배추김치(09)","9.59kcal","","","3117.90kcal"
"2026-06-18(목)","쌀밥","360kcal","쌀밥(1/2)","180kcal","고추참치덮밥(05)(06)","586.54kcal","","","3644.57kcal"
"2026-06-18(목)","감자양파찌개(05)(06)(16)","48.94kcal","들기름칼국수(02)(05)(06)(12)(16)","968.08kcal","미소된장국(05)","38.43kcal","","","3644.57kcal"
"2026-05-25(월)","두부조림(05)(06)","120.49kcal","양배추쌈(05)(06)","36.79kcal","배추김치(09)","9.59kcal","","","3033.84kcal"
"2026-05-25(월)","시리얼(05)(06)","167.58kcal","사과에이드","56.5kcal","단무지(13)","5kcal","","","3033.84kcal"
"2026-05-25(월)","배추김치(09)","9.59kcal","배추김치(09)","9.59kcal","","","","","3033.84kcal"
"2026-05-25(월)","우유(백색우유(200ML,연간))(02)","135kcal","","","","","","","3033.84kcal"
"2026-05-26(화)","쌀밥","360kcal","검은콩밥(05)","372kcal","후리가케밥(01)(05)(06)","428.9kcal","","","2774.37kcal"
"2026-05-26(화)","모듬어묵탕(02)(05)(06)(08)(16)","85.52kcal","꽃게탕(05)(06)(08)(09)(16)","68.39kcal","두부고추장찌개(05)(06)(08)(09)(10)(16)(17)(18)","70.91kcal","","","2774.37kcal"
"2026-05-26(화)","스팸구이&케찹(10)(12)","198.15kcal","야채고기말이(05)(06)(10)(12)(15)(16)(18)","237kcal","블랙치킨(01)(02)(05)(06)(15)","410.8kcal","","","2774.37kcal"
"2026-05-26(화)","진미채간장조림(05)(06)(17)","45kcal","도라지무침(05)(06)","42.79kcal","치킨무(13)","5kcal","","","2774.37kcal"
"2026-05-26(화)","떠먹는발효유(02)(11)","80kcal","딸기청","11.2kcal","황도샐러드(01)(02)(05)(11)","84.94kcal","","","2774.37kcal"
"2026-05-26(화)","배추김치(09)","9.59kcal","배추김치(09)","9.59kcal","배추김치(09)","9.59kcal","","","2774.37kcal"
"2026-05-26(화)","","","우유(백색우유(200ML,연간))(02)","135kcal","청량음료, 롯데칠성음료, 펩시, 250mL/캔","110kcal","","","2774.37kcal"
"2026-05-27(수)","도넛세트(01)(02)(04)(05)(06)","133kcal","쌀밥","360kcal","마제소바덮밥(01)(02)(04)(05)(06)(07)(10)(18)","641.42kcal","","","3817.02kcal"
"2026-05-27(수)","스크램블에그(01)(02)(05)(12)","266.2kcal","닭곰탕(05)(06)(08)(15)(16)","158.49kcal","우동국물(01)(02)(05)(06)(09)","15.16kcal","","","3817.02kcal"
"2026-05-27(수)","무피클","12.72kcal","비빔만두(05)(06)(10)(16)","620.19kcal","멘츠카츠(01)(02)(05)(06)(10)(12)(16)","482.2kcal","","","3817.02kcal"
"2026-05-27(수)","시리얼(05)(06)","167.58kcal","부추전(01)(05)(06)","325.49kcal","락교&산고추절임(13)","19.05kcal","","","3817.02kcal"
"2026-05-27(수)","단호박샐러드(01)(02)(05)","104kcal","오이풋고추&쌈장(05)(06)","48.84kcal","매실에이드","55kcal","","","3817.02kcal"
"2026-05-27(수)","우유(백색우유(200ML,연간))(02)","135kcal","오란다(06)","209.5kcal","배추김치(09)","9.59kcal","","","3817.02kcal"
"2026-05-27(수)","커피음료, 롯데칠성음료, 레쓰비카페타임라떼, 240mL/개","44kcal","배추김치(09)","9.59kcal","","","","","3817.02kcal"
"2026-05-28(목)","간장계란밥(01)(05)(06)","458.03kcal","들기름막국수(02)(03)(05)(06)","866.96kcal","쌀밥","360kcal","","","3751.91kcal"
"2026-05-28(목)","맑은쇠고기무국(05)(06)(08)(16)","40.52kcal","쌀밥(1/2)","180kcal","참치김치찌개(05)(09)","160.63kcal","","","3751.91kcal"
"2026-05-28(목)","감자채볶음(05)(06)","76.86kcal","족발(05)(06)(09)(10)","375.64kcal","새우볼치킨강정(05)(06)(09)(12)","461kcal","","","3751.91kcal"
"2026-05-28(목)","떡갈비칠리조림(01)(05)(06)(10)(12)(16)","236.33kcal","모듬쌈(05)(06)","37.51kcal","계란말이(01)(05)(12)","210.2kcal","","","3751.91kcal"
"2026-05-28(목)","깍두기(완제품)(09)","15.2kcal","명이나물절임(05)(06)(13)","34.5kcal","후르츠칵테일","39kcal","","","3751.91kcal"
"2026-05-28(목)","우유(백색우유(200ML,연간))(02)","135kcal","배추김치(09)","9.59kcal","깍두기(완제품)(09)","15.2kcal","","","3751.91kcal"
"2026-05-28(목)","","","수박","39.744kcal","","","","","3751.91kcal"
"2026-05-29(금)","쌀밥","360kcal","쌀밥","360kcal","쌀밥","360kcal","","","3690.07kcal"
"2026-05-29(금)","조갯살미역국(05)(06)(08)(09)(16)(17)(18)","15.82kcal","뼈없는감자탕(05)(06)(09)(10)","313.91kcal","스팸짜글이(05)(06)(10)","165.01kcal","","","3690.07kcal"
"2026-05-29(금)","쇠고기야채볶음(05)(06)(16)(18)","372.72kcal","고등어필렛튀김(05)(06)(07)","538.86kcal","안동찜닭(05)(06)(15)(16)","402.12kcal","","","3690.07kcal"
"2026-05-29(금)","에그랑땡(01)(05)(06)(10)(12)","372.1kcal","콩나물게맛살냉채(05)(06)(08)","62.12kcal","사각어묵조림(05)(06)(08)","137.06kcal","","","3690.07kcal"
"2026-05-29(금)","무말랭이무침(13)","73.57kcal","배추김치(09)","9.59kcal","배추김치(09)","9.59kcal","","","3690.07kcal"
"2026-05-29(금)","바나나(육사)","76.8kcal","참외","60.8kcal","","","","","3690.07kcal"
"2026-05-30(토)","잠봉뵈르샌드위치(01)(02)(05)(06)(10)(16)","511.05kcal","베이컨스크램블에그(01)(02)(05)(10)","146.52kcal","쌀밥","360kcal","","","2291.35kcal"
"2026-05-30(토)","야채스프(02)(05)(06)","26.9kcal","모듬피클(13)","36.8kcal","물만두국(01)(05)(06)(08)(09)(10)(15)(16)(17)(18)","202.52kcal","","","2291.35kcal"
"2026-05-30(토)","시저샐러드(01)(02)(05)(06)(16)","95.76kcal","갈배사이다 제로 355ml","0kcal","목살버섯두루치기(05)(06)(10)","518.01kcal","","","2291.35kcal"
"2026-05-30(토)","시리얼(05)(06)","167.58kcal","","","숙주나물무침(05)(08)(09)(17)(18)","21.62kcal","","","2291.35kcal"
"2026-05-30(토)","우유(백색우유(200ML,연간))(02)","135kcal","","","배추김치(09)","9.59kcal","","","2291.35kcal"
"2026-05-30(토)","","","","","두유음료, (주문자상표부착)매일유업, 매일두유초콜릿, 190mL","60kcal","","","2291.35kcal"
"2026-05-31(일)","장조림버터비빔밥(01)(02)(05)(06)(10)(15)(16)","702.56kcal","푸팟퐁커리(01)(02)(04)(05)(06)(08)(12)(15)(16)(18)","540.13kcal","떡갈비마요덮밥(01)(02)(05)(06)(10)(12)(13)(16)(18)","609.22kcal","","","3961.66kcal"
"2026-05-31(일)","쇠고기애호박찌개(05)(06)(16)","21.36kcal","우동국물(01)(02)(05)(06)(09)","15.16kcal","유부장국(05)(06)(16)","17.36kcal","","","3961.66kcal"
"2026-05-31(일)","견과류멸치볶음(04)(14)","62.09kcal","탄두리치킨(01)(02)(05)(06)(12)(13)(15)(16)","594.4kcal","소떡소떡(05)(06)(10)(12)(15)(16)","430.6kcal","","","3961.66kcal"
"2026-05-31(일)","마일드오믈렛(01)(02)(05)(06)(12)(15)(16)(18)","216kcal","자두에이드","56.5kcal","쫄면야채무침(01)(05)(06)","468.15kcal","","","3961.66kcal"
"2026-05-31(일)","배추김치(09)","9.59kcal","무피클","12.72kcal","배추김치(09)","9.59kcal","","","3961.66kcal"
"2026-05-31(일)","우유(백색우유(200ML,연간))(02)","135kcal","요거트드레싱샐러드(01)(02)(05)","51.64kcal","","","","","3961.66kcal"
"2026-05-31(일)","","","배추김치(09)","9.59kcal","","","","","3961.66kcal"
"","","","","","","","","",""
"","","","","","","","","",""
"","","","","","","","","",""
"","","","","","","","","",""
"","","","","","","","","",""
"","","","","","","","","",""
"","","","","","","","","",""
"","","","","","","","","",""
"","","","","","","","","",""
"2026-06-01(월)","에그마요모닝빵(01)(02)(05)(06)","462.9kcal","잡곡밥","358.25kcal","쌀밥","360kcal","","","3271.40kcal"
"2026-06-01(월)","후랑크소시지구이(02)(05)(06)(10)(16)","193.5kcal","새우완탕(01)(05)(06)(08)(09)(15)(17)(18)","201.18kcal","들깨무채국(05)(08)(09)(17)(18)","54.86kcal","","","3271.40kcal"
"2026-06-01(월)","시리얼(05)(06)","167.58kcal","깐풍기(완)(05)(06)(15)","470.58kcal","오리고추장주물럭(05)(06)","470.01kcal","","","3271.40kcal"
"2026-06-01(월)","단호박샐러드(01)(02)(05)","104kcal","조미김","5.25kcal","초당옥수수전(05)(06)","171.99kcal","","","3271.40kcal"
"2026-06-01(월)","오이피클","43.74kcal","단무지무침(05)(06)(13)","14.38kcal","망고큐브젤리(02)(05)","39kcal","","","3271.40kcal"
"2026-06-01(월)","우유(백색우유(200ML,연간))(02)","135kcal","배추김치(09)","9.59kcal","배추김치(09)","9.59kcal","","","3271.40kcal"
"2026-06-02(화)","쌀밥","360kcal","햄야채볶음밥(완)(01)(02)(05)(06)(10)(12)(15)(16)(18)","593.5kcal","쌀밥","360kcal","","","3427.66kcal"
"2026-06-02(화)","백짬뽕국(05)(06)(09)(10)(17)(18)","117.67kcal","양갈비스테이크(05)(06)(12)(13)(15)(16)(18)","557.95kcal","쇠고기미역국(05)(06)(08)(09)(16)(17)(18)","35.55kcal","","","3427.66kcal"
"2026-06-02(화)","돈육김치볶음(05)(09)(10)","212.45kcal","양송이스프(02)(05)(06)(15)(16)","99.4kcal","오징어볶음&소면(05)(06)(17)","325.7kcal","","","3427.66kcal"
"2026-06-02(화)","검은콩조림(05)(06)","49.05kcal","무피클","12.72kcal","산적구이(02)(05)(06)(10)(12)(15)(16)","306.78kcal","","","3427.66kcal"
"2026-06-02(화)","두부양념장(05)(06)","60.71kcal","감자크래커범벅(01)(02)(05)(06)(16)","102kcal","배추김치(09)","9.59kcal","","","3427.66kcal"
"2026-06-02(화)","가공우유(딸기)(02)","165kcal","배추김치(09)","9.59kcal","","","","","3427.66kcal"
"2026-06-02(화)","","","동아오츠카 나랑드사이다 180ml 캔","50kcal","","","","","3427.66kcal"
"2026-06-03(수)","야채스프(02)(05)(06)","26.9kcal","쌀밥","360kcal","쌀밥","360kcal","","","3394.41kcal"
"2026-06-03(수)","시리얼(05)(06)","167.58kcal","뼈없는감자탕(05)(06)(09)(10)","287.56kcal","얼큰수제비국(01)(05)(06)(08)(09)(16)(17)(18)","223.26kcal","","","3394.41kcal"
"2026-06-03(수)","시저샐러드(01)(02)(05)(06)(16)","95.76kcal","쇠고기고추장불고기(05)(06)(16)","306.59kcal","안동찜닭(05)(06)(15)(16)","400.22kcal","","","3394.41kcal"
"2026-06-03(수)","베이글샌드위치(01)(02)(05)(06)(08)(10)(15)(16)","511.68kcal","무쌈샐러드(01)(02)(05)(13)","26.7kcal","계란찜(01)(09)","110.68kcal","","","3394.41kcal"
"2026-06-03(수)","모듬피클(13)","36.8kcal","배추김치(09)","9.59kcal","자두에이드","56.5kcal","","","3394.41kcal"
"2026-06-03(수)","우유(백색우유(200ML,연간))(02)","135kcal","아이스크림 콘,완제품(02)(04)","270kcal","배추김치(09)","9.59kcal","","","3394.41kcal"
"2026-06-04(목)","쌀밥","360kcal","전주비빔밥(05)(06)(10)","517.19kcal","볼카츠덮밥(02)(05)(06)(10)(12)(13)","660.73kcal","","","2656.63kcal"
"2026-06-04(목)","순두부국(01)(05)(06)(16)","66.58kcal","두부된장찌개(05)(06)(18)","38.24kcal","돼지고기무찌개(05)(06)(08)(09)(10)(16)(17)(18)","47.77kcal","","","2656.63kcal"
"2026-06-04(목)","모듬햄볶음(02)(05)(06)(10)(15)(16)(18)","203.76kcal","메밀전병(01)(02)(03)(05)(06)(09)(10)(16)","274.55kcal","허니버터콘립(02)(05)","138.5kcal","","","2656.63kcal"
"2026-06-04(목)","감자채볶음(05)(06)","47.66kcal","계란후라이(완)(01)(05)","85.5kcal","단무지무침(05)(06)(13)","14.38kcal","","","2656.63kcal"
"2026-06-04(목)","배추김치(09)","9.59kcal","배추김치(09)","9.59kcal","배추김치(09)","9.59kcal","","","2656.63kcal"
"2026-06-04(목)","우유(백색우유(200ML,연간))(02)","135kcal","참외","38kcal","","","","","2656.63kcal"
"2026-06-05(금)","쌀밥","360kcal","쌀밥","360kcal","쌀밥","360kcal","","","3004.19kcal"
"2026-06-05(금)","조갯살미역국(05)(06)(08)(09)(16)(17)(18)","13.27kcal","콩나물냉국(05)(06)(08)(09)(16)(17)(18)","25.65kcal","유부장국(05)(06)(16)","17.36kcal","","","3004.19kcal"
"2026-06-05(금)","야채고기말이(05)(06)(10)(12)(15)(16)(18)","187.5kcal","주꾸미돈육볶음(05)(06)(10)","337.19kcal","계란볶이(01)(02)(05)(06)(16)","209.23kcal","","","3004.19kcal"
"2026-06-05(금)","두부조림(05)(06)","96.29kcal","단호박튀김(05)(06)","245.57kcal","팽이버섯소불고기(05)(06)(16)(18)","380.4kcal","","","3004.19kcal"
"2026-06-05(금)","무말랭이무침(13)","71.02kcal","양배추쌈(05)(06)","36.79kcal","배추김치(09)","9.59kcal","","","3004.19kcal"
"2026-06-05(금)","마시는발효유(02)(05)","55kcal","배추김치(09)","9.59kcal","아이스샌드(02)","190kcal","","","3004.19kcal"
"2026-06-05(금)","","","수박","39.744kcal","","","","","3004.19kcal"
"2026-06-06(토)","오렌지샐러드(05)(13)","50.4kcal","오므라이스(01)(02)(05)(06)(10)(12)(15)(16)(18)","661.52kcal","참치마요덮밥(01)(02)(05)(06)(12)(16)(18)","702.27kcal","","","3225.63kcal"
"2026-05-13(수)","베이글&크림치즈(02)(06)","580kcal","잡곡밥","358.25kcal","쌀밥","360kcal","","","3538.02kcal"
"2026-05-13(수)","청양고추소세지(05)(06)(10)(12)(15)(16)","259kcal","순두부찌개(01)(05)(06)(10)(16)(18)","85.7kcal","맑은쇠고기무국(05)(06)(08)(16)","40.52kcal","","","3538.02kcal"
"2026-05-13(수)","무피클","12.72kcal","허니버터연근강정(02)(05)(06)","450.43kcal","깻잎튀김(02)(05)(06)(10)(12)(16)","314.17kcal","","","3538.02kcal"
"2026-05-13(수)","고구마샐러드(01)(02)(05)","168.88kcal","조미김","5.25kcal","오징어야채무침(05)(06)(17)","215.52kcal","","","3538.02kcal"
"2026-05-13(수)","시리얼(05)(06)","167.58kcal","닭고기고추장조림(05)(06)(15)","365.82kcal","배추김치(09)","9.59kcal","","","3538.02kcal"
"2026-05-13(수)","우유(백색우유(200ML,연간))(02)","135kcal","배추김치(09)","9.59kcal","","","","","3538.02kcal"
"2026-05-14(목)","간장계란밥(01)(05)(06)","458.03kcal","감바스파스타(05)(06)(09)","807.15kcal","고추참치덮밥(05)(06)","527.16kcal","","","3201.74kcal"
"2026-05-14(목)","맑은콩나물국(05)(06)(16)","17.46kcal","돼지목살스테이크(01)(02)(05)(06)(08)(10)(16)","339.69kcal","유부장국(05)(06)(16)","17.36kcal","","","3201.74kcal"
"2026-05-14(목)","비엔나소시지야채볶음(05)(06)(10)(12)(15)(16)","278.53kcal","파인애플샐러드(05)","75.59kcal","고기만두찜(01)(05)(06)(10)(16)","401.28kcal","","","3201.74kcal"
"2026-05-14(목)","땅콩조림(완)(04)(05)(06)","28.96kcal","모듬피클(13)","36.8kcal","후르츠칵테일","39kcal","","","3201.74kcal"
"2026-05-14(목)","마시는발효유(02)(05)","45kcal","배추김치(09)","9.59kcal","깍두기(완제품)(09)","15.2kcal","","","3201.74kcal"
"2026-05-14(목)","깍두기(완제품)(09)","15.2kcal","동아오츠카 나랑드사이다 180ml 캔","50kcal","수박","39.744kcal","","","3201.74kcal"
"2026-05-15(금)","쌀밥","360kcal","낙지생채소비빔밥(05)(06)(17)","603.5kcal","쌀밥","360kcal","","","3191.69kcal"
"2026-05-15(금)","감자양파찌개(05)(06)(16)","48.94kcal","모듬어묵탕(02)(05)(06)(08)(16)","85.52kcal","닭곰탕(05)(06)(08)(15)(16)","158.49kcal","","","3191.69kcal"
"2026-05-15(금)","스팸구이&케찹(10)(12)","198.15kcal","견과류멸치볶음(04)(14)","62.09kcal","돼지불고기(05)(06)(10)(18)","474.62kcal","","","3191.69kcal"
"2026-05-15(금)","쥐포조림(05)(06)","51.81kcal","날치알계란찜(01)(09)","86.95kcal","치커리사과무침(05)(06)(18)","57.75kcal","","","3191.69kcal"
"2026-05-15(금)","배추김치(09)","9.59kcal","쌀핫도그(01)(02)(05)(06)(10)(12)(16)","419.3kcal","배추김치(09)","9.59kcal","","","3191.69kcal"
"2026-05-15(금)","우유(백색우유(200ML,연간))(02)","135kcal","배추김치(09)","9.59kcal","참외","60.8kcal","","","3191.69kcal"
"2026-05-16(토)","햄에그롤(01)(05)(06)(10)(12)(15)(16)","461kcal","바베큐폭립(05)(06)(10)(15)(16)","510kcal","쌀밥","360kcal","","","3030.14kcal"
"2026-05-16(토)","치킨파니니(01)(02)(05)(06)(12)(15)(16)","590kcal","모듬피클(13)","36.8kcal","부산식돼지국밥(05)(06)(09)(10)","297.72kcal","","","3030.14kcal"
"2026-05-16(토)","시리얼(05)(06)","167.58kcal","스포츠음료또는에너지음료, (주문자상표부착)코카콜라음료, 파워에이드마운틴블라스트, 340mL/캔(11)","11kcal","오징어김치전(05)(06)(09)(16)(17)","168.49kcal","","","3030.14kcal"
"2026-05-16(토)","타코샐러드(02)(05)(06)(12)(13)","190.5kcal","","","실곤약야채무침(05)(06)","92.46kcal","","","3030.14kcal"
"2026-05-16(토)","우유(백색우유(200ML,연간))(02)","135kcal","","","배추김치(09)","9.59kcal","","","3030.14kcal"
"2026-05-17(일)","쌀밥","360kcal","쌀밥","360kcal","쌀밥","360kcal","","","3388.44kcal"
"2026-05-17(일)","맑은쇠고기무국(05)(06)(08)(16)","40.52kcal","순두부국(01)(05)(06)(16)","66.32kcal","조갯살미역국(05)(06)(08)(09)(16)(17)(18)","15.82kcal","","","3388.44kcal"
"2026-05-17(일)","돈육김치볶음(05)(09)(10)","264.5kcal","춘천닭갈비(02)(05)(06)(10)(15)","533.26kcal","소불고기당면볶음(05)(06)(16)(18)","436.8kcal","","","3388.44kcal"
"2026-05-17(일)","베이컨감자채볶음(01)(05)(10)","139.86kcal","콘치즈오븐구이(01)(02)(05)","317.62kcal","짬뽕만두찜(05)(06)(09)(10)(16)(17)(18)","268.26kcal","","","3388.44kcal"
"2026-05-17(일)","궁채장아찌(05)(06)","9.3kcal","쌈무","12kcal","배추김치(09)","9.59kcal","","","3388.44kcal"
"2026-05-17(일)","가공우유(커피)(02)","185kcal","배추김치(09)","9.59kcal","","","","","3388.44kcal"
"2026-05-18(월)","불고기브리또(02)(05)(06)(15)(16)","315kcal","검은콩밥(05)","372kcal","돈부리덮밥(01)(02)(05)(06)(10)","624.2kcal","","","3596.07kcal"
"2026-05-18(월)","페퍼로니샐러드(01)(05)(06)(15)(16)","163.92kcal","돼지고기김치찌개(05)(06)(09)(10)(16)","122.37kcal","팽이버섯국(05)(06)(16)","30.59kcal","","","3596.07kcal"
"2026-05-18(월)","양송이스프(02)(05)(06)(15)(16)","99.4kcal","참돔순살튀김(01)(05)(06)(16)","324.39kcal","계란볶이(01)(02)(05)(06)(16)","219.53kcal","","","3596.07kcal"
"2026-05-18(월)","시리얼(05)(06)","167.58kcal","바싹불고기채소무침(02)(05)(06)(10)(12)(15)(16)(18)","504.36kcal","회오리감자(05)(06)","353.1kcal","","","3596.07kcal"
"2026-05-18(월)","무피클","12.72kcal","매실장아찌무침(05)","63.14kcal","무말랭이무침(13)","73.57kcal","","","3596.07kcal"
"2026-05-18(월)","우유(백색우유(200ML,연간))(02)","135kcal","","","깍두기(완제품)(09)","15.2kcal","","","3596.07kcal"
"2026-05-19(화)","쌀밥","360kcal","김치볶음밥(02)(05)(06)(09)(16)(18)","1137.28kcal","쌀밥","360kcal","","","4308.72kcal"
"2026-05-19(화)","모듬어묵탕(02)(05)(06)(08)(16)","85.52kcal","미소된장국(05)","38.43kcal","쇠고기곰탕(08)(16)","33.51kcal","","","4308.72kcal"
"2026-05-19(화)","직불떡갈비조림(02)(05)(06)(10)(12)(15)(16)(18)","358.56kcal","블랙통등심돈까스(05)(06)(10)(12)","758.5kcal","주꾸미돈육볶음(05)(06)(10)","376.05kcal","","","4308.72kcal"
"2026-05-19(화)","양념깻잎지무침(05)(06)(09)","57.5kcal","계란후라이(완)(01)(05)","85.5kcal","두부조림(05)(06)","120.49kcal","","","4308.72kcal"
"2026-05-19(화)","가공우유(딸기)(02)","165kcal","참깨드레싱샐러드(01)(05)(06)","151.11kcal","깻잎무쌈","5kcal","","","4308.72kcal"
"2026-05-19(화)","배추김치(09)","9.59kcal","아망추(11)","137.5kcal","짜먹는발효유(02)(12)","50kcal","","","4308.72kcal"
"2026-05-19(화)","","","배추김치(09)","9.59kcal","배추김치(09)","9.59kcal","","","4308.72kcal"
"2026-05-20(수)","햄에그야채토스트(01)(02)(05)(06)(10)(15)(16)(18)","384.21kcal","치자밥","360kcal","족발덮밥(01)(02)(05)(06)(10)(16)(18)","752.96kcal","","","3568.16kcal"
"2026-05-20(수)","베이컨구이(05)(06)(10)(12)(16)","175.35kcal","올갱이해장국(05)","28.31kcal","유부장국(05)(06)(16)","17.36kcal","","","3568.16kcal"
"2026-05-20(수)","단호박샐러드(01)(02)(05)","104kcal","안동찜닭(05)(06)(15)(16)","402.12kcal","쫄면야채무침(01)(05)(06)","468.15kcal","","","3568.16kcal"
"2026-05-20(수)","시리얼(05)(06)","167.58kcal","비엔나소시지떡강정(05)(06)(10)(12)(15)(16)","330.6kcal","배추김치(09)","9.59kcal","","","3568.16kcal"
"2026-05-20(수)","오이피클","43.74kcal","에그타르트(01)(06)","129.6kcal","동아오츠카 나랑드사이다 180ml 캔","50kcal","","","3568.16kcal"
"2026-05-20(수)","우유(백색우유(200ML,연간))(02)","135kcal","배추김치(09)","9.59kcal","","","","","3568.16kcal"
"2026-05-21(목)","쌀밥","360kcal","육전물냉면(01)(03)(05)(06)(10)(16)","361.82kcal","쌀밥","360kcal","","","3100.99kcal"
"2026-05-21(목)","백짬뽕국(05)(06)(09)(10)(17)(18)","117.67kcal","군만두(05)(06)(10)","260.48kcal","부대찌개(02)(05)(06)(09)(10)(12)(15)(16)(18)","362.05kcal","","","3100.99kcal"
"2026-05-21(목)","우삼겹숙주볶음(05)(06)(16)(18)","259.52kcal","무말랭이무침(13)","73.57kcal","김말이튀김(05)(06)(13)(16)","404.22kcal","","","3100.99kcal"
"2026-05-21(목)","감자고추장조림(05)(06)(16)","49.88kcal","배추김치(09)","9.59kcal","가쓰오계란말이(01)(05)(06)(07)(12)(16)(18)","188.85kcal","","","3100.99kcal"
"2026-05-21(목)","토핑형발효유(02)(05)(06)(10)","135kcal","수박","39.744kcal","연유아이스베리(02)","88.2kcal","","","3100.99kcal"
"2026-05-21(목)","깍두기(완제품)(09)","15.2kcal","","","깍두기(완제품)(09)","15.2kcal","","","3100.99kcal"
"2026-05-22(금)","장조림버터비빔밥(01)(02)(05)(06)(10)(15)(16)","702.56kcal","잡곡밥","358.25kcal","지코바치킨덮밥(05)(06)(12)(15)(16)(18)","700.4kcal","","","3495.07kcal"
"2026-05-22(금)","유부주머니어묵탕(05)(06)(08)(09)(10)(13)(16)(17)(18)","154.53kcal","맑은콩나물국(05)(06)(16)","17.46kcal","우동국물(01)(02)(05)(06)(09)","15.16kcal","","","3495.07kcal"
"2026-05-22(금)","떡갈비칠리조림(01)(05)(06)(10)(12)(16)","236.33kcal","마늘보쌈(05)(06)(10)","647.14kcal","베이컨떡말이(05)(06)(10)(12)","290.6kcal","","","3495.07kcal"
"2026-05-22(금)","배추김치(09)","9.59kcal","모듬쌈(05)(06)","37.51kcal","마카로니샐러드(01)(05)(06)(08)(12)","110.56kcal","","","3495.07kcal"
"2026-05-22(금)","우유(백색우유(200ML,연간))(02)","135kcal","배추김치(09)","9.59kcal","배추김치(09)","9.59kcal","","","3495.07kcal"
"2026-05-22(금)","","","참외","60.8kcal","","","","","3495.07kcal"
"2026-05-23(토)","페퍼로니치아바타(완)(01)(02)(05)(06)(10)(12)(15)(16)(18)","421kcal","큐브스테이크(05)(06)(10)(12)(15)(16)","316.83kcal","쌀밥","360kcal","","","2398.68kcal"
"2026-05-23(토)","스크램블에그(01)(02)(05)(12)","266.2kcal","모듬피클(13)","36.8kcal","쇠고기육개장(01)(05)(06)(16)","114.28kcal","","","2398.68kcal"
"2026-05-23(토)","시리얼(05)(06)","167.58kcal","청량음료, 롯데칠성음료, 펩시제로슈거라임향, 250mL/캔","0.2kcal","흑마늘돈육야채볶음(05)(06)(10)(18)","351.51kcal","","","2398.68kcal"
"2026-05-23(토)","리코타치즈샐러드(02)(05)(06)(12)(18)","71.15kcal","","","치즈말이어묵조림(01)(02)(05)(06)","148.54kcal","","","2398.68kcal"
"2026-05-23(토)","우유(백색우유(200ML,연간))(02)","135kcal","","","배추김치(09)","9.59kcal","","","2398.68kcal"
"2026-05-24(일)","쌀밥","360kcal","산채나물비빔밥(01)(05)(06)(08)(09)(10)(16)(17)(18)","578.64kcal","쌀밥","360kcal","","","3023.79kcal"
"2026-05-24(일)","전주식콩나물국(05)(09)(17)","109.25kcal","들깨무채국(05)(08)(09)(17)(18)","54.86kcal","쇠고기미역국(05)(06)(08)(09)(16)(17)(18)","15.7kcal","","","3023.79kcal"
"2026-05-24(일)","모듬햄볶음(02)(05)(06)(10)(15)(16)","413.26kcal","쇠고기불고기(05)(06)(16)(18)","341.23kcal","닭순살묵은지찜(05)(06)(09)(15)","244.26kcal","","","3023.79kcal"
"2026-05-24(일)","오징어젓무침(17)","67.86kcal","계란후라이(완)(01)(05)","85.5kcal","오미산적(01)(02)(05)(06)(08)(10)(12)(13)(16)","204.75kcal","","","3023.79kcal"
"2026-05-24(일)","가공우유(초코)(02)","160kcal","배추김치(09)","9.59kcal","궁채장아찌(05)(06)","9.3kcal","","","3023.79kcal"
"2026-05-24(일)","배추김치(09)","9.59kcal","","","젤리류, (주문자상표부착)푸드머스, 비타민D가함유된석류코코푸딩, 55g","","","","3023.79kcal"
"2026-05-25(월)","쌀밥","360kcal","쌀밥","360kcal","자장밥(01)(05)(06)(10)(16)(18)","650.12kcal","","","3033.84kcal"
"2026-05-25(월)","감자양파찌개(05)(06)(16)","48.94kcal","차돌된장찌개(05)(06)(16)","95.15kcal","파송송계란국(01)(05)(06)(16)","116.92kcal","","","3033.84kcal"
"2026-05-25(월)","밥싸먹는훈제오리(01)(02)(05)(06)(16)","175.75kcal","대패불고기(05)(06)(10)(18)","407.33kcal","김치만두찜(01)(02)(05)(06)(09)(10)(16)","269.5kcal","","","3033.84kcal"
"2026-05-05(화)","쌀밥","360kcal","오므라이스(01)(02)(05)(06)(10)(12)(15)(16)","821.78kcal","쌀밥","360kcal","","","3455.27kcal"
"2026-05-05(화)","쇠고기무국(05)(06)(08)(16)","37.45kcal","우동국물(01)(02)(05)(06)(09)","15.16kcal","모듬어묵탕(02)(05)(06)(08)(16)","85.52kcal","","","3455.27kcal"
"2026-05-05(화)","흑마늘돈육야채볶음(05)(06)(10)(18)","351.51kcal","바베큐폭립(05)(06)(10)(15)(16)","510kcal","쇠고기불고기(05)(06)(16)(18)","341.23kcal","","","3455.27kcal"
"2026-05-05(화)","마늘쫑장아찌무침","35.4kcal","망고샐러드(05)","103.41kcal","닭가슴살두부전(01)(02)(05)(06)(12)(15)(16)","183.24kcal","","","3455.27kcal"
"2026-05-05(화)","배추김치(09)","9.59kcal","모듬피클(13)","36.8kcal","배추김치(09)","9.59kcal","","","3455.27kcal"
"2026-05-05(화)","우유(백색우유(200ML,연간))(02)","135kcal","배추김치(09)","9.59kcal","","","","","3455.27kcal"
"2026-05-05(화)","","","동아오츠카 나랑드사이다 180ml 캔","50kcal","","","","","3455.27kcal"
"2026-05-06(수)","페퍼로니샐러드(01)(05)(06)(15)(16)","163.92kcal","흑미밥","343.87kcal","차슈덮밥(01)(02)(05)(06)(07)(10)(12)(16)(18)","988.14kcal","","","4203.18kcal"
"2026-05-06(수)","치킨브리또(02)(05)(06)(12)(15)(16)","315kcal","등뼈감자탕(05)(06)(09)(10)","384.84kcal","미소된장국(05)","38.43kcal","","","4203.18kcal"
"2026-05-06(수)","쇠고기스프(02)(05)(06)(16)(18)","71.65kcal","계란말이(01)(05)(12)","210.2kcal","오꼬노미야끼(01)(05)(06)(12)(16)(17)(18)","661.3kcal","","","4203.18kcal"
"2026-05-06(수)","무피클","12.72kcal","실곤약야채무침(05)(06)","92.46kcal","락교&산고추절임(13)","19.05kcal","","","4203.18kcal"
"2026-05-06(수)","시리얼(05)(06)","167.58kcal","오이풋고추&쌈장(05)(06)","48.84kcal","레몬에이드","50kcal","","","4203.18kcal"
"2026-05-06(수)","우유(백색우유(200ML,연간))(02)","135kcal","버터쿠키(01)(02)(06)","481kcal","배추김치(09)","9.59kcal","","","4203.18kcal"
"2026-05-06(수)","","","배추김치(09)","9.59kcal","","","","","4203.18kcal"
"2026-05-07(목)","쌀밥","360kcal","열무비빔국수(01)(05)(06)","475.61kcal","참치마요덮밥(01)(02)(05)(06)(12)(16)(18)","552kcal","","","2944.77kcal"
"2026-05-07(목)","샤브샤브국(02)(05)(06)(16)","52.5kcal","맑은콩나물국(05)(06)(16)","17.46kcal","감자양파찌개(05)(06)(16)","48.94kcal","","","2944.77kcal"
"2026-05-07(목)","비엔나소시지케찹볶음(05)(06)(10)(12)(15)(16)(18)","273.87kcal","연탄불고기(05)(06)(10)","338.87kcal","후라이드닭꼬치(01)(02)(05)(06)(12)(15)(16)","652kcal","","","2944.77kcal"
"2026-05-07(목)","검은콩조림(05)(06)","49.05kcal","깻잎무쌈","5kcal","딸기드레싱샐러드(01)(02)(05)(16)","42.54kcal","","","2944.77kcal"
"2026-05-07(목)","마시는발효유(02)(05)","45kcal","대추방울토마토(12)","12.75kcal","배추김치(09)","9.59kcal","","","2944.77kcal"
"2026-05-07(목)","배추김치(09)","9.59kcal","","","","","","","2944.77kcal"
"2026-05-08(금)","쌀밥","360kcal","고추잡채덮밥(05)(06)(10)","663.85kcal","쌀밥","360kcal","","","3786.10kcal"
"2026-05-08(금)","두부고추장찌개(05)(06)(08)(09)(10)(16)(17)(18)","70.91kcal","짬뽕찌개(05)(06)(08)(09)(10)(15)(16)(17)(18)","122.8kcal","쇠고기미역국(05)(06)(08)(09)(16)(17)(18)","15.7kcal","","","3786.10kcal"
"2026-05-08(금)","견과류멸치볶음(04)(14)","62.09kcal","멘보샤(01)(05)(06)(09)(17)","320.4kcal","춘천닭갈비(02)(05)(06)(10)(15)","533.26kcal","","","3786.10kcal"
"2026-05-08(금)","돈육마늘간장볶음(05)(10)(12)","782.93kcal","단무지(13)","5kcal","콘치즈오븐구이(01)(02)(05)","317.62kcal","","","3786.10kcal"
"2026-05-08(금)","배추김치(09)","9.59kcal","배추김치(09)","9.59kcal","배추김치(09)","9.59kcal","","","3786.10kcal"
"2026-05-08(금)","사과(후지)","31.9725kcal","상온주스, (주문자상표부착)푸드머스, 마시는샐러드오렌지, 100mL40포/상자","50kcal","참외","60.8kcal","","","3786.10kcal"
"2026-05-09(토)","불고기버거(01)(02)(05)(06)(10)(12)(15)(16)","414kcal","버팔로윙봉(02)(05)(06)(12)(15)(16)","401kcal","쌀밥","360kcal","","","2912.56kcal"
"2026-05-09(토)","야채샐러드(01)(05)(12)","32.93kcal","초코슈(01)(02)(05)(06)","375kcal","돼지찌개(05)(06)(08)(09)(10)(16)(17)(18)","149.03kcal","","","2912.56kcal"
"2026-05-09(토)","오이피클","43.74kcal","청량음료, 코카콜라음료, 스프라이트, 250mL/캔","112kcal","쇠고기숙주볶음(05)(06)(16)(18)","263.79kcal","","","2912.56kcal"
"2026-05-09(토)","시리얼(05)(06)","167.58kcal","","","에그랑땡(01)(05)(06)(10)(12)","372.1kcal","","","2912.56kcal"
"2026-05-09(토)","우유(백색우유(200ML,연간))(02)","135kcal","","","배추김치(09)","9.59kcal","","","2912.56kcal"
"2026-05-09(토)","","","","","바나나(육사)","76.8kcal","","","2912.56kcal"
"2026-05-10(일)","쌀밥","360kcal","쌀밥","360kcal","쌀밥","360kcal","","","3493.98kcal"
"2026-05-10(일)","물만두국(01)(05)(06)(08)(09)(10)(15)(16)(17)(18)","202.52kcal","맑은콩나물국(05)(06)(16)","17.46kcal","참치김치찌개(05)(09)","160.63kcal","","","3493.98kcal"
"2026-05-10(일)","닭불구이&고구마무스(01)(02)(05)(06)(10)(12)(15)(16)","440.6kcal","게맛살야채볶음(05)(06)(08)(16)","143.39kcal","고기말이폭찹(05)(06)(10)(12)(15)(16)(18)","223.27kcal","","","3493.98kcal"
"2026-05-10(일)","진미채고추장조림(05)(06)(17)","42kcal","제육볶음(05)(06)(10)(18)","727.36kcal","불고기오믈렛(완)(01)(02)(05)(06)(10)(12)(16)","187kcal","","","3493.98kcal"
"2026-05-10(일)","가공우유(쿠키앤크림)(02)","85kcal","쌈무","12kcal","무말랭이무침(13)","73.57kcal","","","3493.98kcal"
"2026-05-01(금)","돼지고기무찌개(05)(06)(08)(09)(10)(16)(17)(18)","47.77kcal","쇠고기육개장(01)(05)(06)(16)","114.28kcal","부대찌개(02)(05)(06)(09)(10)(12)(15)(16)(18)","362.05kcal","","","3057.16kcal"
"2026-05-01(금)","감자채볶음(05)(06)","76.86kcal","닭볶음탕(05)(06)(15)","301.44kcal","검은콩조림(05)(06)","49.05kcal","","","3057.16kcal"
"2026-05-01(금)","참치김치볶음(05)(06)(09)","192.73kcal","메추리알장조림(01)(05)(06)(16)","164.15kcal","에그랑땡(01)(05)(06)(10)(12)","372.1kcal","","","3057.16kcal"
"2026-05-01(금)","궁채장아찌(05)(06)","9.3kcal","매실에이드","55kcal","짜먹는발효유(02)(12)","50kcal","","","3057.16kcal"
"2026-05-01(금)","가공우유(딸기)(02)","165kcal","배추김치(09)","9.59kcal","배추김치(09)","9.59kcal","","","3057.16kcal"
"2026-05-02(토)","치킨타코(01)(02)(05)(06)(08)(10)(12)(13)(15)(16)","410.27kcal","큐브스테이크(05)(06)(10)(12)(15)(16)","316.83kcal","쌀밥","360kcal","","","2816.53kcal"
"2026-05-02(토)","스크램블에그(01)(02)(05)(12)","266.2kcal","모듬피클(13)","36.8kcal","파송송계란국(01)(05)(06)(16)","116.92kcal","","","2816.53kcal"
"2026-05-02(토)","옥수수콘스프(02)(05)(06)(15)(16)","99.4kcal","청량음료, 롯데칠성음료, 펩시, 250mL/캔","110kcal","쇠고기고추장불고기(05)(06)(16)","357.34kcal","","","2816.53kcal"
"2026-05-02(토)","시리얼(05)(06)","167.58kcal","","","소떡소떡(05)(06)(10)(12)(15)(16)","430.6kcal","","","2816.53kcal"
"2026-05-02(토)","우유(백색우유(200ML,연간))(02)","135kcal","","","배추김치(09)","9.59kcal","","","2816.53kcal"
"2026-05-03(일)","쌀밥","360kcal","후리가케밥(01)(05)(06)","428.9kcal","쌀밥","360kcal","","","3257.68kcal"
"2026-05-03(일)","유부주머니어묵탕(05)(06)(08)(09)(10)(13)(16)(17)(18)","154.53kcal","탄두리치킨(01)(02)(05)(06)(12)(13)(15)(16)","594.4kcal","순대국(02)(05)(06)(08)(09)(10)(12)(16)(17)(18)","345.19kcal","","","3257.68kcal"
"2026-05-03(일)","밥싸먹는햄(01)(02)(05)(06)(15)(16)","138kcal","양송이스프(02)(05)(06)(15)(16)","99.4kcal","진미채고추장조림(05)(06)(17)","42kcal","","","3257.68kcal"
"2026-05-03(일)","가공우유(바나나)(02)","165kcal","무쌈샐러드(01)(02)(05)(13)","29.7kcal","해물파전(완)(05)(06)(08)(09)(17)(18)","256.79kcal","","","3257.68kcal"
"2026-05-03(일)","마일드오믈렛(01)(02)(05)(06)(12)(15)(16)(18)","216kcal","배추김치(09)","9.59kcal","망고큐브젤리(02)(05)","39kcal","","","3257.68kcal"
"2026-05-03(일)","배추김치(09)","9.59kcal","","","배추김치(09)","9.59kcal","","","3257.68kcal"
"2026-05-04(월)","시리얼(05)(06)","167.58kcal","중화비빔밥(05)(06)(09)(10)(17)","636.4kcal","쌀밥","360kcal","","","3958.59kcal"
"2026-05-04(월)","참치샐러드(01)(05)","146.43kcal","물만두국(01)(05)(06)(08)(09)(10)(15)(16)(17)(18)","202.52kcal","스팸짜글이(05)(06)(10)","165.01kcal","","","3958.59kcal"
"2026-05-04(월)","크로크무슈(01)(02)(05)(06)(10)","369.6kcal","왕새우튀김(01)(05)(06)(09)(12)(16)","566.8kcal","야채춘권튀김(05)(06)(12)","494.75kcal","","","3958.59kcal"
"2026-05-04(월)","치즈어묵바(01)(02)(05)(06)","99.35kcal","계란후라이(완)(01)(05)","85.5kcal","안동찜닭(05)(06)(15)(16)","402.12kcal","","","3958.59kcal"
"2026-05-04(월)","오이피클","43.74kcal","자몽허니블랙티","54kcal","깍두기(완제품)(09)","15.2kcal","","","3958.59kcal"
"2026-05-04(월)","우유(백색우유(200ML,연간))(02)","135kcal","단무지(13)","5kcal","","","","","3958.59kcal"
"2026-05-04(월)","","","배추김치(09)","9.59kcal","","","","","3958.59kcal"
"2026-05-01(금)","쌀밥","360kcal","잡곡밥","358.25kcal","쌀밥","360kcal","","","3057.16kcal"
"2026-05-10(일)","배추김치(09)","9.59kcal","떠먹는발효유(02)(11)","80kcal","","","","","3493.98kcal"
"2026-05-10(일)","","","배추김치(09)","9.59kcal","","","","","3493.98kcal"
"2026-05-11(월)","쌀밥","360kcal","쌀밥","360kcal","불고기주먹밥(완)(05)(06)(10)(16)","2.55kcal","","","3752.50kcal"
"2026-05-11(월)","오징어무국(05)(06)(09)(16)(17)","114.25kcal","미나리곰탕(05)(06)(08)(16)","725.27kcal","국물떡볶이(01)(02)(05)(06)(08)(16)","371.87kcal","","","3752.50kcal"
"2026-05-11(월)","베이컨야채볶음(05)(06)(10)(12)(16)(18)","157.25kcal","명란떡갈비(05)(06)(10)(12)(13)(15)(16)(18)","489.3kcal","닭똥집튀김(01)(02)(05)(06)(12)(15)(16)","389.3kcal","","","3752.50kcal"
"2026-05-11(월)","간장깻잎지(05)(06)","8.07kcal","애호박전(완)(01)(05)(06)","262.4kcal","감자크래커범벅(01)(02)(05)(06)(16)","102kcal","","","3752.50kcal"
"2026-05-11(월)","시리얼(05)(06)","167.58kcal","야채스틱(05)(06)","34.08kcal","배추김치(09)","9.59kcal","","","3752.50kcal"
"2026-05-11(월)","배추김치(09)","9.59kcal","깍두기(완제품)(09)","15.2kcal","단무지(13)","5kcal","","","3752.50kcal"
"2026-05-11(월)","우유(백색우유(200ML,연간))(02)","135kcal","커피음료, 코카콜라음료, 조지아오리지널, 240mL/캔","34kcal","청량음료, 롯데칠성음료, 펩시제로슈거라임향, 250mL/캔","0.2kcal","","","3752.50kcal"
"2026-05-12(화)","쌀밥","360kcal","옥수수밥","398.4kcal","카레밥(06)(10)(16)","600kcal","","","3175.84kcal"
"2026-05-12(화)","조갯살미역국(05)(06)(08)(09)(16)(17)(18)","15.82kcal","버섯된장찌개(05)(06)(09)","54.99kcal","우동국물(01)(02)(05)(06)(09)","15.16kcal","","","3175.84kcal"
"2026-05-12(화)","돈육김치볶음(05)(09)(10)","264.5kcal","돼지갈비찜(05)(06)(10)(18)","455.68kcal","햄에그카츠(01)(05)(06)(10)(12)","436.2kcal","","","3175.84kcal"
"2026-05-12(화)","계란장조림(01)(05)(06)(16)","218.04kcal","두부조림(05)(06)","120.49kcal","만다린샐러드(01)(02)(05)","82.38kcal","","","3175.84kcal"
"2026-05-12(화)","스틱김자반","0kcal","배추김치(09)","9.59kcal","배추김치(09)","9.59kcal","","","3175.84kcal"
"2026-05-12(화)","우유(백색우유(200ML,연간))(02)","135kcal","(주문자상표부착)씨제이프레시웨이, 과채농장배도라지, 100mL","","","","","","3175.84kcal"
