날짜,조식,조식열량,중식,중식열량,석식,석식열량,증특식,증특식열량,열량합계
"2025-03-23(일)","돼지불고기(05)(10)","334.85kcal","왕교자만두찜(02)(05)(06)(08)(10)(15)(16)(18)","294kcal","닭순살야채조림(15)","247.37kcal","","","2828.77kcal"
"2025-03-23(일)","부추양파무침","6.74kcal","풋고추된장무침(05)(06)","30.57kcal","무생채","15.15kcal","","","2828.77kcal"
"2025-03-23(일)","배추김치","0kcal","토핑형발효유(02)(06)","165kcal","배추김치(수의계약)","15kcal","","","2828.77kcal"
"2025-03-23(일)","","","깍두기(완제품)","0kcal","","","","","2828.77kcal"
"2025-03-24(월)","밥","366.5kcal","찹쌀밥","386.5kcal","밥","366.5kcal","","","3072.88kcal"
"2025-03-25(월)","쇠고기육개장(05)(06)(16)","67.47kcal","김치찌개(05)(09)(10)","133.01kcal","감자국(05)(06)(16)","44.31kcal","","","3072.88kcal"
"2025-03-26(월)","애호박나물(05)(09)","43.78kcal","돼지삼겹야채볶음(10)","416.19kcal","닭순살치킨가스(01)(05)(06)(10)(12)(15)(16)","559kcal","","","3072.88kcal"
"2025-03-27(월)","김자반","88.4kcal","상추겉절이","12.81kcal","복숭아주스(11)","81kcal","","","3072.88kcal"
"2025-03-28(월)","계란말이(완)(01)(05)","55kcal","깍두기(수의)(09)","22.8kcal","참치샐러드","349.61kcal","","","3072.88kcal"
"2025-03-29(월)","백색우유(02)","65kcal","","","배추김치(수의계약)","15kcal","","","3072.88kcal"
"2025-03-30(월)","배추김치","0kcal","","","","","","","3072.88kcal"
"2025-03-25(화)","밥","366.5kcal","밥","366.5kcal","밥","366.5kcal","","","3139.95kcal"
"2025-03-25(화)","황태해장국(완)(05)","18.58kcal","계란국(01)(09)(16)","55.37kcal","부대찌개(02)(05)(06)(10)(15)(16)(18)","176.17kcal","","","3139.95kcal"
"2025-03-25(화)","돼지고기육전(01)(05)(06)(10)","138.63kcal","버섯잡채(05)(06)","114.09kcal","닭고기튀김양념(05)(06)(15)","900.49kcal","","","3139.95kcal"
"2025-03-25(화)","무나물","22.09kcal","낙지삼겹살새우볶음(05)(09)(10)(17)","519.46kcal","낙지젓무침(17)","33.57kcal","","","3139.95kcal"
"2025-03-25(화)","배추김치","0kcal","짜먹는발효유","0kcal","무&비트피클(완)","30kcal","","","3139.95kcal"
"2025-03-25(화)","","","배추김치(수의계약)","15kcal","대추방울토마토(12)","17kcal","","","3139.95kcal"
"2025-03-25(화)","","","","","배추김치","0kcal","","","3139.95kcal"
"2025-03-26(수)","참치오믈렛(01)","325kcal","밥","366.5kcal","밥","366.5kcal","","","2855.01kcal"
"2025-03-26(수)","밥","366.5kcal","쇠고기탕국(05)(06)(09)(16)","64.48kcal","두부된장찌개(05)(09)","113.66kcal","","","2855.01kcal"
"2025-03-26(수)","김치콩나물국(05)(06)(16)","25.38kcal","훈제오리볶음(01)(05)(06)(18)","507.52kcal","임연수어순살구이(05)","193.35kcal","","","2855.01kcal"
"2025-03-26(수)","달콤돼지고기볶음(10)","317.93kcal","부추겉절이","14.3kcal","오이무침(05)","22.09kcal","","","2855.01kcal"
"2025-03-26(수)","깍두기(완제품)","0kcal","무쌈","40kcal","이온음료","88.8kcal","","","2855.01kcal"
"2025-03-26(수)","","","배추김치","0kcal","김","28kcal","","","2855.01kcal"
"2025-03-26(수)","","","","","배추김치(수의계약)","15kcal","","","2855.01kcal"
"2025-03-27(목)","밥","366.5kcal","검은콩밥","387.15kcal","밥","366.5kcal","","","3370.80kcal"
"2025-03-27(목)","황태채국(01)(05)(06)(16)","78.72kcal","닭고기육개장(05)(06)(15)(16)","66.4kcal","짬뽕순두부(01)(05)(06)(09)(10)(17)(18)","163.26kcal","","","3370.80kcal"
"2025-03-27(목)","비엔나소시지케찹볶음(02)(05)(06)(10)(12)(16)(18)","379.15kcal","마파두부(05)(06)(10)(15)(18)","260.43kcal","돈가스(02)(05)(06)(10)(12)(16)(18)","688.39kcal","","","3370.80kcal"
"2025-03-27(목)","메추리알장조림(완)(01)(05)(06)","155kcal","느타리버섯볶음(05)","37.98kcal","사과(후지)","55.42kcal","","","3370.80kcal"
"2025-03-27(목)","짜먹는발효유","0kcal","두유","250kcal","오이피클","72.9kcal","","","3370.80kcal"
"2025-03-27(목)","김","28kcal","열무김치","0kcal","배추김치(수의계약)","15kcal","","","3370.80kcal"
"2025-03-27(목)","배추김치","0kcal","","","","","","","3370.80kcal"
"2025-03-28(금)","밥","366.5kcal","밥","366.5kcal","밥","366.5kcal","","","3464.81kcal"
"2025-03-28(금)","달래된장국(05)(06)","34.61kcal","우거지갈비탕(02)(05)(06)(10)(16)(18)","672.51kcal","꼬리곰탕(05)(06)(09)","401.06kcal","","","3464.81kcal"
"2025-03-28(금)","쇠고기감자조림(05)(16)","287.22kcal","감자채볶음(05)(10)","118.69kcal","돼지고기고추장볶음(05)(10)","382.59kcal","","","3464.81kcal"
"2025-03-28(금)","콩나물무침(05)","24.48kcal","어묵볶음(05)(06)","266.86kcal","계란찜(09)","3.89kcal","","","3464.81kcal"
"2025-03-28(금)","백색우유(02)","65kcal","마시는발효유(02)","70.6kcal","깍두기(수의)(09)","22.8kcal","","","3464.81kcal"
"2025-03-28(금)","열무김치","0kcal","배추김치(수의계약)","15kcal","","","","","3464.81kcal"
"2025-03-29(토)","불고기버거(01)(02)(05)(06)(10)(12)(16)","360.16kcal","밥","366.5kcal","쇠고기덮밥(05)(16)","561.94kcal","","","2783.53kcal"
"2025-03-29(토)","계란후라이(완제품)(01)(02)(06)(10)","102.5kcal","얼갈이된장국(05)(06)","32.25kcal","콩나물매운무침(05)","24.53kcal","","","2783.53kcal"
"2025-03-29(토)","백색우유(02)","65kcal","오삼불고기(05)(10)(17)","558.45kcal","가공우유(쿠키앤크림)(02)","185kcal","","","2783.53kcal"
"2025-03-29(토)","시리얼(2)(05)","258kcal","닭꼬치(완)(05)(15)","246.4kcal","열무김치","0kcal","","","2783.53kcal"
"2025-03-29(토)","","","짜먹는발효유","0kcal","","","","","2783.53kcal"
"2025-03-29(토)","","","깍두기(수의)(09)","22.8kcal","","","","","2783.53kcal"
"2025-03-30(일)","밥","366.5kcal","밥","366.5kcal","밥","366.5kcal","","","2902.05kcal"
"2025-03-30(일)","콩나물김치국(05)(06)(16)","25.38kcal","계란국(01)(09)(16)","55.37kcal","호박된장찌개(05)(06)(09)","96.26kcal","","","2902.05kcal"
"2025-03-30(일)","미트볼조림(01)(02)(05)(06)(10)(12)(15)(16)","371.74kcal","감자채볶음(05)(10)","118.69kcal","닭강정(01)(02)(05)(06)(15)","430kcal","","","2902.05kcal"
"2025-03-30(일)","오이무침(05)","22.09kcal","돼지고기자장볶음(05)(10)","423.72kcal","부추겉절이","14.3kcal","","","2902.05kcal"
"2025-03-30(일)","백색우유(02)","65kcal","배추김치","0kcal","토핑형발효유(02)(06)","165kcal","","","2902.05kcal"
"2025-03-30(일)","깍두기(완제품)","0kcal","","","배추김치(수의계약)","15kcal","","","2902.05kcal"
"2025-03-31(월)","밥","366.5kcal","밥","366.5kcal","밥","366.5kcal","","","3169.45kcal"
"2025-03-31(월)","햄감자찌개(05)(10)(16)","162.15kcal","맑은홍합탕(얼큰홍합탕)(05)(06)(09)(17)(18)","85.84kcal","사골우거지국(02)(05)(06)(16)(18)","164.58kcal","","","3169.45kcal"
"2025-03-31(월)","오삼불고기(05)(10)(17)","558.45kcal","닭고기야채조림(05)(15)","349.57kcal","깐쇼새우(05)(06)(09)(12)(16)","547.13kcal","","","3169.45kcal"
"2025-03-31(월)","상추겉절이","12.81kcal","무생채","15.15kcal","마시는발효유(02)","70.6kcal","","","3169.45kcal"
"2025-03-31(월)","백색우유(02)","65kcal","배추김치","0kcal","양배추샐러드(01)(05)(06)(12)(16)(18)","23.67kcal","","","3169.45kcal"
"2025-03-31(월)","열무김치","0kcal","","","배추김치(수의계약)","15kcal","","","3169.45kcal"
"2025-04-01(화)","밥","371.74kcal","현미밥","389.89kcal","불닭덮밥(02)(05)(06)(12)(15)(16)(18)","671.62kcal","","","2493.96kcal"
"2025-04-01(화)","감자국(05)(06)(16)","44.31kcal","참치김치찌개(05)(09)","100kcal","황태채국(01)(05)(06)(16)","78.72kcal","","","2493.96kcal"
"2025-04-01(화)","쇠고기불고기(05)(16)","278.95kcal","새송이버섯야채볶음(05)(06)(10)(18)","77.79kcal","꽈리고추멸치볶음(05)","88.26kcal","","","2493.96kcal"
"2025-04-01(화)","콩나물매운무침(05)","24.53kcal","비엔나메추리알조림(01)(02)(05)(06)(10)(15)(16)(18)","353.15kcal","배추김치","0kcal","","","2493.96kcal"
"2025-04-01(화)","배추김치(수의계약)","15kcal","깍두기(완제품)","0kcal","","","","","2493.96kcal"
"2025-04-02(수)","밥","371.74kcal","밥","371.74kcal","잡곡밥","420.74kcal","","","2661.76kcal"
"2025-04-02(수)","순두부해물찌개(05)(06)(09)(17)(18)","82.21kcal","차돌박이된장찌개(05)(06)(16)","151.98kcal","감자고추장찌개(05)(06)(16)","96.08kcal","","","2661.76kcal"
"2025-04-02(수)","호박새우볶음(05)(09)","44.23kcal","돼지고기청경채볶음(05)(06)(10)(18)","399.57kcal","닭순살치킨가스(01)(05)(06)(10)(12)(15)(16)","587.8kcal","","","2661.76kcal"
"2025-04-02(수)","무나물","22.09kcal","시금치무침","26.84kcal","부추양파무침","6.74kcal","","","2661.76kcal"
"2025-04-02(수)","백색우유(02)","65kcal","배추김치","0kcal","열무김치","0kcal","","","2661.76kcal"
"2025-04-02(수)","배추김치(수의계약)","15kcal","","","","","","","2661.76kcal"
"2025-04-03(목)","밥","371.74kcal","밥","371.74kcal","찹쌀밥","391.74kcal","","","2760.92kcal"
"2025-04-03(목)","닭고기미역국(05)(06)(15)(16)","63.57kcal","쇠고기탕국(05)(06)(09)(16)","95.38kcal","어묵탕(05)(06)","101.41kcal","","","2760.92kcal"
"2025-04-03(목)","느타리버섯볶음(05)","37.98kcal","가지볶음(05)","48.23kcal","무생채","15.15kcal","","","2760.92kcal"
"2025-04-03(목)","돼지고기부추볶음(05)(06)(10)(18)","403.93kcal","닭순살김치볶음(05)(15)","409.6kcal","모듬쌈(05)(06)","28.45kcal","","","2760.92kcal"
"2025-04-03(목)","배추김치(수의계약)","15kcal","배추김치","0kcal","냉채족발(02)(05)(06)(10)(16)","407kcal","","","2760.92kcal"
"2025-04-03(목)","","","","","보쌈김치","0kcal","","","2760.92kcal"
"2025-04-04(금)","밥","371.74kcal","밥","371.74kcal","밥","371.74kcal","","","2453.98kcal"
"2025-04-04(금)","얼큰쇠고기무국(05)(06)(16)","90.94kcal","콩나물무채국(05)(06)","29.72kcal","근대된장국(05)(06)","34.25kcal","","","2453.98kcal"
"2025-04-04(금)","계란말이(완)(01)(05)","55kcal","돼지불고기(05)(10)","393.65kcal","마늘종볶음(05)(06)(09)(18)","39.63kcal","","","2453.98kcal"
"2025-04-04(금)","백색우유(02)","65kcal","풋고추된장무침(05)(06)","30.57kcal","김자반","88.4kcal","","","2453.98kcal"
"2025-04-04(금)","연두부&양념장(05)","70.66kcal","배추김치","0kcal","닭고기야채조림(05)(15)","370.52kcal","","","2453.98kcal"
"2025-04-04(금)","배추김치","0kcal","","","사과(후지)","55.42kcal","","","2453.98kcal"
"2025-04-04(금)","","","","","배추김치(수의계약)","15kcal","","","2453.98kcal"
"2025-04-05(토)","햄치즈버거(01)(02)(05)(06)(10)(12)(15)(16)","618.6kcal","밥","371.74kcal","오징어덮밥(05)(17)","656.06kcal","","","2991.93kcal"
"2025-04-05(토)","계란후라이(완제품)(01)(02)(06)(10)","102.5kcal","사골곰탕(05)(06)","210.29kcal","동그랑땡(02)(05)(06)(10)(16)","246.25kcal","","","2991.93kcal"
"2025-04-05(토)","백색우유(02)","65kcal","고기만두찜","400.4kcal","열무김치","0kcal","","","2991.93kcal"
"2025-04-05(토)","가공우유(바나나맛)(02)","82.5kcal","오징어젓무침(17)","60.72kcal","","","","","2991.93kcal"
"2025-04-05(토)","양배추샐러드(01)(05)(06)(12)(16)(18)","23.67kcal","깍두기(완제품)","0kcal","","","","","2991.93kcal"
"2025-04-05(토)","시리얼(3)","154.2kcal","","","","","","","2991.93kcal"
"2025-04-06(일)","밥","371.74kcal","밥","371.74kcal","밥","371.74kcal","","","2381.42kcal"
"2025-04-06(일)","얼갈이된장국(05)(06)","32.25kcal","콩나물국(05)(06)(16)","29.85kcal","사골미역국(16)","65.26kcal","","","2381.42kcal"
"2025-04-06(일)","새송이버섯야채볶음(05)(06)(10)(18)","77.79kcal","간장돼지불고기(완제품)(05)","308.67kcal","닭고기야채조림(05)(15)","370.52kcal","","","2381.42kcal"
"2025-03-09(일)","소고기꽈리고추조림(05)(16)","304.26kcal","간장돼지불고기(완제품)(05)","308.67kcal","주꾸미볶음(05)","180.26kcal","","","2305.58kcal"
"2025-03-09(일)","부추겉절이","14.3kcal","오이무침(05)","22.09kcal","파채무침(05)(06)","38.58kcal","","","2305.58kcal"
"2025-03-09(일)","백색우유(02)","65kcal","이온음료","88.8kcal","배추김치","0kcal","","","2305.58kcal"
"2025-03-09(일)","배추김치","0kcal","배추김치(수의계약)","15kcal","","","","","2305.58kcal"
"2025-03-10(월)","밥","366.5kcal","밀쌀밥","366.96kcal","찹쌀밥","386.5kcal","","","2947.77kcal"
"2025-03-10(월)","근대된장국(05)(06)","34.25kcal","감자고추장찌개(05)(06)(16)","96.08kcal","마라탕(09)(16)","56.83kcal","","","2947.77kcal"
"2025-03-10(월)","치즈함박스테이크(01)(02)(05)(06)(10)(12)(15)(16)","339.8kcal","김자반","88.4kcal","갑오징어튀김(05)(06)(17)","614.6kcal","","","2947.77kcal"
"2025-03-10(월)","연두부&양념장(05)","70.66kcal","닭바베큐소스조림(05)(15)","358.23kcal","양배추샐러드(01)(05)(06)(12)(16)(18)","23.67kcal","","","2947.77kcal"
"2025-03-10(월)","열무김치","0kcal","무나물","22.09kcal","딸기","43.2kcal","","","2947.77kcal"
"2025-03-10(월)","","","백색우유(02)","65kcal","배추김치","0kcal","","","2947.77kcal"
"2025-03-10(월)","","","배추김치(수의계약)","15kcal","","","","","2947.77kcal"
"2025-03-11(화)","밥","366.5kcal","밥","366.5kcal","밥","366.5kcal","","","2952.97kcal"
"2025-03-11(화)","황태채국(01)(05)(06)(16)","78.72kcal","순두부백탕(05)(06)(09)(17)(18)","75.63kcal","감자국(05)(06)(16)","44.31kcal","","","2952.97kcal"
"2025-03-11(화)","비엔나소시지케찹볶음(02)(05)(06)(10)(12)(16)(18)","379.15kcal","돼지불고기(05)(10)","334.85kcal","닭볶음탕(05)(15)","457.51kcal","","","2952.97kcal"
"2025-03-11(화)","계란장조림","251.6kcal","풋고추된장무침(05)(06)","30.57kcal","콩나물매운무침(05)","24.53kcal","","","2952.97kcal"
"2025-03-11(화)","백색우유(02)","65kcal","깍두기(수의)(09)","22.8kcal","이온음료","88.8kcal","","","2952.97kcal"
"2025-03-11(화)","배추김치","0kcal","","","배추김치","0kcal","","","2952.97kcal"
"2025-03-12(수)","밥","366.5kcal","밥","366.5kcal","새우튀김덮밥(에비동)(05)(06)(09)(18)","787.76kcal","","","2735.82kcal"
"2025-03-12(수)","어묵탕(05)(06)","101.41kcal","돼지고기애호박찌개(05)(06)(10)","148.87kcal","미소장국","59.77kcal","","","2735.82kcal"
"2025-03-12(수)","마파두부(05)(06)(10)(15)(18)","260.43kcal","김말이튀김(05)","271.74kcal","닭꼬치(완)(05)(15)","246.4kcal","","","2735.82kcal"
"2025-03-12(수)","무생채","15.15kcal","오이부추무침(05)","15.44kcal","꼬들단무지(13)","10.25kcal","","","2735.82kcal"
"2025-03-12(수)","배추김치","0kcal","배추김치(수의계약)","15kcal","마시는발효유(02)","70.6kcal","","","2735.82kcal"
"2025-03-12(수)","","","","","케이크또는파이또는패스트리, (주문자상표부착)에스피씨삼립, 초코티라미스케익, 60g","","","","2735.82kcal"
"2025-03-12(수)","","","","","케이크또는파이또는패스트리, 참조은에스에프, 쿠키앤크림스틱치즈케익, 400g(50g8개)상자","","","","2735.82kcal"
"2025-03-13(목)","밥","366.5kcal","잡곡밥","414.04kcal","밥","366.5kcal","","","2714.02kcal"
"2025-03-13(목)","햄감자찌개(05)(10)(16)","162.15kcal","얼큰수제비국(05)(06)(16)","128.94kcal","김치콩나물국(05)(06)(16)","25.38kcal","","","2714.02kcal"
"2025-03-13(목)","언양식바싹불고기(01)(02)(05)(06)(10)(12)(15)(16)","340.5kcal","닭순살야채조림(15)","247.37kcal","고추잡채(05)(06)(10)(18)","391.48kcal","","","2714.02kcal"
"2025-03-13(목)","상추겉절이","12.81kcal","시금치무침","26.84kcal","청포묵무침(05)","51.51kcal","","","2714.02kcal"
"2025-03-13(목)","배추김치","0kcal","짜먹는발효유","0kcal","토핑형발효유(02)(06)","165kcal","","","2714.02kcal"
"2025-03-13(목)","","","배추김치(수의계약)","15kcal","열무김치","0kcal","","","2714.02kcal"
"2025-03-14(금)","밥","366.5kcal","현미밥","384.65kcal","밥","366.5kcal","","","3006.31kcal"
"2025-03-14(금)","황태해장국(완)(05)","18.58kcal","쇠고기미역국(05)(06)(16)","59.41kcal","꼬치어묵국","175.74kcal","","","3006.31kcal"
"2025-03-14(금)","애호박나물(05)(09)","43.78kcal","피자오믈렛(01)(02)(05)(06)(10)(12)(15)(16)(18)","273kcal","떡볶이(05)(06)","368.67kcal","","","3006.31kcal"
"2025-03-14(금)","돼지고기부추볶음(05)(06)(10)(18)","345.13kcal","가리비야채무침(05)(18)","90.35kcal","김밥튀김(01)(02)(05)(06)(10)(13)(16)","201.6kcal","","","3006.31kcal"
"2025-03-14(금)","배추김치(수의계약)","15kcal","마시는발효유(02)","70.6kcal","반달단무지","10.8kcal","","","3006.31kcal"
"2025-03-14(금)","","","열무김치","0kcal","탄산음료(콜라)","108kcal","","","3006.31kcal"
"2025-03-14(금)","","","","","청량음료, 코카콜라음료, 코카콜라, 250mL/캔","108kcal","","","3006.31kcal"
"2025-03-15(토)","햄치즈버거(01)(02)(06)(10)(12)","803.69kcal","밥","366.5kcal","제육덮밥(05)(10)","729.21kcal","","","3117.61kcal"
"2025-03-15(토)","백색우유(02)","65kcal","참치김치찌개(05)(09)","80kcal","새송이버섯야채볶음(05)(06)(10)(18)","65.19kcal","","","3117.61kcal"
"2025-03-15(토)","감자에그샐러드(완)","315kcal","닭간장소스찜(15)","315.28kcal","가공우유(초코맛)(02)","194kcal","","","3117.61kcal"
"2025-03-15(토)","양파찹&소스","0kcal","부추양파무침","6.74kcal","열무김치","0kcal","","","3117.61kcal"
"2025-03-15(토)","시리얼(3)","154.2kcal","깍두기(수의)(09)","22.8kcal","","","","","3117.61kcal"
"2025-03-16(일)","밥","366.5kcal","밥","366.5kcal","밥","366.5kcal","","","2749.18kcal"
"2025-03-16(일)","콩나물무채국(05)(06)","29.72kcal","호박된장찌개(05)(06)(09)","96.26kcal","뼈없는감자탕(완)(10)","144.59kcal","","","2749.18kcal"
"2025-03-16(일)","멸치볶음(05)","71.57kcal","소불고기(완제품)(05)(16)","398.67kcal","찐새우만두","187.04kcal","","","2749.18kcal"
"2025-03-16(일)","비엔나소시지감자조림(02)(05)(06)(10)(16)(18)","344.86kcal","오징어채무침(05)(17)","213.25kcal","오징어젓무침(17)","47.92kcal","","","2749.18kcal"
"2025-03-16(일)","김","28kcal","백색우유(02)","65kcal","짜먹는발효유","0kcal","","","2749.18kcal"
"2025-03-16(일)","배추김치","0kcal","열무김치","0kcal","깍두기(수의)(09)","22.8kcal","","","2749.18kcal"
"2025-03-17(월)","밥","366.5kcal","밥","366.5kcal","중화식덮밥(05)(09)(10)(17)","649.16kcal","","","3118.07kcal"
"2025-03-17(월)","얼큰쇠고기무국(05)(06)(16)","60.04kcal","계란국(01)(09)(16)","55.37kcal","두부된장찌개(05)(09)","113.66kcal","","","3118.07kcal"
"2025-03-17(월)","호박새우볶음(05)(09)","44.23kcal","오리불고기(05)","40.03kcal","유린기(05)(06)(15)","768.33kcal","","","3118.07kcal"
"2025-03-17(월)","돼지고기청경채볶음(05)(06)(10)(18)","340.77kcal","흑임자드레싱(01)(05)","28.48kcal","토핑형발효유(02)(06)","165kcal","","","3118.07kcal"
"2025-03-17(월)","백색우유(02)","65kcal","무쌈","40kcal","배추김치","0kcal","","","3118.07kcal"
"2025-03-17(월)","배추김치","0kcal","배추김치(수의계약)","15kcal","","","","","3118.07kcal"
"2025-03-18(화)","밥","366.5kcal","흑미밥","385.25kcal","비빔밥(05)(16)","571.63kcal","","","2678.58kcal"
"2025-03-18(화)","황태채국(01)(05)(06)(16)","78.72kcal","순두부찌개(05)(09)","107.01kcal","팽이버섯된장국(05)(06)(09)(16)","83.35kcal","","","2678.59kcal"
"2025-03-18(화)","닭순살야채조림(15)","247.37kcal","오징어삼겹볶음(05)(10)(17)","338.1kcal","닭꼬치(완)(05)(15)","246.4kcal","","","2678.60kcal"
"2025-03-18(화)","상추겉절이","12.81kcal","시금치무침","26.84kcal","계란후라이(완제품)(01)(02)(06)(10)","102.5kcal","","","2678.61kcal"
"2025-03-18(화)","배추김치","0kcal","배추김치(수의계약)","15kcal","오이장아찌","8.3kcal","","","2678.62kcal"
"2025-03-18(화)","","","","","이온음료","88.8kcal","","","2678.63kcal"
"2025-03-18(화)","","","","","오뚜기라면,오뚜기열라면, 105g","","","","2678.64kcal"
"2025-03-19(수)","밥","366.5kcal","밥","366.5kcal","밀쌀밥","366.96kcal","","","2842.77kcal"
"2025-03-19(수)","어묵탕(05)(06)","101.41kcal","쇠고기버섯전골(05)(06)(09)(16)","92.55kcal","햄감자찌개(05)(10)(16)","162.15kcal","","","2842.77kcal"
"2025-03-19(수)","맛밤송송함박스테이크(05)(12)","166kcal","사천식캐슈넛멸치볶음(04)(05)","102.06kcal","코다리강정(05)(06)","689.9kcal","","","2842.77kcal"
"2025-03-19(수)","콩나물무침(05)","24.48kcal","콩나물잡채(05)(06)(10)","201.37kcal","옥수수계란찜(02)(09)","52.29kcal","","","2842.77kcal"
"2025-03-19(수)","깍두기(완제품)","0kcal","백색우유(02)","65kcal","마시는발효유(02)","70.6kcal","","","2842.77kcal"
"2025-03-19(수)","","","배추김치(수의계약)","15kcal","배추김치","0kcal","","","2842.77kcal"
"2025-03-19(수)","","","","","상일식품(주),야채건빵,증식용, 65g","","","","2842.77kcal"
"2025-03-20(목)","밥","366.5kcal","밥","366.5kcal","밥","366.5kcal","","","3839.68kcal"
"2025-03-21(목)","홍합탕(05)(06)(09)(17)(18)","85.96kcal","얼갈이된장국(05)(06)","32.25kcal","닭곰탕(15)","93.44kcal","","","3839.68kcal"
"2025-03-22(목)","돼지고기고추장볶음(05)(10)","382.59kcal","감자채볶음(05)(10)","118.69kcal","탕수육(05)(06)(10)","881.53kcal","","","3839.68kcal"
"2025-03-23(목)","애호박나물(05)(09)","43.78kcal","볼케이노치킨(02)(05)(06)(12)(15)(16)(18)","299.04kcal","순살삼치구이(05)(06)(07)","634.1kcal","","","3839.68kcal"
"2025-03-24(목)","백색우유(02)","65kcal","배추김치(수의계약)","15kcal","이온음료","88.8kcal","","","3839.68kcal"
"2025-03-25(목)","배추김치","0kcal","","","열무김치","0kcal","","","3839.68kcal"
"2025-03-21(금)","밥","366.5kcal","찹쌀밥","386.5kcal","자장밥(05)(06)(10)","709.7kcal","","","3278.43kcal"
"2025-03-21(금)","감자국(05)(06)(16)","44.31kcal","콩나물국(05)(06)(16)","29.85kcal","짬뽕찌개(굴)(05)(06)(08)(09)(10)(16)(17)(18)","164.77kcal","","","3278.43kcal"
"2025-03-21(금)","돼지고기부추볶음(05)(06)(10)(18)","345.13kcal","한우갈비찜(16)","502.58kcal","김말이튀김(05)","271.74kcal","","","3278.43kcal"
"2025-03-21(금)","어묵볶음(05)(06)","266.86kcal","오이무침(05)","22.09kcal","짜먹는발효유","0kcal","","","3278.43kcal"
"2025-03-21(금)","김자반","88.4kcal","백색우유(02)","65kcal","배추김치","0kcal","","","3278.43kcal"
"2025-03-21(금)","배추김치(수의계약)","15kcal","열무김치","0kcal","","","","","3278.43kcal"
"2025-03-22(토)","핫도그빵(01)(02)(05)(06)","634.6kcal","삼각주먹밥(완)(01)(02)(05)(06)(16)(18)","195kcal","삼색도리덮밥(01)(05)(15)","856.94kcal","","","2788.29kcal"
"2025-03-22(토)","스크램블에그(01)(05)","206kcal","미니바베큐","0kcal","새송이버섯야채볶음(05)(06)(10)(18)","65.19kcal","","","2788.29kcal"
"2025-03-22(토)","시리얼(휴일)","360kcal","감바스(09)","88.86kcal","대추방울토마토(12)","17kcal","","","2788.29kcal"
"2025-03-22(토)","코울슬로샐러드(01)(05)","119.7kcal","가공우유(딸기맛)(02)(05)","165kcal","열무김치","0kcal","","","2788.29kcal"
"2025-03-22(토)","백색우유(02)","65kcal","배추김치(수의계약)","15kcal","","","","","2788.29kcal"
"2025-03-23(일)","밥","366.5kcal","밥","366.5kcal","밥","366.5kcal","","","2828.77kcal"
"2025-03-23(일)","콩나물무채국(05)(06)","29.72kcal","순대국밥(05)(06)(10)","426.29kcal","사골우거지국(02)(05)(06)(16)(18)","164.58kcal","","","2828.77kcal"
"2025-02-25(화)","쇠고기감자조림(05)(16)","340.77kcal","버섯잡채(05)(06)","114.09kcal","돼지고기고추장볶음(05)(10)","382.59kcal","","","2696.30kcal"
"2025-02-25(화)","무나물","22.09kcal","닭순살야채조림(15)","247.37kcal","김자반","88.4kcal","","","2696.31kcal"
"2025-02-25(화)","배추김치","0kcal","배추김치","0kcal","오이무침(05)","22.18kcal","","","2696.32kcal"
"2025-02-25(화)","","","","","샤인머스켓","67.5kcal","","","2696.33kcal"
"2025-02-25(화)","","","","","배추김치(수의계약)","12kcal","","","2696.34kcal"
"2025-02-26(수)","참치오믈렛(01)","325kcal","밥","382.76kcal","밥","382.76kcal","","","2903.98kcal"
"2025-02-26(수)","밥","382.76kcal","닭고기육개장(05)(06)(15)(16)","66.4kcal","짬뽕순두부(01)(05)(06)(09)(10)(17)(18)","170.11kcal","","","2903.98kcal"
"2025-02-26(수)","콩나물김치국(05)(06)(16)","25.38kcal","달콤돼지고기볶음(10)","317.93kcal","치킨너겟(01)(02)(05)(06)(12)(15)(16)(18)","302.39kcal","","","2903.98kcal"
"2025-02-26(수)","닭간장소스찜(15)","315.28kcal","느타리버섯볶음(05)","37.98kcal","봄동겉절이(05)","47.63kcal","","","2903.98kcal"
"2025-02-26(수)","백색우유(02)","65kcal","배추김치","0kcal","마시는발효유(02)","70.6kcal","","","2903.98kcal"
"2025-02-26(수)","깍두기(완제품)","0kcal","","","배추김치(수의계약)","12kcal","","","2903.98kcal"
"2025-02-27(목)","밥","382.76kcal","찹쌀밥","402.76kcal","밥","382.76kcal","","","3456.52kcal"
"2025-02-27(목)","황태채국(01)(05)(06)(16)","78.72kcal","순대국밥(05)(06)(10)","413.09kcal","달래된장국(05)(06)","34.61kcal","","","3456.52kcal"
"2025-02-27(목)","비엔나소시지케찹볶음(02)(05)(06)(10)(12)(16)(18)","379.15kcal","왕교자만두찜","241.56kcal","감자채볶음(05)(10)","118.69kcal","","","3456.52kcal"
"2025-02-27(목)","메추리알장조림(완)(01)(05)(06)","82.5kcal","풋고추된장무침(05)(06)","30.57kcal","가츠동(01)(02)(05)(06)(10)","633.73kcal","","","3456.52kcal"
"2025-02-27(목)","김","28kcal","토핑형발효유(02)(06)","165kcal","사과(후지)","55.42kcal","","","3456.52kcal"
"2025-02-27(목)","열무김치","0kcal","깍두기(수의)(09)","15.2kcal","배추김치(수의계약)","12kcal","","","3456.52kcal"
"2025-02-28(금)","밥","382.76kcal","밥","382.76kcal","밥","382.76kcal","","","3459.70kcal"
"2025-02-28(금)","햄감자찌개(05)(06)(10)(16)","149.99kcal","한우갈비탕(05)(06)(16)","259.89kcal","부대찌개(02)(05)(06)(10)(15)(16)(18)","156.57kcal","","","3459.70kcal"
"2025-02-28(금)","계란말이(완)(01)(05)(12)","78.5kcal","김말이튀김(05)","271.74kcal","닭고기튀김양념(05)(06)(15)","874.69kcal","","","3459.70kcal"
"2025-02-28(금)","콩나물무침(05)","24.48kcal","부추겉절이","15.15kcal","무&비트피클(완)","30kcal","","","3459.70kcal"
"2025-02-28(금)","열무김치","0kcal","짜먹는발효유","0kcal","참치샐러드","349.61kcal","","","3459.70kcal"
"2025-02-28(금)","","","배추김치(수의계약)","12kcal","이온음료","88.8kcal","","","3459.70kcal"
"2024-11-28(목)","연두부&양념장(05)","70.66kcal","열무김치","0kcal","깍두기(수의)","0kcal","","","3165.35kcal"
"2024-11-28(목)","배추김치","0kcal","","","","","","","3165.35kcal"
"2024-11-29(금)","밥","386.95kcal","잡곡밥","421.76kcal","밥","386.95kcal","","","2634.66kcal"
"2024-11-29(금)","참치오믈렛(01)","185kcal","쇠고기육개장(01)(05)(06)(16)","84.21kcal","햄감자찌개(05)(06)(10)(16)","112.9kcal","","","2634.66kcal"
"2024-11-29(금)","두부된장찌개(05)(06)(09)","59.48kcal","버섯잡채(05)(06)","122.52kcal","돼지삼겹야채볶음(10)","411.39kcal","","","2634.66kcal"
"2024-11-29(금)","동그랑땡(02)(05)(06)(10)(16)","215kcal","브로콜리깨소금무침(05)","52.35kcal","콩나물무침(05)","23.15kcal","","","2634.66kcal"
"2024-11-29(금)","열무김치","0kcal","탄산음료(콜라)","108kcal","백색우유(02)","65kcal","","","2634.66kcal"
"2024-11-29(금)","","","파김치","0kcal","열무김치","0kcal","","","2634.66kcal"
"2024-11-30(토)","햄치즈버거(01)(02)(06)(10)(12)","889.09kcal","밥","386.95kcal","제육덮밥(05)(10)","736.36kcal","","","3716.80kcal"
"2024-11-30(토)","해쉬브라운케찹(05)","325.32kcal","순대국밥(05)(06)(10)","439.45kcal","계란후라이(완제품)(01)(02)(06)(10)","102.5kcal","","","3716.80kcal"
"2024-11-30(토)","시리얼(증)(05)(06)","212.76kcal","왕교자만두찜","241.56kcal","부추겉절이","15.15kcal","","","3716.80kcal"
"2024-11-30(토)","백색우유(02)","65kcal","풋고추된장무침(05)(06)","28.86kcal","샤인머스켓","67.5kcal","","","3716.80kcal"
"2024-11-30(토)","양파찹&소스","0kcal","가공우유(초코맛)(02)","194kcal","총각김치","12.3kcal","","","3716.80kcal"
"2024-11-30(토)","","","깍두기(수의)","0kcal","","","","","3716.80kcal"
"2025-03-01(토)","쇠고기떡국(05)(16)","315.62kcal","밥","366.5kcal","오징어덮밥(05)(17)","635.82kcal","","","2347.82kcal"
"2025-03-01(토)","고기만두찜","7.24kcal","어묵탕(05)(06)","101.41kcal","동그랑땡(02)(05)(06)(10)(16)","246.25kcal","","","2347.82kcal"
"2025-03-01(토)","시금치무침","26.84kcal","닭고기야채조림(05)(15)","349.57kcal","백색우유(02)","65kcal","","","2347.82kcal"
"2025-03-01(토)","배추김치","0kcal","낙지젓무침(17)","33.57kcal","배추김치(수의계약)","15kcal","","","2347.82kcal"
"2025-03-01(토)","","","가공우유(쿠키앤크림)(02)","185kcal","","","","","2347.82kcal"
"2025-03-01(토)","","","깍두기(완제품)","0kcal","","","","","2347.82kcal"
"2025-03-02(일)","밥","366.5kcal","밥","366.5kcal","밥","366.5kcal","","","2407.21kcal"
"2025-03-03(일)","쇠고기미역국(05)(06)(16)","59.41kcal","무청시래기국(05)(06)","41.95kcal","사골우거지국(02)(05)(06)(16)(18)","164.58kcal","","","2407.21kcal"
"2025-03-04(일)","한입떡갈비(02)(05)(06)(10)(16)","377.8kcal","고추장돼지불고기(완제품)(05)","109.27kcal","닭고기야채조림(05)(15)","349.57kcal","","","2407.21kcal"
"2025-03-05(일)","콩나물매운무침(05)","24.53kcal","꽈리고추멸치볶음(05)","88.26kcal","부추양파무침","6.74kcal","","","2407.21kcal"
"2025-03-06(일)","배추김치","0kcal","배추김치(수의계약)","15kcal","마시는발효유(02)","70.6kcal","","","2407.21kcal"
"2025-03-02(일)","","","","","열무김치","0kcal","","","2407.21kcal"
"2025-03-03(월)","밥","366.5kcal","밥","366.5kcal","밥","366.5kcal","","","2519.06kcal"
"2025-03-03(월)","감자국(05)(06)(16)","44.31kcal","순두부찌개(05)(09)","107.01kcal","콩나물무채국(05)(06)","29.72kcal","","","2519.06kcal"
"2025-03-03(월)","애호박나물(05)(09)","43.78kcal","닭순살김치볶음(05)(15)","365.5kcal","마파감자(05)(06)(10)(15)(18)","361.05kcal","","","2519.06kcal"
"2025-03-03(월)","돼지고기무볶음(05)(10)","239.72kcal","느타리버섯볶음(05)","37.98kcal","김자반","88.4kcal","","","2519.06kcal"
"2025-03-03(월)","백색우유(02)","65kcal","짜먹는발효유","0kcal","오이무침(05)","22.09kcal","","","2519.06kcal"
"2025-03-03(월)","배추김치(수의계약)","15kcal","열무김치","0kcal","배추김치","0kcal","","","2519.06kcal"
"2025-03-04(화)","밥","366.5kcal","찹쌀밥","386.5kcal","밥","366.5kcal","","","2750.72kcal"
"2025-03-04(화)","쇠고기무국(05)(06)(16)","60.68kcal","패주미역국(05)(06)(16)(18)","41.32kcal","어묵탕(05)(06)","101.41kcal","","","2750.72kcal"
"2025-03-04(화)","계란말이(완)(01)(05)","55kcal","오삼불고기(05)(10)(17)","558.45kcal","냉채족발(02)(05)(06)(10)(16)","407kcal","","","2750.72kcal"
"2025-03-04(화)","연두부&양념장(05)","70.66kcal","무생채","15.15kcal","모듬쌈(05)(06)","28.45kcal","","","2750.72kcal"
"2025-03-04(화)","배추김치","0kcal","마시는발효유(02)","70.6kcal","무말랭이무침(13)","140kcal","","","2750.72kcal"
"2025-03-04(화)","","","배추김치(수의계약)","15kcal","샤인머스켓","67.5kcal","","","2750.72kcal"
"2025-03-04(화)","","","","","보쌈김치","0kcal","","","2750.72kcal"
"2025-03-04(화)","","","","","농심,육개장사발면,86g","","","","2750.72kcal"
"2025-03-05(수)","밥","366.5kcal","잡곡밥","414.04kcal","카레밥(02)(05)(06)(10)(15)(16)","696.5kcal","","","3528.39kcal"
"2025-03-05(수)","콩나물국(05)(06)(16)","29.85kcal","돼지고기짜글이(05)(06)(10)(16)","156.16kcal","팽이버섯된장국(05)(06)(09)(16)","83.35kcal","","","3528.39kcal"
"2025-03-05(수)","언양식바싹불고기(01)(02)(05)(06)(10)(12)(15)(16)","340.5kcal","멸치볶음(05)","71.57kcal","생선가스(01)(05)(06)","727.94kcal","","","3528.39kcal"
"2025-03-05(수)","메추리알장조림(완)(01)(05)(06)","155kcal","닭순살볶음우동(05)(15)","300.58kcal","마시는발효유(02)","70.6kcal","","","3528.39kcal"
"2025-03-05(수)","김","28kcal","열무김치","0kcal","깍두기(수의)(09)","22.8kcal","","","3528.39kcal"
"2025-03-05(수)","백색우유(02)","65kcal","","","","","","","3528.39kcal"
"2025-03-05(수)","배추김치","0kcal","","","","","","","3528.39kcal"
"2025-03-06(목)","밥","366.5kcal","찰수수밥","386.25kcal","밥","366.5kcal","","","2813.21kcal"
"2025-03-06(목)","황태해장국(완)(05)","18.58kcal","감자달걀국(01)(09)(16)","65.86kcal","부대찌개(02)(05)(06)(10)(15)(16)(18)","176.17kcal","","","2813.21kcal"
"2025-03-06(목)","닭간장소스찜(15)","315.28kcal","낙지삼겹살새우볶음(05)(09)(10)(17)","519.46kcal","닭강정(01)(02)(05)(06)(15)","430kcal","","","2813.21kcal"
"2025-03-06(목)","부추겉절이","14.3kcal","시금치무침","26.84kcal","양배추샐러드(01)(05)(06)(12)(16)(18)","23.67kcal","","","2813.21kcal"
"2025-03-06(목)","배추김치","0kcal","배추김치","0kcal","이온음료","88.8kcal","","","2813.21kcal"
"2025-03-06(목)","","","","","배추김치(수의계약)","15kcal","","","2813.21kcal"
"2025-03-07(금)","밥","366.5kcal","현미밥","384.65kcal","흑미밥","385.25kcal","","","2691.71kcal"
"2025-03-07(금)","순두부백탕(05)(06)(09)(17)(18)","75.63kcal","꽃게탕(05)(06)(08)(09)(17)","91.21kcal","닭고기육개장(05)(06)(15)(16)","66.4kcal","","","2691.71kcal"
"2025-03-07(금)","비엔나메추리알조림(01)(02)(05)(06)(10)(15)(16)(18)","361.65kcal","돼지고기고추장볶음(05)(10)","382.59kcal","감자채볶음(05)(10)","118.69kcal","","","2691.71kcal"
"2025-03-07(금)","상추겉절이","12.81kcal","콩나물무침(05)","24.48kcal","순살고등어구이(05)(07)","176.85kcal","","","2691.71kcal"
"2025-03-07(금)","백색우유(02)","65kcal","짜먹는발효유","0kcal","토핑형발효유(02)(06)","165kcal","","","2691.71kcal"
"2025-03-07(금)","배추김치(수의계약)","15kcal","열무김치","0kcal","깍두기(완제품)","0kcal","","","2691.71kcal"
"2025-03-08(토)","핫도그빵(01)(02)(05)(06)","634.6kcal","밥","366.5kcal","불닭덮밥(02)(05)(06)(12)(15)(16)(18)","644.33kcal","","","2917.13kcal"
"2025-03-08(토)","스크램블에그(01)(05)","206kcal","바베큐폭립(완제품)(05)(06)(10)(12)","281.75kcal","무나물","22.09kcal","","","2917.13kcal"
"2025-03-08(토)","시리얼(증)(05)(06)","236.4kcal","가공우유(바나나맛)(02)","82.5kcal","열무김치","0kcal","","","2917.13kcal"
"2025-03-08(토)","백색우유(02)","65kcal","야채샐러드유자드레싱(02)","27.76kcal","","","","","2917.13kcal"
"2025-03-08(토)","단호박샐러드(완)","160.2kcal","양송이스프(02)(05)(06)(15)","175kcal","","","","","2917.13kcal"
"2025-03-08(토)","","","배추김치(수의계약)","15kcal","","","","","2917.13kcal"
"2025-03-09(일)","밥","366.5kcal","밥","366.5kcal","밥","366.5kcal","","","2305.58kcal"
"2025-03-09(일)","콩나물국(05)(06)(16)","29.85kcal","순두부찌개(05)(09)","107.01kcal","사골미역국(16)","32.26kcal","","","2305.58kcal"
"2025-02-11(화)","계란장조림","251.6kcal","풋고추된장무침(05)(06)","30.57kcal","계란찜(09)","3.89kcal","","","3209.41kcal"
"2025-02-11(화)","배추김치","0kcal","토핑형발효유(02)(06)","165kcal","이온음료","88.8kcal","","","3209.41kcal"
"2025-02-11(화)","","","깍두기(수의)(09)","15.2kcal","배추김치(수의계약)","12kcal","","","3209.41kcal"
"2025-02-12(수)","밥","382.76kcal","밥","382.76kcal","비빔밥(05)(16)","602.99kcal","","","2779.93kcal"
"2025-02-12(수)","시금치된장국(05)(06)(09)(16)","45.38kcal","감자국(05)(06)(16)","44.31kcal","팽이버섯된장국(05)(06)(09)(16)","83.35kcal","","","2779.93kcal"
"2025-02-12(수)","마파두부(05)(06)(10)(15)(18)","260.43kcal","훈제오리볶음(01)(05)(06)(18)","458.52kcal","닭꼬치(완)(05)(15)","246.4kcal","","","2779.93kcal"
"2025-02-12(수)","콩나물무침(05)","24.48kcal","부추겉절이","15.15kcal","계란후라이(완제품)(01)(02)(06)(10)","102.5kcal","","","2779.93kcal"
"2025-02-12(수)","배추김치","0kcal","마시는발효유(02)","70.6kcal","붕어빵","0kcal","","","2779.93kcal"
"2025-02-12(수)","","","무쌈","40kcal","오이장아찌","8.3kcal","","","2779.93kcal"
"2025-02-12(수)","","","배추김치(수의계약)","12kcal","케이크또는파이또는패스트리, 참조은에스에프, 쿠키앤크림스틱치즈케익, 400g(50g8개)상자","","","","2779.93kcal"
"2025-02-12(수)","","","","","케이크또는파이또는패스트리, (주문자상표부착)에스피씨삼립, 초코티라미스케익, 60g","","","","2779.93kcal"
"2025-02-13(목)","밥","382.76kcal","흑미밥","401.51kcal","밥","382.76kcal","","","3181.05kcal"
"2025-02-13(목)","햄감자찌개(05)(06)(10)(16)","149.99kcal","얼큰수제비국(05)(06)(16)","128.94kcal","콩나물김치국(05)(06)(16)","25.38kcal","","","3181.05kcal"
"2025-02-13(목)","언양식바싹불고기(01)(02)(05)(06)(10)(12)(15)(16)","340.5kcal","닭순살야채조림(15)","247.37kcal","고추잡채(05)(06)(10)(18)","391.48kcal","","","3181.05kcal"
"2025-02-13(목)","오이무침(05)","22.18kcal","동그랑땡(02)(05)(06)(10)(16)","246.25kcal","청포묵무침(05)","51.51kcal","","","3181.05kcal"
"2025-02-13(목)","백색우유(02)","65kcal","두유","250kcal","사과(후지)","55.42kcal","","","3181.05kcal"
"2025-02-13(목)","김","28kcal","배추김치(수의계약)","12kcal","열무김치","0kcal","","","3181.05kcal"
"2025-02-13(목)","배추김치","0kcal","","","","","","","3181.05kcal"
"2025-02-14(금)","밥","382.76kcal","현미밥","400.91kcal","밥","382.76kcal","","","2994.47kcal"
"2025-02-14(금)","쇠고기미역국(05)(06)(16)","49.11kcal","부대찌개(02)(05)(06)(10)(15)(16)(18)","156.57kcal","어묵탕(05)(06)","101.41kcal","","","2994.48kcal"
"2025-02-14(금)","마파감자(05)(06)(10)(15)(18)","361.05kcal","낙지삼겹살새우볶음(05)(09)(10)(17)","432.61kcal","떡볶이(01)(05)(06)","398.67kcal","","","2994.49kcal"
"2025-02-14(금)","애호박나물(05)(09)","43.78kcal","시금치무침","26.84kcal","김밥튀김(01)(02)(05)(06)(10)(13)(16)","235.2kcal","","","2994.50kcal"
"2025-02-14(금)","배추김치(수의계약)","12kcal","짜먹는발효유","0kcal","반달단무지","10.8kcal","","","2994.51kcal"
"2025-02-14(금)","","","열무김치","0kcal","","","","","2994.52kcal"
"2025-02-15(토)","햄치즈버거(01)(02)(06)(10)(12)","903.69kcal","밥","382.76kcal","제육덮밥(05)(10)","745.47kcal","","","3321.57kcal"
"2025-02-15(토)","감자에그샐러드(완)","315kcal","순두부백탕(05)(06)(09)(17)(18)","82.38kcal","무청시래기국(05)(06)","41.95kcal","","","3321.57kcal"
"2025-02-15(토)","양파찹&소스","0kcal","닭간장소스찜(15)","315.28kcal","파채무침(05)(06)","38.58kcal","","","3321.57kcal"
"2025-02-15(토)","시리얼(3)","154.2kcal","상추겉절이","14.56kcal","가공우유(바나나맛)(02)","82.5kcal","","","3321.57kcal"
"2025-02-15(토)","백색우유(02)","65kcal","토핑형발효유(02)(06)","165kcal","열무김치","0kcal","","","3321.57kcal"
"2025-02-15(토)","","","깍두기(수의)(09)","15.2kcal","","","","","3321.57kcal"
"2025-02-16(일)","밥","382.76kcal","밥","382.76kcal","밥","382.76kcal","","","2896.07kcal"
"2025-02-16(일)","콩나물무채국(05)(06)","29.72kcal","호박된장찌개(05)(06)(09)","96.26kcal","닭볶음탕(05)(15)","308.53kcal","","","2896.07kcal"
"2025-02-16(일)","멸치볶음(05)","71.57kcal","소불고기(완제품)(05)(16)","398.67kcal","사골우거지국(02)(05)(06)(16)(18)","164.58kcal","","","2896.07kcal"
"2025-02-16(일)","비엔나소시지감자조림(02)(05)(06)(10)(16)(18)","344.86kcal","오징어채무침(05)(17)","142.85kcal","무생채","15.15kcal","","","2896.07kcal"
"2025-02-16(일)","김","28kcal","열무김치","0kcal","마시는발효유(02)","70.6kcal","","","2896.07kcal"
"2025-02-16(일)","백색우유(02)","65kcal","","","배추김치(수의계약)","12kcal","","","2896.07kcal"
"2025-02-16(일)","배추김치","0kcal","","","","","","","2896.07kcal"
"2025-02-17(월)","밥","382.76kcal","밥","382.76kcal","자장밥(05)(06)(10)","725.96kcal","","","3015.94kcal"
"2025-02-17(월)","얼큰쇠고기무국(05)(06)(16)","60.04kcal","계란국(01)(09)(16)","55.37kcal","두부된장찌개(05)(06)(09)","99.38kcal","","","3015.94kcal"
"2025-02-17(월)","어묵볶음(05)(06)","266.86kcal","오리불고기(05)","40.03kcal","탕수육(05)(06)(10)","581.53kcal","","","3015.94kcal"
"2025-02-17(월)","돼지고기청경채볶음(05)(06)(10)(18)","340.77kcal","무쌈","40kcal","짜먹는발효유","0kcal","","","3015.94kcal"
"2025-02-17(월)","배추김치","0kcal","흑임자드레싱(01)(05)","28.48kcal","배추김치","0kcal","","","3015.94kcal"
"2025-02-17(월)","","","배추김치(수의계약)","12kcal","","","","","3015.94kcal"
"2025-02-18(화)","밥","382.76kcal","찰수수밥","404.53kcal","밀쌀밥","383.22kcal","","","3077.03kcal"
"2025-02-18(화)","닭곰탕(15)","98.24kcal","순두부된장국(05)(06)(09)","93.57kcal","햄감자찌개(05)(06)(10)(16)","149.99kcal","","","3077.03kcal"
"2025-02-18(화)","돼지고기부추볶음(05)(06)(10)(18)","345.13kcal","오징어삼겹볶음(05)(10)(17)","356.5kcal","코다리강정(05)(06)","689.9kcal","","","3077.03kcal"
"2025-02-18(화)","시금치무침","26.84kcal","상추겉절이","14.56kcal","옥수수계란찜(02)(09)","52.29kcal","","","3077.03kcal"
"2025-02-18(화)","배추김치","0kcal","배추김치(수의계약)","12kcal","샤인머스켓","67.5kcal","","","3077.03kcal"
"2025-02-18(화)","","","","","배추김치","0kcal","","","3077.03kcal"
"2025-02-18(화)","","","","","오뚜기라면,오뚜기열라면, 105g","","","","3077.03kcal"
"2025-02-19(수)","밥","382.76kcal","밥","382.76kcal","새우튀김덮밥(에비동)(05)(06)(09)(18)","804.02kcal","","","2977.57kcal"
"2025-02-19(수)","콩나물김치국(05)(06)(16)","25.38kcal","쇠고기버섯전골(05)(06)(09)(16)","92.55kcal","미소장국","59.77kcal","","","2977.57kcal"
"2025-02-19(수)","맛밤송송함박스테이크(05)(12)","166kcal","사천식캐슈넛멸치볶음(04)(05)(14)","108.06kcal","닭꼬치(완)(05)(15)","246.4kcal","","","2977.57kcal"
"2025-02-19(수)","피자오믈렛(01)(02)(05)(06)(10)(12)(15)(16)(18)","246kcal","콩나물잡채(05)(06)(10)","201.37kcal","꼬들단무지(13)","20.5kcal","","","2977.57kcal"
"2025-02-19(수)","백색우유(02)","65kcal","토핑형발효유(02)(06)","165kcal","상일식품(주),야채건빵,증식용, 65g","","","","2977.57kcal"
"2025-02-19(수)","깍두기(완제품)","0kcal","배추김치(수의계약)","12kcal","","","","","2977.57kcal"
"2025-02-20(목)","밥","382.76kcal","밥","382.76kcal","밥","382.76kcal","","","3156.11kcal"
"2025-02-20(목)","홍합탕(05)(06)(09)(17)(18)","90.06kcal","얼갈이된장국(05)(06)","32.25kcal","쇠고기육개장(05)(06)(16)","67.47kcal","","","3156.11kcal"
"2025-02-20(목)","돼지고기고추장볶음(05)(10)","382.59kcal","감자채볶음(05)(10)","118.69kcal","김말이튀김(05)","271.74kcal","","","3156.11kcal"
"2025-02-20(목)","부추양파무침","11.09kcal","볼케이노치킨(02)(05)(06)(12)(15)(16)(18)","299.04kcal","순살삼치구이(05)(06)","634.1kcal","","","3156.11kcal"
"2025-02-20(목)","배추김치","0kcal","배추김치(수의계약)","12kcal","이온음료","88.8kcal","","","3156.11kcal"
"2025-02-20(목)","","","","","열무김치","0kcal","","","3156.11kcal"
"2025-02-21(금)","밥","382.76kcal","찹쌀밥","402.76kcal","중화식덮밥(05)(09)(10)(17)","679.12kcal","","","3173.70kcal"
"2025-02-21(금)","감자국(05)(06)(16)","44.31kcal","꼬리곰탕(05)(06)(09)","401.06kcal","콩나물국(05)(06)(16)","29.85kcal","","","3173.70kcal"
"2025-02-21(금)","호박새우볶음(05)(09)","44.23kcal","고기만두찜","7.24kcal","유린기(05)(06)(15)","618.33kcal","","","3173.70kcal"
"2025-02-21(금)","김자반","88.4kcal","낙지젓무침(17)","33.57kcal","계란후라이(완제품)(01)(02)(06)(10)","102.5kcal","","","3173.70kcal"
"2025-02-21(금)","닭순살야채조림(15)","247.37kcal","백색우유(02)","65kcal","짜먹는발효유","0kcal","","","3173.70kcal"
"2025-02-21(금)","배추김치(수의계약)","12kcal","깍두기(수의)(09)","15.2kcal","배추김치","0kcal","","","3173.70kcal"
"2025-02-22(토)","핫도그빵(01)(02)(05)(06)","634.6kcal","삼각주먹밥(완)(01)(02)(05)(06)(16)(18)","195kcal","삼색도리덮밥(01)(05)(15)","873.2kcal","","","3485.27kcal"
"2025-02-22(토)","스크램블에그(01)(05)","206kcal","바베큐폭립(완제품)(05)(06)(10)(12)","281.75kcal","냉이된장국(05)(06)","38.95kcal","","","3485.27kcal"
"2025-02-22(토)","백색우유(02)","65kcal","감바스(05)(09)","541.88kcal","새송이버섯야채볶음(05)(06)(10)(18)","65.19kcal","","","3485.27kcal"
"2025-02-22(토)","시리얼(2)(05)","258kcal","배추김치(수의계약)","12kcal","가공우유(초코맛)(02)","194kcal","","","3485.27kcal"
"2025-02-22(토)","코울슬로샐러드(01)(05)","119.7kcal","","","열무김치","0kcal","","","3485.27kcal"
"2025-02-23(일)","밥","382.76kcal","밥","382.76kcal","밥","382.76kcal","","","2785.40kcal"
"2025-02-23(일)","홍합탕(05)(06)(09)(17)(18)","90.06kcal","얼갈이된장국(05)(06)","32.25kcal","황태해장국(완)(05)","18.58kcal","","","2785.41kcal"
"2025-02-23(일)","돼지불고기(05)(10)","334.85kcal","낙지삼겹살새우볶음(05)(09)(10)(17)","432.61kcal","닭볶음탕(05)(15)","308.53kcal","","","2785.42kcal"
"2025-02-23(일)","무생채","15.15kcal","닭꼬치(완)(05)(15)","246.4kcal","부추양파무침","11.09kcal","","","2785.43kcal"
"2025-02-23(일)","백색우유(02)","65kcal","깍두기(완제품)","0kcal","마시는발효유(02)","70.6kcal","","","2785.44kcal"
"2025-02-23(일)","배추김치","0kcal","","","배추김치(수의계약)","12kcal","","","2785.45kcal"
"2025-02-24(월)","밥","382.76kcal","잡곡밥","426.3kcal","밥","382.76kcal","","","2733.27kcal"
"2025-02-24(월)","콩나물국(05)(06)(16)","29.85kcal","김치찌개(05)(09)(10)","106.61kcal","어묵탕(05)(06)","101.41kcal","","","2733.27kcal"
"2025-02-24(월)","애호박나물(05)(09)","43.78kcal","오징어볶음(05)(17)","281.7kcal","닭순살치킨가스(01)(05)(06)(10)(12)(15)(16)","559kcal","","","2733.27kcal"
"2025-02-24(월)","마파두부(05)(06)(10)(15)(18)","260.43kcal","상추겉절이","14.56kcal","야채샐러드유자드레싱(02)","28.11kcal","","","2733.27kcal"
"2025-02-24(월)","배추김치","0kcal","짜먹는발효유","0kcal","이온음료","88.8kcal","","","2733.27kcal"
"2025-02-24(월)","","","깍두기(수의)(09)","15.2kcal","배추김치(수의계약)","12kcal","","","2733.27kcal"
"2025-02-25(화)","밥","382.76kcal","밥","382.76kcal","밥","382.76kcal","","","2696.28kcal"
"2025-02-25(화)","호박된장찌개(05)(06)(09)","96.26kcal","두부된장찌개(05)(06)(09)","99.38kcal","계란국(01)(09)(16)","55.37kcal","","","2696.29kcal"
"2025-01-28(화)","호박된장찌개(05)(06)(09)","96.26kcal","꼬리곰탕(05)(06)(09)","401.06kcal","짬뽕순두부(01)(05)(06)(09)(10)(17)(18)","172.71kcal","","","3210.45kcal"
"2025-01-28(화)","돼지고기청경채볶음(05)(06)(10)(18)","340.77kcal","버섯잡채(05)(06)","114.09kcal","닭고기야채조림(05)(15)","349.57kcal","","","3210.45kcal"
"2025-01-28(화)","무나물","22.09kcal","등갈비김치찜(10)","416.18kcal","봄동겉절이(05)","47.63kcal","","","3210.45kcal"
"2025-01-28(화)","배추김치","0kcal","샤인머스켓","67.5kcal","백색우유(02)","65kcal","","","3210.45kcal"
"2025-01-28(화)","","","배추김치","0kcal","배추김치(수의계약)","12kcal","","","3210.45kcal"
"2025-01-29(수)","쇠고기떡국(05)(16)","315.62kcal","밥","368.53kcal","밥","368.53kcal","","","3790.90kcal"
"2025-01-29(수)","왕교자만두찜","241.56kcal","닭장각전복삼계탕(15)(18)","1480.36kcal","계란국(01)(09)(16)","55.37kcal","","","3790.90kcal"
"2025-01-29(수)","상추겉절이","14.56kcal","김말이튀김(05)","271.74kcal","돼지고기고추장볶음(05)(10)","382.59kcal","","","3790.90kcal"
"2025-01-29(수)","백색우유(02)","65kcal","마시는발효유(02)","70.6kcal","김자반","88.4kcal","","","3790.90kcal"
"2025-01-29(수)","계란지단채(01)(05)(16)","18.77kcal","깍두기(완제품)","0kcal","오이무침(05)","22.07kcal","","","3790.90kcal"
"2025-01-29(수)","깍두기(수의)(09)","15.2kcal","","","배추김치(수의계약)","12kcal","","","3790.90kcal"
"2025-01-30(목)","밥","368.53kcal","밥","368.53kcal","참치오믈렛(01)","325kcal","","","2989.27kcal"
"2025-01-30(목)","황태채국(01)(05)(06)(16)","78.72kcal","시금치된장국(05)(06)(09)(16)","45.38kcal","밥","368.53kcal","","","2989.27kcal"
"2025-01-30(목)","비엔나소시지케찹볶음(02)(05)(06)(10)(12)(16)(18)","379.15kcal","감자채볶음(05)(10)","118.69kcal","순대국밥(05)(06)(10)","413.09kcal","","","2989.27kcal"
"2025-01-30(목)","연두부&양념장(05)","70.66kcal","치즈함박스테이크(01)(02)(05)(06)(10)(12)(15)(16)","339.8kcal","풋고추된장무침(05)(06)","30.57kcal","","","2989.27kcal"
"2025-01-30(목)","배추김치(수의계약)","12kcal","짜먹는발효유","0kcal","사과(후지)","55.42kcal","","","2989.27kcal"
"2025-01-30(목)","","","열무김치","0kcal","깍두기(수의)(09)","15.2kcal","","","2989.27kcal"
"2025-01-31(금)","밥","368.53kcal","흑미밥","387.28kcal","밥","368.53kcal","","","2630.21kcal"
"2025-01-31(금)","햄감자찌개(05)(06)(10)(16)","149.99kcal","닭고기육개장(01)(05)(06)(15)(16)","85.17kcal","부대찌개(02)(05)(06)(10)(15)(16)(18)","193.97kcal","","","2630.21kcal"
"2025-01-31(금)","계란말이(완)(01)(05)(12)","78.5kcal","참치김치볶음(05)(10)","339.38kcal","닭강정(01)(02)(05)(06)(15)","430kcal","","","2630.21kcal"
"2025-01-31(금)","콩나물무침(05)","24.48kcal","부추겉절이","15.15kcal","이온음료","88.8kcal","","","2630.21kcal"
"2025-01-31(금)","백색우유(02)","65kcal","배추김치","0kcal","양배추샐러드(01)(05)(06)(12)(16)(18)","23.43kcal","","","2630.21kcal"
"2025-01-31(금)","열무김치","0kcal","","","배추김치(수의계약)","12kcal","","","2630.21kcal"
"2025-02-01(토)","불고기버거(01)(02)(05)(06)(10)(12)(16)","560.16kcal","밥","382.76kcal","오징어덮밥(05)(17)","652.08kcal","","","2789.36kcal"
"2025-02-01(토)","계란후라이(완제품)(01)(02)(06)(10)","102.5kcal","콩나물김치국(05)(06)(16)","25.38kcal","근대된장국(05)(06)","34.25kcal","","","2789.36kcal"
"2025-02-01(토)","시리얼(증)(05)(06)","236.4kcal","닭고기야채조림(05)(15)","349.57kcal","새송이버섯야채볶음(05)(06)(10)(18)","65.19kcal","","","2789.36kcal"
"2025-02-01(토)","백색우유(02)","65kcal","낙지젓무침(17)","33.57kcal","가공우유(딸기맛)(02)(05)","282.5kcal","","","2789.36kcal"
"2025-02-01(토)","","","깍두기(완제품)","0kcal","배추김치","0kcal","","","2789.36kcal"
"2025-02-02(일)","밥","382.76kcal","밥","382.76kcal","밥","382.76kcal","","","2268.99kcal"
"2025-02-02(일)","닭고기미역국(05)(06)(15)(16)","47.61kcal","콩나물국(05)(06)(16)","29.85kcal","사골우거지국(02)(05)(06)(16)(18)","164.58kcal","","","2268.99kcal"
"2025-02-02(일)","한입떡갈비(02)(05)(06)(10)(16)","360.6kcal","고추장돼지불고기(완제품)(05)","109.27kcal","주꾸미볶음(05)","180.26kcal","","","2268.99kcal"
"2025-02-02(일)","브로콜리깨소금무침(05)","54.53kcal","꽈리고추멸치볶음(05)","88.26kcal","무생채","15.15kcal","","","2268.99kcal"
"2025-02-02(일)","배추김치","0kcal","배추김치","0kcal","마시는발효유(02)","70.6kcal","","","2268.99kcal"
"2025-02-02(일)","","","","","열무김치","0kcal","","","2268.99kcal"
"2025-02-03(월)","밥","382.76kcal","찹쌀밥","402.76kcal","밥","382.76kcal","","","2763.94kcal"
"2025-02-03(월)","순두부백탕(05)(06)(09)(17)(18)","82.38kcal","차돌박이된장찌개(05)(06)(16)","115.23kcal","패주미역국(05)(06)(16)(18)","41.32kcal","","","2763.94kcal"
"2025-02-03(월)","미트볼조림(01)(02)(05)(06)(10)(12)(15)(16)","371.74kcal","느타리버섯볶음(05)","37.98kcal","닭강정(01)(02)(05)(06)(15)","430kcal","","","2763.94kcal"
"2025-02-03(월)","시금치무침","26.84kcal","닭순살김치볶음(05)(15)","365.5kcal","양배추샐러드(01)(05)(06)(12)(16)(18)","23.67kcal","","","2763.94kcal"
"2025-02-03(월)","배추김치","0kcal","백색우유(02)","65kcal","딸기","36kcal","","","2763.94kcal"
"2025-02-03(월)","","","열무김치","0kcal","배추김치","0kcal","","","2763.94kcal"
"2025-02-04(화)","밥","382.76kcal","흑미밥","401.51kcal","현미밥","400.91kcal","","","2378.78kcal"
"2025-02-04(화)","쇠고기무국(05)(06)(16)","60.68kcal","오징어국(05)(06)(09)(16)(17)","100.96kcal","황태채국(01)(05)(06)(16)","78.72kcal","","","2378.78kcal"
"2025-02-04(화)","계란말이(완)(01)(05)(12)","78.5kcal","언양식바싹불고기(01)(02)(05)(06)(10)(12)(15)(16)","340.5kcal","돼지고기무볶음(05)(10)","239.72kcal","","","2378.78kcal"
"2025-02-04(화)","연두부&양념장(05)","70.66kcal","콩나물무침(05)","24.48kcal","김자반","88.4kcal","","","2378.78kcal"
"2025-02-04(화)","배추김치","0kcal","짜먹는발효유","0kcal","오이무침(05)","22.18kcal","","","2378.78kcal"
"2025-02-04(화)","","","배추김치","0kcal","이온음료","88.8kcal","","","2378.78kcal"
"2025-02-04(화)","","","","","배추김치","0kcal","","","2378.78kcal"
"2025-02-04(화)","","","","","농심,육개장사발면,86g","","","","2378.78kcal"
"2025-02-05(수)","밥","382.76kcal","잡곡밥","426.3kcal","밥","382.76kcal","","","3123.31kcal"
"2025-02-05(수)","감자국(05)(06)(16)","44.31kcal","부대찌개(02)(05)(06)(10)(15)(16)(18)","156.57kcal","참치 고추장찌개(05)(06)(09)(16)","156.92kcal","","","3123.31kcal"
"2025-02-05(수)","오삼불고기(05)(10)(17)","627.45kcal","닭순살야채조림(15)","247.37kcal","감자채볶음(05)(10)","118.69kcal","","","3123.31kcal"
"2025-02-05(수)","메추리알장조림(완)(01)(05)(06)","82.5kcal","봄동겉절이(05)","47.63kcal","순살고등어구이(05)(07)","176.85kcal","","","3123.31kcal"
"2025-02-05(수)","김","28kcal","백색우유(02)","65kcal","토핑형발효유(02)(06)","165kcal","","","3123.31kcal"
"2025-02-05(수)","배추김치","0kcal","깍두기(수의)(09)","15.2kcal","깍두기(완제품)","0kcal","","","3123.31kcal"
"2025-02-06(목)","밥","382.76kcal","검은콩밥","403.41kcal","카레밥(02)(05)(06)(10)(15)(16)","712.76kcal","","","3369.62kcal"
"2025-02-06(목)","황태해장국(완)(05)","18.58kcal","닭고기육개장(05)(06)(15)(16)","66.4kcal","팽이버섯된장국(05)(06)(09)(16)","83.35kcal","","","3369.62kcal"
"2025-02-06(목)","애호박나물(05)(09)","43.78kcal","돼지삼겹야채볶음(05)(10)","529.61kcal","생선가스(01)(05)(06)","727.94kcal","","","3369.62kcal"
"2025-02-06(목)","닭간장소스찜(15)","315.28kcal","부추겉절이","15.15kcal","마시는발효유(02)","70.6kcal","","","3369.62kcal"
"2025-02-06(목)","배추김치","0kcal","배추김치","0kcal","열무김치","0kcal","","","3369.62kcal"
"2025-02-07(금)","밥","382.76kcal","밥","382.76kcal","밥","382.76kcal","","","2856.36kcal"
"2025-02-07(금)","어묵탕(05)(06)","101.41kcal","콩나물김치국(05)(06)(16)","25.38kcal","꽃게탕(05)(06)(08)(09)(17)","95.17kcal","","","2856.36kcal"
"2025-02-07(금)","비엔나메추리알조림(01)(02)(05)(06)(10)(15)(16)(18)","365.15kcal","돼지고기고추장볶음(05)(10)","382.59kcal","냉채족발(02)(05)(06)(10)(16)","330kcal","","","2856.36kcal"
"2025-02-07(금)","상추겉절이","14.56kcal","멸치볶음(05)","71.57kcal","모듬쌈(05)(06)","28.45kcal","","","2856.36kcal"
"2025-02-07(금)","백색우유(02)","65kcal","열무김치","0kcal","무말랭이무침(13)","140kcal","","","2856.36kcal"
"2025-02-07(금)","배추김치","0kcal","","","이온음료","88.8kcal","","","2856.36kcal"
"2025-02-07(금)","","","","","보쌈김치","0kcal","","","2856.36kcal"
"2025-02-08(토)","핫도그빵(01)(02)(05)(06)","634.6kcal","밥1","319.82kcal","불닭덮밥(02)(05)(06)(12)(15)(16)(18)","660.59kcal","","","3095.55kcal"
"2025-02-08(토)","스크램블에그(01)(05)","206kcal","브로콜리크림스프(02)(06)","275kcal","얼갈이된장국(05)(06)","32.25kcal","","","3095.55kcal"
"2025-02-08(토)","단호박샐러드(완)","160.2kcal","미니바베큐","0kcal","무나물","22.09kcal","","","3095.55kcal"
"2025-02-08(토)","백색우유(02)","65kcal","오이피클(05)(06)","175kcal","가공우유(쿠키앤크림)(02)","185kcal","","","3095.55kcal"
"2025-02-08(토)","시리얼(휴일)","360kcal","배추김치","0kcal","열무김치","0kcal","","","3095.55kcal"
"2025-02-09(일)","밥","382.76kcal","밥","382.76kcal","밥","382.76kcal","","","2435.37kcal"
"2025-02-09(일)","콩나물국(05)(06)(16)","29.85kcal","오징어국(05)(06)(09)(16)(17)","100.96kcal","사골미역국(16)","32.26kcal","","","2435.37kcal"
"2025-02-09(일)","소고기꽈리고추조림(05)(16)","304.26kcal","간장돼지불고기(완제품)(05)","308.67kcal","닭고기야채조림(05)(15)","349.57kcal","","","2435.37kcal"
"2025-02-09(일)","부추겉절이","15.15kcal","브로콜리깨소금무침(05)","54.53kcal","시금치무침","26.84kcal","","","2435.37kcal"
"2025-02-09(일)","배추김치","0kcal","백색우유(02)","65kcal","짜먹는발효유","0kcal","","","2435.37kcal"
"2025-02-09(일)","","","배추김치","0kcal","배추김치","0kcal","","","2435.37kcal"
"2025-02-10(월)","밥","382.76kcal","밀쌀밥","383.22kcal","찹쌀밥","402.76kcal","","","2427.36kcal"
"2025-02-10(월)","근대된장국(05)(06)","34.25kcal","감자고추장찌개(05)(06)(16)","96.08kcal","뼈없는감자탕(완)","87.39kcal","","","2427.36kcal"
"2025-02-10(월)","치즈함박스테이크(01)(02)(05)(06)(10)(12)(15)(16)","339.8kcal","김자반","88.4kcal","찐새우만두","0kcal","","","2427.36kcal"
"2025-02-10(월)","연두부&양념장(05)","70.66kcal","닭바베큐소스조림(05)(15)","366.83kcal","오징어젓무침(17)","47.92kcal","","","2427.36kcal"
"2025-02-10(월)","백색우유(02)","65kcal","부추양파무침","11.09kcal","딸기","36kcal","","","2427.36kcal"
"2025-02-10(월)","열무김치","0kcal","배추김치","0kcal","깍두기(수의)(09)","15.2kcal","","","2427.36kcal"
"2025-02-11(화)","밥","382.76kcal","밥","382.76kcal","밥","382.76kcal","","","3209.41kcal"
"2025-02-11(화)","콩나물무채국(05)(06)","29.72kcal","참치김치찌개(05)(09)","80kcal","마라탕(09)(16)","55.75kcal","","","3209.41kcal"
"2025-02-11(화)","비엔나소시지케찹볶음(02)(05)(06)(10)(12)(16)(18)","379.15kcal","돼지불고기(05)(10)","334.85kcal","갑오징어튀김(05)(06)(17)","614.6kcal","","","3209.41kcal"
"2025-01-14(화)","시금치된장국(05)(06)(09)(16)","45.38kcal","감자국(05)(06)(16)","44.31kcal","햄감자찌개(05)(06)(10)(16)","149.99kcal","","","2666.34kcal"
"2025-01-14(화)","마파두부(05)(06)(10)(15)(18)","260.43kcal","훈제오리볶음(01)(05)(06)(18)","458.52kcal","고추잡채(05)(06)(10)(18)","391.48kcal","","","2666.34kcal"
"2025-01-14(화)","콩나물무침(05)","24.48kcal","부추겉절이","15.15kcal","청포묵무침(05)","51.51kcal","","","2666.34kcal"
"2025-01-14(화)","배추김치","0kcal","무쌈","40kcal","샤인머스켓","67.5kcal","","","2666.34kcal"
"2025-01-14(화)","","","배추김치(수의계약)","12kcal","열무김치","0kcal","","","2666.34kcal"
"2025-01-15(수)","밥","368.53kcal","찹쌀밥","388.53kcal","새우튀김덮밥(에비동)(05)(06)(09)(18)","789.79kcal","","","3111.75kcal"
"2025-01-15(수)","콩나물무채국(05)(06)","29.72kcal","꼬리곰탕(05)(06)(09)","401.06kcal","미소장국","59.77kcal","","","3111.75kcal"
"2025-01-15(수)","언양식바싹불고기(01)(02)(05)(06)(10)(12)(15)(16)","340.5kcal","닭순살야채조림(15)","254.72kcal","닭꼬치(완)(05)(15)","246.4kcal","","","3111.75kcal"
"2025-01-15(수)","오이무침(05)","22.07kcal","상추겉절이","14.56kcal","꼬들단무지(13)","20.5kcal","","","3111.75kcal"
"2025-01-15(수)","백색우유(02)","65kcal","배추김치","0kcal","마시는발효유(02)","70.6kcal","","","3111.75kcal"
"2025-01-15(수)","김","28kcal","","","쿠키앤크림스틱치즈케익","","","","3111.75kcal"
"2025-01-15(수)","배추김치(수의계약)","12kcal","","","초코티라미스케익, 60g","","","","3111.75kcal"
"2025-01-16(목)","밥","368.53kcal","현미밥","386.68kcal","자장밥(05)(06)(10)","711.73kcal","","","3357.57kcal"
"2025-01-16(목)","쇠고기무국(05)(06)(16)","60.68kcal","얼큰수제비국(05)(06)(16)","128.94kcal","계란국(01)(09)(16)","55.37kcal","","","3357.57kcal"
"2025-01-16(목)","애호박나물(05)(09)","43.78kcal","달콤돼지고기볶음(10)","317.93kcal","탕수육(05)(06)(10)","581.53kcal","","","3357.57kcal"
"2025-01-16(목)","비엔나소시지케찹볶음(02)(05)(06)(10)(12)(16)(18)","379.15kcal","동그랑땡(02)(05)(06)(10)(16)","246.25kcal","배추김치(수의계약)","12kcal","","","3357.57kcal"
"2025-01-16(목)","백색우유(02)","65kcal","열무김치","0kcal","","","","","3357.57kcal"
"2025-01-16(목)","배추김치","0kcal","","","","","","","3357.57kcal"
"2025-01-17(금)","밥","368.53kcal","검은콩밥","389.18kcal","밥","368.53kcal","","","3126.67kcal"
"2025-01-17(금)","콩나물김치국(05)(06)(16)","25.38kcal","부대찌개(02)(05)(06)(10)(15)(16)(18)","193.97kcal","어묵탕(05)(06)","101.41kcal","","","3126.67kcal"
"2025-01-17(금)","느타리버섯볶음(05)","37.98kcal","낙지삼겹살새우볶음(05)(09)(10)(17)","432.61kcal","떡볶이(01)(05)(06)","398.67kcal","","","3126.67kcal"
"2025-01-17(금)","닭간장소스찜(15)","335.32kcal","부추양파무침","11.09kcal","김밥튀김(01)(02)(05)(06)(10)(13)(16)","273kcal","","","3126.67kcal"
"2025-01-17(금)","깍두기(완제품)","0kcal","토핑형발효유(02)(06)","165kcal","반달단무지","10.8kcal","","","3126.67kcal"
"2025-01-17(금)","","","깍두기(수의)(09)","15.2kcal","","","","","3126.67kcal"
"2025-01-18(토)","햄치즈버거(01)(02)(06)(10)(12)","903.69kcal","밥","368.53kcal","삼색도리덮밥(01)(05)(15)","775.32kcal","","","3256.11kcal"
"2025-01-18(토)","해쉬브라운케찹(05)","325.32kcal","닭고기미역국(05)(06)(15)(16)","47.61kcal","무청시래기국(05)(06)","41.95kcal","","","3256.11kcal"
"2025-01-18(토)","양파찹&소스","0kcal","돼지불고기(05)(10)","334.85kcal","새송이버섯야채볶음(05)(06)(10)(18)","65.19kcal","","","3256.11kcal"
"2025-01-18(토)","백색우유(02)","65kcal","콩나물매운무침(05)","24.53kcal","사과(후지)","55.42kcal","","","3256.11kcal"
"2025-01-18(토)","시리얼(3)","154.2kcal","가공우유(바나나맛)(02)","82.5kcal","열무김치","0kcal","","","3256.11kcal"
"2025-01-18(토)","","","배추김치(수의계약)","12kcal","","","","","3256.11kcal"
"2025-01-19(일)","밥","368.53kcal","밥","368.53kcal","밥","368.53kcal","","","2560.32kcal"
"2025-01-19(일)","콩나물무채국(05)(06)","29.72kcal","호박된장찌개(05)(06)(09)","96.26kcal","사골미역국(16)","32.26kcal","","","2560.32kcal"
"2025-01-19(일)","멸치볶음(05)","71.57kcal","소불고기(완제품)(05)(16)","398.67kcal","닭볶음탕(05)(15)","308.53kcal","","","2560.32kcal"
"2025-01-19(일)","닭순살야채조림(15)","254.72kcal","오징어채무침(05)(17)","142.85kcal","무생채","15.15kcal","","","2560.32kcal"
"2025-01-19(일)","김","28kcal","열무김치","0kcal","배추김치(수의계약)","12kcal","","","2560.32kcal"
"2025-01-19(일)","백색우유(02)","65kcal","","","","","","","2560.32kcal"
"2025-01-19(일)","배추김치","0kcal","","","","","","","2560.32kcal"
"2025-01-20(월)","밥","368.53kcal","밥","368.53kcal","밥1","319.52kcal","","","3247.51kcal"
"2025-01-20(월)","얼큰쇠고기무국(05)(06)(16)","60.04kcal","두부된장찌개(05)(06)(09)","99.38kcal","돈가스(02)(05)(06)(10)(12)(16)(18)","688.25kcal","","","3247.51kcal"
"2025-01-20(월)","비엔나소시지감자조림(02)(05)(06)(10)(16)(18)","344.86kcal","오리불고기(05)","40.03kcal","이온음료","88.8kcal","","","3247.51kcal"
"2025-01-20(월)","콩나물무침(05)","24.48kcal","무쌈","40kcal","양송이스프(02)(05)(06)(15)","175kcal","","","3247.51kcal"
"2025-01-20(월)","백색우유(02)","65kcal","흑임자드레싱(01)(05)","28.48kcal","오이피클(05)(06)","175kcal","","","3247.51kcal"
"2025-01-20(월)","배추김치","0kcal","배추김치(수의계약)","12kcal","참치샐러드","349.61kcal","","","3247.51kcal"
"2025-01-21(화)","밥","368.53kcal","찰수수밥","388.2kcal","밀쌀밥","368.99kcal","","","3233.24kcal"
"2025-01-21(화)","홍합탕(05)(06)(09)(17)(18)","94.16kcal","순두부된장국(05)(06)(09)","93.57kcal","햄감자찌개(05)(06)(10)(16)","149.99kcal","","","3233.24kcal"
"2025-01-21(화)","마파감자(05)(06)(10)(15)(18)","361.05kcal","오징어삼겹볶음(05)(10)(17)","356.5kcal","코다리강정(05)(06)","689.9kcal","","","3233.24kcal"
"2025-01-21(화)","메추리알장조림(완)(01)(05)(06)","82.5kcal","상추겉절이","14.56kcal","옥수수계란찜(02)(09)","52.29kcal","","","3233.24kcal"
"2025-01-21(화)","배추김치","0kcal","토핑형발효유(02)(06)","165kcal","딸기","36kcal","","","3233.24kcal"
"2025-01-21(화)","","","배추김치(수의계약)","12kcal","배추김치","0kcal","","","3233.24kcal"
"2025-01-21(화)","","","","","오뚜기열라면, 105g","","","","3233.24kcal"
"2025-01-22(수)","밥","368.53kcal","밥","368.53kcal","비빔밥(05)(16)","596.96kcal","","","2761.53kcal"
"2025-01-22(수)","팽이버섯된장국(05)(06)(09)(16)","83.35kcal","쇠고기버섯전골(05)(06)(09)(16)","92.55kcal","콩나물김치국(05)(06)(16)","25.38kcal","","","2761.53kcal"
"2025-01-22(수)","고구마함박스테이크(05)(12)","166kcal","사천식캐슈넛멸치볶음(04)(05)(14)","108.06kcal","닭꼬치(완)(05)(15)","246.4kcal","","","2761.53kcal"
"2025-01-22(수)","피자오믈렛(01)(02)(05)(06)(10)(12)(15)(16)(18)","246kcal","콩나물잡채(05)(06)(10)","201.37kcal","계란후라이(완제품)(01)(02)(06)(10)","102.5kcal","","","2761.53kcal"
"2025-01-22(수)","배추김치","0kcal","백색우유(02)","65kcal","오이장아찌","8.3kcal","","","2761.53kcal"
"2025-01-22(수)","","","배추김치(수의계약)","12kcal","마시는발효유(02)","70.6kcal","","","2761.53kcal"
"2025-01-22(수)","","","","","야채건빵,증식용, 65g","","","","2761.53kcal"
"2025-01-23(목)","밥","368.53kcal","밥","368.53kcal","밥","368.53kcal","","","2891.24kcal"
"2025-01-23(목)","순두부백탕(05)(06)(09)(17)(18)","82.38kcal","얼갈이된장국(05)(06)","32.25kcal","닭곰탕(15)","90.89kcal","","","2891.24kcal"
"2025-01-23(목)","돼지고기고추장볶음(05)(10)","382.59kcal","감자채볶음(05)(10)","118.69kcal","돼지고기부추볶음(05)(06)(10)(18)","345.13kcal","","","2891.24kcal"
"2025-01-23(목)","부추양파무침","11.09kcal","볼케이노치킨(02)(05)(06)(12)(15)(16)(18)","306.39kcal","김말이튀김(05)","271.74kcal","","","2891.24kcal"
"2025-01-23(목)","배추김치","0kcal","백색우유(02)","65kcal","샤인머스켓","67.5kcal","","","2891.24kcal"
"2025-01-23(목)","","","배추김치(수의계약)","12kcal","열무김치","0kcal","","","2891.24kcal"
"2025-01-24(금)","밥","368.53kcal","찹쌀밥","388.53kcal","중화식덮밥(05)(09)(10)(17)","664.89kcal","","","2991.59kcal"
"2025-01-24(금)","감자국(05)(06)(16)","44.31kcal","사골곰탕(05)(06)","210.29kcal","콩나물국(05)(06)(16)","29.85kcal","","","2991.59kcal"
"2025-01-24(금)","호박새우볶음(05)(09)","44.23kcal","고기만두찜","7.24kcal","유린기(05)(06)(15)","618.33kcal","","","2991.59kcal"
"2025-01-24(금)","닭간장소스찜(15)","335.32kcal","낙지젓무침(17)","33.57kcal","계란후라이(완제품)(01)(02)(06)(10)","102.5kcal","","","2991.59kcal"
"2025-01-24(금)","김","28kcal","이온음료","88.8kcal","짜먹는발효유","0kcal","","","2991.59kcal"
"2025-01-24(금)","배추김치(수의계약)","12kcal","깍두기(수의)(09)","15.2kcal","배추김치","0kcal","","","2991.59kcal"
"2025-01-25(토)","핫도그빵(01)(02)(05)(06)","634.6kcal","삼각주먹밥(완)(01)(02)(05)(06)(16)(18)","195kcal","제육덮밥(05)(10)","731.24kcal","","","2972.89kcal"
"2025-01-25(토)","스크램블에그(01)(05)","115kcal","우동국1(05)(06)","78.14kcal","시금치된장국(05)(06)(09)(16)","45.38kcal","","","2972.89kcal"
"2025-01-25(토)","코울슬로샐러드(01)(05)","119.7kcal","바베큐폭립(완제품)(05)(06)(10)(12)","281.75kcal","계란후라이(완제품)(01)(02)(06)(10)","102.5kcal","","","2972.89kcal"
"2025-01-25(토)","백색우유(02)","65kcal","배추김치(수의계약)","12kcal","파채무침(05)(06)","38.58kcal","","","2972.89kcal"
"2025-01-25(토)","시리얼(휴일)","360kcal","","","가공우유(초코맛)(02)","194kcal","","","2972.89kcal"
"2025-01-26(일)","밥","368.53kcal","밥","368.53kcal","밥","368.53kcal","","","2567.69kcal"
"2025-01-26(일)","홍합탕(05)(06)(09)(17)(18)","94.16kcal","김치찌개(05)(09)(10)","133.01kcal","닭볶음탕(05)(15)","308.53kcal","","","2567.69kcal"
"2025-01-26(일)","돼지고기부추볶음(05)(06)(10)(18)","345.13kcal","낙지삼겹살새우볶음(05)(09)(10)(17)","432.61kcal","황태해장국(완)(05)","18.58kcal","","","2567.69kcal"
"2025-01-26(일)","무생채","15.15kcal","시금치무침","26.84kcal","부추양파무침","11.09kcal","","","2567.69kcal"
"2025-01-26(일)","백색우유(02)","65kcal","깍두기(완제품)","0kcal","배추김치(수의계약)","12kcal","","","2567.69kcal"
"2025-01-26(일)","배추김치","0kcal","","","","","","","2567.69kcal"
"2025-01-27(월)","밥","368.53kcal","잡곡밥","416.06kcal","밥","368.53kcal","","","2894.68kcal"
"2025-01-27(월)","콩나물국(05)(06)(16)","29.85kcal","얼갈이된장국(05)(06)","32.25kcal","참치김치찌개(05)(09)","80kcal","","","2894.68kcal"
"2025-01-27(월)","쇠고기감자조림(05)(16)","347.17kcal","오징어볶음(05)(17)","281.7kcal","닭순살치킨가스(01)(05)(06)(10)(12)(15)(16)","559kcal","","","2894.68kcal"
"2025-01-27(월)","메추리알장조림(완)(01)(05)(06)","82.5kcal","애호박나물(05)(09)","43.78kcal","토핑형발효유(02)(06)","165kcal","","","2894.68kcal"
"2025-01-27(월)","열무김치","0kcal","백색우유(02)","65kcal","야채샐러드유자드레싱(02)","28.11kcal","","","2894.68kcal"
"2025-01-27(월)","","","배추김치(수의계약)","12kcal","깍두기(수의)(09)","15.2kcal","","","2894.68kcal"
"2025-01-28(화)","밥","368.53kcal","밥","368.53kcal","밥","368.53kcal","","","3210.45kcal"
"2024-12-30(월)","김","28kcal","배추김치","0kcal","백색우유(02)","65kcal","","","2199.18kcal"
"2024-12-30(월)","배추김치","0kcal","","","배추김치","0kcal","","","2199.18kcal"
"2024-12-31(화)","밥","356.99kcal","찹쌀밥","376.99kcal","밥","356.99kcal","","","2894.02kcal"
"2024-12-31(화)","콩나물무채국(05)(06)","29.72kcal","차돌박이된장찌개(05)(06)(16)","115.21kcal","우거지갈비탕(02)(05)(06)(10)(16)(18)","495.39kcal","","","2894.02kcal"
"2024-12-31(화)","돼지고기고추장볶음(05)(10)","382.59kcal","돼지고기무볶음(05)(10)","239.72kcal","매콤닭봉조림(05)","396.71kcal","","","2894.02kcal"
"2024-12-31(화)","풋고추된장무침(05)(06)","29.71kcal","오이무침(05)","22.02kcal","콩나물무침(05)","24.48kcal","","","2894.02kcal"
"2024-12-31(화)","배추김치","0kcal","샤인머스켓","67.5kcal","배추김치","0kcal","","","2894.02kcal"
"2024-12-31(화)","","","깍두기(수의)","0kcal","","","","","2894.02kcal"
"2025-01-01(수)","쇠고기떡국(05)(16)","315.62kcal","밥","368.53kcal","밥","368.53kcal","","","2200.49kcal"
"2025-01-01(수)","어묵볶음(05)(06)","266.86kcal","황태채국(01)(05)(06)(16)","78.72kcal","계란국(01)(09)(16)","55.37kcal","","","2200.49kcal"
"2025-01-01(수)","찐새우만두","0kcal","애호박나물(05)(09)","43.78kcal","새송이버섯야채볶음(05)(06)(10)(18)","65.19kcal","","","2200.49kcal"
"2025-01-01(수)","깍두기(완제품)","0kcal","주꾸미볶음(05)(10)","241.26kcal","돼지고기육전(01)(05)(06)(10)","138.63kcal","","","2200.49kcal"
"2025-01-01(수)","","","백색우유(02)","65kcal","토핑형발효유(02)(06)","165kcal","","","2200.49kcal"
"2025-01-01(수)","","","배추김치","0kcal","김","28kcal","","","2200.49kcal"
"2025-01-01(수)","","","","","깍두기(완제품)","0kcal","","","2200.49kcal"
"2025-01-02(목)","밥","368.53kcal","찹쌀밥","388.53kcal","밥","368.53kcal","","","2909.59kcal"
"2025-01-02(목)","순두부백탕(05)(06)(09)(17)(18)","82.38kcal","참치 고추장찌개(05)(06)(09)(16)","156.92kcal","꽃게탕(05)(06)(08)(09)(17)","98.06kcal","","","2909.59kcal"
"2025-01-02(목)","미트볼조림(01)(02)(05)(06)(10)(12)(15)(16)","491.74kcal","닭순살김치볶음(05)(15)","372.85kcal","치즈등심돈가스(02)(05)(06)(10)(12)(16)(18)","405kcal","","","2909.59kcal"
"2025-01-02(목)","시금치무침","26.84kcal","느타리버섯볶음(05)","37.98kcal","양배추샐러드(01)(05)(06)(12)(16)(18)","23.43kcal","","","2909.59kcal"
"2025-01-02(목)","배추김치","0kcal","짜먹는발효유","0kcal","이온음료","88.8kcal","","","2909.59kcal"
"2025-01-02(목)","","","열무김치","0kcal","배추김치","0kcal","","","2909.59kcal"
"2025-01-03(금)","밥","368.53kcal","흑미밥","387.28kcal","현미밥","386.68kcal","","","2444.81kcal"
"2025-01-03(금)","쇠고기무국(05)(06)(16)","60.68kcal","오징어국(05)(06)(09)(16)(17)","100.96kcal","굴순두부찌개(01)(05)(06)(09)(17)(18)","110.33kcal","","","2444.81kcal"
"2025-01-03(금)","김자반","88.4kcal","언양식바싹불고기(01)(02)(05)(06)(10)(12)(15)(16)","340.5kcal","돼지고기무볶음(05)(10)","239.72kcal","","","2444.81kcal"
"2025-01-03(금)","계란말이(완)(01)(05)(12)","78.5kcal","봄동겉절이(05)","47.63kcal","김자반","88.4kcal","","","2444.81kcal"
"2025-01-03(금)","브로콜리깨소금무침(05)","54.53kcal","마시는발효유(02)","70.6kcal","오이무침(05)","22.07kcal","","","2444.81kcal"
"2025-01-03(금)","배추김치","0kcal","배추김치","0kcal","배추김치","0kcal","","","2444.81kcal"
"2025-01-04(토)","불고기버거(01)(02)(05)(06)(10)(12)(16)","560.16kcal","밥","368.53kcal","오징어덮밥(05)(17)","637.85kcal","","","2816.27kcal"
"2025-01-04(토)","계란후라이(완제품)(01)(02)(06)(10)","102.5kcal","콩나물김치국(05)(06)(16)","25.38kcal","근대된장국(05)(06)","34.25kcal","","","2816.27kcal"
"2025-01-04(토)","백색우유(02)","65kcal","닭고기야채조림(05)(15)","349.57kcal","감자채볶음(05)(10)","118.69kcal","","","2816.27kcal"
"2025-01-04(토)","시리얼(증)(05)(06)","236.4kcal","양념새우살장","35.44kcal","배추김치","0kcal","","","2816.27kcal"
"2025-01-04(토)","","","가공우유(딸기맛)(02)(05)","282.5kcal","","","","","2816.27kcal"
"2025-01-04(토)","","","깍두기(완제품)","0kcal","","","","","2816.27kcal"
"2025-01-05(일)","밥","368.53kcal","밥","368.53kcal","밥","368.53kcal","","","2367.67kcal"
"2025-01-05(일)","쇠고기미역국(05)(06)(16)","49.11kcal","콩나물국(05)(06)(16)","29.85kcal","사골우거지국(02)(05)(06)(16)(18)","164.58kcal","","","2367.67kcal"
"2025-01-05(일)","한입떡갈비(02)(05)(06)(10)(16)","377.8kcal","꽈리고추멸치볶음(05)","88.26kcal","닭볶음탕(05)(15)","308.53kcal","","","2367.67kcal"
"2025-01-05(일)","브로콜리깨소금무침(05)","54.53kcal","고추장돼지불고기(완제품)(05)","109.27kcal","무생채","15.15kcal","","","2367.67kcal"
"2025-01-05(일)","백색우유(02)","65kcal","짜먹는발효유","0kcal","열무김치","0kcal","","","2367.67kcal"
"2025-01-05(일)","배추김치","0kcal","배추김치","0kcal","","","","","2367.67kcal"
"2025-01-06(월)","밥","368.53kcal","밥","368.53kcal","카레밥(02)(05)(06)(10)(15)(16)","698.53kcal","","","3348.77kcal"
"2025-01-06(월)","닭고기육개장(01)(05)(06)(15)(16)","85.17kcal","순두부백탕(05)(06)(09)(17)(18)","82.38kcal","팽이버섯된장국(05)(06)(09)(16)","83.35kcal","","","3348.77kcal"
"2025-01-06(월)","오징어볶음(05)(17)","281.7kcal","닭간장소스찜(15)","335.32kcal","생선가스(01)(05)(06)","727.94kcal","","","3348.77kcal"
"2025-01-06(월)","콩나물무침(05)","24.48kcal","시금치무침","26.84kcal","딸기","36kcal","","","3348.77kcal"
"2025-01-06(월)","백색우유(02)","65kcal","토핑형발효유(02)(06)","165kcal","열무김치","0kcal","","","3348.77kcal"
"2025-01-06(월)","배추김치","0kcal","깍두기(완제품)","0kcal","","","","","3348.77kcal"
"2025-01-07(화)","밥","368.53kcal","밥","368.53kcal","밥","368.53kcal","","","2538.35kcal"
"2025-01-07(화)","어묵탕(05)(06)","101.41kcal","콩나물김치국(05)(06)(16)","25.38kcal","차돌박이된장찌개(05)(06)(16)","127.48kcal","","","2538.35kcal"
"2025-01-07(화)","마파두부(05)(06)(10)(15)(18)","260.43kcal","멸치볶음(05)","71.57kcal","감자채볶음(05)(10)","118.69kcal","","","2538.35kcal"
"2025-01-07(화)","상추겉절이","14.56kcal","돼지고기고추장볶음(05)(10)","382.59kcal","순살고등어구이(05)(07)","176.85kcal","","","2538.35kcal"
"2025-01-07(화)","배추김치","0kcal","백색우유(02)","65kcal","이온음료","88.8kcal","","","2538.35kcal"
"2025-01-07(화)","","","열무김치","0kcal","깍두기(완제품)","0kcal","","","2538.35kcal"
"2025-01-07(화)","","","","","농심,육개장사발면,86g","","","","2538.35kcal"
"2025-01-08(수)","밥","368.53kcal","잡곡밥","416.06kcal","밥","368.53kcal","","","3046.73kcal"
"2025-01-08(수)","감자국(05)(06)(16)","44.31kcal","부대찌개(02)(05)(06)(10)(15)(16)(18)","193.97kcal","패주미역국(05)(06)(16)(18)","41.32kcal","","","3046.73kcal"
"2025-01-08(수)","오삼불고기(05)(10)(17)","627.45kcal","닭순살야채조림(15)","254.72kcal","모듬쌈(05)(06)","28.45kcal","","","3046.73kcal"
"2025-01-08(수)","연두부&양념장(05)","70.66kcal","브로콜리깨소금무침(05)","54.53kcal","냉채족발(02)(05)(06)(10)(16)","330kcal","","","3046.73kcal"
"2025-01-08(수)","백색우유(02)","65kcal","깍두기(수의)(09)","15.2kcal","무말랭이무침(13)","140kcal","","","3046.73kcal"
"2025-01-08(수)","김","28kcal","","","보쌈김치","0kcal","","","3046.73kcal"
"2025-01-08(수)","배추김치","0kcal","","","","","","","3046.73kcal"
"2025-01-09(목)","밥","368.53kcal","밀쌀밥","368.99kcal","찹쌀밥","388.53kcal","","","2756.31kcal"
"2025-01-09(목)","근대된장국(05)(06)","34.25kcal","감자고추장찌개(05)(06)(16)","96.08kcal","뼈없는감자탕(완)","87.39kcal","","","2756.31kcal"
"2025-01-09(목)","치즈함박스테이크(01)(02)(05)(06)(10)(12)(15)(16)","339.8kcal","돼지고기부추볶음(05)(06)(10)(18)","345.13kcal","왕만두찜(김치)","0kcal","","","2756.31kcal"
"2025-01-09(목)","감자에그샐러드(완)","315kcal","김자반","88.4kcal","오징어젓무침(17)","47.92kcal","","","2756.31kcal"
"2025-01-09(목)","열무김치","0kcal","부추양파무침","11.09kcal","두유","250kcal","","","2756.31kcal"
"2025-01-09(목)","","","배추김치","0kcal","깍두기(수의)(09)","15.2kcal","","","2756.31kcal"
"2025-01-10(금)","밥","368.53kcal","밥","368.53kcal","밥","368.53kcal","","","3180.91kcal"
"2025-01-10(금)","콩나물무채국(05)(06)","29.72kcal","돼지고기김치찌개(05)(09)(10)","162.98kcal","마라탕(09)(16)","56.83kcal","","","3180.91kcal"
"2025-01-10(금)","비엔나소시지케찹볶음(02)(05)(06)(10)(12)(16)(18)","379.15kcal","닭바베큐소스조림(05)(15)","356.98kcal","오징어튀김(01)(05)(06)(17)","712.14kcal","","","3180.91kcal"
"2025-01-10(금)","계란장조림","251.6kcal","풋고추된장무침(05)(06)","30.57kcal","부추겉절이","15.15kcal","","","3180.91kcal"
"2025-01-10(금)","배추김치","0kcal","깍두기(수의)(09)","15.2kcal","백색우유(02)","65kcal","","","3180.91kcal"
"2025-01-10(금)","","","","","배추김치","0kcal","","","3180.91kcal"
"2025-01-11(토)","핫도그빵(01)(02)(05)(06)","634.6kcal","밥","368.53kcal","불닭덮밥(02)(05)(06)(12)(15)(16)(18)","653.71kcal","","","2893.22kcal"
"2025-01-11(토)","스크램블에그(01)(05)","115kcal","황태해장국(완)(05)","18.58kcal","얼갈이된장국(05)(06)","32.25kcal","","","2893.22kcal"
"2025-01-11(토)","시리얼(2)(05)","258kcal","닭순살볶음우동(05)(06)(15)","321.28kcal","무나물","22.09kcal","","","2893.22kcal"
"2025-01-11(토)","백색우유(02)","65kcal","애호박나물(05)(09)","43.78kcal","가공우유(쿠키앤크림)(02)","185kcal","","","2893.22kcal"
"2025-01-11(토)","단호박샐러드(완)","160.2kcal","깍두기(수의)(09)","15.2kcal","열무김치","0kcal","","","2893.22kcal"
"2025-01-12(일)","밥","368.53kcal","밥","368.53kcal","밥","368.53kcal","","","2525.00kcal"
"2025-01-12(일)","콩나물국(05)(06)(16)","29.85kcal","오징어국(05)(06)(09)(16)(17)","100.96kcal","사골우거지국(02)(05)(06)(16)(18)","164.58kcal","","","2525.00kcal"
"2025-01-12(일)","소고기꽈리고추조림(05)(16)","304.26kcal","간장돼지불고기(완제품)(05)","308.67kcal","닭고기야채조림(05)(15)","349.57kcal","","","2525.00kcal"
"2025-01-12(일)","부추겉절이","15.15kcal","브로콜리깨소금무침(05)","54.53kcal","시금치무침","26.84kcal","","","2525.00kcal"
"2025-01-12(일)","배추김치","0kcal","백색우유(02)","65kcal","배추김치","0kcal","","","2525.00kcal"
"2025-01-12(일)","","","배추김치","0kcal","","","","","2525.00kcal"
"2025-01-13(월)","밥","368.53kcal","투움바파스타(02)(05)(10)","391.06kcal","밥","368.53kcal","","","3201.99kcal"
"2025-01-13(월)","두부된장찌개(05)(06)(09)","99.38kcal","밥1","319.52kcal","쇠고기육개장(01)(05)(06)(16)","86.24kcal","","","3201.99kcal"
"2025-01-13(월)","비엔나메추리알조림(01)(02)(05)(06)(10)(15)(16)(18)","365.15kcal","게살크래미주먹밥(01)(02)(05)(06)(09)(12)(18)","175kcal","갈치순살튀김(01)(05)(06)","806.8kcal","","","3201.99kcal"
"2025-01-13(월)","무나물","22.09kcal","무&비트피클(완)","30kcal","계란찜(09)","3.89kcal","","","3201.99kcal"
"2025-01-13(월)","백색우유(02)","65kcal","배추김치","0kcal","이온음료","88.8kcal","","","3201.99kcal"
"2025-01-13(월)","배추김치","0kcal","","","배추김치(수의계약)","12kcal","","","3201.99kcal"
"2025-01-14(화)","밥","368.53kcal","밥","368.53kcal","밥","368.53kcal","","","2666.34kcal"
"2024-12-15(일)","백색우유(02)","65kcal","배추김치","0kcal","두유","250kcal","","","2718.76kcal"
"2024-12-15(일)","배추김치","0kcal","","","배추김치","0kcal","","","2718.76kcal"
"2024-12-16(월)","밥","356.99kcal","밥","356.99kcal","밥","356.99kcal","","","3189.28kcal"
"2024-12-16(월)","근대된장국(05)(06)","34.25kcal","홍합탕(05)(06)(09)(17)(18)","99.16kcal","참치오믈렛(01)","185kcal","","","3189.28kcal"
"2024-12-16(월)","닭바베큐소스조림(05)(15)","349.63kcal","돼지고기부추볶음(05)(06)(10)(18)","345.13kcal","감자국(05)(06)(16)","44.18kcal","","","3189.28kcal"
"2024-12-16(월)","오이무침(05)","22.02kcal","브로콜리깨소금무침(05)","56.55kcal","치킨너겟(01)(02)(05)(06)(12)(15)(16)(18)","752.39kcal","","","3189.28kcal"
"2024-12-16(월)","백색우유(02)","65kcal","배추김치","0kcal","토핑형발효유(02)(06)","165kcal","","","3189.28kcal"
"2024-12-16(월)","배추김치","0kcal","","","배추김치","0kcal","","","3189.28kcal"
"2024-12-17(화)","밥","356.99kcal","밥","356.99kcal","꼬막비빔밥(18)","390.02kcal","","","2754.10kcal"
"2024-12-17(화)","콩나물국(05)(06)(16)","29.85kcal","시금치된장국(05)(06)(09)(16)","45.38kcal","햄감자찌개(05)(06)(10)(16)","149.9kcal","","","2754.10kcal"
"2024-12-17(화)","오삼불고기(05)(10)(17)","561.25kcal","닭순살김치볶음(05)(15)","365.37kcal","닭꼬치(완)(05)(15)","246.4kcal","","","2754.10kcal"
"2024-12-17(화)","계란장조림","236.8kcal","무생채","15.15kcal","짜먹는발효유","0kcal","","","2754.10kcal"
"2024-12-17(화)","배추김치","0kcal","열무김치","0kcal","배추김치","0kcal","","","2754.10kcal"
"2024-12-17(화)","","","","","농심,육개장사발면,86g","","","","2754.10kcal"
"2024-12-17(화)","","","","","농심,오징어짬뽕큰사발,115g","","","","2754.10kcal"
"2024-12-18(수)","밥","356.99kcal","잡곡밥","393.41kcal","중화식덮밥(05)(09)(10)(17)","547.37kcal","","","3003.15kcal"
"2024-12-18(수)","오징어국(05)(06)(09)(16)(17)","100.96kcal","쇠고기육개장(01)(05)(06)(16)","86.24kcal","아욱된장국(05)(06)","41.17kcal","","","3003.15kcal"
"2024-12-18(수)","감자채볶음(05)(10)","118.61kcal","호박새우볶음(05)(09)","49.23kcal","유린기(05)(06)(15)","618.33kcal","","","3003.15kcal"
"2024-12-18(수)","언양식바싹불고기(02)(05)(06)(10)(12)(15)(16)","283.5kcal","김말이튀김(05)","271.74kcal","깍두기(수의)","0kcal","","","3003.15kcal"
"2024-12-18(수)","백색우유(02)","65kcal","마시는발효유(02)","70.6kcal","","","","","3003.15kcal"
"2024-12-18(수)","배추김치","0kcal","배추김치","0kcal","","","","","3003.15kcal"
"2024-12-19(목)","밥","356.99kcal","찹쌀밥","376.99kcal","밀쌀밥","357.45kcal","","","3189.31kcal"
"2024-12-19(목)","쇠고기미역국(05)(06)(16)","49.11kcal","꼬리곰탕(05)(06)(09)","401.06kcal","부대찌개(02)(05)(06)(10)(15)(16)(18)","185.97kcal","","","3189.31kcal"
"2024-12-19(목)","돼지고기청경채볶음(05)(06)(10)(18)","340.77kcal","왕교자만두찜","241.56kcal","애호박나물(05)(09)","43.78kcal","","","3189.31kcal"
"2024-12-19(목)","오이부추무침(05)","15.44kcal","오징어젓무침(17)","41.49kcal","코다리강정(05)(06)","689.9kcal","","","3189.31kcal"
"2024-12-19(목)","배추김치","0kcal","짜먹는발효유","0kcal","이온음료","88.8kcal","","","3189.31kcal"
"2024-12-19(목)","","","깍두기(수의)","0kcal","배추김치","0kcal","","","3189.31kcal"
"2024-12-20(금)","밥","356.99kcal","밥","356.99kcal","밥1","319.5kcal","","","2404.55kcal"
"2024-12-20(금)","감자고추장찌개(05)(06)(16)","95.99kcal","참치김치찌개(05)(09)","80kcal","라멘1(06)","20.84kcal","","","2404.55kcal"
"2024-12-20(금)","느타리버섯볶음(05)","37.98kcal","오리불고기(05)","40.03kcal","새우까스(05)","450kcal","","","2404.55kcal"
"2024-12-20(금)","비엔나소시지케찹볶음(02)(05)(06)(10)(12)(16)(18)","379.15kcal","흑임자드레싱(01)(05)","28.48kcal","마시는발효유(02)","70.6kcal","","","2404.55kcal"
"2024-12-20(금)","배추김치","0kcal","무쌈","40kcal","코울슬로샐러드(01)(05)","119.7kcal","","","2404.55kcal"
"2024-12-20(금)","","","열무김치","0kcal","오이장아찌","8.3kcal","","","2404.55kcal"
"2024-12-21(토)","핫도그빵(01)(02)(06)","604kcal","밥","356.99kcal","삼색도리덮밥(01)(05)(15)","756.43kcal","","","2951.68kcal"
"2024-12-21(토)","스크램블에그(01)(05)","115kcal","순두부백탕(05)(06)(09)(17)(18)","97.29kcal","새송이버섯야채볶음(05)(06)(10)(18)","65.19kcal","","","2951.68kcal"
"2024-12-21(토)","백색우유(02)","65kcal","닭간장소스찜(15)","360.15kcal","무나물","22.09kcal","","","2951.68kcal"
"2024-12-21(토)","시리얼(3)","240kcal","시금치무침","26.84kcal","가공우유(바나나맛)(02)","82.5kcal","","","2951.68kcal"
"2024-12-21(토)","단호박샐러드(완)","160.2kcal","배추김치","0kcal","열무김치","0kcal","","","2951.68kcal"
"2024-12-22(일)","밥","356.99kcal","밥","356.99kcal","밥","356.99kcal","","","2444.49kcal"
"2024-12-22(일)","콩나물김치국(05)(06)(16)","25.38kcal","감자국(05)(06)(16)","44.18kcal","사골우거지국(02)(05)(06)(16)(18)","164.58kcal","","","2444.49kcal"
"2024-12-22(일)","오징어볶음(05)(17)","281.7kcal","간장돼지불고기(완제품)(05)","322.67kcal","닭볶음탕(05)(15)","333.36kcal","","","2444.49kcal"
"2024-12-22(일)","오이무침(05)","22.02kcal","부추겉절이","15.15kcal","멸치볶음(05)","71.48kcal","","","2444.49kcal"
"2024-12-22(일)","김","28kcal","백색우유(02)","65kcal","배추김치","0kcal","","","2444.49kcal"
"2024-12-22(일)","깍두기(수의)","0kcal","배추김치","0kcal","","","","","2444.49kcal"
"2024-12-23(월)","밥","356.99kcal","밥","356.99kcal","밥","356.99kcal","","","2997.13kcal"
"2024-12-23(월)","햄감자찌개(05)(06)(10)(16)","149.9kcal","순대국밥(05)(06)(10)","426.29kcal","계란국(01)(09)(16)","55.37kcal","","","2997.13kcal"
"2024-12-23(월)","돼지삼겹야채볶음(10)","464.44kcal","김밥튀김(01)(02)(05)(06)(10)(13)(16)","273kcal","애호박나물(05)(09)","43.78kcal","","","2997.13kcal"
"2024-12-23(월)","무나물","22.09kcal","풋고추된장무침(05)(06)","29.71kcal","김자반","88.4kcal","","","2997.13kcal"
"2024-12-23(월)","배추김치","0kcal","백색우유(02)","65kcal","등갈비김치찜(10)","308.18kcal","","","2997.13kcal"
"2024-12-23(월)","","","깍두기(수의)","0kcal","열무김치","0kcal","","","2997.13kcal"
"2024-12-24(화)","밥","356.99kcal","현미밥","371.51kcal","밥","356.99kcal","","","2355.82kcal"
"2024-12-24(화)","황태채미역국(05)(06)(16)","41.88kcal","팽이버섯된장국(05)(06)(09)(16)","83.26kcal","얼큰쇠고기무국(05)(06)(16)","60.04kcal","","","2355.82kcal"
"2024-12-24(화)","오징어삼겹볶음(05)(10)(17)","375.9kcal","마파두부(05)(06)(10)(15)(18)","279.99kcal","순살고등어구이(05)(07)","164.7kcal","","","2355.82kcal"
"2024-12-24(화)","상추겉절이","14.56kcal","사천식캐슈넛멸치볶음(04)(05)","102.06kcal","오이부추무침(05)","15.44kcal","","","2355.82kcal"
"2024-12-24(화)","백색우유(02)","65kcal","배추김치","0kcal","샤인머스켓","67.5kcal","","","2355.82kcal"
"2024-12-24(화)","배추김치","0kcal","","","배추김치","0kcal","","","2355.82kcal"
"2024-12-25(수)","밥","356.99kcal","비빔밥(05)(16)","555.49kcal","밥1","319.5kcal","","","2322.41kcal"
"2024-12-25(수)","콩나물국(05)(06)(16)","29.85kcal","두부된장찌개(05)(06)(09)","99.36kcal","뇨끼파스타(06)(10)","127.97kcal","","","2322.41kcal"
"2024-12-25(수)","돼지불고기(05)(10)","334.85kcal","김말이튀김(05)","271.74kcal","비엔나핫케?","0kcal","","","2322.41kcal"
"2024-12-25(수)","김자반","88.4kcal","열무김치","0kcal","무&비트피클(완)","30kcal","","","2322.41kcal"
"2024-12-25(수)","무생채","15.15kcal","","","야채샐러드유자드레싱(02)","28.11kcal","","","2322.41kcal"
"2024-12-25(수)","백색우유(02)","65kcal","","","","","","","2322.41kcal"
"2024-12-25(수)","배추김치","0kcal","","","","","","","2322.41kcal"
"2024-12-26(목)","밥","356.99kcal","밥","356.99kcal","밀쌀밥","357.45kcal","","","2979.53kcal"
"2024-12-26(목)","김치찌개(05)(09)(10)","80.21kcal","어묵탕(05)(06)","103.13kcal","부대찌개(02)(05)(06)(10)(15)(16)(18)","185.97kcal","","","2979.53kcal"
"2024-12-26(목)","꽈리고추멸치볶음(05)","88.26kcal","왕만두찜(김치)","0kcal","감자채볶음(05)(10)","118.61kcal","","","2979.53kcal"
"2024-12-26(목)","미트볼조림(01)(02)(05)(06)(10)(12)(15)(16)","491.74kcal","브로콜리깨소금무침(05)","56.55kcal","오징어튀김(01)(05)(06)(17)","648.27kcal","","","2979.53kcal"
"2024-12-26(목)","깍두기(수의)","0kcal","백색우유(02)","65kcal","감귤","70.36kcal","","","2979.53kcal"
"2024-12-26(목)","","","배추김치","0kcal","열무김치","0kcal","","","2979.53kcal"
"2024-12-27(금)","밥","356.99kcal","흑미밥","375.74kcal","밥","356.99kcal","","","2391.32kcal"
"2024-12-27(금)","콩나물무채국(05)(06)","29.72kcal","호박된장찌개(05)(06)(09)","96.24kcal","근대된장국(05)(06)","34.25kcal","","","2391.32kcal"
"2024-12-27(금)","마파두부(05)(06)(10)(15)(18)","279.99kcal","주꾸미볶음(05)(10)","241.26kcal","돼지갈비찜(10)","492.68kcal","","","2391.32kcal"
"2024-12-27(금)","시금치무침","26.84kcal","부추양파무침","11.09kcal","콩나물매운무침(05)","24.53kcal","","","2391.32kcal"
"2024-12-27(금)","배추김치","0kcal","깍두기(수의)","0kcal","백색우유(02)","65kcal","","","2391.32kcal"
"2024-12-27(금)","","","","","배추김치","0kcal","","","2391.32kcal"
"2024-12-28(토)","햄치즈버거(01)(02)(06)(10)(12)","903.69kcal","밥","356.99kcal","제육덮밥(05)(10)","719.68kcal","","","2946.05kcal"
"2024-12-28(토)","백색우유(02)","65kcal","돼지고기애호박찌개(05)(06)(10)","135.67kcal","파채무침","31.58kcal","","","2946.05kcal"
"2024-12-28(토)","시리얼(2)","213kcal","닭순살야채조림(15)","247.35kcal","가공우유(초코맛)(02)","194kcal","","","2946.05kcal"
"2024-12-28(토)","양파찹&소스","0kcal","양배추샐러드(01)(05)(06)(12)(16)(18)","23.67kcal","열무김치","0kcal","","","2946.05kcal"
"2024-12-28(토)","","","사과(후지)","55.42kcal","","","","","2946.05kcal"
"2024-12-28(토)","","","깍두기(수의)","0kcal","","","","","2946.05kcal"
"2024-12-29(일)","밥","356.99kcal","밥","356.99kcal","밥","356.99kcal","","","2549.48kcal"
"2024-12-29(일)","닭곰탕(15)","98.24kcal","닭볶음탕(05)(15)","333.36kcal","시금치된장국(05)(06)(09)(16)","45.38kcal","","","2549.48kcal"
"2024-12-29(일)","돼지고기청경채볶음(05)(06)(10)(18)","340.77kcal","감자국(05)(06)(16)","44.18kcal","돼지고기부추볶음(05)(06)(10)(18)","345.13kcal","","","2549.48kcal"
"2024-12-29(일)","콩나물무침(05)","24.48kcal","멸치볶음(05)","71.48kcal","무나물","22.09kcal","","","2549.48kcal"
"2024-12-29(일)","배추김치","0kcal","김자반","88.4kcal","백색우유(02)","65kcal","","","2549.48kcal"
"2024-12-29(일)","","","배추김치","0kcal","배추김치","0kcal","","","2549.48kcal"
"2024-12-30(월)","밥","356.99kcal","검은콩밥","377.64kcal","밥","356.99kcal","","","2199.18kcal"
"2024-12-30(월)","두부된장찌개(05)(06)(09)","99.36kcal","순두부된장국(05)(06)(09)","93.55kcal","닭고기육개장(01)(05)(06)(15)(16)","85.17kcal","","","2199.18kcal"
"2024-12-30(월)","쇠고기감자조림(05)(16)","310.12kcal","낙지삼겹살새우볶음(05)(09)(10)(17)","361.46kcal","버섯잡채","20.04kcal","","","2199.18kcal"
"2024-12-30(월)","상추겉절이","14.56kcal","무생채","15.15kcal","부추겉절이","15.15kcal","","","2199.18kcal"
"2024-12-01(일)","닭고기미역국(05)(06)(15)(16)","47.61kcal","부대찌개(02)(05)(06)(10)(15)(16)(18)","185.97kcal","사골우거지국(02)(05)(06)(16)(18)","164.58kcal","","","2562.63kcal"
"2024-12-01(일)","비엔나소시지케찹볶음(02)(05)(06)(10)(12)(16)(18)","379.15kcal","애호박나물(05)(09)","43.78kcal","동그랑땡(02)(05)(06)(10)(16)","246.25kcal","","","2562.63kcal"
"2024-12-01(일)","상추겉절이","14.56kcal","간장돼지불고기(완제품)(05)","322.67kcal","무나물","22.09kcal","","","2562.63kcal"
"2024-12-01(일)","배추김치","0kcal","배추김치","0kcal","백색우유(02)","65kcal","","","2562.63kcal"
"2024-12-01(일)","","","","","배추김치","0kcal","","","2562.63kcal"
"2024-12-02(월)","밥","356.99kcal","현미밥","371.51kcal","밥","356.99kcal","","","3161.60kcal"
"2024-12-02(월)","콩나물국(05)(06)(16)","29.85kcal","오징어국(05)(06)(09)(16)(17)","100.96kcal","쇠고기버섯전골(05)(06)(09)(16)","92.53kcal","","","3161.60kcal"
"2024-12-02(월)","달콤돼지고기볶음(10)","317.93kcal","감자채볶음(05)(10)","118.61kcal","생선가스(01)(05)(06)","664.07kcal","","","3161.60kcal"
"2024-12-02(월)","부추겉절이","15.15kcal","닭순살야채조림(15)","247.35kcal","참치샐러드","372.86kcal","","","3161.60kcal"
"2024-12-02(월)","김","28kcal","열무김치","0kcal","이온음료","88.8kcal","","","3161.60kcal"
"2024-12-02(월)","배추김치","0kcal","","","배추김치","0kcal","","","3161.60kcal"
"2024-12-03(화)","밥","356.99kcal","찹쌀밥","376.99kcal","밥","356.99kcal","","","3559.40kcal"
"2024-12-03(화)","황태채국(01)(05)(06)(16)","78.7kcal","꼬리곰탕(05)(06)(09)","401.06kcal","꽃게탕(05)(06)(08)(09)(17)","95.17kcal","","","3559.40kcal"
"2024-12-03(화)","쇠고기장조림(05)(16)","272.55kcal","고기만두찜","7.24kcal","느타리버섯볶음(05)","37.98kcal","","","3559.40kcal"
"2024-12-03(화)","오이무침(05)","22.02kcal","오징어젓무침(17)","41.49kcal","갈치순살튀김(01)(05)(06)","806.8kcal","","","3559.40kcal"
"2024-12-03(화)","배추김치","0kcal","토핑형발효유(02)(06)","165kcal","사과(후지)","55.42kcal","","","3559.40kcal"
"2024-12-03(화)","","","깍두기(수의)","0kcal","배추김치","0kcal","","","3559.40kcal"
"2024-12-03(화)","","","","","삼양식품,큰컵맛있는라면,112g","485kcal","","","3559.40kcal"
"2024-12-04(수)","밥","356.99kcal","밥","356.99kcal","자장밥(05)(06)(10)","700.19kcal","","","3121.43kcal"
"2024-12-04(수)","돼지고기김치찌개(05)(09)(10)","169.98kcal","홍합탕(05)(06)(09)(17)(18)","99.16kcal","계란국(01)(09)(16)","55.37kcal","","","3121.43kcal"
"2024-12-04(수)","언양식바싹불고기(02)(05)(06)(10)(12)(15)(16)","283.5kcal","참치김치볶음(05)(10)","339.38kcal","탕수육(05)(06)(10)","529.13kcal","","","3121.43kcal"
"2024-12-04(수)","콩나물무침(05)","24.48kcal","연두부&양념장(05)","70.66kcal","마시는발효유(02)","70.6kcal","","","3121.43kcal"
"2024-12-04(수)","백색우유(02)","65kcal","배추김치","0kcal","배추김치","0kcal","","","3121.43kcal"
"2024-12-04(수)","깍두기(수의)","0kcal","","","","","","","3121.43kcal"
"2024-12-05(목)","밥","356.99kcal","찰수수밥","356.99kcal","밥","356.99kcal","","","2479.69kcal"
"2024-12-05(목)","오징어국(05)(06)(09)(16)(17)","100.96kcal","콩나물김치국(05)(06)(16)","25.38kcal","닭볶음탕(05)(15)","333.36kcal","","","2479.69kcal"
"2024-12-05(목)","닭고기야채조림(05)(15)","374.4kcal","돼지불고기(05)(10)","334.85kcal","호박된장찌개(05)(06)(09)","96.24kcal","","","2479.69kcal"
"2024-12-05(목)","무생채","15.15kcal","부추양파무침","11.09kcal","옥수수계란찜(02)(09)","52.29kcal","","","2479.69kcal"
"2024-12-05(목)","배추김치","0kcal","백색우유(02)","65kcal","짜먹는발효유","0kcal","","","2479.69kcal"
"2024-12-05(목)","","","열무김치","0kcal","배추김치","0kcal","","","2479.69kcal"
"2024-12-06(금)","밥","356.99kcal","잡곡밥","393.41kcal","밥1","319.5kcal","","","3899.17kcal"
"2024-12-06(금)","쇠고기무국(05)(06)(16)","50.08kcal","참치 고추장찌개(05)(06)(09)(16)","156.92kcal","알리오올리오파스타(06)","1009.82kcal","","","3899.17kcal"
"2024-12-06(금)","어묵볶음(05)(06)","266.81kcal","고추잡채(05)(06)(10)(18)","372.46kcal","브로콜리크림스프(02)(06)","275kcal","","","3899.17kcal"
"2024-12-06(금)","브로콜리깨소금무침(05)","56.55kcal","봄동겉절이(05)","38.43kcal","닭꼬치(완)(05)(15)","246.4kcal","","","3899.17kcal"
"2024-12-06(금)","김","28kcal","깍두기(수의)","0kcal","오이피클(05)(06)","175kcal","","","3899.17kcal"
"2024-12-06(금)","백색우유(02)","65kcal","","","이온음료","88.8kcal","","","3899.17kcal"
"2024-12-06(금)","배추김치","0kcal","","","","","","","3899.17kcal"
"2024-12-07(토)","불고기버거(01)(02)(05)(06)(10)(12)(16)","560.16kcal","밥","356.99kcal","오징어덮밥(05)(17)","626.27kcal","","","2720.15kcal"
"2024-12-07(토)","시리얼(휴일)","229.8kcal","콩나물무채국(05)(06)","29.72kcal","새송이버섯야채볶음(05)(06)(10)(18)","65.19kcal","","","2720.15kcal"
"2024-12-07(토)","백색우유(02)","65kcal","돼지고기고추장볶음(05)(10)","382.59kcal","가공우유(딸기맛)(02)(05)","282.5kcal","","","2720.15kcal"
"2024-12-07(토)","","","김자반","88.4kcal","배추김치","0kcal","","","2720.15kcal"
"2024-12-07(토)","","","낙지젓무침(17)","33.53kcal","","","","","2720.15kcal"
"2024-12-07(토)","","","열무김치","0kcal","","","","","2720.15kcal"
"2024-12-08(일)","밥","356.99kcal","밥","356.99kcal","밥","356.99kcal","","","2276.53kcal"
"2024-12-08(일)","닭고기미역국(05)(06)(15)(16)","47.61kcal","감자국(05)(06)(16)","44.18kcal","계란국(01)(09)(16)","55.37kcal","","","2276.53kcal"
"2024-12-08(일)","마파감자(05)(06)(10)(15)(18)","387.43kcal","고추장돼지불고기(완제품)(05)","109.27kcal","낙지삼겹살새우볶음(05)(09)(10)(17)","361.46kcal","","","2276.53kcal"
"2024-12-08(일)","오이무침(05)","22.02kcal","상추겉절이","14.56kcal","김","28kcal","","","2276.53kcal"
"2024-12-08(일)","백색우유(02)","65kcal","배추김치","0kcal","연두부&양념장(05)","70.66kcal","","","2276.53kcal"
"2024-12-08(일)","배추김치","0kcal","","","배추김치","0kcal","","","2276.53kcal"
"2024-12-09(월)","밥","356.99kcal","밥","356.99kcal","밥","356.99kcal","","","2628.73kcal"
"2024-12-09(월)","황태채국(01)(05)(06)(16)","78.7kcal","마라탕(09)(16)","61.83kcal","어묵탕(05)(06)","103.13kcal","","","2628.73kcal"
"2024-12-09(월)","애호박나물(05)(09)","43.78kcal","콩나물잡채(05)(10)","114.82kcal","떡볶이(01)(05)(06)","406.42kcal","","","2628.73kcal"
"2024-12-09(월)","비엔나소시지케찹볶음(02)(05)(06)(10)(12)(16)(18)","379.15kcal","계란찜(09)","3.89kcal","순대야채볶음(05)(06)(10)","201.84kcal","","","2628.73kcal"
"2024-12-09(월)","김자반","88.4kcal","짜먹는발효유","0kcal","반달단무지","10.8kcal","","","2628.73kcal"
"2024-12-09(월)","백색우유(02)","65kcal","배추김치","0kcal","크림치즈찰떡","","","","2628.73kcal"
"2024-12-09(월)","배추김치","0kcal","","","","","","","2628.73kcal"
"2024-12-10(화)","밥","356.99kcal","흑미밥","375.74kcal","밥1","319.5kcal","","","3231.81kcal"
"2024-12-10(화)","햄감자찌개(05)(06)(10)(16)","149.9kcal","짬뽕순두부(01)(05)(06)(09)(10)(17)(18)","177.62kcal","얼큰수제비국(05)(06)(16)","130.66kcal","","","3231.81kcal"
"2024-12-10(화)","멸치볶음(05)","71.48kcal","명태순살칠리볶음(05)","86.85kcal","치즈등심돈가스(02)(05)(06)(10)","395kcal","","","3231.81kcal"
"2024-12-10(화)","돼지고기자장볶음(05)(10)","404.12kcal","닭간장소스찜(15)","360.15kcal","감자에그샐러드(완)","315kcal","","","3231.81kcal"
"2024-12-10(화)","배추김치","0kcal","배추김치","0kcal","이온음료","88.8kcal","","","3231.81kcal"
"2024-12-10(화)","","","","","배추김치","0kcal","","","3231.81kcal"
"2024-12-11(수)","밥","356.99kcal","찹쌀밥","376.99kcal","밥","356.99kcal","","","2748.48kcal"
"2024-12-11(수)","닭고기육개장(01)(05)(06)(15)(16)","85.17kcal","아귀탕(05)(06)(09)","92.25kcal","부대찌개(02)(05)(06)(10)(15)(16)(18)","185.97kcal","","","2748.48kcal"
"2024-12-11(수)","감자채볶음(05)(10)","118.61kcal","돼지고기고추장볶음(05)(10)","382.59kcal","닭순살치킨가스(01)(05)(06)(15)","540kcal","","","2748.48kcal"
"2024-12-11(수)","계란말이(완)(01)(05)(12)","78.5kcal","무생채","15.15kcal","양배추샐러드(01)(05)(06)(12)(16)(18)","23.67kcal","","","2748.48kcal"
"2024-12-11(수)","백색우유(02)","65kcal","마시는발효유(02)","70.6kcal","열무김치","0kcal","","","2748.48kcal"
"2024-12-11(수)","배추김치","0kcal","배추김치","0kcal","참깨건빵(증식용), 65g","","","","2748.48kcal"
"2024-12-12(목)","밥","356.99kcal","밥","356.99kcal","카레밥(02)(05)(06)(10)(15)(16)","686.99kcal","","","2865.47kcal"
"2024-12-12(목)","패주미역국(05)(06)(16)(18)","41.32kcal","순두부백탕(05)(06)(09)(17)(18)","97.29kcal","우동국1(01)(05)(06)","85.79kcal","","","2865.47kcal"
"2024-12-12(목)","고구마함박스테이크(05)(10)","567kcal","볼케이노치킨(02)(05)(06)(12)(15)(16)(18)","299.04kcal","브로콜리&초고추장(05)","40.06kcal","","","2865.47kcal"
"2024-12-12(목)","계란장조림","236.8kcal","시금치무침","26.84kcal","감귤","70.36kcal","","","2865.47kcal"
"2024-12-12(목)","배추김치","0kcal","배추김치","0kcal","깍두기(수의)","0kcal","","","2865.47kcal"
"2024-12-13(금)","밥","356.99kcal","밥","356.99kcal","새우튀김덮밥(에비동)(05)(06)(09)(18)","778.25kcal","","","3330.36kcal"
"2024-12-13(금)","콩나물국(05)(06)(16)","29.85kcal","사골우거지국(02)(05)(06)(16)(18)","164.58kcal","미소장국","59.77kcal","","","3330.36kcal"
"2024-12-13(금)","비엔나소시지감자조림(02)(05)(06)(10)(16)(18)","344.86kcal","훈제오리볶음(01)(05)(06)(18)","483.02kcal","꼬들단무지(13)","20.5kcal","","","3330.36kcal"
"2024-12-13(금)","피자오믈렛(01)(02)(05)(06)(10)(12)(15)(16)(18)","246kcal","부추겉절이","15.15kcal","베이컨떡말이(10)","204.4kcal","","","3330.36kcal"
"2024-12-13(금)","백색우유(02)","65kcal","무쌈","40kcal","토핑형발효유(02)(06)","165kcal","","","3330.36kcal"
"2024-12-13(금)","배추김치","0kcal","배추김치","0kcal","초코생크림빵","","","","3330.36kcal"
"2024-12-14(토)","핫도그빵(01)(02)(06)","604kcal","밥","356.99kcal","불닭덮밥(02)(05)(06)(12)(15)(16)(18)","635.68kcal","","","2555.15kcal"
"2024-12-14(토)","스크램블에그(01)(05)","115kcal","사골곰탕(05)(06)","210.29kcal","무나물","22.09kcal","","","2555.15kcal"
"2024-12-14(토)","양배추샐러드(01)(05)(06)(12)(16)(18)","23.67kcal","찐새우만두","0kcal","샤인머스켓","67.5kcal","","","2555.15kcal"
"2024-12-14(토)","시리얼(증)(05)(06)","236.4kcal","낙지젓무침(17)","33.53kcal","열무김치","0kcal","","","2555.15kcal"
"2024-12-14(토)","백색우유(02)","65kcal","가공우유(쿠키앤크림)(02)","185kcal","","","","","2555.15kcal"
"2024-12-14(토)","","","깍두기(수의)","0kcal","","","","","2555.15kcal"
"2024-12-15(일)","밥","356.99kcal","밥","356.99kcal","밥","356.99kcal","","","2718.76kcal"
"2024-12-15(일)","사골미역국(16)","32.26kcal","두부된장찌개(05)(06)(09)","99.36kcal","황태해장국(완)(05)","18.58kcal","","","2718.76kcal"
"2024-12-15(일)","오징어볶음(05)(17)","281.7kcal","소불고기(완제품)(05)(16)","418.67kcal","비엔나메추리알조림(01)(02)(05)(06)(10)(15)(16)(18)","372.9kcal","","","2718.76kcal"
"2024-12-15(일)","콩나물무침(05)","24.48kcal","상추겉절이","14.56kcal","청포묵무침(01)(05)(16)","70.28kcal","","","2718.76kcal"
"2024-09-15(일)","배추김치","0kcal","배추김치(수의계약)","13.8kcal","사과(후지)","51.17kcal","","","2699.73kcal"
"2024-09-14(토)","스크램블에그(01)(05)","115kcal","우동국1(01)(05)(06)","84.99kcal","새송이버섯야채볶음(05)(06)(10)(18)","111.5kcal","","","3320.37kcal"
"2024-09-14(토)","시리얼(2)(05)","226kcal","찹스테이크(05)(16)","772.06kcal","계란후라이(완제품)(01)","45kcal","","","3320.37kcal"
"2024-09-14(토)","단호박샐러드(완)","160.2kcal","배추김치","0kcal","가공우유(초코맛)(02)","194kcal","","","3320.37kcal"
"2024-09-14(토)","","","","","갓김치1","0kcal","","","3320.37kcal"
"2024-09-15(일)","밥","374.13kcal","밥","374.13kcal","밥","374.13kcal","","","2699.73kcal"
"2024-09-01(일)","밥","374.13kcal","밥","374.13kcal","밥","374.13kcal","","","2961.19kcal"
"2024-09-01(일)","참치 고추장찌개(05)(06)(09)(16)","148.73kcal","황태채미역국(05)(06)(16)","41.88kcal","닭볶음탕(05)(15)","451.14kcal","","","2961.19kcal"
"2024-09-01(일)","새송이버섯야채볶음(05)(06)(10)(18)","111.5kcal","사천식캐슈넛멸치볶음(04)(05)","102.06kcal","사골우거지국(02)(05)(06)(16)(18)","164.58kcal","","","2961.19kcal"
"2024-09-01(일)","계란말이(완)(01)(05)(12)","106kcal","고추장돼지불고기(완제품)(05)(10)","482.33kcal","느타리버섯볶음(05)","37.98kcal","","","2961.19kcal"
"2024-09-01(일)","배추김치(수의계약)","13.8kcal","배추김치(수의계약)","13.8kcal","토핑형발효유(02)(06)","165kcal","","","2961.19kcal"
"2024-09-01(일)","","","","","배추김치","0kcal","","","2961.19kcal"
"2024-09-02(월)","밥","374.13kcal","현미밥","395.91kcal","밥","374.13kcal","","","3120.03kcal"
"2024-09-02(월)","감자고추장찌개(05)(06)(16)","82.34kcal","콩나물국(05)(06)(16)","29.85kcal","팽이버섯된장국(05)(06)(09)(16)","75.07kcal","","","3120.03kcal"
"2024-09-02(월)","돼지고기자장볶음(05)(10)","423.72kcal","주꾸미볶음(05)(10)","272.26kcal","순살족발(06)(10)","720kcal","","","3120.03kcal"
"2024-09-02(월)","무생채","15.15kcal","어묵볶음(05)(06)","188.06kcal","양배추쌈(05)(06)","39.21kcal","","","3120.03kcal"
"2024-09-02(월)","김","28kcal","김자반","88.4kcal","컵형아이스크림","0kcal","","","3120.03kcal"
"2024-09-02(월)","배추김치(수의계약)","13.8kcal","배추김치","0kcal","보쌈김치","0kcal","","","3120.03kcal"
"2024-09-03(화)","밥","374.13kcal","흑미밥","396.63kcal","밥","374.13kcal","","","3522.99kcal"
"2024-09-03(화)","닭고기육개장(05)(06)(15)(16)","80kcal","돼지고기애호박찌개(05)(06)(10)","136.29kcal","청국장(09)(16)","79.28kcal","","","3522.99kcal"
"2024-09-03(화)","오삼불고기(05)(10)(17)","850.95kcal","옥수수계란찜(02)(09)","50.19kcal","닭강정(05)","430kcal","","","3522.99kcal"
"2024-09-03(화)","상추겉절이","14.56kcal","청경채무침(05)","51.03kcal","베이컨떡말이(10)(12)","482kcal","","","3522.99kcal"
"2024-09-03(화)","배추김치(수의계약)","13.8kcal","깍두기(완제품)","0kcal","가공우유(메론)(02)","190kcal","","","3522.99kcal"
"2024-09-03(화)","","","","","갓김치1","0kcal","","","3522.99kcal"
"2024-09-03(화)","","","","","열려라참깨라면","","","","3522.99kcal"
"2024-09-04(수)","밥","374.13kcal","밥","374.13kcal","밥","374.13kcal","","","2927.96kcal"
"2024-09-04(수)","순두부백탕(05)(06)(09)(17)(18)","96.49kcal","차돌박이된장찌개(05)(06)(16)","114.77kcal","꽃게탕(05)(06)(08)(09)(17)","87.46kcal","","","2927.96kcal"
"2024-09-04(수)","돼지고기고추장볶음(05)(10)","395.44kcal","감자채볶음(05)(10)","93.23kcal","가츠동(01)(05)","691.73kcal","","","2927.96kcal"
"2024-09-04(수)","콩나물매운무침(05)","24.53kcal","순살고등어구이(05)(07)","185.15kcal","자두(추희)","33.8kcal","","","2927.96kcal"
"2024-09-04(수)","김","28kcal","배추김치(수의계약)","13.8kcal","양배추샐러드(01)(05)(06)(12)(16)(18)","27.37kcal","","","2927.96kcal"
"2024-09-04(수)","파김치","0kcal","","","배추김치(수의계약)","13.8kcal","","","2927.96kcal"
"2024-09-05(목)","밥","374.13kcal","밥","374.13kcal","밥","374.13kcal","","","2510.44kcal"
"2024-09-05(목)","참치김치찌개(05)(09)","89kcal","쇠고기미역국(05)(06)(16)","49.11kcal","오징어국(05)(06)(09)(16)(17)","100.96kcal","","","2510.44kcal"
"2024-09-05(목)","닭순살야채조림(15)","320.57kcal","돼지불고기(05)(10)","356.95kcal","애호박나물(05)(09)","43.78kcal","","","2510.44kcal"
"2024-09-05(목)","부추겉절이","16kcal","콩나물무침(05)","24.48kcal","한우갈비찜(16)","373.4kcal","","","2510.44kcal"
"2024-09-05(목)","깍두기(완제품)","0kcal","백김치","0kcal","짜먹는발효유","0kcal","","","2510.44kcal"
"2024-09-05(목)","","","","","배추김치(수의계약)","13.8kcal","","","2510.44kcal"
"2024-09-06(금)","밥","374.13kcal","찹쌀밥","394.93kcal","밥","374.13kcal","","","3670.40kcal"
"2024-09-06(금)","콩나물무채국(05)(06)","29.72kcal","사골곰탕(05)(06)","210.29kcal","마라탕(09)(16)","59.83kcal","","","3670.40kcal"
"2024-09-06(금)","마파감자(05)(06)(10)(15)(18)","278.86kcal","왕만두찜(김치)(05)(06)(10)","353kcal","오징어튀김(01)(05)(06)(17)","681.27kcal","","","3670.40kcal"
"2024-09-06(금)","메추리알장조림(완)(01)(05)(06)","532.5kcal","낙지젓무침(17)","46.33kcal","오이부추무침(05)","15.44kcal","","","3670.40kcal"
"2024-09-06(금)","배추김치(수의계약)","13.8kcal","깍두기(완제품)","0kcal","팩형아이스크림(02)","255kcal","","","3670.40kcal"
"2024-09-06(금)","","","","","사과(후지)","51.17kcal","","","3670.40kcal"
"2024-09-06(금)","","","","","열무김치","0kcal","","","3670.40kcal"
"2024-09-07(토)","불고기버거(01)(02)(05)(06)(10)(12)(16)","660.16kcal","밥","374.13kcal","불닭덮밥(02)(05)(06)(12)(15)(16)(18)","762.37kcal","","","2965.75kcal"
"2024-09-07(토)","계란후라이(완제품)(01)","45kcal","등뼈감자탕(02)(05)(06)(10)(16)(18)","304.95kcal","스크램블에그(01)(05)","115kcal","","","2965.75kcal"
"2024-09-07(토)","시리얼(증)","235.98kcal","언양식바싹불고기(01)(05)(06)(10)","333kcal","무나물","22.09kcal","","","2965.75kcal"
"2024-09-07(토)","","","풋고추된장무침(05)(06)","30.57kcal","가공우유(바나나맛)(02)","82.5kcal","","","2965.75kcal"
"2024-09-07(토)","","","깍두기(완제품)","0kcal","오이소박이","0kcal","","","2965.75kcal"
"2024-09-08(일)","밥","374.13kcal","밥","374.13kcal","밥","374.13kcal","","","2774.05kcal"
"2024-09-08(일)","어묵탕(05)(06)","103.13kcal","콩나물김치국(05)(06)(16)","30.48kcal","닭곰탕(완)(15)","99.67kcal","","","2774.05kcal"
"2024-09-08(일)","느타리버섯볶음(05)","37.98kcal","간장돼지불고기(완제품)(05)","320.73kcal","참치김치볶음(05)(10)","388.28kcal","","","2774.05kcal"
"2024-09-08(일)","소고기꽈리고추조림(05)(06)(16)","423.33kcal","감자채볶음(05)(10)","93.23kcal","청경채무침(05)","51.03kcal","","","2774.05kcal"
"2024-09-08(일)","배추김치(수의계약)","13.8kcal","열무김치","0kcal","가공우유(커피맛)(02)","90kcal","","","2774.05kcal"
"2024-09-08(일)","","","","","갓김치1","0kcal","","","2774.05kcal"
"2024-09-09(월)","밥","374.13kcal","흑미밥","396.63kcal","밥","374.13kcal","","","4168.79kcal"
"2024-09-09(월)","감자국(05)(06)(16)","33.26kcal","햄감자찌개(05)(06)(10)(16)","143.63kcal","돼지고기김치찌개(05)(09)(10)","202.98kcal","","","4168.79kcal"
"2024-09-09(월)","비엔나소시지케찹볶음(02)(05)(06)(10)(12)(16)(18)","379.15kcal","낙지삼겹살새우볶음(05)(06)(09)(10)(17)","516.36kcal","탄두리치킨(05)(06)(12)(15)","1135.89kcal","","","4168.79kcal"
"2024-09-09(월)","연두부&양념장(05)","366.26kcal","무생채","15.15kcal","부추겉절이","16kcal","","","4168.79kcal"
"2024-09-09(월)","김","28kcal","배추김치","0kcal","토핑형발효유(02)(06)","165kcal","","","4168.79kcal"
"2024-09-09(월)","배추김치(수의계약)","13.8kcal","","","오이장아찌","8.42kcal","","","4168.79kcal"
"2024-09-10(화)","밥","374.13kcal","찰수수밥","374.13kcal","자장밥(05)(06)(10)","717.33kcal","","","4442.12kcal"
"2024-09-10(화)","얼갈이된장국(05)(06)","32.25kcal","쇠고기버섯전골(05)(06)(09)(16)","92.53kcal","계란국(01)(09)(16)","97.42kcal","","","4442.12kcal"
"2024-09-10(화)","고구마함박스테이크(05)(10)","567kcal","삼치순살튀김(05)(06)(07)","693.5kcal","탕수육(05)(06)(10)","819.73kcal","","","4442.12kcal"
"2024-09-10(화)","상추겉절이","14.56kcal","미트볼조림(02)(05)(06)(10)(12)(15)(16)","526.94kcal","반달단무지","10.8kcal","","","4442.12kcal"
"2024-09-10(화)","배추김치(수의계약)","13.8kcal","열무김치","0kcal","컵형아이스크림","0kcal","","","4442.12kcal"
"2024-09-10(화)","","","","","탄산음료(콜라)","108kcal","","","4442.12kcal"
"2024-09-11(수)","밥","374.13kcal","밀쌀밥","374.59kcal","푸팟퐁커리","374.13kcal","","","2400.06kcal"
"2024-09-11(수)","콩나물무채국(05)(06)","29.72kcal","두부된장찌개(05)(06)(09)","91.17kcal","쌀국수국물(16)","46.45kcal","","","2400.06kcal"
"2024-09-11(수)","언양식바싹불고기(01)(05)(06)(10)","333kcal","돼지고기고추장볶음(05)(10)","395.44kcal","야채춘권튀김(12)","95kcal","","","2400.06kcal"
"2024-09-11(수)","오이무침(05)","23.78kcal","애호박나물(05)(09)","43.78kcal","열대과일샐러드","37.5kcal","","","2400.06kcal"
"2024-09-11(수)","김","28kcal","김자반","88.4kcal","사과(후지)","51.17kcal","","","2400.06kcal"
"2024-09-11(수)","배추김치(수의계약)","13.8kcal","배추김치","0kcal","상일식품(주) 참깨건빵(증식용), 65g","","","","2400.06kcal"
"2024-09-12(목)","밥","374.13kcal","밥","374.13kcal","비빔밥(05)(16)","609.09kcal","","","3280.09kcal"
"2024-09-12(목)","황태채국(01)(05)(06)(16)","92.71kcal","닭볶음탕(05)(15)","451.14kcal","근대된장국(05)(06)","34.25kcal","","","3280.09kcal"
"2024-09-12(목)","돼지불고기(05)(10)","356.95kcal","부대찌개(02)(05)(06)(10)(15)(16)(18)","206.77kcal","김말이튀김(05)","271.74kcal","","","3280.09kcal"
"2024-09-12(목)","김자반","88.4kcal","무나물","22.09kcal","계란후라이(완제품)(01)","45kcal","","","3280.09kcal"
"2024-09-12(목)","부추양파무침","11.09kcal","배추김치","0kcal","오렌지주스","60kcal","","","3280.09kcal"
"2024-09-12(목)","배추김치(수의계약)","13.8kcal","","","팩형아이스크림(02)","255kcal","","","3280.09kcal"
"2024-09-12(목)","","","","","배추김치(수의계약)","13.8kcal","","","3280.09kcal"
"2024-09-13(금)","밥","374.13kcal","찹쌀밥","394.93kcal","잡곡밥","414.19kcal","","","4271.81kcal"
"2024-09-13(금)","패주미역국(05)(06)(16)(18)","48.32kcal","꼬리곰탕(05)(06)(09)","401.06kcal","짬뽕순두부(01)(05)(06)(09)(10)(17)(18)","194.84kcal","","","4271.81kcal"
"2024-09-13(금)","닭바베큐소스조림(05)(15)","421.53kcal","찐새우만두(05)(06)(09)","980kcal","생선가스(01)(05)(06)","664.07kcal","","","4271.81kcal"
"2024-09-13(금)","콩나물무침(05)","24.48kcal","오징어젓무침(17)","47.89kcal","양배추샐러드(01)(05)(06)(12)(16)(18)","27.37kcal","","","4271.81kcal"
"2024-09-13(금)","배추김치","0kcal","깍두기(수의)(09)","15.2kcal","튜브형아이스크림2","250kcal","","","4271.81kcal"
"2024-09-13(금)","","","","","배추김치(수의계약)","13.8kcal","","","4271.81kcal"
"2024-09-14(토)","핫도그빵(01)(02)(05)(06)","568.2kcal","게살크래미주먹밥","400kcal","오징어덮밥(05)(17)","643.42kcal","","","3320.37kcal"
"2024-12-01(일)","밥","356.99kcal","밥","356.99kcal","밥","356.99kcal","","","2562.63kcal"
"2024-10-11(금)","배추된장국(05)(06)(09)(16)","38.91kcal","미소장국","49.77kcal","마라탕(09)(16)","60.85kcal","","","3165.16kcal"
"2024-10-11(금)","돼지불고기(05)(10)","355.01kcal","닭장각구이(05)(15)","389.65kcal","갑오징어튀김(05)(06)(17)","614.6kcal","","","3165.16kcal"
"2024-10-11(금)","콩나물무침(05)","24.48kcal","참치샐러드","372.86kcal","부추겉절이","16kcal","","","3165.16kcal"
"2024-10-11(금)","깍두기(수의)(09)","15.2kcal","오이장아찌","8.42kcal","이온음료","88.8kcal","","","3165.16kcal"
"2024-09-15(일)","","","","","열무김치(수의)","12.8kcal","","","2699.73kcal"
"2024-09-16(월)","밥","374.13kcal","밥","374.13kcal","밥1","320.28kcal","","","2804.70kcal"
"2024-09-16(월)","두부된장찌개(05)(06)(09)","91.17kcal","닭곰탕(15)","130.44kcal","뇨끼파스타(10)","123.13kcal","","","2804.70kcal"
"2024-09-16(월)","달콤돼지고기볶음(10)","337.53kcal","오징어볶음(05)(17)","281.7kcal","바베큐폭립(완제품)","0kcal","","","2804.70kcal"
"2024-09-16(월)","무생채","15.15kcal","김말이튀김(05)","271.74kcal","양배추피클","8.12kcal","","","2804.70kcal"
"2024-09-16(월)","배추김치(수의계약)","13.8kcal","배추김치(수의계약)","13.8kcal","야채샐러드유자드레싱","99.58kcal","","","2804.70kcal"
"2024-09-16(월)","","","","","팥빙수","350kcal","","","2804.70kcal"
"2024-09-17(화)","쇠고기떡국(05)(16)","396.94kcal","밥","374.13kcal","밥","374.13kcal","","","2667.57kcal"
"2024-09-17(화)","계란장조림","222kcal","얼갈이된장국(05)(06)","32.25kcal","햄감자찌개(05)(06)(10)(16)","143.63kcal","","","2667.57kcal"
"2024-09-17(화)","부추양파무침","11.09kcal","가지볶음(05)","48.21kcal","고추잡채(05)(06)(10)(18)","342.66kcal","","","2667.57kcal"
"2024-09-17(화)","깍두기(완제품)","0kcal","돼지고기육전(01)(05)(06)(10)","138.63kcal","닭꼬치(05)(15)","246.4kcal","","","2667.57kcal"
"2024-09-17(화)","","","파김치","0kcal","팩형아이스크림(02)","255kcal","","","2667.57kcal"
"2024-09-17(화)","","","","","가공우유(바나나맛)(02)","82.5kcal","","","2667.57kcal"
"2024-09-17(화)","","","","","오이소박이","0kcal","","","2667.57kcal"
"2024-09-18(수)","밥","374.13kcal","밥","374.13kcal","밥","374.13kcal","","","3814.92kcal"
"2024-09-18(수)","닭고기미역국(05)(06)(15)(16)","61.21kcal","감자국(05)(06)(16)","33.26kcal","우거지갈비탕(02)(05)(06)(10)(16)(18)","537.83kcal","","","3814.92kcal"
"2024-09-18(수)","애호박나물(05)(09)","43.78kcal","훈제오리볶음(01)(05)(06)(18)","509.62kcal","참치샐러드","372.86kcal","","","3814.92kcal"
"2024-09-18(수)","마파두부(05)(06)(10)(15)(18)","281.99kcal","흑임자드레싱(01)(05)","28.48kcal","모짜감자핫도그(01)(02)(05)(06)(10)","660kcal","","","3814.92kcal"
"2024-09-18(수)","김","28kcal","무쌈","40kcal","샤인머스켓","67.5kcal","","","3814.92kcal"
"2024-09-18(수)","열무김치(수의)","12.8kcal","배추김치","0kcal","깍두기(수의)(09)","15.2kcal","","","3814.92kcal"
"2024-09-19(목)","밥","374.13kcal","찹쌀밥","394.93kcal","검은콩밥","644.78kcal","","","4258.04kcal"
"2024-09-19(목)","쇠고기무국(05)(06)(16)","50.08kcal","순대국밥(05)(06)(10)","547.49kcal","부대찌개(02)(05)(06)(10)(15)(16)(18)","206.77kcal","","","4258.04kcal"
"2024-09-19(목)","닭간장소스찜(15)","459.84kcal","왕교자만두찜(05)(06)(10)(16)(18)","266kcal","가자미튀김(05)(06)","686.17kcal","","","4258.04kcal"
"2024-09-19(목)","콩나물무침(05)","24.48kcal","풋고추된장무침(05)(06)","30.57kcal","동그랑땡(01)(05)(06)(10)","366kcal","","","4258.04kcal"
"2024-09-19(목)","배추김치(수의계약)","13.8kcal","깍두기(수의)(09)","15.2kcal","토핑형발효유(02)(06)","165kcal","","","4258.04kcal"
"2024-09-19(목)","","","","","컵형아이스크림","0kcal","","","4258.04kcal"
"2024-09-19(목)","","","","","열무김치(수의)","12.8kcal","","","4258.04kcal"
"2024-09-19(목)","","","","","삼양식품,큰컵불닭볶음면,105g/개","","","","4258.04kcal"
"2024-09-19(목)","","","","","오뚜기라면,오뚜기열라면, 105g","","","","4258.04kcal"
"2024-09-20(금)","밥","374.13kcal","밥","374.13kcal","밥","374.13kcal","","","3186.51kcal"
"2024-09-20(금)","홍합탕(05)(06)(09)(17)(18)","97.16kcal","계란국(01)(09)(16)","97.42kcal","황태채국(01)(05)(06)(16)","92.71kcal","","","3186.51kcal"
"2024-09-20(금)","비엔나소시지케찹볶음(02)(05)(06)(10)(12)(16)(18)","379.15kcal","돼지삼겹야채볶음(05)(06)(10)","624.89kcal","닭순살치킨가스(01)(05)(06)(10)(12)(15)(16)","559kcal","","","3186.51kcal"
"2024-09-20(금)","김자반","88.4kcal","콩나물매운무침(05)","24.53kcal","치즈볼","0kcal","","","3186.51kcal"
"2024-09-20(금)","무나물","22.09kcal","배추김치(수의계약)","13.8kcal","사과(후지)","51.17kcal","","","3186.51kcal"
"2024-09-20(금)","배추김치","0kcal","","","배추김치(수의계약)","13.8kcal","","","3186.51kcal"
"2024-09-21(토)","코울슬로샐러드(01)(05)","119.7kcal","밥","374.13kcal","제육덮밥(05)(10)","758.42kcal","","","3247.11kcal"
"2024-09-21(토)","풀드포크&모닝빵(01)(02)(05)(06)(10)(12)(16)(18)","580.2kcal","팽이버섯된장국(05)(06)(09)(16)","75.07kcal","계란후라이(완제품)(01)","45kcal","","","3247.11kcal"
"2024-09-21(토)","시리얼(3)","240kcal","닭고기야채조림(05)(15)","483.75kcal","오이무침(05)","23.78kcal","","","3247.11kcal"
"2024-09-21(토)","","","상추겉절이","14.56kcal","가공우유(딸기맛)(02)(05)","282.5kcal","","","3247.11kcal"
"2024-09-21(토)","","","파김치","0kcal","튜브형아이스크림2","250kcal","","","3247.11kcal"
"2024-09-21(토)","","","","","배추김치","0kcal","","","3247.11kcal"
"2024-09-22(일)","밥","374.13kcal","밥","374.13kcal","밥","374.13kcal","","","3244.28kcal"
"2024-09-22(일)","콩나물무채국(05)(06)","29.72kcal","감자국(05)(06)(16)","33.26kcal","사골우거지국(02)(05)(06)(16)(18)","164.58kcal","","","3244.28kcal"
"2024-09-22(일)","꽈리고추멸치볶음(05)","88.34kcal","반건조오징어볶음(05)","279.4kcal","닭간장소스찜(15)","459.84kcal","","","3244.28kcal"
"2024-09-22(일)","쇠고기감자조림(05)(16)","324.14kcal","고추장돼지불고기(완제품)(05)(10)","482.33kcal","콩나물무침(05)","24.48kcal","","","3244.28kcal"
"2024-09-22(일)","김","28kcal","백김치","0kcal","가공우유(초코맛)(02)","194kcal","","","3244.28kcal"
"2024-09-22(일)","갓김치1","0kcal","","","배추김치(수의계약)","13.8kcal","","","3244.28kcal"
"2024-09-23(월)","밥","374.13kcal","밥","374.13kcal","밥","374.13kcal","","","3545.14kcal"
"2024-09-23(월)","쇠고기육개장(05)(06)(16)","67.47kcal","얼큰수제비국(05)(06)(16)","82.64kcal","치즈등심돈가스(01)(05)(06)(10)(12)(16)(18)","654.4kcal","","","3545.14kcal"
"2024-09-23(월)","호박새우볶음(05)(09)","47.23kcal","명태순살칠리볶음(05)","86.85kcal","비엔나핫케?","0kcal","","","3545.14kcal"
"2024-09-23(월)","비엔나소시지감자조림(02)(05)(06)(10)(16)(18)","339.4kcal","콩나물잡채(05)(06)(10)","134.22kcal","양송이스프(02)(06)","550kcal","","","3545.14kcal"
"2024-09-23(월)","배추김치(수의계약)","13.8kcal","김말이튀김(05)","271.74kcal","오이피클(05)(06)","175kcal","","","3545.14kcal"
"2024-09-23(월)","","","배추김치","0kcal","스틱치즈케익","","","","3545.14kcal"
"2024-09-24(화)","밥","374.13kcal","현미밥","395.91kcal","밀쌀밥","374.59kcal","","","3557.07kcal"
"2024-09-24(화)","홍합탕(05)(06)(09)(17)(18)","97.16kcal","쇠고기무국(05)(06)(16)","50.08kcal","햄감자찌개(05)(06)(10)(16)","143.63kcal","","","3557.07kcal"
"2024-09-24(화)","김자반","88.4kcal","오징어삼겹볶음(05)(10)(17)","449.1kcal","코다리강정(05)(06)","722.94kcal","","","3557.07kcal"
"2024-09-24(화)","닭순살야채조림(15)","320.57kcal","계란찜(09)","3.89kcal","청포묵무침(05)","51.51kcal","","","3557.07kcal"
"2024-09-24(화)","상추겉절이","14.56kcal","배추김치(수의계약)","13.8kcal","김","28kcal","","","3557.07kcal"
"2024-09-24(화)","배추김치(수의계약)","13.8kcal","","","튜브형아이스크림2","250kcal","","","3557.07kcal"
"2024-09-24(화)","","","","","토핑형발효유(02)(06)","165kcal","","","3557.07kcal"
"2024-09-24(화)","","","","","배추김치","0kcal","","","3557.07kcal"
"2024-09-25(수)","밥","374.13kcal","밥","374.13kcal","밥","374.13kcal","","","3171.80kcal"
"2024-09-25(수)","팽이버섯된장국(05)(06)(09)(16)","75.07kcal","순두부된장국(05)(06)(09)(18)","98.46kcal","부대찌개(02)(05)(06)(10)(15)(16)(18)","206.77kcal","","","3171.80kcal"
"2024-09-25(수)","마파두부(05)(06)(10)(15)(18)","281.99kcal","오리불고기(05)","452.65kcal","닭강정(05)","430kcal","","","3171.80kcal"
"2024-09-25(수)","피자오믈렛(01)(02)(05)(06)(10)(12)(15)(16)(18)","246kcal","부추겉절이","16kcal","샤인머스켓","67.5kcal","","","3171.80kcal"
"2024-09-25(수)","배추김치","0kcal","무쌈","40kcal","양배추샐러드(01)(05)(06)(12)(16)(18)","27.37kcal","","","3171.80kcal"
"2024-09-25(수)","","","배추김치(수의계약)","13.8kcal","배추김치(수의계약)","13.8kcal","","","3171.80kcal"
"2024-09-25(수)","","","","","200오븐에구운 호두파이, 400g","80kcal","","","3171.80kcal"
"2024-09-25(수)","","","","","딸기파이패스츄리, 300g","","","","3171.80kcal"
"2024-09-26(목)","밥","374.13kcal","찹쌀밥","394.93kcal","밥","374.13kcal","","","3626.64kcal"
"2024-09-26(목)","순두부백탕(05)(06)(09)(17)(18)","96.49kcal","꼬리곰탕(05)(06)(09)","401.06kcal","어묵탕(05)(06)","103.13kcal","","","3626.64kcal"
"2024-09-26(목)","함박스테이크(05)(10)","691.8kcal","고기만두찜(05)(06)(10)","181.25kcal","떡볶이(01)(05)(06)","615.42kcal","","","3626.64kcal"
"2024-09-26(목)","오이무침(05)","23.78kcal","오징어젓무침(17)","47.89kcal","대왕오징어튀김(05)(06)(17)","292.43kcal","","","3626.64kcal"
"2024-09-26(목)","배추김치(수의계약)","13.8kcal","깍두기(완제품)","0kcal","꼬들단무지(13)","16.4kcal","","","3626.64kcal"
"2024-09-26(목)","","","","","탄산음료(사이다)","0kcal","","","3626.64kcal"
"2024-09-26(목)","","","","","짜먹는발효유","0kcal","","","3626.64kcal"
"2024-09-27(금)","밥","374.13kcal","잡곡밥","414.19kcal","중화식덮밥(05)(09)(10)(17)","790.91kcal","","","3861.65kcal"
"2024-09-27(금)","황태해장국(완)(05)","18.58kcal","김치찌개(05)(09)(10)","127.91kcal","콩나물국(05)(06)(16)","29.85kcal","","","3861.65kcal"
"2024-09-27(금)","돼지고기고추장볶음(05)(10)","395.44kcal","낙지삼겹살새우볶음(05)(06)(09)(10)(17)","516.36kcal","유린기(05)(06)(15)","521.33kcal","","","3861.65kcal"
"2024-09-27(금)","메추리알장조림(완)(01)(05)(06)","532.5kcal","무생채","15.15kcal","계란후라이(완제품)(01)","45kcal","","","3861.65kcal"
"2024-09-27(금)","배추김치","0kcal","열무김치(수의)","12.8kcal","샤인머스켓","67.5kcal","","","3861.65kcal"
"2024-09-27(금)","","","","","파김치","0kcal","","","3861.65kcal"
"2024-09-28(토)","핫도그빵(01)(02)(05)(06)","568.2kcal","밥","374.13kcal","큐브스테이크(05)(16)","773.34kcal","","","2984.26kcal"
"2024-09-28(토)","스크램블에그(01)(05)","115kcal","콩나물김치국(05)(06)(16)","30.48kcal","계란후라이(완제품)(01)","45kcal","","","2984.26kcal"
"2024-09-15(일)","닭고기육개장(05)(06)(15)(16)","80kcal","감자국(05)(06)(16)","33.26kcal","황태해장국(완)(05)","18.58kcal","","","2699.73kcal"
"2024-09-15(일)","비엔나메추리알조림(01)(02)(05)(06)(10)(15)(16)(18)","372.9kcal","소불고기(완제품)(05)(16)","416.73kcal","닭순살김치볶음(05)(15)","431.81kcal","","","2699.73kcal"
"2024-09-15(일)","청경채무침(05)","51.03kcal","멸치볶음(05)","71.48kcal","오이무침(05)","23.78kcal","","","2699.73kcal"
"2024-10-23(수)","배추김치","0kcal","백색우유(02)","65kcal","짜먹는발효유","0kcal","","","3228.08kcal"
"2024-10-23(수)","","","배추김치(수의계약)","11.4kcal","깍두기(수의)(09)","15.2kcal","","","3228.08kcal"
"2024-10-24(목)","밥","373.07kcal","밥","373.07kcal","밥","373.07kcal","","","3532.74kcal"
"2024-10-24(목)","순두부백탕(05)(06)(09)(17)(18)","84.53kcal","근대된장국(05)(06)","34.25kcal","어묵탕(05)(06)","102.82kcal","","","3532.74kcal"
"2024-10-24(목)","돼지고기고추장볶음(05)(10)","381.44kcal","감자채볶음(05)(10)","93.31kcal","떡볶이(01)(02)(05)(06)(10)(13)(16)","951.42kcal","","","3532.74kcal"
"2024-10-24(목)","김자반","88.4kcal","볼케이노치킨(02)(05)(06)(12)(15)(16)(18)","394.07kcal","반달단무지","10.8kcal","","","3532.74kcal"
"2024-10-24(목)","부추양파무침","11.09kcal","두유","250kcal","","","","","3532.74kcal"
"2024-10-24(목)","배추김치","0kcal","배추김치(수의계약)","11.4kcal","","","","","3532.74kcal"
"2024-10-25(금)","밥","373.07kcal","밥","373.07kcal","참치야채비빔밥(05)","616.55kcal","","","3038.34kcal"
"2024-10-25(금)","콩나물국(05)(06)(16)","29.85kcal","닭고기미역국(05)(06)(15)(16)","52.61kcal","호박된장찌개(05)(06)(09)","87.86kcal","","","3038.34kcal"
"2024-09-28(토)","감자에그샐러드(완)","315kcal","닭순살볶음우동(05)(06)(15)","370.29kcal","오이부추무침(05)","15.44kcal","","","2984.26kcal"
"2024-09-28(토)","시리얼(휴일)","229.8kcal","애호박나물(05)(09)","43.78kcal","가공우유(커피맛)(02)","90kcal","","","2984.26kcal"
"2024-09-28(토)","","","깍두기(완제품)","0kcal","배추김치(수의계약)","13.8kcal","","","2984.26kcal"
"2024-09-29(일)","밥","374.13kcal","밥","374.13kcal","밥","374.13kcal","","","2940.96kcal"
"2024-09-29(일)","호박된장찌개(05)(06)(09)","88.05kcal","콩나물국(05)(06)(16)","29.85kcal","사골미역국(16)","32.26kcal","","","2940.96kcal"
"2024-09-29(일)","볼케이노치킨(02)(05)(06)(12)(15)(16)(18)","411.27kcal","간장돼지불고기(완제품)(05)","320.73kcal","닭고기야채조림(05)(15)","483.75kcal","","","2940.96kcal"
"2024-09-29(일)","무생채","15.15kcal","닭꼬치(완)(05)(15)","123.2kcal","청포묵무침(05)","51.51kcal","","","2940.96kcal"
"2024-09-29(일)","파김치","0kcal","열무김치(수의)","12.8kcal","두유","250kcal","","","2940.96kcal"
"2024-09-29(일)","","","","","깍두기(완제품)","0kcal","","","2940.96kcal"
"2024-09-30(월)","밥","374.13kcal","삼각주먹밥(완)(01)(02)(05)(06)(16)(18)","195kcal","밥","374.13kcal","","","2790.48kcal"
"2024-09-30(월)","참치오믈렛(01)","185kcal","투움바파스타(02)(05)(06)(10)","156.63kcal","근대된장국(05)(06)","34.25kcal","","","2790.48kcal"
"2024-09-30(월)","얼큰쇠고기무국(05)(06)(16)","60.04kcal","무&비트피클(완)","30kcal","버섯잡채(05)(06)","38.29kcal","","","2790.48kcal"
"2024-09-30(월)","연두부&양념장(05)","366.26kcal","배추김치(수의계약)","13.8kcal","갈치순살튀김(01)(05)(06)","852.25kcal","","","2790.48kcal"
"2024-09-30(월)","깍두기(수의)(09)","15.2kcal","","","김","28kcal","","","2790.48kcal"
"2024-09-30(월)","","","","","샤인머스켓","67.5kcal","","","2790.48kcal"
"2024-09-30(월)","","","","","배추김치","0kcal","","","2790.48kcal"
"2024-10-01(화)","밥","373.07kcal","쇠고기떡국(05)(16)","317.34kcal","밥","373.07kcal","","","2542.92kcal"
"2024-10-01(화)","감자고추장찌개(05)(06)(16)","82.43kcal","어묵볶음(05)(06)","188.11kcal","오징어국(05)(06)(09)(16)(17)","100.43kcal","","","2542.92kcal"
"2024-10-01(화)","돼지고기자장볶음(05)(10)","423.72kcal","왕만두찜(김치)","0kcal","애호박나물(05)(09)","43.78kcal","","","2542.92kcal"
"2024-10-01(화)","김자반","88.4kcal","샤인머스켓","67.5kcal","한우갈비찜(16)","381.27kcal","","","2542.92kcal"
"2024-10-01(화)","부추겉절이","16kcal","갓김치1","0kcal","백색우유(02)","65kcal","","","2542.92kcal"
"2024-10-01(화)","배추김치(수의계약)","11.4kcal","","","배추김치(수의계약)","11.4kcal","","","2542.92kcal"
"2024-10-02(수)","밥","373.07kcal","찹쌀밥","397.07kcal","밥","373.07kcal","","","2575.52kcal"
"2024-10-02(수)","참치김치찌개(05)(09)","80kcal","닭곰탕(완)(15)","99.67kcal","굴순두부찌개(01)(05)(06)(09)(17)(18)","110.33kcal","","","2575.52kcal"
"2024-10-02(수)","닭순살야채조림(15)","303.32kcal","돼지고기육전(01)(05)(06)(10)","138.63kcal","닭강정(05)","430kcal","","","2575.52kcal"
"2024-10-02(수)","배추나물(05)(06)","24.65kcal","낙지젓무침(17)","26.96kcal","브로콜리깨소금무침(05)","56.55kcal","","","2575.52kcal"
"2024-10-02(수)","열무김치","0kcal","백색우유(02)","65kcal","마시는발효유(02)","70.6kcal","","","2575.52kcal"
"2024-10-02(수)","","","깍두기(수의)(09)","15.2kcal","배추김치(수의계약)","11.4kcal","","","2575.52kcal"
"2024-10-03(목)","밥","373.07kcal","밥","373.07kcal","현미밥","394.85kcal","","","3086.41kcal"
"2024-10-03(목)","닭고기육개장(05)(06)(15)(16)","69.79kcal","차돌박이된장찌개(05)(06)(16)","94.69kcal","콩나물무채국(05)(06)","29.3kcal","","","3086.41kcal"
"2024-10-03(목)","오삼불고기(05)(10)(17)","804.01kcal","감자채볶음(05)(10)","93.31kcal","주꾸미볶음(05)(10)","261.86kcal","","","3086.41kcal"
"2024-10-03(목)","상추겉절이","14.56kcal","순살고등어구이(05)(07)","176.85kcal","동그랑땡(02)(05)(06)(10)(16)","246.25kcal","","","3086.41kcal"
"2024-10-03(목)","배추김치(수의계약)","11.4kcal","이온음료","88.8kcal","김","28kcal","","","3086.41kcal"
"2024-10-03(목)","","","깍두기(수의)(09)","15.2kcal","배추김치(수의계약)","11.4kcal","","","3086.41kcal"
"2024-10-04(금)","밥","373.07kcal","흑미밥","395.57kcal","밥","373.07kcal","","","3024.55kcal"
"2024-10-04(금)","순두부백탕(05)(06)(09)(17)(18)","84.53kcal","돼지고기애호박찌개(05)(06)(10)","132.07kcal","꽃게탕(05)(06)(08)(09)(17)","87.03kcal","","","3024.55kcal"
"2024-10-04(금)","돼지고기고추장볶음(05)(10)","381.44kcal","언양식바싹불고기(01)(05)(06)(10)","333kcal","돈가스(02)(05)(06)(10)(12)(16)(18)","688.39kcal","","","3024.55kcal"
"2024-10-04(금)","시금치무침","26.84kcal","풋고추된장무침(05)(06)","30.57kcal","양배추샐러드(01)(05)(06)(12)(16)(18)","27.37kcal","","","3024.55kcal"
"2024-10-04(금)","깍두기(수의)(09)","15.2kcal","배추김치","0kcal","백색우유(02)","65kcal","","","3024.55kcal"
"2024-10-04(금)","","","","","배추김치(수의계약)","11.4kcal","","","3024.55kcal"
"2024-10-05(토)","햄치즈버거(01)(02)(06)(10)(12)","641.97kcal","밥","373.07kcal","삼색도리덮밥(01)(05)(15)","832.06kcal","","","3239.00kcal"
"2024-10-05(토)","해쉬브라운케찹(05)","325.32kcal","쇠고기미역국(05)(06)(16)","49.11kcal","새송이버섯야채볶음(05)(06)(10)(18)","110.24kcal","","","3239.00kcal"
"2024-10-05(토)","백색우유(02)","65kcal","돼지불고기(05)(10)","355.01kcal","무나물","21.36kcal","","","3239.00kcal"
"2024-10-05(토)","시리얼(증)","235.98kcal","콩나물무침(05)","24.48kcal","가공우유(초코맛)(02)","194kcal","","","3239.00kcal"
"2024-10-05(토)","양파찹&소스","0kcal","배추김치(수의계약)","11.4kcal","열무김치","0kcal","","","3239.00kcal"
"2024-10-06(일)","밥","373.07kcal","밥","373.07kcal","밥","373.07kcal","","","2954.26kcal"
"2024-10-06(일)","참치 고추장찌개(05)(06)(09)(16)","148.73kcal","콩나물국(05)(06)(16)","29.85kcal","사골우거지국(02)(05)(06)(16)(18)","164.58kcal","","","2954.26kcal"
"2024-10-06(일)","미트볼조림(01)(02)(05)(06)(10)(12)(15)(16)","435.74kcal","사천식캐슈넛멸치볶음(04)(05)","102.06kcal","느타리버섯볶음(05)","37.98kcal","","","2954.26kcal"
"2024-10-06(일)","계란말이(완)(01)(05)(12)","106kcal","소불고기(완제품)(05)(16)","396.73kcal","참치김치볶음(05)(10)","336.98kcal","","","2954.26kcal"
"2024-10-06(일)","백색우유(02)","65kcal","배추김치(수의계약)","11.4kcal","배추김치","0kcal","","","2954.26kcal"
"2024-10-06(일)","배추김치","0kcal","","","","","","","2954.26kcal"
"2024-10-07(월)","밥","373.07kcal","흑미밥","395.57kcal","밥","373.07kcal","","","3930.20kcal"
"2024-10-07(월)","패주미역국(05)(06)(16)(18)","48.32kcal","햄감자찌개(05)(06)(10)(16)","119.88kcal","돼지고기김치찌개(05)(09)(10)","112.98kcal","","","3930.20kcal"
"2024-10-07(월)","닭바베큐소스조림(05)(15)","404.33kcal","오징어볶음(05)(17)","281.7kcal","닭고기튀김양념(05)(06)(15)","996.14kcal","","","3930.20kcal"
"2024-10-07(월)","김","28kcal","한입떡갈비(02)(05)(06)(10)(16)","497.8kcal","파채무침(05)(06)","17.68kcal","","","3930.20kcal"
"2024-10-07(월)","연두부&양념장(05)","70.66kcal","백색우유(02)","65kcal","탄산음료(콜라)","108kcal","","","3930.20kcal"
"2024-10-07(월)","배추김치(수의계약)","11.4kcal","배추김치(수의계약)","11.4kcal","깍두기(수의)(09)","15.2kcal","","","3930.20kcal"
"2024-10-08(화)","밥","373.07kcal","밀쌀밥","373.62kcal","잡곡밥","413.12kcal","","","3769.25kcal"
"2024-10-08(화)","근대된장국(05)(06)","34.25kcal","두부된장찌개(05)(06)(09)","90.98kcal","짬뽕순두부(01)(05)(06)(09)(10)(17)(18)","182.88kcal","","","3769.25kcal"
"2024-10-08(화)","고구마함박스테이크(05)(10)(12)","598kcal","돼지고기고추장볶음(05)(10)","381.44kcal","생선가스(01)(05)(06)","664.07kcal","","","3769.25kcal"
"2024-10-08(화)","감자에그샐러드(완)","315kcal","김자반","88.4kcal","토핑형발효유(02)(06)","165kcal","","","3769.25kcal"
"2024-10-08(화)","배추김치(수의계약)","11.4kcal","배추나물(05)(06)","24.65kcal","야채샐러드유자드레싱(02)","26.77kcal","","","3769.25kcal"
"2024-10-08(화)","","","깍두기(수의)(09)","15.2kcal","배추김치(수의계약)","11.4kcal","","","3769.25kcal"
"2024-10-09(수)","밥","373.07kcal","찰수수밥","373.07kcal","밥","373.07kcal","","","2672.47kcal"
"2024-10-09(수)","콩나물무채국(05)(06)","29.3kcal","쇠고기버섯전골(05)(06)(09)(16)","84.79kcal","감자국(05)(06)(16)","33.39kcal","","","2672.47kcal"
"2024-10-09(수)","마파두부(05)(06)(10)(15)(18)","252.63kcal","닭볶음탕(05)(15)","451.14kcal","냉채족발(02)(05)(06)(10)(16)","183.3kcal","","","2672.47kcal"
"2024-10-09(수)","계란장조림","251.6kcal","무나물","21.36kcal","모듬쌈(05)(06)","29.35kcal","","","2672.47kcal"
"2024-10-09(수)","배추김치(수의계약)","11.4kcal","백색우유(02)","65kcal","무말랭이무침(13)","140kcal","","","2672.47kcal"
"2024-10-09(수)","","","파김치","0kcal","보쌈김치","0kcal","","","2672.47kcal"
"2024-10-10(목)","밥","373.07kcal","찹쌀밥","397.07kcal","비빔밥(05)(16)","597.47kcal","","","2880.70kcal"
"2024-10-10(목)","황태채국(01)(05)(06)(16)","92.47kcal","꼬리곰탕(05)(06)(09)","401.06kcal","시금치된장국(05)(06)(09)(16)","45.38kcal","","","2880.70kcal"
"2024-10-10(목)","비엔나소시지케찹볶음(02)(05)(06)(10)(12)(16)(18)","379.15kcal","찐새우만두","0kcal","김말이튀김(05)","271.74kcal","","","2880.70kcal"
"2024-10-10(목)","애호박나물(05)(09)","43.78kcal","오징어젓무침(17)","28.51kcal","계란후라이(완제품)(01)(02)(06)(10)","52.5kcal","","","2880.70kcal"
"2024-10-10(목)","김","28kcal","깍두기(수의)(09)","15.2kcal","샤인머스켓","67.5kcal","","","2880.70kcal"
"2024-10-10(목)","백색우유(02)","65kcal","","","배추김치(수의계약)","11.4kcal","","","2880.70kcal"
"2024-10-10(목)","배추김치(수의계약)","11.4kcal","","","","","","","2880.70kcal"
"2024-10-11(금)","밥","373.07kcal","밥","373.07kcal","밥","373.07kcal","","","3165.16kcal"
"2024-10-05(토)","해쉬브라운케찹(05)","325.32kcal","쇠고기미역국(05)(06)(16)","49.11kcal","새송이버섯야채볶음(05)(06)(10)(18)","110.24kcal","","","3239.00kcal"
"2024-10-05(토)","백색우유(02)","65kcal","돼지불고기(05)(10)","355.01kcal","무나물","21.36kcal","","","3239.00kcal"
"2024-10-05(토)","시리얼(증)","235.98kcal","콩나물무침(05)","24.48kcal","가공우유(초코맛)(02)","194kcal","","","3239.00kcal"
"2024-10-05(토)","양파찹&소스","0kcal","배추김치(수의계약)","11.4kcal","열무김치","0kcal","","","3239.00kcal"
"2024-10-06(일)","밥","373.07kcal","밥","373.07kcal","밥","373.07kcal","","","2954.26kcal"
"2024-10-06(일)","참치 고추장찌개(05)(06)(09)(16)","148.73kcal","콩나물국(05)(06)(16)","29.85kcal","사골우거지국(02)(05)(06)(16)(18)","164.58kcal","","","2954.26kcal"
"2024-10-06(일)","미트볼조림(01)(02)(05)(06)(10)(12)(15)(16)","435.74kcal","사천식캐슈넛멸치볶음(04)(05)","102.06kcal","느타리버섯볶음(05)","37.98kcal","","","2954.26kcal"
"2024-10-06(일)","계란말이(완)(01)(05)(12)","106kcal","소불고기(완제품)(05)(16)","396.73kcal","참치김치볶음(05)(10)","336.98kcal","","","2954.26kcal"
"2024-10-06(일)","백색우유(02)","65kcal","배추김치(수의계약)","11.4kcal","배추김치","0kcal","","","2954.26kcal"
"2024-10-06(일)","배추김치","0kcal","","","","","","","2954.26kcal"
"2024-10-07(월)","밥","373.07kcal","흑미밥","395.57kcal","밥","373.07kcal","","","3930.20kcal"
"2024-10-07(월)","패주미역국(05)(06)(16)(18)","48.32kcal","햄감자찌개(05)(06)(10)(16)","119.88kcal","돼지고기김치찌개(05)(09)(10)","112.98kcal","","","3930.20kcal"
"2024-10-07(월)","닭바베큐소스조림(05)(15)","404.33kcal","오징어볶음(05)(17)","281.7kcal","닭고기튀김양념(05)(06)(15)","996.14kcal","","","3930.20kcal"
"2024-10-07(월)","김","28kcal","한입떡갈비(02)(05)(06)(10)(16)","497.8kcal","파채무침(05)(06)","17.68kcal","","","3930.20kcal"
"2024-10-07(월)","연두부&양념장(05)","70.66kcal","백색우유(02)","65kcal","탄산음료(콜라)","108kcal","","","3930.20kcal"
"2024-10-11(금)","","","","","배추김치(수의계약)","11.4kcal","","","3165.16kcal"
"2024-10-12(토)","핫도그빵(01)(02)(05)(06)","638.2kcal","게살크래미주먹밥","400kcal","제육덮밥(05)(10)","755.44kcal","","","3455.67kcal"
"2024-10-12(토)","스크램블에그(01)(05)","115kcal","우동국1(01)(05)(06)","84.99kcal","계란후라이(완제품)(01)(02)(06)(10)","52.5kcal","","","3455.67kcal"
"2024-10-12(토)","단호박샐러드(완)","160.2kcal","바베큐폭립(완제품)(05)(06)(10)(12)","561.75kcal","오이무침(05)","23.79kcal","","","3455.67kcal"
"2024-10-12(토)","시리얼(2)(05)","226kcal","가공우유(딸기맛)(02)(05)","282.5kcal","샤인머스켓","67.5kcal","","","3455.67kcal"
"2024-10-12(토)","백색우유(02)","65kcal","배추김치(수의계약)","11.4kcal","배추김치(수의계약)","11.4kcal","","","3455.67kcal"
"2024-10-13(일)","밥","373.07kcal","밥","373.07kcal","밥","373.07kcal","","","2480.53kcal"
"2024-10-13(일)","닭고기육개장(05)(06)(15)(16)","69.79kcal","황태채미역국(05)(06)(16)","41.88kcal","사골우거지국(02)(05)(06)(16)(18)","164.58kcal","","","2480.53kcal"
"2024-10-13(일)","비엔나메추리알조림(01)(02)(05)(06)(10)(15)(16)(18)","372.9kcal","멸치볶음(05)","71.57kcal","닭순살김치볶음(05)(15)","414.74kcal","","","2480.53kcal"
"2024-10-13(일)","부추겉절이","16kcal","고추장돼지불고기(완제품)(05)","107.33kcal","무생채","14.73kcal","","","2480.53kcal"
"2024-10-13(일)","백색우유(02)","65kcal","배추김치(수의계약)","11.4kcal","열무김치","0kcal","","","2480.53kcal"
"2024-10-13(일)","배추김치(수의계약)","11.4kcal","","","","","","","2480.53kcal"
"2024-10-14(월)","밥","373.07kcal","찹쌀밥","397.07kcal","밥1","321.45kcal","","","3206.86kcal"
"2024-10-14(월)","두부된장찌개(05)(06)(09)","90.98kcal","쇠고기육개장(05)(06)(16)","67.15kcal","브로콜리크림스프(02)(06)","275kcal","","","3206.86kcal"
"2024-10-14(월)","달콤돼지고기볶음(10)","337.53kcal","갑오징어야채볶음(05)(17)","476.25kcal","치즈등심돈가스(02)(05)(06)(10)(12)(16)(18)","505kcal","","","3206.86kcal"
"2024-10-14(월)","시금치무침","26.84kcal","닭꼬치(완)(05)(15)","246.4kcal","비엔나핫케?","0kcal","","","3206.86kcal"
"2024-10-14(월)","배추김치","0kcal","배추김치(수의계약)","11.4kcal","양배추피클","8.12kcal","","","3206.86kcal"
"2024-10-14(월)","","","","","마시는발효유(02)","70.6kcal","","","3206.86kcal"
"2024-10-15(화)","밥","373.07kcal","밥","373.07kcal","밥","373.07kcal","","","2649.39kcal"
"2024-10-15(화)","닭고기미역국(05)(06)(15)(16)","52.61kcal","감자국(05)(06)(16)","33.39kcal","햄감자찌개(05)(06)(10)(16)","119.88kcal","","","2649.39kcal"
"2024-10-15(화)","애호박나물(05)(09)","43.78kcal","훈제오리볶음(01)(05)(06)(18)","470.77kcal","고추잡채(05)(06)(10)(18)","334.48kcal","","","2649.39kcal"
"2024-10-15(화)","마파감자(05)(06)(10)(15)(18)","278.88kcal","무쌈","40kcal","청포묵무침(05)","51.51kcal","","","2649.39kcal"
"2024-10-15(화)","배추김치","0kcal","흑임자드레싱(01)(05)","28.48kcal","백색우유(02)","65kcal","","","2649.39kcal"
"2024-10-15(화)","","","배추김치(수의계약)","11.4kcal","열무김치","0kcal","","","2649.39kcal"
"2024-10-16(수)","밥","373.07kcal","밥","373.07kcal","새우튀김덮밥(에비동)(05)(06)(09)(18)","794.6kcal","","","3146.11kcal"
"2024-10-16(수)","콩나물무채국(05)(06)","29.3kcal","배추된장국(05)(06)(09)(16)","38.91kcal","팽이버섯된장국(05)(06)(09)(16)","75.16kcal","","","3146.11kcal"
"2024-10-16(수)","언양식바싹불고기(01)(05)(06)(10)","333kcal","닭고기야채조림(05)(15)","483.75kcal","꼬들단무지(13)","20.5kcal","","","3146.11kcal"
"2024-10-16(수)","오이무침(05)","23.79kcal","상추겉절이","14.56kcal","짜먹는발효유","0kcal","","","3146.11kcal"
"2024-10-16(수)","김","28kcal","갓김치1","0kcal","베이컨떡말이(10)(12)","482kcal","","","3146.11kcal"
"2024-10-16(수)","백색우유(02)","65kcal","","","","","","","3146.11kcal"
"2024-10-16(수)","배추김치(수의계약)","11.4kcal","","","","","","","3146.11kcal"
"2024-10-17(목)","밥","373.07kcal","밥","373.07kcal","자장밥(05)(06)(10)","716.27kcal","","","3516.61kcal"
"2024-10-17(목)","쇠고기무국(05)(06)(16)","49.66kcal","시금치된장국(05)(06)(09)(16)","45.38kcal","계란국(01)(09)(16)","97.42kcal","","","3516.61kcal"
"2024-10-17(목)","닭간장소스찜(15)","459.84kcal","가지볶음(05)","48.23kcal","탕수육(05)(06)(10)","819.73kcal","","","3516.61kcal"
"2024-10-17(목)","콩나물매운무침(05)","24.53kcal","등갈비김치찜(10)","431.19kcal","사과(후지)","55.42kcal","","","3516.61kcal"
"2024-10-17(목)","배추김치(수의계약)","11.4kcal","파김치","0kcal","배추김치(수의계약)","11.4kcal","","","3516.61kcal"
"2024-10-18(금)","밥","373.07kcal","검은콩밥","643.72kcal","밥","373.07kcal","","","3446.95kcal"
"2024-10-18(금)","황태채국(01)(05)(06)(16)","92.47kcal","부대찌개(02)(05)(06)(10)(15)(16)(18)","219.27kcal","어묵탕(05)(06)","102.82kcal","","","3446.95kcal"
"2024-10-18(금)","느타리버섯볶음(05)","37.98kcal","낙지삼겹살새우볶음(05)(10)(17)","407.46kcal","닭순살치킨가스(01)(05)(06)(10)(12)(15)(16)","559kcal","","","3446.95kcal"
"2024-10-18(금)","소고기꽈리고추조림(05)(16)","304.26kcal","콩나물무침(05)","24.48kcal","브로콜리깨소금무침(05)","56.55kcal","","","3446.95kcal"
"2024-10-18(금)","배추김치","0kcal","백색우유(02)","65kcal","토핑형발효유(02)(06)","165kcal","","","3446.95kcal"
"2024-10-18(금)","","","배추김치(수의계약)","11.4kcal","배추김치(수의계약)","11.4kcal","","","3446.95kcal"
"2024-10-19(토)","코울슬로샐러드(01)(05)","119.7kcal","밥","373.07kcal","오징어덮밥(05)(17)","642.35kcal","","","3052.22kcal"
"2024-10-19(토)","풀드포크&모닝빵(01)(02)(05)(06)(10)(12)(16)(18)","562.7kcal","순대국밥(05)(06)(10)","409.49kcal","새송이버섯야채볶음(05)(06)(10)(18)","110.24kcal","","","3052.22kcal"
"2024-10-19(토)","시리얼(3)","240kcal","왕교자만두찜(06)(10)","330kcal","계란후라이(완제품)(01)(02)(06)(10)","52.5kcal","","","3052.22kcal"
"2024-10-19(토)","백색우유(02)","65kcal","풋고추된장무침(05)(06)","30.57kcal","가공우유(커피맛)(02)","90kcal","","","3052.22kcal"
"2024-10-19(토)","","","깍두기(수의)(09)","15.2kcal","배추김치(수의계약)","11.4kcal","","","3052.22kcal"
"2024-10-20(일)","밥","373.07kcal","밥","373.07kcal","밥","373.07kcal","","","2565.99kcal"
"2024-10-20(일)","콩나물무채국(05)(06)","29.3kcal","감자국(05)(06)(16)","33.39kcal","사골미역국(16)","32.26kcal","","","2565.99kcal"
"2024-10-20(일)","꽈리고추멸치볶음(05)","88.26kcal","명태순살칠리볶음(05)","83.25kcal","닭볶음탕(05)(15)","451.14kcal","","","2565.99kcal"
"2024-10-20(일)","닭순살야채조림(15)","303.32kcal","간장돼지불고기(완제품)(05)","306.73kcal","무생채","14.73kcal","","","2565.99kcal"
"2024-10-20(일)","김","28kcal","열무김치","0kcal","백색우유(02)","65kcal","","","2565.99kcal"
"2024-10-20(일)","","","","","배추김치(수의계약)","11.4kcal","","","2565.99kcal"
"2024-10-21(월)","밥","373.07kcal","밥","373.07kcal","밥","373.07kcal","","","2818.76kcal"
"2024-10-21(월)","얼큰쇠고기무국(05)(06)(16)","59.62kcal","순두부된장국(05)(06)(09)(18)","88.67kcal","콩나물김치국(05)(06)(16)","29.88kcal","","","2818.76kcal"
"2024-10-21(월)","호박새우볶음(05)(09)","47.27kcal","오리불고기(05)","36.15kcal","치킨너겟(01)(02)(05)(06)(12)(15)(16)(18)","752.39kcal","","","2818.76kcal"
"2024-10-21(월)","비엔나소시지감자조림(02)(05)(06)(10)(16)(18)","339.4kcal","부추겉절이","16kcal","오이피클(05)(06)","175kcal","","","2818.76kcal"
"2024-10-21(월)","백색우유(02)","65kcal","무쌈","40kcal","탄산음료(사이다)","0kcal","","","2818.76kcal"
"2024-10-21(월)","배추김치(수의계약)","11.4kcal","배추김치(수의계약)","11.4kcal","양배추샐러드(01)(05)(06)(12)(16)(18)","27.37kcal","","","2818.76kcal"
"2024-10-22(화)","밥","373.07kcal","현미밥","394.85kcal","밀쌀밥","373.62kcal","","","3446.89kcal"
"2024-10-22(화)","홍합탕(05)(06)(09)(17)(18)","96.85kcal","꼬리곰탕(05)(06)(09)","401.06kcal","햄감자찌개(05)(06)(10)(16)","119.88kcal","","","3446.89kcal"
"2024-10-22(화)","마파두부(05)(06)(10)(15)(18)","252.63kcal","오징어삼겹볶음(05)(10)(17)","433.46kcal","코다리강정(05)(06)","689.9kcal","","","3446.89kcal"
"2024-10-22(화)","메추리알장조림(완)","0kcal","상추겉절이","14.56kcal","옥수수계란찜(02)(09)","50.19kcal","","","3446.89kcal"
"2024-10-22(화)","배추김치(수의계약)","11.4kcal","백색우유(02)","65kcal","김자반","88.4kcal","","","3446.89kcal"
"2024-10-22(화)","","","깍두기(수의)(09)","15.2kcal","사과(후지)","55.42kcal","","","3446.89kcal"
"2024-10-22(화)","","","","","배추김치(수의계약)","11.4kcal","","","3446.89kcal"
"2024-10-23(수)","밥","373.07kcal","밥","373.07kcal","중화식덮밥(05)(09)(10)(17)","695.81kcal","","","3228.08kcal"
"2024-10-23(수)","팽이버섯된장국(05)(06)(09)(16)","75.16kcal","얼큰수제비국(05)(06)(16)","44.74kcal","콩나물김치국(05)(06)(16)","29.88kcal","","","3228.08kcal"
"2024-10-23(수)","피자오믈렛(01)(02)(05)(06)(10)(12)(15)(16)(18)","246kcal","콩나물잡채(05)(06)(10)","134.22kcal","유린기(05)(06)(15)","525.83kcal","","","3228.08kcal"
"2024-10-23(수)","함박스테이크(05)(12)","339.8kcal","닭꼬치(완)(05)(15)","246.4kcal","계란후라이(완제품)(01)(02)(06)(10)","52.5kcal","","","3228.08kcal"
"2024-10-18(금)","밥","373.07kcal","검은콩밥","643.72kcal","밥","373.07kcal","","","3446.95kcal"
"2024-10-18(금)","황태채국(01)(05)(06)(16)","92.47kcal","부대찌개(02)(05)(06)(10)(15)(16)(18)","219.27kcal","어묵탕(05)(06)","102.82kcal","","","3446.95kcal"
"2024-10-18(금)","느타리버섯볶음(05)","37.98kcal","낙지삼겹살새우볶음(05)(10)(17)","407.46kcal","닭순살치킨가스(01)(05)(06)(10)(12)(15)(16)","559kcal","","","3446.95kcal"
"2024-10-18(금)","소고기꽈리고추조림(05)(16)","304.26kcal","콩나물무침(05)","24.48kcal","브로콜리깨소금무침(05)","56.55kcal","","","3446.95kcal"
"2024-10-18(금)","배추김치","0kcal","백색우유(02)","65kcal","토핑형발효유(02)(06)","165kcal","","","3446.95kcal"
"2024-10-18(금)","","","배추김치(수의계약)","11.4kcal","배추김치(수의계약)","11.4kcal","","","3446.95kcal"
"2024-10-19(토)","코울슬로샐러드(01)(05)","119.7kcal","밥","373.07kcal","오징어덮밥(05)(17)","642.35kcal","","","3052.22kcal"
"2024-10-19(토)","풀드포크&모닝빵(01)(02)(05)(06)(10)(12)(16)(18)","562.7kcal","순대국밥(05)(06)(10)","409.49kcal","새송이버섯야채볶음(05)(06)(10)(18)","110.24kcal","","","3052.22kcal"
"2024-10-19(토)","시리얼(3)","240kcal","왕교자만두찜(06)(10)","330kcal","계란후라이(완제품)(01)(02)(06)(10)","52.5kcal","","","3052.22kcal"
"2024-10-19(토)","백색우유(02)","65kcal","풋고추된장무침(05)(06)","30.57kcal","가공우유(커피맛)(02)","90kcal","","","3052.22kcal"
"2024-10-19(토)","","","깍두기(수의)(09)","15.2kcal","배추김치(수의계약)","11.4kcal","","","3052.22kcal"
"2024-10-20(일)","밥","373.07kcal","밥","373.07kcal","밥","373.07kcal","","","2565.99kcal"
"2024-10-20(일)","콩나물무채국(05)(06)","29.3kcal","감자국(05)(06)(16)","33.39kcal","사골미역국(16)","32.26kcal","","","2565.99kcal"
"2024-10-20(일)","꽈리고추멸치볶음(05)","88.26kcal","명태순살칠리볶음(05)","83.25kcal","닭볶음탕(05)(15)","451.14kcal","","","2565.99kcal"
"2024-10-20(일)","닭순살야채조림(15)","303.32kcal","간장돼지불고기(완제품)(05)","306.73kcal","무생채","14.73kcal","","","2565.99kcal"
"2024-10-20(일)","김","28kcal","열무김치","0kcal","백색우유(02)","65kcal","","","2565.99kcal"
"2024-10-20(일)","","","","","배추김치(수의계약)","11.4kcal","","","2565.99kcal"
"2024-10-21(월)","밥","373.07kcal","밥","373.07kcal","밥","373.07kcal","","","2818.76kcal"
"2024-10-21(월)","얼큰쇠고기무국(05)(06)(16)","59.62kcal","순두부된장국(05)(06)(09)(18)","88.67kcal","콩나물김치국(05)(06)(16)","29.88kcal","","","2818.76kcal"
"2024-10-21(월)","호박새우볶음(05)(09)","47.27kcal","오리불고기(05)","36.15kcal","치킨너겟(01)(02)(05)(06)(12)(15)(16)(18)","752.39kcal","","","2818.76kcal"
"2024-10-25(금)","닭간장소스찜(15)","459.84kcal","돼지삼겹야채볶음(10)","536.5kcal","김말이튀김(05)","271.74kcal","","","3038.34kcal"
"2024-10-25(금)","무나물","21.36kcal","오이무침(05)","23.79kcal","계란후라이(완제품)(01)(02)(06)(10)","52.5kcal","","","3038.34kcal"
"2024-10-25(금)","김","28kcal","배추김치(수의계약)","11.4kcal","이온음료","88.8kcal","","","3038.34kcal"
"2024-10-25(금)","갓김치1","0kcal","","","배추김치(수의계약)","11.4kcal","","","3038.34kcal"
"2024-10-26(토)","핫도그빵(01)(02)(05)(06)","638.2kcal","밥","373.07kcal","큐브스테이크(05)(16)","717.84kcal","","","3342.25kcal"
"2024-10-26(토)","스크램블에그(01)(05)","115kcal","우거지갈비탕(02)(05)(06)(10)(16)(18)","537.55kcal","계란후라이(완제품)(01)(02)(06)(10)","52.5kcal","","","3342.25kcal"
"2024-10-26(토)","시리얼(휴일)","229.8kcal","닭순살볶음우동(05)(06)(15)","353.09kcal","콩나물매운무침(05)","24.53kcal","","","3342.25kcal"
"2024-10-26(토)","양배추샐러드(01)(05)(06)(12)(16)(18)","27.37kcal","애호박나물(05)(09)","43.78kcal","사과(후지)","55.42kcal","","","3342.25kcal"
"2024-10-26(토)","백색우유(02)","65kcal","가공우유(바나나맛)(02)","82.5kcal","배추김치(수의계약)","11.4kcal","","","3342.25kcal"
"2024-10-26(토)","","","깍두기(수의)(09)","15.2kcal","","","","","3342.25kcal"
"2024-10-27(일)","밥","373.07kcal","밥","373.07kcal","밥","373.07kcal","","","2923.28kcal"
"2024-10-27(일)","홍합탕(05)(06)(09)(17)(18)","96.85kcal","김치찌개(05)(09)(10)","117.41kcal","사골우거지국(02)(05)(06)(16)(18)","164.58kcal","","","2923.28kcal"
"2024-10-27(일)","비엔나소시지케찹볶음(02)(05)(06)(10)(12)(16)(18)","379.15kcal","닭고기야채조림(05)(15)","483.75kcal","낙지삼겹살새우볶음(05)(10)(17)","407.46kcal","","","2923.28kcal"
"2024-10-27(일)","무생채","14.73kcal","배추나물(05)(06)","24.65kcal","부추양파무침","11.09kcal","","","2923.28kcal"
"2024-10-27(일)","김","28kcal","백색우유(02)","65kcal","배추김치(수의계약)","11.4kcal","","","2923.28kcal"
"2024-10-27(일)","배추김치","0kcal","갓김치1","0kcal","","","","","2923.28kcal"
"2024-10-28(월)","밥","373.07kcal","투움바파스타(02)(05)(06)(10)","150.96kcal","잡곡밥","413.12kcal","","","1825.16kcal"
"2024-10-28(월)","콩나물국(05)(06)(16)","29.85kcal","삼각주먹밥(완)(01)(02)(05)(06)(16)(18)","195kcal","닭곰탕(15)","121.42kcal","","","1825.16kcal"
"2024-10-28(월)","쇠고기감자조림(05)(16)","299.73kcal","무&비트피클(완)","30kcal","버섯잡채(05)(06)","40.06kcal","","","1825.16kcal"
"2024-10-28(월)","메추리알장조림(완)","0kcal","배추김치(수의계약)","11.4kcal","브로콜리깨소금무침(05)","56.55kcal","","","1825.16kcal"
"2024-10-28(월)","열무김치","0kcal","","","이온음료","88.8kcal","","","1825.16kcal"
"2024-10-28(월)","","","","","깍두기(수의)(09)","15.2kcal","","","1825.16kcal"
"2024-10-29(화)","참치오믈렛(01)","185kcal","불닭덮밥(02)(05)(06)(12)(15)(16)(18)","759.37kcal","밥","373.07kcal","","","3042.63kcal"
"2024-10-29(화)","밥","373.07kcal","쇠고기미역국(05)(06)(16)","49.11kcal","계란국(01)(09)(16)","97.42kcal","","","3042.63kcal"
"2024-10-29(화)","시금치된장국(05)(06)(09)(16)","45.38kcal","반건조오징어볶음(05)","201.6kcal","돼지고기무볶음(05)(10)","196.98kcal","","","3042.63kcal"
"2024-10-29(화)","돼지고기고추장볶음(05)(10)","381.44kcal","백색우유(02)","65kcal","김자반","88.4kcal","","","3042.63kcal"
"2024-10-29(화)","배추김치(수의계약)","11.4kcal","깍두기(수의)(09)","15.2kcal","오이무침(05)","23.79kcal","","","3042.63kcal"
"2024-10-29(화)","","","","","토핑형발효유(02)(06)","165kcal","","","3042.63kcal"
"2024-10-29(화)","","","","","배추김치(수의계약)","11.4kcal","","","3042.63kcal"
"2024-10-30(수)","밥","373.07kcal","찹쌀밥","397.07kcal","밥","373.07kcal","","","2514.31kcal"
"2024-10-30(수)","콩나물김치국(05)(06)(16)","29.88kcal","사골곰탕(05)(06)","210.29kcal","부대찌개(02)(05)(06)(10)(15)(16)(18)","219.27kcal","","","2514.31kcal"
"2024-10-30(수)","닭순살야채조림(15)","303.32kcal","고기만두찜","9.05kcal","닭강정(05)","430kcal","","","2514.31kcal"
"2024-10-30(수)","상추겉절이","14.56kcal","대게살장","7.76kcal","양배추샐러드(01)(05)(06)(12)(16)(18)","27.37kcal","","","2514.31kcal"
"2024-10-30(수)","김","28kcal","깍두기(수의)(09)","15.2kcal","백색우유(02)","65kcal","","","2514.31kcal"
"2024-10-30(수)","열무김치","0kcal","","","배추김치(수의계약)","11.4kcal","","","2514.31kcal"
"2024-10-31(목)","밥","373.07kcal","밥","373.07kcal","카레밥(02)(05)(06)(10)","531.47kcal","","","2818.06kcal"
"2024-10-31(목)","감자국(05)(06)(16)","33.39kcal","참치김치찌개(05)(09)","80kcal","팽이버섯된장국(05)(06)(09)(16)","75.16kcal","","","2818.06kcal"
"2024-10-31(목)","돼지고기청경채볶음(05)(06)(10)(18)","361.62kcal","순대야채볶음(05)(06)(10)","269.84kcal","새우까스(01)(05)","483.93kcal","","","2818.06kcal"
"2024-10-31(목)","연두부&양념장(05)","70.66kcal","계란찜(09)","3.89kcal","백색우유(02)","65kcal","","","2818.06kcal"
"2024-10-31(목)","배추김치(수의계약)","11.4kcal","감귤","70.36kcal","깍두기(수의)(09)","15.2kcal","","","2818.06kcal"
"2024-10-31(목)","","","열무김치","0kcal","","","","","2818.06kcal"
"2024-10-01(화)","밥","373.07kcal","쇠고기떡국(05)(16)","317.34kcal","밥","373.07kcal","","","2542.92kcal"
"2024-10-01(화)","감자고추장찌개(05)(06)(16)","82.43kcal","어묵볶음(05)(06)","188.11kcal","오징어국(05)(06)(09)(16)(17)","100.43kcal","","","2542.92kcal"
"2024-10-01(화)","돼지고기자장볶음(05)(10)","423.72kcal","왕만두찜(김치)","0kcal","애호박나물(05)(09)","43.78kcal","","","2542.92kcal"
"2024-10-01(화)","김자반","88.4kcal","샤인머스켓","67.5kcal","한우갈비찜(16)","381.27kcal","","","2542.92kcal"
"2024-10-01(화)","부추겉절이","16kcal","갓김치1","0kcal","백색우유(02)","65kcal","","","2542.92kcal"
"2024-10-01(화)","배추김치(수의계약)","11.4kcal","","","배추김치(수의계약)","11.4kcal","","","2542.92kcal"
"2024-10-02(수)","밥","373.07kcal","찹쌀밥","397.07kcal","밥","373.07kcal","","","2575.52kcal"
"2024-10-02(수)","참치김치찌개(05)(09)","80kcal","닭곰탕(완)(15)","99.67kcal","굴순두부찌개(01)(05)(06)(09)(17)(18)","110.33kcal","","","2575.52kcal"
"2024-10-02(수)","닭순살야채조림(15)","303.32kcal","돼지고기육전(01)(05)(06)(10)","138.63kcal","닭강정(05)","430kcal","","","2575.52kcal"
"2024-10-02(수)","배추나물(05)(06)","24.65kcal","낙지젓무침(17)","26.96kcal","브로콜리깨소금무침(05)","56.55kcal","","","2575.52kcal"
"2024-10-02(수)","열무김치","0kcal","백색우유(02)","65kcal","마시는발효유(02)","70.6kcal","","","2575.52kcal"
"2024-10-02(수)","","","깍두기(수의)(09)","15.2kcal","배추김치(수의계약)","11.4kcal","","","2575.52kcal"
"2024-10-03(목)","밥","373.07kcal","밥","373.07kcal","현미밥","394.85kcal","","","3086.41kcal"
"2024-10-03(목)","닭고기육개장(05)(06)(15)(16)","69.79kcal","차돌박이된장찌개(05)(06)(16)","94.69kcal","콩나물무채국(05)(06)","29.3kcal","","","3086.41kcal"
"2024-10-03(목)","오삼불고기(05)(10)(17)","804.01kcal","감자채볶음(05)(10)","93.31kcal","주꾸미볶음(05)(10)","261.86kcal","","","3086.41kcal"
"2024-10-03(목)","상추겉절이","14.56kcal","순살고등어구이(05)(07)","176.85kcal","동그랑땡(02)(05)(06)(10)(16)","246.25kcal","","","3086.41kcal"
"2024-10-03(목)","배추김치(수의계약)","11.4kcal","이온음료","88.8kcal","김","28kcal","","","3086.41kcal"
"2024-10-03(목)","","","깍두기(수의)(09)","15.2kcal","배추김치(수의계약)","11.4kcal","","","3086.41kcal"
"2024-10-04(금)","밥","373.07kcal","흑미밥","395.57kcal","밥","373.07kcal","","","3024.55kcal"
"2024-10-04(금)","순두부백탕(05)(06)(09)(17)(18)","84.53kcal","돼지고기애호박찌개(05)(06)(10)","132.07kcal","꽃게탕(05)(06)(08)(09)(17)","87.03kcal","","","3024.55kcal"
"2024-10-04(금)","돼지고기고추장볶음(05)(10)","381.44kcal","언양식바싹불고기(01)(05)(06)(10)","333kcal","돈가스(02)(05)(06)(10)(12)(16)(18)","688.39kcal","","","3024.55kcal"
"2024-10-04(금)","시금치무침","26.84kcal","풋고추된장무침(05)(06)","30.57kcal","양배추샐러드(01)(05)(06)(12)(16)(18)","27.37kcal","","","3024.55kcal"
"2024-10-04(금)","깍두기(수의)(09)","15.2kcal","배추김치","0kcal","백색우유(02)","65kcal","","","3024.55kcal"
"2024-10-04(금)","","","","","배추김치(수의계약)","11.4kcal","","","3024.55kcal"
"2024-10-05(토)","햄치즈버거(01)(02)(06)(10)(12)","641.97kcal","밥","373.07kcal","삼색도리덮밥(01)(05)(15)","832.06kcal","","","3239.00kcal"
"2024-10-30(수)","닭순살야채조림(15)","303.32kcal","고기만두찜","9.05kcal","닭강정(05)","430kcal","","","2514.31kcal"
"2024-10-30(수)","상추겉절이","14.56kcal","대게살장","7.76kcal","양배추샐러드(01)(05)(06)(12)(16)(18)","27.37kcal","","","2514.31kcal"
"2024-10-30(수)","김","28kcal","깍두기(수의)(09)","15.2kcal","백색우유(02)","65kcal","","","2514.31kcal"
"2024-10-30(수)","열무김치","0kcal","","","배추김치(수의계약)","11.4kcal","","","2514.31kcal"
"2024-10-31(목)","밥","373.07kcal","밥","373.07kcal","카레밥(02)(05)(06)(10)","531.47kcal","","","2818.06kcal"
"2024-10-31(목)","감자국(05)(06)(16)","33.39kcal","참치김치찌개(05)(09)","80kcal","팽이버섯된장국(05)(06)(09)(16)","75.16kcal","","","2818.06kcal"
"2024-10-31(목)","돼지고기청경채볶음(05)(06)(10)(18)","361.62kcal","순대야채볶음(05)(06)(10)","269.84kcal","새우까스(01)(05)","483.93kcal","","","2818.06kcal"
"2024-10-31(목)","연두부&양념장(05)","70.66kcal","계란찜(09)","3.89kcal","백색우유(02)","65kcal","","","2818.06kcal"
"2024-10-31(목)","배추김치(수의계약)","11.4kcal","감귤","70.36kcal","깍두기(수의)(09)","15.2kcal","","","2818.06kcal"
"2024-10-31(목)","","","열무김치","0kcal","","","","","2818.06kcal"
"2024-11-01(금)","밥","386.95kcal","쇠고기떡국(01)(05)(16)","298.54kcal","현미밥","403.29kcal","","","2654.79kcal"
"2024-11-01(금)","황태채국(01)(05)(06)(16)","84.42kcal","어묵볶음(05)(06)","242.26kcal","콩나물무채국(05)(06)","28.77kcal","","","2654.79kcal"
"2024-11-01(금)","애호박나물(05)(09)","42.38kcal","돼지고기육전(01)(05)(06)(10)","137.23kcal","주꾸미볶음(05)(10)","224.76kcal","","","2654.79kcal"
"2024-11-01(금)","김자반","88.4kcal","짜먹는발효유","0kcal","한입떡갈비(02)(05)(06)(10)(16)","332.8kcal","","","2654.79kcal"
"2024-11-01(금)","닭바베큐소스조림(05)(15)","291.99kcal","갓김치1","0kcal","김","28kcal","","","2654.79kcal"
"2024-11-01(금)","백색우유(02)","65kcal","","","배추김치","0kcal","","","2654.79kcal"
"2024-11-01(금)","배추김치","0kcal","","","","","","","2654.79kcal"
"2024-11-02(토)","불고기버거(01)(02)(05)(06)(10)(12)(16)","560.16kcal","밥","386.95kcal","삼색도리덮밥(01)(05)(15)","753.93kcal","","","2834.07kcal"
"2024-11-02(토)","계란후라이(완제품)(01)(02)(06)(10)","102.5kcal","오징어국(05)(06)(09)(16)(17)","86kcal","새송이버섯야채볶음(05)(06)(10)(18)","61.51kcal","","","2834.07kcal"
"2024-11-02(토)","백색우유(02)","65kcal","한우갈비찜(16)","371.27kcal","무나물","17.68kcal","","","2834.07kcal"
"2024-11-02(토)","시리얼(증)(05)(06)","212.76kcal","시금치무침","22.31kcal","열무김치","0kcal","","","2834.07kcal"
"2024-11-02(토)","","","가공우유(초코맛)(02)","194kcal","","","","","2834.07kcal"
"2024-11-02(토)","","","깍두기(수의)","0kcal","","","","","2834.07kcal"
"2024-11-03(일)","밥","386.95kcal","밥","386.95kcal","밥","386.95kcal","","","2820.37kcal"
"2024-11-03(일)","닭고기육개장(01)(05)(06)(15)(16)","76.43kcal","황태채미역국(05)(06)(16)","38.11kcal","사골우거지국(02)(05)(06)(16)(18)","162.26kcal","","","2820.37kcal"
"2024-11-03(일)","미트볼조림(01)(02)(05)(06)(10)(12)(15)(16)","425.51kcal","느타리버섯볶음(05)","36.61kcal","닭볶음탕(05)(15)","308.01kcal","","","2820.37kcal"
"2024-11-03(일)","계란말이(완)(01)(05)(12)","45kcal","간장돼지불고기(완제품)(05)","242.67kcal","사천식캐슈넛멸치볶음(04)(05)","94.92kcal","","","2820.37kcal"
"2024-10-07(월)","배추김치(수의계약)","11.4kcal","배추김치(수의계약)","11.4kcal","깍두기(수의)(09)","15.2kcal","","","3930.20kcal"
"2024-10-08(화)","밥","373.07kcal","밀쌀밥","373.62kcal","잡곡밥","413.12kcal","","","3769.25kcal"
"2024-10-08(화)","근대된장국(05)(06)","34.25kcal","두부된장찌개(05)(06)(09)","90.98kcal","짬뽕순두부(01)(05)(06)(09)(10)(17)(18)","182.88kcal","","","3769.25kcal"
"2024-10-08(화)","고구마함박스테이크(05)(10)(12)","598kcal","돼지고기고추장볶음(05)(10)","381.44kcal","생선가스(01)(05)(06)","664.07kcal","","","3769.25kcal"
"2024-10-08(화)","감자에그샐러드(완)","315kcal","김자반","88.4kcal","토핑형발효유(02)(06)","165kcal","","","3769.25kcal"
"2024-10-08(화)","배추김치(수의계약)","11.4kcal","배추나물(05)(06)","24.65kcal","야채샐러드유자드레싱(02)","26.77kcal","","","3769.25kcal"
"2024-10-08(화)","","","깍두기(수의)(09)","15.2kcal","배추김치(수의계약)","11.4kcal","","","3769.25kcal"
"2024-10-09(수)","밥","373.07kcal","찰수수밥","373.07kcal","밥","373.07kcal","","","2672.47kcal"
"2024-10-09(수)","콩나물무채국(05)(06)","29.3kcal","쇠고기버섯전골(05)(06)(09)(16)","84.79kcal","감자국(05)(06)(16)","33.39kcal","","","2672.47kcal"
"2024-10-09(수)","마파두부(05)(06)(10)(15)(18)","252.63kcal","닭볶음탕(05)(15)","451.14kcal","냉채족발(02)(05)(06)(10)(16)","183.3kcal","","","2672.47kcal"
"2024-10-09(수)","계란장조림","251.6kcal","무나물","21.36kcal","모듬쌈(05)(06)","29.35kcal","","","2672.47kcal"
"2024-10-09(수)","배추김치(수의계약)","11.4kcal","백색우유(02)","65kcal","무말랭이무침(13)","140kcal","","","2672.47kcal"
"2024-10-09(수)","","","파김치","0kcal","보쌈김치","0kcal","","","2672.47kcal"
"2024-10-10(목)","밥","373.07kcal","찹쌀밥","397.07kcal","비빔밥(05)(16)","597.47kcal","","","2880.70kcal"
"2024-10-10(목)","황태채국(01)(05)(06)(16)","92.47kcal","꼬리곰탕(05)(06)(09)","401.06kcal","시금치된장국(05)(06)(09)(16)","45.38kcal","","","2880.70kcal"
"2024-10-10(목)","비엔나소시지케찹볶음(02)(05)(06)(10)(12)(16)(18)","379.15kcal","찐새우만두","0kcal","김말이튀김(05)","271.74kcal","","","2880.70kcal"
"2024-10-10(목)","애호박나물(05)(09)","43.78kcal","오징어젓무침(17)","28.51kcal","계란후라이(완제품)(01)(02)(06)(10)","52.5kcal","","","2880.70kcal"
"2024-10-10(목)","김","28kcal","깍두기(수의)(09)","15.2kcal","샤인머스켓","67.5kcal","","","2880.70kcal"
"2024-10-10(목)","백색우유(02)","65kcal","","","배추김치(수의계약)","11.4kcal","","","2880.70kcal"
"2024-10-10(목)","배추김치(수의계약)","11.4kcal","","","","","","","2880.70kcal"
"2024-10-11(금)","밥","373.07kcal","밥","373.07kcal","밥","373.07kcal","","","3165.16kcal"
"2024-10-11(금)","배추된장국(05)(06)(09)(16)","38.91kcal","미소장국","49.77kcal","마라탕(09)(16)","60.85kcal","","","3165.16kcal"
"2024-10-11(금)","돼지불고기(05)(10)","355.01kcal","닭장각구이(05)(15)","389.65kcal","갑오징어튀김(05)(06)(17)","614.6kcal","","","3165.16kcal"
"2024-10-11(금)","콩나물무침(05)","24.48kcal","참치샐러드","372.86kcal","부추겉절이","16kcal","","","3165.16kcal"
"2024-10-11(금)","깍두기(수의)(09)","15.2kcal","오이장아찌","8.42kcal","이온음료","88.8kcal","","","3165.16kcal"
"2024-10-11(금)","","","","","배추김치(수의계약)","11.4kcal","","","3165.16kcal"
"2024-10-12(토)","핫도그빵(01)(02)(05)(06)","638.2kcal","게살크래미주먹밥","400kcal","제육덮밥(05)(10)","755.44kcal","","","3455.67kcal"
"2024-10-12(토)","스크램블에그(01)(05)","115kcal","우동국1(01)(05)(06)","84.99kcal","계란후라이(완제품)(01)(02)(06)(10)","52.5kcal","","","3455.67kcal"
"2024-10-12(토)","단호박샐러드(완)","160.2kcal","바베큐폭립(완제품)(05)(06)(10)(12)","561.75kcal","오이무침(05)","23.79kcal","","","3455.67kcal"
"2024-10-12(토)","시리얼(2)(05)","226kcal","가공우유(딸기맛)(02)(05)","282.5kcal","샤인머스켓","67.5kcal","","","3455.67kcal"
"2024-10-12(토)","백색우유(02)","65kcal","배추김치(수의계약)","11.4kcal","배추김치(수의계약)","11.4kcal","","","3455.67kcal"
"2024-10-13(일)","밥","373.07kcal","밥","373.07kcal","밥","373.07kcal","","","2480.53kcal"
"2024-10-13(일)","닭고기육개장(05)(06)(15)(16)","69.79kcal","황태채미역국(05)(06)(16)","41.88kcal","사골우거지국(02)(05)(06)(16)(18)","164.58kcal","","","2480.53kcal"
"2024-10-13(일)","비엔나메추리알조림(01)(02)(05)(06)(10)(15)(16)(18)","372.9kcal","멸치볶음(05)","71.57kcal","닭순살김치볶음(05)(15)","414.74kcal","","","2480.53kcal"
"2024-10-13(일)","부추겉절이","16kcal","고추장돼지불고기(완제품)(05)","107.33kcal","무생채","14.73kcal","","","2480.53kcal"
"2024-10-13(일)","백색우유(02)","65kcal","배추김치(수의계약)","11.4kcal","열무김치","0kcal","","","2480.53kcal"
"2024-10-13(일)","배추김치(수의계약)","11.4kcal","","","","","","","2480.53kcal"
"2024-10-14(월)","밥","373.07kcal","찹쌀밥","397.07kcal","밥1","321.45kcal","","","3206.86kcal"
"2024-10-14(월)","두부된장찌개(05)(06)(09)","90.98kcal","쇠고기육개장(05)(06)(16)","67.15kcal","브로콜리크림스프(02)(06)","275kcal","","","3206.86kcal"
"2024-10-14(월)","달콤돼지고기볶음(10)","337.53kcal","갑오징어야채볶음(05)(17)","476.25kcal","치즈등심돈가스(02)(05)(06)(10)(12)(16)(18)","505kcal","","","3206.86kcal"
"2024-10-14(월)","시금치무침","26.84kcal","닭꼬치(완)(05)(15)","246.4kcal","비엔나핫케?","0kcal","","","3206.86kcal"
"2024-10-14(월)","배추김치","0kcal","배추김치(수의계약)","11.4kcal","양배추피클","8.12kcal","","","3206.86kcal"
"2024-10-14(월)","","","","","마시는발효유(02)","70.6kcal","","","3206.86kcal"
"2024-10-15(화)","밥","373.07kcal","밥","373.07kcal","밥","373.07kcal","","","2649.39kcal"
"2024-10-15(화)","닭고기미역국(05)(06)(15)(16)","52.61kcal","감자국(05)(06)(16)","33.39kcal","햄감자찌개(05)(06)(10)(16)","119.88kcal","","","2649.39kcal"
"2024-10-15(화)","애호박나물(05)(09)","43.78kcal","훈제오리볶음(01)(05)(06)(18)","470.77kcal","고추잡채(05)(06)(10)(18)","334.48kcal","","","2649.39kcal"
"2024-10-15(화)","마파감자(05)(06)(10)(15)(18)","278.88kcal","무쌈","40kcal","청포묵무침(05)","51.51kcal","","","2649.39kcal"
"2024-10-15(화)","배추김치","0kcal","흑임자드레싱(01)(05)","28.48kcal","백색우유(02)","65kcal","","","2649.39kcal"
"2024-10-15(화)","","","배추김치(수의계약)","11.4kcal","열무김치","0kcal","","","2649.39kcal"
"2024-10-16(수)","밥","373.07kcal","밥","373.07kcal","새우튀김덮밥(에비동)(05)(06)(09)(18)","794.6kcal","","","3146.11kcal"
"2024-10-16(수)","콩나물무채국(05)(06)","29.3kcal","배추된장국(05)(06)(09)(16)","38.91kcal","팽이버섯된장국(05)(06)(09)(16)","75.16kcal","","","3146.11kcal"
"2024-10-16(수)","언양식바싹불고기(01)(05)(06)(10)","333kcal","닭고기야채조림(05)(15)","483.75kcal","꼬들단무지(13)","20.5kcal","","","3146.11kcal"
"2024-10-16(수)","오이무침(05)","23.79kcal","상추겉절이","14.56kcal","짜먹는발효유","0kcal","","","3146.11kcal"
"2024-10-16(수)","김","28kcal","갓김치1","0kcal","베이컨떡말이(10)(12)","482kcal","","","3146.11kcal"
"2024-10-16(수)","백색우유(02)","65kcal","","","","","","","3146.11kcal"
"2024-10-16(수)","배추김치(수의계약)","11.4kcal","","","","","","","3146.11kcal"
"2024-10-17(목)","밥","373.07kcal","밥","373.07kcal","자장밥(05)(06)(10)","716.27kcal","","","3516.61kcal"
"2024-10-17(목)","쇠고기무국(05)(06)(16)","49.66kcal","시금치된장국(05)(06)(09)(16)","45.38kcal","계란국(01)(09)(16)","97.42kcal","","","3516.61kcal"
"2024-10-17(목)","닭간장소스찜(15)","459.84kcal","가지볶음(05)","48.23kcal","탕수육(05)(06)(10)","819.73kcal","","","3516.61kcal"
"2024-10-17(목)","콩나물매운무침(05)","24.53kcal","등갈비김치찜(10)","431.19kcal","사과(후지)","55.42kcal","","","3516.61kcal"
"2024-10-17(목)","배추김치(수의계약)","11.4kcal","파김치","0kcal","배추김치(수의계약)","11.4kcal","","","3516.61kcal"
"2024-11-11(월)","","","","","배추김치","0kcal","","","1911.33kcal"
"2024-11-11(월)","","","","","크림치즈찰떡","","","","1911.33kcal"
"2024-11-12(화)","밥","386.95kcal","밥","386.95kcal","밥","386.95kcal","","","2873.84kcal"
"2024-11-12(화)","닭고기육개장(01)(05)(06)(15)(16)","76.43kcal","감자국(05)(06)(16)","43.82kcal","햄감자찌개(05)(06)(10)(16)","112.9kcal","","","2873.84kcal"
"2024-11-12(화)","애호박나물(05)(09)","42.38kcal","훈제오리볶음(01)(05)(06)(18)","425.7kcal","고추잡채(05)(06)(10)(18)","362.54kcal","","","2873.84kcal"
"2024-11-12(화)","마파두부(05)(06)(10)(15)(18)","312.23kcal","흑임자드레싱(01)(05)","20.98kcal","청포묵무침(05)","46.01kcal","","","2873.84kcal"
"2024-11-12(화)","백색우유(02)","65kcal","무쌈","40kcal","토핑형발효유(02)(06)","165kcal","","","2873.84kcal"
"2024-11-12(화)","배추김치","0kcal","배추김치","0kcal","파김치","0kcal","","","2873.84kcal"
"2024-11-13(수)","밥","386.95kcal","찹쌀밥","406.35kcal","새우튀김덮밥(에비동)(05)(06)(09)(18)","804.09kcal","","","2845.52kcal"
"2024-11-13(수)","콩나물무채국(05)(06)","28.77kcal","꼬리곰탕(05)(06)(09)","98.85kcal","순두부된장국(05)(06)(09)","72.26kcal","","","2845.53kcal"
"2024-11-13(수)","언양식바싹불고기(01)(02)(05)(06)(10)(12)(15)(16)","340.5kcal","닭고기야채조림(05)(15)","328.82kcal","꼬들단무지(13)","20.5kcal","","","2845.54kcal"
"2024-11-13(수)","오이무침(05)","21.37kcal","상추겉절이","14.06kcal","베이컨떡말이(10)(12)","224.4kcal","","","2845.55kcal"
"2024-11-13(수)","김","28kcal","배추김치","0kcal","마시는발효유(02)","70.6kcal","","","2845.56kcal"
"2024-11-13(수)","배추김치","0kcal","","","참깨건빵(증식용)","","","","2845.57kcal"
"2024-11-14(목)","밥","386.95kcal","현미밥","403.29kcal","자장밥(05)(06)(10)","730.15kcal","","","3416.23kcal"
"2024-11-14(목)","쇠고기무국(05)(06)(16)","46.94kcal","얼큰수제비국(05)(06)(16)","121.44kcal","계란국(01)(09)(16)","97.14kcal","","","3416.23kcal"
"2024-11-14(목)","닭간장소스찜(15)","315.7kcal","갈치순살튀김(01)(05)(06)","636.25kcal","탕수육(05)(06)(10)","546.63kcal","","","3416.23kcal"
"2024-11-14(목)","시금치무침","22.31kcal","부추양파무침","8.33kcal","총각김치","12.3kcal","","","3416.23kcal"
"2024-11-14(목)","배추김치","0kcal","이온음료","88.8kcal","","","","","3416.23kcal"
"2024-11-14(목)","","","열무김치","0kcal","","","","","3416.23kcal"
"2024-11-15(금)","밥","386.95kcal","검은콩밥","405.54kcal","밥","386.95kcal","","","2893.34kcal"
"2024-11-15(금)","배추된장국(05)(06)(09)(16)","37.19kcal","부대찌개(02)(05)(06)(10)(15)(16)(18)","182.31kcal","어묵탕(05)(06)","91.33kcal","","","2893.34kcal"
"2024-11-15(금)","느타리버섯볶음(05)","36.61kcal","낙지삼겹살새우볶음(05)(09)(10)(17)","372.01kcal","떡볶이(01)(05)(06)","368.95kcal","","","2893.34kcal"
"2024-11-15(금)","소고기꽈리고추조림(05)(16)","271.76kcal","김말이튀김(05)","91.21kcal","순대야채볶음(05)(06)(10)","186.73kcal","","","2893.34kcal"
"2024-11-15(금)","배추김치","0kcal","백색우유(02)","65kcal","반달단무지","10.8kcal","","","2893.34kcal"
"2024-11-15(금)","","","열무김치","0kcal","짜먹는발효유","0kcal","","","2893.34kcal"
"2024-11-15(금)","","","","","초코생크림빵","","","","2893.34kcal"
"2024-11-16(토)","풀드포크&모닝빵(01)(02)(05)(06)(10)(12)(16)(18)","680.45kcal","밥","386.95kcal","불닭덮밥(02)(05)(06)(12)(15)(16)(18)","647.48kcal","","","2969.88kcal"
"2024-11-16(토)","시리얼(3)","216kcal","닭고기미역국(05)(06)(15)(16)","37.54kcal","계란후라이(완제품)(01)(02)(06)(10)","102.5kcal","","","2969.88kcal"
"2024-11-16(토)","백색우유(02)","65kcal","돼지불고기(05)(10)","323.11kcal","무나물","17.68kcal","","","2969.88kcal"
"2024-11-16(토)","코울슬로샐러드(01)(05)","119.7kcal","콩나물매운무침(05)","23.47kcal","샤인머스켓","67.5kcal","","","2969.88kcal"
"2024-11-16(토)","","","가공우유(딸기맛)(02)(05)","282.5kcal","갓김치1","0kcal","","","2969.88kcal"
"2024-11-16(토)","","","배추김치","0kcal","","","","","2969.88kcal"
"2024-11-17(일)","밥","386.95kcal","밥","386.95kcal","밥","386.95kcal","","","2424.80kcal"
"2024-10-21(월)","비엔나소시지감자조림(02)(05)(06)(10)(16)(18)","339.4kcal","부추겉절이","16kcal","오이피클(05)(06)","175kcal","","","2818.76kcal"
"2024-10-21(월)","백색우유(02)","65kcal","무쌈","40kcal","탄산음료(사이다)","0kcal","","","2818.76kcal"
"2024-10-21(월)","배추김치(수의계약)","11.4kcal","배추김치(수의계약)","11.4kcal","양배추샐러드(01)(05)(06)(12)(16)(18)","27.37kcal","","","2818.76kcal"
"2024-10-22(화)","밥","373.07kcal","현미밥","394.85kcal","밀쌀밥","373.62kcal","","","3446.89kcal"
"2024-10-22(화)","홍합탕(05)(06)(09)(17)(18)","96.85kcal","꼬리곰탕(05)(06)(09)","401.06kcal","햄감자찌개(05)(06)(10)(16)","119.88kcal","","","3446.89kcal"
"2024-10-22(화)","마파두부(05)(06)(10)(15)(18)","252.63kcal","오징어삼겹볶음(05)(10)(17)","433.46kcal","코다리강정(05)(06)","689.9kcal","","","3446.89kcal"
"2024-10-22(화)","메추리알장조림(완)","0kcal","상추겉절이","14.56kcal","옥수수계란찜(02)(09)","50.19kcal","","","3446.89kcal"
"2024-10-22(화)","배추김치(수의계약)","11.4kcal","백색우유(02)","65kcal","김자반","88.4kcal","","","3446.89kcal"
"2024-10-22(화)","","","깍두기(수의)(09)","15.2kcal","사과(후지)","55.42kcal","","","3446.89kcal"
"2024-10-22(화)","","","","","배추김치(수의계약)","11.4kcal","","","3446.89kcal"
"2024-10-23(수)","밥","373.07kcal","밥","373.07kcal","중화식덮밥(05)(09)(10)(17)","695.81kcal","","","3228.08kcal"
"2024-10-23(수)","팽이버섯된장국(05)(06)(09)(16)","75.16kcal","얼큰수제비국(05)(06)(16)","44.74kcal","콩나물김치국(05)(06)(16)","29.88kcal","","","3228.08kcal"
"2024-10-23(수)","피자오믈렛(01)(02)(05)(06)(10)(12)(15)(16)(18)","246kcal","콩나물잡채(05)(06)(10)","134.22kcal","유린기(05)(06)(15)","525.83kcal","","","3228.08kcal"
"2024-10-23(수)","함박스테이크(05)(12)","339.8kcal","닭꼬치(완)(05)(15)","246.4kcal","계란후라이(완제품)(01)(02)(06)(10)","52.5kcal","","","3228.08kcal"
"2024-10-23(수)","배추김치","0kcal","백색우유(02)","65kcal","짜먹는발효유","0kcal","","","3228.08kcal"
"2024-10-23(수)","","","배추김치(수의계약)","11.4kcal","깍두기(수의)(09)","15.2kcal","","","3228.08kcal"
"2024-10-24(목)","밥","373.07kcal","밥","373.07kcal","밥","373.07kcal","","","3532.74kcal"
"2024-10-24(목)","순두부백탕(05)(06)(09)(17)(18)","84.53kcal","근대된장국(05)(06)","34.25kcal","어묵탕(05)(06)","102.82kcal","","","3532.74kcal"
"2024-10-24(목)","돼지고기고추장볶음(05)(10)","381.44kcal","감자채볶음(05)(10)","93.31kcal","떡볶이(01)(02)(05)(06)(10)(13)(16)","951.42kcal","","","3532.74kcal"
"2024-10-24(목)","김자반","88.4kcal","볼케이노치킨(02)(05)(06)(12)(15)(16)(18)","394.07kcal","반달단무지","10.8kcal","","","3532.74kcal"
"2024-10-24(목)","부추양파무침","11.09kcal","두유","250kcal","","","","","3532.74kcal"
"2024-10-24(목)","배추김치","0kcal","배추김치(수의계약)","11.4kcal","","","","","3532.74kcal"
"2024-10-25(금)","밥","373.07kcal","밥","373.07kcal","참치야채비빔밥(05)","616.55kcal","","","3038.34kcal"
"2024-10-25(금)","콩나물국(05)(06)(16)","29.85kcal","닭고기미역국(05)(06)(15)(16)","52.61kcal","호박된장찌개(05)(06)(09)","87.86kcal","","","3038.34kcal"
"2024-10-25(금)","닭간장소스찜(15)","459.84kcal","돼지삼겹야채볶음(10)","536.5kcal","김말이튀김(05)","271.74kcal","","","3038.34kcal"
"2024-10-25(금)","무나물","21.36kcal","오이무침(05)","23.79kcal","계란후라이(완제품)(01)(02)(06)(10)","52.5kcal","","","3038.34kcal"
"2024-10-25(금)","김","28kcal","배추김치(수의계약)","11.4kcal","이온음료","88.8kcal","","","3038.34kcal"
"2024-10-25(금)","갓김치1","0kcal","","","배추김치(수의계약)","11.4kcal","","","3038.34kcal"
"2024-10-26(토)","핫도그빵(01)(02)(05)(06)","638.2kcal","밥","373.07kcal","큐브스테이크(05)(16)","717.84kcal","","","3342.25kcal"
"2024-10-26(토)","스크램블에그(01)(05)","115kcal","우거지갈비탕(02)(05)(06)(10)(16)(18)","537.55kcal","계란후라이(완제품)(01)(02)(06)(10)","52.5kcal","","","3342.25kcal"
"2024-10-26(토)","시리얼(휴일)","229.8kcal","닭순살볶음우동(05)(06)(15)","353.09kcal","콩나물매운무침(05)","24.53kcal","","","3342.25kcal"
"2024-10-26(토)","양배추샐러드(01)(05)(06)(12)(16)(18)","27.37kcal","애호박나물(05)(09)","43.78kcal","사과(후지)","55.42kcal","","","3342.25kcal"
"2024-10-26(토)","백색우유(02)","65kcal","가공우유(바나나맛)(02)","82.5kcal","배추김치(수의계약)","11.4kcal","","","3342.25kcal"
"2024-10-26(토)","","","깍두기(수의)(09)","15.2kcal","","","","","3342.25kcal"
"2024-10-27(일)","밥","373.07kcal","밥","373.07kcal","밥","373.07kcal","","","2923.28kcal"
"2024-10-27(일)","홍합탕(05)(06)(09)(17)(18)","96.85kcal","김치찌개(05)(09)(10)","117.41kcal","사골우거지국(02)(05)(06)(16)(18)","164.58kcal","","","2923.28kcal"
"2024-10-27(일)","비엔나소시지케찹볶음(02)(05)(06)(10)(12)(16)(18)","379.15kcal","닭고기야채조림(05)(15)","483.75kcal","낙지삼겹살새우볶음(05)(10)(17)","407.46kcal","","","2923.28kcal"
"2024-10-27(일)","무생채","14.73kcal","배추나물(05)(06)","24.65kcal","부추양파무침","11.09kcal","","","2923.28kcal"
"2024-10-27(일)","김","28kcal","백색우유(02)","65kcal","배추김치(수의계약)","11.4kcal","","","2923.28kcal"
"2024-10-27(일)","배추김치","0kcal","갓김치1","0kcal","","","","","2923.28kcal"
"2024-10-28(월)","밥","373.07kcal","투움바파스타(02)(05)(06)(10)","150.96kcal","잡곡밥","413.12kcal","","","1825.16kcal"
"2024-10-28(월)","콩나물국(05)(06)(16)","29.85kcal","삼각주먹밥(완)(01)(02)(05)(06)(16)(18)","195kcal","닭곰탕(15)","121.42kcal","","","1825.16kcal"
"2024-10-28(월)","쇠고기감자조림(05)(16)","299.73kcal","무&비트피클(완)","30kcal","버섯잡채(05)(06)","40.06kcal","","","1825.16kcal"
"2024-10-28(월)","메추리알장조림(완)","0kcal","배추김치(수의계약)","11.4kcal","브로콜리깨소금무침(05)","56.55kcal","","","1825.16kcal"
"2024-10-28(월)","열무김치","0kcal","","","이온음료","88.8kcal","","","1825.16kcal"
"2024-10-28(월)","","","","","깍두기(수의)(09)","15.2kcal","","","1825.16kcal"
"2024-10-29(화)","참치오믈렛(01)","185kcal","불닭덮밥(02)(05)(06)(12)(15)(16)(18)","759.37kcal","밥","373.07kcal","","","3042.63kcal"
"2024-10-29(화)","밥","373.07kcal","쇠고기미역국(05)(06)(16)","49.11kcal","계란국(01)(09)(16)","97.42kcal","","","3042.63kcal"
"2024-10-29(화)","시금치된장국(05)(06)(09)(16)","45.38kcal","반건조오징어볶음(05)","201.6kcal","돼지고기무볶음(05)(10)","196.98kcal","","","3042.63kcal"
"2024-10-29(화)","돼지고기고추장볶음(05)(10)","381.44kcal","백색우유(02)","65kcal","김자반","88.4kcal","","","3042.63kcal"
"2024-10-29(화)","배추김치(수의계약)","11.4kcal","깍두기(수의)(09)","15.2kcal","오이무침(05)","23.79kcal","","","3042.63kcal"
"2024-10-29(화)","","","","","토핑형발효유(02)(06)","165kcal","","","3042.63kcal"
"2024-10-29(화)","","","","","배추김치(수의계약)","11.4kcal","","","3042.63kcal"
"2024-10-30(수)","밥","373.07kcal","찹쌀밥","397.07kcal","밥","373.07kcal","","","2514.31kcal"
"2024-10-30(수)","콩나물김치국(05)(06)(16)","29.88kcal","사골곰탕(05)(06)","210.29kcal","부대찌개(02)(05)(06)(10)(15)(16)(18)","219.27kcal","","","2514.31kcal"
"2024-11-24(일)","홍합탕(05)(06)(09)(17)(18)","82.4kcal","김치찌개(05)(09)(10)","101.7kcal","황태해장국(완)(05)","18.58kcal","","","2483.09kcal"
"2024-11-24(일)","비엔나소시지케찹볶음(02)(05)(06)(10)(12)(16)(18)","305.13kcal","낙지삼겹살새우볶음(05)(09)(10)(17)","372.01kcal","닭볶음탕(05)(15)","308.01kcal","","","2483.09kcal"
"2024-11-24(일)","무생채","13.3kcal","배추나물(05)(06)","19.78kcal","부추양파무침","8.33kcal","","","2483.09kcal"
"2024-11-24(일)","김","28kcal","열무김치","0kcal","짜먹는발효유","0kcal","","","2483.09kcal"
"2024-11-24(일)","백색우유(02)","65kcal","","","배추김치","0kcal","","","2483.09kcal"
"2024-11-24(일)","배추김치","0kcal","","","","","","","2483.09kcal"
"2024-11-25(월)","밥","386.95kcal","찹쌀밥","406.35kcal","밥","386.95kcal","","","2886.25kcal"
"2024-11-25(월)","콩나물국(05)(06)(16)","27.66kcal","시금치된장국(05)(06)(09)(16)","45.38kcal","짬뽕순두부(01)(05)(06)(09)(10)(17)(18)","161.73kcal","","","2886.25kcal"
"2024-11-25(월)","메추리알장조림(완)","209.25kcal","애호박나물(05)(09)","42.38kcal","닭순살치킨가스(01)(05)(06)(10)(12)(15)(16)","557.1kcal","","","2886.25kcal"
"2024-11-25(월)","쇠고기감자조림(05)(16)","295.6kcal","등갈비김치찜(10)","249.49kcal","야채샐러드유자드레싱(02)","28.61kcal","","","2886.25kcal"
"2024-11-25(월)","열무김치","0kcal","배추김치","0kcal","이온음료","88.8kcal","","","2886.25kcal"
"2024-11-25(월)","","","","","배추김치","0kcal","","","2886.25kcal"
"2024-11-26(화)","밥","386.95kcal","밥","386.95kcal","밥","386.95kcal","","","2606.03kcal"
"2024-11-26(화)","호박된장찌개(05)(06)(09)","75.3kcal","감자국(05)(06)(16)","43.82kcal","계란국(01)(09)(16)","97.14kcal","","","2606.03kcal"
"2024-11-26(화)","돼지고기고추장볶음(05)(10)","365.39kcal","닭고기야채조림(05)(15)","328.82kcal","참치김치볶음(05)(10)","306.28kcal","","","2606.03kcal"
"2024-11-26(화)","무나물","17.68kcal","봄동겉절이(05)","35.98kcal","김자반","88.4kcal","","","2606.03kcal"
"2024-11-26(화)","배추김치","0kcal","깍두기(수의)","0kcal","오이무침(05)","21.37kcal","","","2606.03kcal"
"2024-11-26(화)","","","","","백색우유(02)","65kcal","","","2606.03kcal"
"2024-11-26(화)","","","","","배추김치","0kcal","","","2606.03kcal"
"2024-11-27(수)","밥","386.95kcal","흑미밥","403.08kcal","밥","386.95kcal","","","2832.43kcal"
"2024-11-27(수)","콩나물김치국(05)(06)(16)","25.38kcal","닭곰탕(15)","83.12kcal","부대찌개(02)(05)(06)(10)(15)(16)(18)","182.31kcal","","","2832.43kcal"
"2024-11-27(수)","닭순살야채조림(15)","238.46kcal","오징어볶음(05)(17)","262.85kcal","닭강정(05)","410kcal","","","2832.43kcal"
"2024-11-27(수)","상추겉절이","14.06kcal","김밥튀김(01)(02)(05)(06)(10)(13)(16)","252kcal","양배추샐러드(01)(05)(06)(12)(16)(18)","23.67kcal","","","2832.43kcal"
"2024-11-27(수)","김","28kcal","백색우유(02)","65kcal","마시는발효유(02)","70.6kcal","","","2832.43kcal"
"2024-11-27(수)","열무김치","0kcal","배추김치","0kcal","배추김치","0kcal","","","2832.43kcal"
"2024-11-28(목)","밥","386.95kcal","밥","386.95kcal","카레밥(02)(05)(06)(10)(15)(16)","716.95kcal","","","3165.35kcal"
"2024-11-28(목)","황태채국(01)(05)(06)(16)","84.42kcal","참치김치찌개(05)(09)","59.15kcal","아욱된장국(05)(06)","30.54kcal","","","3165.35kcal"
"2024-11-28(목)","돼지고기청경채볶음(05)(06)(10)(18)","327.26kcal","가지볶음(05)","47.25kcal","생선가스(01)(05)(06)","628.16kcal","","","3165.35kcal"
"2024-11-28(목)","백색우유(02)","65kcal","치즈함박스테이크(05)(12)","291.7kcal","감귤","70.36kcal","","","3165.35kcal"
"2024-11-28(목)","연두부&양념장(05)","70.66kcal","열무김치","0kcal","깍두기(수의)","0kcal","","","3165.35kcal"
"2024-11-28(목)","배추김치","0kcal","","","","","","","3165.35kcal"
"2024-11-29(금)","밥","386.95kcal","잡곡밥","421.76kcal","밥","386.95kcal","","","2634.66kcal"
"2024-11-29(금)","참치오믈렛(01)","185kcal","쇠고기육개장(01)(05)(06)(16)","84.21kcal","햄감자찌개(05)(06)(10)(16)","112.9kcal","","","2634.66kcal"
"2024-11-29(금)","두부된장찌개(05)(06)(09)","59.48kcal","버섯잡채(05)(06)","122.52kcal","돼지삼겹야채볶음(10)","411.39kcal","","","2634.66kcal"
"2024-11-29(금)","동그랑땡(02)(05)(06)(10)(16)","215kcal","브로콜리깨소금무침(05)","52.35kcal","콩나물무침(05)","23.15kcal","","","2634.66kcal"
"2024-11-29(금)","열무김치","0kcal","탄산음료(콜라)","108kcal","백색우유(02)","65kcal","","","2634.66kcal"
"2024-11-29(금)","","","파김치","0kcal","열무김치","0kcal","","","2634.66kcal"
"2024-11-30(토)","햄치즈버거(01)(02)(06)(10)(12)","889.09kcal","밥","386.95kcal","제육덮밥(05)(10)","736.36kcal","","","3716.80kcal"
"2024-11-30(토)","해쉬브라운케찹(05)","325.32kcal","순대국밥(05)(06)(10)","439.45kcal","계란후라이(완제품)(01)(02)(06)(10)","102.5kcal","","","3716.80kcal"
"2024-11-03(일)","백색우유(02)","65kcal","토핑형발효유(02)(06)","165kcal","배추김치","0kcal","","","2820.37kcal"
"2024-11-03(일)","배추김치","0kcal","배추김치","0kcal","","","","","2820.37kcal"
"2024-11-04(월)","밥","386.95kcal","흑미밥","403.08kcal","밥","386.95kcal","","","2980.86kcal"
"2024-11-04(월)","순두부백탕(05)(06)(09)(17)(18)","77.09kcal","돼지고기애호박찌개(05)(06)(10)","136.52kcal","마라탕(09)(16)","56.13kcal","","","2980.86kcal"
"2024-11-04(월)","돼지고기고추장볶음(05)(10)","365.39kcal","언양식바싹불고기(01)(02)(05)(06)(10)(12)(15)(16)","340.5kcal","오징어튀김(01)(05)(06)(17)","599.86kcal","","","2980.86kcal"
"2024-11-04(월)","시금치무침","22.31kcal","파채무침(05)(06)","37.13kcal","부추겉절이","15.15kcal","","","2980.86kcal"
"2024-11-04(월)","깍두기(수의)","0kcal","백색우유(02)","65kcal","이온음료","88.8kcal","","","2980.86kcal"
"2024-11-04(월)","","","깍두기(수의)","0kcal","배추김치","0kcal","","","2980.86kcal"
"2024-11-05(화)","밥","386.95kcal","밥","386.95kcal","밥","386.95kcal","","","3782.82kcal"
"2024-11-05(화)","어묵탕(05)(06)","91.33kcal","차돌박이된장찌개(05)(06)(16)","90.25kcal","꽃게탕(05)(06)(08)(09)(17)","72.36kcal","","","3782.82kcal"
"2024-11-05(화)","오삼불고기(05)(10)(17)","549.29kcal","감자채볶음(05)(10)","105.69kcal","가츠동(01)(02)(05)(06)(10)","633.73kcal","","","3782.82kcal"
"2024-11-05(화)","상추겉절이","14.06kcal","순살고등어구이(05)(07)","176.45kcal","짜먹는발효유","0kcal","","","3782.82kcal"
"2024-11-05(화)","배추김치","0kcal","샤인머스켓","67.5kcal","참치샐러드","336.31kcal","","","3782.82kcal"
"2024-11-05(화)","","","열무김치","0kcal","배추김치","0kcal","","","3782.82kcal"
"2024-11-05(화)","","","","","삼양식품,큰컵맛있는라면,112g","485kcal","","","3782.82kcal"
"2024-11-06(수)","밥","386.95kcal","잡곡밥","421.76kcal","밥","386.95kcal","","","2612.83kcal"
"2024-11-06(수)","감자국(05)(06)(16)","43.82kcal","부대찌개(02)(05)(06)(10)(15)(16)(18)","182.31kcal","굴순두부찌개(01)(05)(06)(09)(17)(18)","92.43kcal","","","2612.83kcal"
"2024-11-06(수)","비엔나소시지케찹볶음(02)(05)(06)(10)(12)(16)(18)","305.13kcal","닭순살야채조림(15)","238.46kcal","돼지고기무볶음(05)(10)","229.24kcal","","","2612.83kcal"
"2024-11-06(수)","연두부&양념장(05)","70.66kcal","브로콜리깨소금무침(05)","52.35kcal","김자반","88.4kcal","","","2612.83kcal"
"2024-11-06(수)","김","28kcal","백색우유(02)","65kcal","오이무침(05)","21.37kcal","","","2612.83kcal"
"2024-11-06(수)","배추김치","0kcal","깍두기(수의)","0kcal","배추김치","0kcal","","","2612.83kcal"
"2024-11-07(목)","밥","386.95kcal","밀쌀밥","387.35kcal","밥","386.95kcal","","","3167.22kcal"
"2024-11-07(목)","근대된장국(05)(06)","24.49kcal","감자고추장찌개(05)(06)(16)","82.94kcal","돼지고기김치찌개(05)(09)(10)","120kcal","","","3167.22kcal"
"2024-11-07(목)","고구마함박스테이크(05)(10)(12)","549.9kcal","돼지고기자장볶음(05)(10)","347.38kcal","매콤닭봉조림(05)","340.31kcal","","","3167.22kcal"
"2024-11-07(목)","백색우유(02)","65kcal","김자반","88.4kcal","풋고추된장무침(05)(06)","28.86kcal","","","3167.22kcal"
"2024-11-07(목)","감자에그샐러드(완)","280kcal","부추양파무침","8.33kcal","감귤","70.36kcal","","","3167.22kcal"
"2024-11-07(목)","열무김치","0kcal","배추김치","0kcal","깍두기(수의)","0kcal","","","3167.22kcal"
"2024-11-08(금)","밥","386.95kcal","찹쌀밥","406.35kcal","밥","386.95kcal","","","2548.19kcal"
"2024-11-08(금)","콩나물무채국(05)(06)","28.77kcal","꼬리곰탕(05)(06)(09)","98.85kcal","패주미역국(05)(06)(16)(18)","43.46kcal","","","2548.19kcal"
"2024-11-08(금)","마파감자(05)(06)(10)(15)(18)","413.35kcal","찐새우만두","0kcal","모듬쌈(05)(06)","28.9kcal","","","2548.19kcal"
"2024-11-08(금)","계란장조림","199.8kcal","오징어젓무침(17)","41.31kcal","냉채족발(02)(05)(06)(10)(16)","302.9kcal","","","2548.19kcal"
"2024-11-08(금)","배추김치","0kcal","마시는발효유(02)","70.6kcal","무말랭이무침(13)","140kcal","","","2548.19kcal"
"2024-11-08(금)","","","깍두기(수의)","0kcal","보쌈김치","0kcal","","","2548.19kcal"
"2024-11-09(토)","핫도그빵(01)(02)(05)(06)","629.5kcal","밥","386.95kcal","오징어덮밥(05)(17)","649.38kcal","","","3318.90kcal"
"2024-11-09(토)","스크램블에그(01)(05)","105kcal","우거지갈비탕(02)(05)(06)(10)(16)(18)","545.74kcal","새송이버섯야채볶음(05)(06)(10)(18)","61.51kcal","","","3318.90kcal"
"2024-11-09(토)","백색우유(02)","65kcal","애호박나물(05)(09)","42.38kcal","계란후라이(완제품)(01)(02)(06)(10)","102.5kcal","","","3318.90kcal"
"2024-11-09(토)","단호박샐러드(완)","142.4kcal","닭순살볶음우동(05)(06)(15)","286.92kcal","가공우유(바나나맛)(02)","82.5kcal","","","3318.90kcal"
"2024-11-09(토)","시리얼(휴일)","206.82kcal","깍두기(수의)","0kcal","총각김치","12.3kcal","","","3318.90kcal"
"2024-11-10(일)","밥","386.95kcal","밥","386.95kcal","밥","386.95kcal","","","2355.18kcal"
"2024-11-10(일)","쇠고기미역국(05)(06)(16)","46.39kcal","콩나물국(05)(06)(16)","27.66kcal","사골우거지국(02)(05)(06)(16)(18)","162.26kcal","","","2355.18kcal"
"2024-11-10(일)","비엔나메추리알조림(01)(02)(05)(06)(10)(15)(16)(18)","375.77kcal","꽈리고추멸치볶음(05)","87.96kcal","닭순살김치볶음(05)(15)","302.02kcal","","","2355.18kcal"
"2024-11-10(일)","브로콜리깨소금무침(05)","52.35kcal","고추장돼지불고기(완제품)(05)","61.62kcal","무생채","13.3kcal","","","2355.18kcal"
"2024-11-10(일)","백색우유(02)","65kcal","배추김치","0kcal","열무김치","0kcal","","","2355.18kcal"
"2024-11-10(일)","배추김치","0kcal","","","","","","","2355.18kcal"
"2024-11-11(월)","밥","386.95kcal","게살크래미주먹밥(01)(02)(05)(06)(09)(12)(18)","175kcal","꼬막비빔밥(18)","415.74kcal","","","1911.33kcal"
"2024-11-11(월)","두부된장찌개(05)(06)(09)","59.48kcal","투움바파스타(02)(05)(06)(10)(12)","243.82kcal","시금치된장국(05)(06)(09)(16)","45.38kcal","","","1911.33kcal"
"2024-11-11(월)","달콤돼지고기볶음(10)","306.11kcal","무&비트피클(완)","30kcal","닭꼬치(완)(05)(15)","123.2kcal","","","1911.33kcal"
"2024-11-11(월)","콩나물무침(05)","23.15kcal","배추김치","0kcal","계란후라이(완제품)(01)(02)(06)(10)","102.5kcal","","","1911.33kcal"
"2024-11-11(월)","배추김치","0kcal","","","탄산음료(사이다)","0kcal","","","1911.33kcal"
"2025-12-04(목)","치즈함박스테이크(01)(02)(05)(06)(10)(12)(15)(16)","246.05kcal","오삼불고기(05)(10)(17)","558.08kcal","훈제닭다리(완)(01)(02)(05)","300.6kcal","","","2777.43kcal"
"2025-12-04(목)","연두부&양념장(05)","70.66kcal","계란찜(09)","4.64kcal","코울슬로샐러드(01)(05)","119.7kcal","","","2777.43kcal"
"2025-12-04(목)","배추김치","0kcal","파김치(09)","23.6kcal","배추김치","0kcal","","","2777.43kcal"
"2025-12-05(금)","밥","376.03kcal","비빔밥(05)(16)","757.51kcal","중화식덮밥(05)(09)(10)(17)","667.19kcal","","","3537.94kcal"
"2025-12-05(금)","키조개미역국(02)(05)(06)(16)(18)","38.35kcal","얼큰수제비국(02)(05)(06)(16)","106.73kcal","팽이버섯된장국(02)(05)(06)(09)(16)","101.9kcal","","","3537.94kcal"
"2025-12-05(금)","돼지고기부추볶음(02)(05)(06)(10)(16)(18)","381.77kcal","오미산적(완)(01)(02)(05)(06)(08)(10)(12)(13)(16)","195.63kcal","새우교자만두(05)(06)(09)","588kcal","","","3537.94kcal"
"2025-12-05(금)","느타리버섯볶음(05)","28.83kcal","계란후라이(완제품)(01)(02)(06)(10)","102.5kcal","샤인머스켓","58.5kcal","","","3537.94kcal"
"2025-12-05(금)","배추김치","0kcal","백색우유(02)","135kcal","배추김치","0kcal","","","3537.94kcal"
"2025-12-05(금)","","","배추김치","0kcal","","","","","3537.94kcal"
"2025-12-06(토)","햄치즈버거(01)(02)(06)(10)","494kcal","밥","376.03kcal","닭고기덮밥(05)(06)(15)(18)","673.1kcal","","","3358.26kcal"
"2025-12-06(토)","계란후라이(완제품)(01)(02)(06)(10)","102.5kcal","꼬리곰탕(05)(06)(09)(16)","321.56kcal","감자국(02)(05)(06)(16)","52.51kcal","","","3358.26kcal"
"2025-12-06(토)","백색우유(02)","135kcal","고기만두찜","400.4kcal","깻잎전(완)(01)(05)(06)(10)","208.13kcal","","","3358.26kcal"
"2025-12-06(토)","시리얼(3)(05)","204kcal","양념고추지","16kcal","스크램블에그(01)(05)","86.43kcal","","","3358.26kcal"
"2025-12-06(토)","감자에그샐러드(완)","108kcal","가공우유(딸기맛)(02)","94.7kcal","토핑형발효유(02)(05)(06)","65kcal","","","3358.26kcal"
"2025-12-06(토)","","","깍두기(수의)(09)","20.9kcal","배추김치","0kcal","","","3358.26kcal"
"2025-12-07(일)","밥","376.03kcal","밥","376.03kcal","밥","376.03kcal","","","2941.95kcal"
"2025-12-07(일)","사골우거지국(02)(05)(06)(16)(18)","175.38kcal","콩나물국(02)(05)(06)(16)","30.35kcal","두부김치국(02)(05)(06)(09)(16)","28.39kcal","","","2941.95kcal"
"2025-12-07(일)","두부스테이크(12)","10kcal","돼지고기청경채볶음(05)(06)(10)(18)","370.97kcal","낙지삼겹살새우볶음(02)(05)(06)(09)(10)(16)(17)(18)","567.44kcal","","","2941.95kcal"
"2025-12-07(일)","진미채고추장조림(06)(17)","139kcal","계란장조림","296kcal","브로콜리&초고추장(05)","40.43kcal","","","2941.95kcal"
"2025-12-07(일)","배추김치","0kcal","배추김치","0kcal","백색우유(02)","135kcal","","","2941.95kcal"
"2025-12-07(일)","","","","","깍두기(수의)(09)","20.9kcal","","","2941.95kcal"
"2025-12-08(월)","밥","376.03kcal","현미밥","394.18kcal","밥","376.03kcal","","","2723.28kcal"
"2025-12-08(월)","시금치된장국(02)(05)(06)(16)","51.34kcal","쇠고기육개장(01)(02)(05)(06)(16)","96.72kcal","감자양파찌개(02)(05)(06)(10)(15)(16)","115.28kcal","","","2723.28kcal"
"2025-12-08(월)","어묵볶음(05)(06)","253.83kcal","궁중떡볶이(02)(05)(06)(10)(16)(18)","185.98kcal","에그카츠(01)(05)(06)(10)(12)(16)(18)","396.75kcal","","","2723.28kcal"
"2025-12-08(월)","치킨너겟(01)(02)(05)(06)(12)(15)(16)(18)","164.84kcal","가자미구이(05)","135.79kcal","양배추피클","92kcal","","","2723.28kcal"
"2025-12-08(월)","배추김치","0kcal","식혜","0kcal","청포도음료","84.51kcal","","","2723.28kcal"
"2025-12-08(월)","","","배추김치","0kcal","배추김치","0kcal","","","2723.28kcal"
"2025-12-09(화)","밥","376.03kcal","유산슬덮밥(05)(06)(09)(10)(17)(18)","548.22kcal","밥","376.03kcal","","","3247.06kcal"
"2025-12-09(화)","닭곰탕(15)","83.68kcal","순두부백탕(01)(02)(05)(06)(09)(16)(18)","76.95kcal","참치고추장찌개(02)(05)(06)(09)(16)","186.82kcal","","","3247.06kcal"
"2025-12-09(화)","감자채볶음(02)(05)(10)(15)(16)","74.54kcal","오징어튀김(05)(06)(17)","376.17kcal","백순대볶음(05)(06)(10)","164.1kcal","","","3247.06kcal"
"2025-12-09(화)","돼지고기무볶음(05)(10)","435.48kcal","배추김치","0kcal","느타리버섯볶음(05)","28.83kcal","","","3247.06kcal"
"2025-12-09(화)","배추김치","0kcal","","","김자반","88.4kcal","","","3247.06kcal"
"2025-12-09(화)","","","","","배추김치","0kcal","","","3247.06kcal"
"2025-12-09(화)","","","","","농심,육개장사발면,86g","","","","3247.06kcal"
"2025-12-09(화)","","","","","팔도,짬뽕왕뚜껑,110g","431.81kcal","","","3247.06kcal"
"2025-12-10(수)","밥","376.03kcal","찰수수밥","386.31kcal","찹쌀밥","396.03kcal","","","2884.89kcal"
"2025-12-10(수)","얼큰계란국(01)(16)","95.22kcal","감자국(02)(05)(06)(16)","52.51kcal","두부된장찌개(05)(09)","113.45kcal","","","2884.89kcal"
"2025-12-10(수)","소고기꽈리고추조림(05)(16)","304.26kcal","콩나물불고기(05)(10)","475.88kcal","닭순살김치볶음(05)(15)","360.85kcal","","","2884.89kcal"
"2025-12-10(수)","오이나물(05)","37.96kcal","무나물","21.36kcal","청포묵무침(01)(05)(16)","71.53kcal","","","2884.89kcal"
"2024-11-30(토)","시리얼(증)(05)(06)","212.76kcal","왕교자만두찜","241.56kcal","부추겉절이","15.15kcal","","","3716.80kcal"
"2024-11-30(토)","백색우유(02)","65kcal","풋고추된장무침(05)(06)","28.86kcal","샤인머스켓","67.5kcal","","","3716.80kcal"
"2024-11-30(토)","양파찹&소스","0kcal","가공우유(초코맛)(02)","194kcal","총각김치","12.3kcal","","","3716.80kcal"
"2024-11-30(토)","","","깍두기(수의)","0kcal","","","","","3716.80kcal"
"2024-11-17(일)","콩나물무채국(05)(06)","28.77kcal","호박된장찌개(05)(06)(09)","75.3kcal","닭볶음탕(05)(15)","308.01kcal","","","2424.80kcal"
"2024-11-17(일)","멸치볶음(05)","64.33kcal","명태순살칠리볶음(05)","86.85kcal","사골미역국(16)","32.26kcal","","","2424.80kcal"
"2024-11-17(일)","닭순살야채조림(15)","238.46kcal","소불고기(완제품)(05)(16)","323.67kcal","무생채","13.3kcal","","","2424.80kcal"
"2024-11-17(일)","김","28kcal","백색우유(02)","65kcal","배추김치","0kcal","","","2424.80kcal"
"2024-11-17(일)","배추김치","0kcal","열무김치","0kcal","","","","","2424.80kcal"
"2024-11-18(월)","밥","386.95kcal","밥","386.95kcal","밥1","319.59kcal","","","2477.34kcal"
"2024-11-18(월)","얼큰쇠고기무국(05)(06)(16)","54.05kcal","참치 고추장찌개(05)(06)(09)(16)","117.38kcal","미소장국","53.89kcal","","","2477.34kcal"
"2024-11-18(월)","비엔나소시지감자조림(02)(05)(06)(10)(16)(18)","310.76kcal","오리불고기(05)","36.92kcal","치즈등심돈가스(02)(05)(06)(10)(12)(16)(18)","403.75kcal","","","2477.34kcal"
"2024-11-18(월)","콩나물무침(05)","23.15kcal","부추겉절이","15.15kcal","비엔나핫케?","0kcal","","","2477.34kcal"
"2024-11-18(월)","백색우유(02)","65kcal","무쌈","40kcal","이온음료","88.8kcal","","","2477.34kcal"
"2024-11-18(월)","배추김치","0kcal","배추김치","0kcal","오이피클(05)(06)","175kcal","","","2477.34kcal"
"2024-11-19(화)","밥","386.95kcal","찰수수밥","386.95kcal","밀쌀밥","387.35kcal","","","2978.36kcal"
"2024-11-19(화)","홍합탕(05)(06)(09)(17)(18)","82.4kcal","쇠고기버섯전골(05)(06)(09)(16)","86.22kcal","햄감자찌개(05)(06)(10)(16)","112.9kcal","","","2978.36kcal"
"2024-11-19(화)","마파두부(05)(06)(10)(15)(18)","312.23kcal","오징어삼겹볶음(05)(10)(17)","332.2kcal","코다리강정(05)(06)","497.36kcal","","","2978.36kcal"
"2024-11-19(화)","메추리알장조림(완)","209.25kcal","상추겉절이","14.06kcal","옥수수계란찜(02)(09)","37.99kcal","","","2978.36kcal"
"2024-11-19(화)","백색우유(02)","65kcal","배추김치","0kcal","샤인머스켓","67.5kcal","","","2978.36kcal"
"2024-11-19(화)","배추김치","0kcal","","","배추김치","0kcal","","","2978.36kcal"
"2024-11-19(화)","","","","","농심,육개장사발면,86g","","","","2978.36kcal"
"2024-11-19(화)","","","","","농심,오징어짬뽕큰사발,115g","","","","2978.36kcal"
"2024-11-20(수)","밥","386.95kcal","밥","386.95kcal","비빔밥(05)(16)","602.23kcal","","","2953.33kcal"
"2024-11-20(수)","팽이버섯된장국(05)(06)(09)(16)","73.82kcal","아귀탕(05)(06)(09)","88.62kcal","콩나물김치국(05)(06)(16)","25.38kcal","","","2953.33kcal"
"2024-11-20(수)","피자오믈렛(01)(02)(05)(06)(10)(12)(15)(16)(18)","246kcal","콩나물잡채(05)(06)(10)","199.88kcal","김말이튀김(05)","91.21kcal","","","2953.33kcal"
"2024-11-20(수)","함박스테이크(05)(12)","302.9kcal","계란찜(09)","3.89kcal","계란후라이(완제품)(01)(02)(06)(10)","102.5kcal","","","2953.33kcal"
"2024-11-20(수)","배추김치","0kcal","김","28kcal","두유","250kcal","","","2953.33kcal"
"2024-11-20(수)","","","토핑형발효유(02)(06)","165kcal","갓김치1","0kcal","","","2953.33kcal"
"2024-11-20(수)","","","배추김치","0kcal","","","","","2953.33kcal"
"2024-11-21(목)","밥","386.95kcal","밥","386.95kcal","알리오올리오파스타(06)(09)","1171.88kcal","","","3591.34kcal"
"2024-11-21(목)","순두부백탕(05)(06)(09)(17)(18)","77.09kcal","근대된장국(05)(06)","24.49kcal","밥1","319.59kcal","","","3591.34kcal"
"2024-11-21(목)","돼지고기고추장볶음(05)(10)","365.39kcal","감자채볶음(05)(10)","105.69kcal","닭꼬치(완)(05)(15)","123.2kcal","","","3591.34kcal"
"2024-11-21(목)","김자반","88.4kcal","볼케이노치킨(02)(05)(06)(12)(15)(16)(18)","269.28kcal","오이장아찌","7.1kcal","","","3591.34kcal"
"2024-11-21(목)","부추양파무침","8.33kcal","백색우유(02)","65kcal","대추방울토마토(12)","17kcal","","","3591.34kcal"
"2024-11-21(목)","배추김치","0kcal","배추김치","0kcal","양송이스프(02)(05)(06)(15)","175kcal","","","3591.34kcal"
"2024-11-22(금)","밥","386.95kcal","찹쌀밥","406.35kcal","중화식덮밥(05)(09)(10)(17)","659.84kcal","","","3002.02kcal"
"2024-11-22(금)","감자국(05)(06)(16)","43.82kcal","사골곰탕(05)(06)","210.21kcal","콩나물국(05)(06)(16)","27.66kcal","","","3002.02kcal"
"2024-11-22(금)","호박새우볶음(05)(09)","44.87kcal","고기만두찜","7.24kcal","유린기(05)(06)(15)","584.97kcal","","","3002.02kcal"
"2024-11-22(금)","닭간장소스찜(15)","315.7kcal","대게살장","36.01kcal","계란후라이(완제품)(01)(02)(06)(10)","102.5kcal","","","3002.02kcal"
"2024-11-22(금)","김","28kcal","백색우유(02)","65kcal","마시는발효유(02)","70.6kcal","","","3002.02kcal"
"2024-11-22(금)","배추김치","0kcal","깍두기(수의)","0kcal","총각김치","12.3kcal","","","3002.02kcal"
"2024-11-23(토)","핫도그빵(01)(02)(05)(06)","629.5kcal","삼각주먹밥(완)(01)(02)(05)(06)(16)(18)","195kcal","큐브스테이크","929.53kcal","","","2657.10kcal"
"2024-11-23(토)","스크램블에그(01)(05)","105kcal","우동국1(01)(05)(06)","84.99kcal","계란후라이(완제품)(01)(02)(06)(10)","102.5kcal","","","2657.10kcal"
"2024-11-23(토)","양배추샐러드(01)(05)(06)(12)(16)(18)","23.67kcal","바베큐폭립(완제품)(05)(06)(10)(12)","225.4kcal","시금치무침","22.31kcal","","","2657.10kcal"
"2024-11-23(토)","백색우유(02)","65kcal","배추김치","0kcal","가공우유(바나나맛)(02)","82.5kcal","","","2657.10kcal"
"2024-11-23(토)","시리얼(2)","191.7kcal","","","파김치","0kcal","","","2657.10kcal"
"2024-11-24(일)","밥","386.95kcal","밥","386.95kcal","밥","386.95kcal","","","2483.09kcal"
"2025-11-20(목)","황태채국(01)(02)(05)(06)(16)","78.95kcal","얼큰쇠고기무국(02)(05)(06)(16)","70.42kcal","어묵탕(05)(06)","101.1kcal","","","3438.67kcal"
"2025-11-20(목)","어묵볶음(05)(06)","278.21kcal","궁중떡볶이(02)(05)(06)(10)(16)(18)","210.36kcal","탕수육(05)(06)(10)","686.53kcal","","","3438.67kcal"
"2025-11-20(목)","닭바베큐소스조림(05)(12)(15)","334.68kcal","순살삼치구이(05)(06)(07)(15)(18)","148.82kcal","배추김치","0kcal","","","3438.67kcal"
"2025-11-20(목)","배추김치","0kcal","마시는발효유(01)(02)(05)","100.6kcal","","","","","3438.67kcal"
"2025-11-20(목)","","","배추김치","0kcal","","","","","3438.67kcal"
"2025-11-21(금)","밥","376.03kcal","밥","376.03kcal","밥","376.03kcal","2708.29kcal","","2708.29kcal"
"2025-11-21(금)","계란국(01)(02)(05)(06)(09)(16)","55.87kcal","햄감자찌개(02)(05)(06)(10)(16)","143.89kcal","해물짬뽕(05)(06)(09)(16)(17)","111.28kcal","","","2708.29kcal"
"2025-11-21(금)","애호박나물(05)(09)","43.78kcal","오리불고기(05)","40.78kcal","돼지갈비찜(구매)(10)","565.34kcal","","","2708.29kcal"
"2025-11-21(금)","언양식바싹불고기(01)(02)(05)(06)(10)(12)(15)(16)","317.7kcal","무쌈(13)","12kcal","무나물","21.36kcal","","","2708.29kcal"
"2025-11-21(금)","김","28kcal","백색우유(02)","135kcal","샤인머스켓","58.5kcal","","","2708.29kcal"
"2025-11-21(금)","배추김치","0kcal","백김치","23.1kcal","파김치(09)","23.6kcal","","","2708.29kcal"
"2025-11-21(금)","","","","","미쓰리 뽀또치즈마카롱 480g(48g x 10개)","","","","2708.29kcal"
"2025-11-22(토)","불고기버거(01)(02)(05)(06)(10)(12)(13)(16)(18)","461.41kcal","밥","376.03kcal","쇠고기덮밥(05)(16)","855.36kcal","3191.27kcal","","3191.27kcal"
"2025-11-22(토)","계란후라이(완제품)(01)(02)(06)(10)","102.5kcal","돼지국밥(05)(06)(10)","322.53kcal","김말이튀김(05)","91.74kcal","","","3191.27kcal"
"2025-11-22(토)","가공우유(딸기맛)(02)","94.7kcal","고기만두찜","400.4kcal","계란후라이(완제품)(01)(02)(06)(10)","102.5kcal","","","3191.27kcal"
"2025-11-22(토)","시리얼(증)(05)(06)","233.1kcal","양념고추지","16kcal","배추김치","0kcal","","","3191.27kcal"
"2025-11-22(토)","백색우유(02)","135kcal","깍두기(완제품)","0kcal","","","","","3191.27kcal"
"2025-11-23(일)","밥","376.03kcal","밥","376.03kcal","밥","376.03kcal","2687.80kcal","","2687.80kcal"
"2025-11-23(일)","얼큰계란국(01)(16)","91.1kcal","김치찌개(05)(09)(10)","104.91kcal","돼지고기애호박찌개(02)(05)(06)(10)(16)","120.77kcal","","","2687.80kcal"
"2025-11-23(일)","치킨너겟(01)(02)(05)(06)(12)(15)(16)(18)","213.59kcal","낙지삼겹살새우볶음(02)(05)(06)(09)(10)(16)(17)(18)","591.81kcal","백순대볶음(05)(06)(10)","183.6kcal","","","2687.80kcal"
"2025-11-23(일)","콩나물무침(05)","24.93kcal","청포묵무침(01)(05)(16)","71.53kcal","근대무침(05)(06)","22.47kcal","","","2687.80kcal"
"2025-11-23(일)","배추김치","0kcal","백색우유(02)","135kcal","배추김치","0kcal","","","2687.80kcal"
"2025-11-23(일)","","","깍두기(완제품)","0kcal","","","","","2687.80kcal"
"2025-11-24(월)","밥","376.03kcal","현미밥","394.18kcal","밥","376.03kcal","3459.71kcal","","3459.71kcal"
"2025-11-24(월)","수제비국(02)(05)(06)(16)","91.56kcal","조갯살시금치된장국(02)(05)(06)(16)(18)","52.17kcal","물만두국(01)(02)(05)(06)(09)(10)(16)","98.55kcal","","","3459.71kcal"
"2025-11-24(월)","가지볶음(05)","52.41kcal","닭순살김치볶음(05)(15)","409.6kcal","새우가스(01)(05)","620.4kcal","","","3459.71kcal"
"2025-11-24(월)","맛밤송송함박스테이크(05)(10)(12)(13)(16)","608kcal","백색우유(02)","135kcal","사과(후지)","55.42kcal","","","3459.71kcal"
"2025-11-24(월)","배추김치","0kcal","연두부&양념장(05)","70.66kcal","코울슬로샐러드(01)(05)","119.7kcal","","","3459.71kcal"
"2025-11-24(월)","","","깍두기(완제품)","0kcal","배추김치","0kcal","","","3459.71kcal"
"2025-11-25(화)","밥","376.03kcal","밥","376.03kcal","밥","376.03kcal","3188.22kcal","","3188.22kcal"
"2025-11-25(화)","들깨무채국(02)(05)(06)(16)","16.74kcal","순두부찌개(02)(05)(06)(16)(18)","62.23kcal","유부장국(02)(05)(06)(16)","15.36kcal","","","3188.22kcal"
"2025-11-25(화)","비엔나소시지케찹볶음(02)(05)(06)(10)(12)(16)(18)","380.65kcal","사천식캐슈넛멸치볶음(04)(05)","102.06kcal","에그카츠(01)(05)(06)(10)(12)(16)(18)","591.75kcal","","","3188.22kcal"
"2025-11-25(화)","메추리알장조림(완)(01)(05)(06)","277.5kcal","콩나물불고기(05)(10)","490.5kcal","펜네파스타샐러드(05)(06)(12)(18)","63.34kcal","","","3188.22kcal"
"2025-11-25(화)","배추김치","0kcal","배추김치","0kcal","카프리썬(오렌지망고)","60kcal","","","3188.22kcal"
"2025-11-25(화)","","","","","배추김치","0kcal","","","3188.22kcal"
"2025-11-26(수)","밥","376.03kcal","찹쌀밥","396.03kcal","밥","376.03kcal","3309.34kcal","","3309.34kcal"
"2025-11-26(수)","쇠고기무국(02)(05)(06)(16)","75.18kcal","사골곰탕(05)(06)","168.79kcal","부대찌개(02)(05)(06)(10)(12)(15)(16)(18)","155.87kcal","","","3309.34kcal"
"2025-11-26(수)","느타리버섯볶음(05)","38.58kcal","돼지고기육전(01)(05)(06)(10)","138.41kcal","닭순살치킨가스(01)(05)(06)(10)(12)(15)(16)","844kcal","","","3309.34kcal"
"2025-11-26(수)","순살안동찜닭(05)(06)(15)","358.54kcal","오징어젓무침(17)","62.37kcal","마카로니샐러드(01)(05)(06)","219.51kcal","","","3309.34kcal"
"2025-11-26(수)","배추김치","0kcal","두유(05)","100kcal","열무김치","0kcal","","","3309.34kcal"
"2025-11-26(수)","","","깍두기(완제품)","0kcal","","","","","3309.34kcal"
"2025-11-27(목)","밥","376.03kcal","흑미밥","394.78kcal","밥","376.03kcal","3529.00kcal","","3529.00kcal"
"2025-11-27(목)","참치오믈렛(01)(05)(06)(18)","190kcal","아욱된장국(02)(05)(06)(16)","52.71kcal","꼬치어묵국(05)(06)","175.53kcal","","","3529.00kcal"
"2025-11-27(목)","황태해장국(완)(05)","78.58kcal","훈제삼겹살(05)(06)(07)(10)(13)(16)","645kcal","차돌로제떡볶이(05)(06)(16)","242.99kcal","","","3529.00kcal"
"2025-11-27(목)","부들어묵볶음(05)(06)","239.15kcal","양념깻잎지(09)","46kcal","치즈볼(05)","568kcal","","","3529.00kcal"
"2025-11-27(목)","김","28kcal","저염쌈장(05)(06)","23.69kcal","반달단무지(13)","8kcal","","","3529.00kcal"
"2025-11-27(목)","배추김치","0kcal","배추김치","0kcal","청포도음료","84.51kcal","","","3529.00kcal"
"2025-11-28(금)","밥","376.03kcal","밥","376.03kcal","밥","376.03kcal","2999.62kcal","","2999.62kcal"
"2025-11-28(금)","닭곰탕(15)","83.68kcal","감자양파찌개(02)(05)(06)(10)(16)","150.28kcal","얼큰수제비국(02)(05)(06)(16)","106.73kcal","","","2999.62kcal"
"2025-11-28(금)","동그랑땡(05)(06)(10)","441.08kcal","갈치순살튀김(05)(06)(15)(18)","295kcal","호박새우볶음(05)(09)","44.98kcal","","","2999.62kcal"
"2025-11-28(금)","오이나물(05)","52.95kcal","무조림","27.08kcal","닭강정(01)(02)(05)(06)(12)(15)(18)","476.25kcal","","","2999.62kcal"
"2025-11-28(금)","깍두기(완제품)","0kcal","백색우유(02)","135kcal","샤인머스켓","58.5kcal","","","2999.62kcal"
"2025-11-28(금)","","","배추김치","0kcal","배추김치","0kcal","","","2999.62kcal"
"2025-11-29(토)","햄치즈버거(01)(02)(05)(06)(10)(15)(16)","319kcal","밥1","326.7kcal","닭고기덮밥(05)(06)(15)(18)","697.47kcal","3450.14kcal","","3450.14kcal"
"2025-11-29(토)","계란후라이(완제품)(01)(02)(06)(10)","102.5kcal","너비아니꼬지치즈맛(02)(05)(06)(10)(15)(16)","462kcal","오미산적(완)(01)(02)(05)(06)(08)(10)(12)(13)(16)","220kcal","","","3450.14kcal"
"2025-11-29(토)","시리얼(2)(05)","244kcal","양송이스프(02)(05)(06)(15)","650kcal","스크램블에그(01)(05)","110.8kcal","","","3450.14kcal"
"2025-11-29(토)","가공우유(초코맛)(02)","155kcal","배추김치","0kcal","배추김치","0kcal","","","3450.14kcal"
"2025-11-29(토)","야채샐러드(01)(05)(06)(12)(16)(18)","27.67kcal","","","","","","","3450.14kcal"
"2025-11-29(토)","백색우유(02)","135kcal","","","","","","","3450.14kcal"
"2025-11-30(일)","밥","376.03kcal","밥","376.03kcal","밥","376.03kcal","3043.77kcal","","3043.77kcal"
"2025-11-30(일)","사골미역국(16)","42.56kcal","꼬리곰탕(05)(06)(09)(16)","321.56kcal","햄짜글이(02)(05)(06)(10)(16)(18)","188.14kcal","","","3043.77kcal"
"2025-11-30(일)","치즈함박스테이크(01)(02)(05)(06)(10)(12)(15)(16)","294.8kcal","야채고기말이(01)(02)(05)(06)(10)(15)(16)(18)","375.6kcal","간장돼지불고기(완제품)(05)(06)(10)","504.97kcal","","","3043.77kcal"
"2025-11-30(일)","무나물","21.36kcal","도토리묵&양념장","47.4kcal","감자채볶음(05)(10)","119.29kcal","","","3043.77kcal"
"2025-11-30(일)","배추김치","0kcal","깍두기(완제품)","0kcal","배추김치","0kcal","","","3043.77kcal"
"2025-12-01(월)","밥","376.03kcal","밥","376.03kcal","찰현미밥","394.18kcal","","","3031.47kcal"
"2025-12-01(월)","황태해장국(완)(05)","78.58kcal","쇠고기버섯전골(02)(05)(06)(09)(16)","99.59kcal","차돌박이된장찌개(05)(06)(16)","127.38kcal","","","3031.47kcal"
"2025-12-01(월)","멸치볶음(05)","61.82kcal","순살삼치구이(05)(06)(07)(15)(18)","148.82kcal","동파육","708.9kcal","","","3031.47kcal"
"2025-12-01(월)","닭바베큐소스조림(05)(12)(15)","327.41kcal","두부양념장(05)","89.73kcal","대추방울토마토","17kcal","","","3031.47kcal"
"2025-12-01(월)","배추김치","0kcal","백색우유(02)","135kcal","무말랭이무침(13)","91kcal","","","3031.47kcal"
"2025-12-01(월)","","","열무김치","0kcal","배추김치","0kcal","","","3031.47kcal"
"2025-12-02(화)","밥","376.03kcal","찹쌀밥","396.03kcal","카레밥(06)(15)","988.03kcal","","","3554.97kcal"
"2025-12-02(화)","두부김치국(02)(05)(06)(09)(16)","28.39kcal","순대국밥(05)(06)(10)","411.19kcal","어묵탕(05)(06)","101.1kcal","","","3554.97kcal"
"2025-12-02(화)","가지볶음(05)","37.78kcal","닭꼬치(완)(05)(06)(15)","400kcal","생선가스(01)(05)(06)","406.25kcal","","","3554.97kcal"
"2025-12-02(화)","비엔나메추리알조림(01)(02)(05)(06)(10)(15)(16)(18)","344.52kcal","배추나물(05)(06)","23.85kcal","배추김치","0kcal","","","3554.97kcal"
"2025-12-02(화)","깍두기(수의)(09)","20.9kcal","깍두기(수의)(09)","20.9kcal","","","","","3554.97kcal"
"2025-12-03(수)","밥","376.03kcal","데리야끼삼겹살덮밥(05)(06)(10)(15)(18)","845.02kcal","밥","376.03kcal","","","3142.43kcal"
"2025-12-03(수)","참치오믈렛(01)(05)(06)(18)","190kcal","미소장국(05)","42.89kcal","마라탕(06)(09)(16)","155.33kcal","","","3142.43kcal"
"2025-12-03(수)","감자호박국(02)(05)(06)(16)","42.28kcal","깐쇼새우(05)(06)(09)(12)(16)","304.13kcal","고추잡채(05)(06)(10)(18)","323.93kcal","","","3142.43kcal"
"2025-12-03(수)","미트볼조림(02)(05)(06)(10)(12)(15)(16)","192.46kcal","계란후라이(완제품)(01)(02)(06)(10)","102.5kcal","미역초무침","20.87kcal","","","3142.43kcal"
"2025-12-03(수)","배추김치","0kcal","마시는발효유(01)(02)(05)","100.6kcal","감귤","70.36kcal","","","3142.43kcal"
"2025-12-03(수)","","","배추김치","0kcal","배추김치","0kcal","","","3142.43kcal"
"2025-12-04(목)","밥","376.03kcal","밥","376.03kcal","사누끼우동(05)(06)","59.12kcal","","","2777.43kcal"
"2025-12-04(목)","돼지고기애호박찌개(02)(05)(06)(10)(16)","120.77kcal","부대찌개(02)(05)(06)(10)(12)(15)(16)(18)","146.12kcal","밥","376.03kcal","","","2777.43kcal"
"2025-11-06(목)","남도떡갈비(01)(02)(05)","437kcal","낙지삼겹살새우볶음(02)(05)(06)(09)(10)(16)(17)(18)","591.81kcal","볼카츠(02)(05)(06)(10)(12)(16)(18)","763.75kcal","","","3512.98kcal"
"2025-11-06(목)","콩나물무침(05)","24.93kcal","무나물","21.36kcal","마카로니샐러드(01)(05)(06)","219.51kcal","","","3512.98kcal"
"2025-11-06(목)","배추김치","0kcal","백색우유(02)","135kcal","배추김치","0kcal","","","3512.98kcal"
"2025-11-06(목)","","","열무김치","0kcal","","","","","3512.98kcal"
"2025-11-07(금)","밥","376.03kcal","찰현미밥","394.18kcal","제육덮밥(05)(10)","778.99kcal","3125.45kcal","","3125.45kcal"
"2025-11-07(금)","황태해장국(완)(05)","78.58kcal","꽃게탕(05)(06)(08)(09)(17)","89.91kcal","통모짜핫도그","1.08kcal","","","3125.45kcal"
"2025-11-07(금)","돼지고기무볶음(05)(10)","435.48kcal","닭순살김치볶음(05)(15)","409.6kcal","미소장국(05)","42.89kcal","","","3125.45kcal"
"2025-11-07(금)","감자채볶음(05)(10)","119.29kcal","백색우유(02)","135kcal","계란후라이(완제품)(01)(02)(06)(10)","102.5kcal","","","3125.45kcal"
"2025-11-07(금)","배추김치","0kcal","연두부&양념장(05)","70.66kcal","감귤","70.36kcal","","","3125.45kcal"
"2025-11-07(금)","","","깍두기(수의)(09)","20.9kcal","배추김치","0kcal","","","3125.45kcal"
"2025-11-08(토)","햄치즈버거(01)(02)(05)(06)(10)(15)(16)","319kcal","밥","376.03kcal","비빔밥(05)(16)","767.26kcal","3449.66kcal","","3449.66kcal"
"2025-11-08(토)","계란후라이(완제품)(01)(02)(06)(10)","102.5kcal","돼지고기고추장찌개(02)(05)(06)(10)(16)","139.68kcal","닭꼬치(완)(05)(06)(15)","400kcal","","","3449.66kcal"
"2025-11-08(토)","단호박샐러드(완)","160.2kcal","훈제오리볶음(01)(05)(06)(18)","532.02kcal","계란후라이(완제품)(01)(02)(06)(10)","102.5kcal","","","3449.66kcal"
"2025-11-08(토)","시리얼(3)(05)","204kcal","미역초무침","20.87kcal","배추김치","0kcal","","","3449.66kcal"
"2025-11-08(토)","백색우유(02)","135kcal","무쌈(13)","12kcal","","","","","3449.66kcal"
"2025-11-08(토)","가공우유(초코맛)(02)","155kcal","파김치(09)","23.6kcal","","","","","3449.66kcal"
"2025-11-09(일)","핫도그빵(01)(02)(05)(06)","534.6kcal","밥","376.03kcal","밥","376.03kcal","3213.67kcal","","3213.67kcal"
"2025-11-09(일)","스크램블에그(01)(05)","110.8kcal","미역국(02)(05)(06)(16)","32.35kcal","해물짬뽕(05)(06)(09)(16)(17)","111.28kcal","","","3213.67kcal"
"2025-11-09(일)","코울슬로샐러드(01)(05)","119.7kcal","돼지삼겹야채볶음(02)(05)(06)(10)(16)(18)","541.44kcal","소불고기(완제품)(02)(05)(06)(13)(16)","353.67kcal","","","3213.67kcal"
"2025-11-09(일)","시리얼(증)(05)(06)","233.1kcal","콩나물무침(05)","24.93kcal","시금치무침","26.84kcal","","","3213.67kcal"
"2025-11-09(일)","오이피클","72.9kcal","배추김치","0kcal","배추김치","0kcal","","","3213.67kcal"
"2025-11-09(일)","백색우유(02)","135kcal","","","","","","","3213.67kcal"
"2025-11-09(일)","가공우유(바나나맛)(02)","165kcal","","","","","","","3213.67kcal"
"2025-11-10(월)","밥","376.03kcal","잡곡밥","425.25kcal","밥","376.03kcal","3874.46kcal","","3874.46kcal"
"2025-11-10(월)","얼갈이된장국(05)(06)","32.28kcal","닭고기육개장(01)(02)(05)(06)(15)(16)","98.76kcal","치즈돈가스(02)(05)(06)(10)(12)(16)(18)","679.25kcal","","","3874.46kcal"
"2025-11-10(월)","호박새우볶음(05)(09)","44.98kcal","고추잡채(05)(06)(10)(18)","372.68kcal","양송이스프(02)(05)(06)(15)","650kcal","","","3874.46kcal"
"2025-11-10(월)","마파두부(05)(06)(10)(15)(18)","269.38kcal","무말랭이무침(13)","91kcal","사과(후지)","55.42kcal","","","3874.46kcal"
"2025-11-10(월)","김자반","88.4kcal","배추김치","0kcal","감자에그샐러드(완)","315kcal","","","3874.46kcal"
"2025-11-10(월)","열무김치","0kcal","","","배추김치","0kcal","","","3874.46kcal"
"2025-11-11(화)","밥","376.03kcal","밥","376.03kcal","찹쌀밥","396.03kcal","2955.29kcal","","2955.29kcal"
"2025-11-11(화)","콩나물국(02)(05)(06)(16)","30.35kcal","두부된장찌개(05)(09)","113.45kcal","순두부백탕(01)(02)(05)(06)(09)(16)(18)","76.95kcal","","","2955.29kcal"
"2025-11-11(화)","치즈함박스테이크(01)(02)(05)(06)(10)(12)(15)(16)","294.8kcal","돼지고기가지볶음(02)(05)(06)(10)(16)(18)","474.63kcal","감자채볶음(05)(10)","119.29kcal","","","2955.29kcal"
"2025-11-11(화)","계란장조림","296kcal","옥수수계란찜(09)","17.84kcal","볼케이노치킨(02)(05)(06)(12)(15)(16)(18)","343.89kcal","","","2955.29kcal"
"2025-11-11(화)","배추김치","0kcal","갈배사이다","40kcal","배추김치","0kcal","","","2955.29kcal"
"2025-11-11(화)","","","깍두기(완제품)","0kcal","","","","","2955.29kcal"
"2025-11-12(수)","밥","376.03kcal","밥","376.03kcal","새우튀김덮밥(에비동)(05)(06)(09)(15)(18)","804.64kcal","3364.61kcal","","3364.61kcal"
"2025-11-12(수)","키조개미역국(02)(05)(06)(16)(18)","38.35kcal","부대찌개(02)(05)(06)(10)(12)(15)(16)(18)","155.87kcal","미소장국(05)","42.89kcal","","","3364.61kcal"
"2025-11-12(수)","비엔나소시지감자조림(02)(05)(06)(10)(15)(16)(18)","352.36kcal","양배추베이컨볶음(05)","48.93kcal","회오리감자(05)","488.1kcal","","","3364.61kcal"
"2025-11-12(수)","연두부&양념장(05)","70.66kcal","오징어삼겹볶음(05)(10)(17)","475.75kcal","배추김치","0kcal","","","3364.61kcal"
"2025-11-12(수)","배추김치","0kcal","백색우유(02)","135kcal","","","","","3364.61kcal"
"2025-11-12(수)","","","깍두기(완제품)","0kcal","","","","","3364.61kcal"
"2025-11-13(목)","밥","376.03kcal","찰현미밥","394.18kcal","밥","376.03kcal","3582.56kcal","","3582.56kcal"
"2025-11-13(목)","어묵탕(05)(06)","101.1kcal","마라탕(06)(09)(16)","155.33kcal","얼큰계란국(01)(16)","91.1kcal","","","3582.56kcal"
"2025-11-13(목)","느타리버섯볶음(05)","38.58kcal","주꾸미볶음(05)","294.01kcal","양념치킨vs후라이드치킨(05)(06)(12)(15)(18)","999.09kcal","","","3582.56kcal"
"2025-11-13(목)","돼지고기고추장볶음(05)(10)","699.64kcal","근대무침(05)(06)","22.47kcal","무&비트피클(완)","30kcal","","","3582.56kcal"
"2025-11-13(목)","배추김치","0kcal","배추김치","0kcal","제로콜라","5kcal","","","3582.56kcal"
"2025-11-13(목)","","","","","배추김치","0kcal","","","3582.56kcal"
"2025-11-14(금)","밥","376.03kcal","햄김치덮밥(05)","432.9kcal","밥","376.03kcal","2608.40kcal","","2608.40kcal"
"2025-11-14(금)","감자호박국(02)(05)(06)(16)","42.28kcal","시금치된장국(02)(05)(06)(09)(16)","52.28kcal","두부김치국(02)(05)(06)(09)(16)","28.39kcal","","","2608.40kcal"
"2025-11-14(금)","소고기꽈리고추조림(05)(16)","304.26kcal","계란후라이(완제품)(01)(02)(06)(10)","102.5kcal","파채&간장돼지불백(02)(05)(06)(10)(16)(18)","378.78kcal","","","2608.40kcal"
"2025-11-14(금)","양념깻잎지(09)","46kcal","양배추피클","92kcal","오이나물(05)","52.95kcal","","","2608.40kcal"
"2025-11-14(금)","배추김치","0kcal","백색우유(02)","135kcal","바나나","189kcal","","","2608.40kcal"
"2025-11-14(금)","","","깍두기(완제품)","0kcal","열무김치","0kcal","","","2608.40kcal"
"2025-11-15(토)","불고기버거(01)(02)(05)(06)(10)(12)(13)(16)(18)","461.41kcal","밥1","326.7kcal","치킨마요덮밥(01)(02)(05)(06)(10)(12)(15)(16)(18)","1044.65kcal","3830.96kcal","","3830.96kcal"
"2025-11-15(토)","계란후라이(완제품)(01)(02)(06)(10)","102.5kcal","삼각주먹밥(완)(01)(02)(05)(06)(16)(18)","195kcal","메밀전병(03)(05)(06)(10)","777kcal","","","3830.96kcal"
"2025-11-15(토)","가공우유(딸기맛)(02)","94.7kcal","소떡소떡","0kcal","토핑형발효유(02)(05)(06)","165kcal","","","3830.96kcal"
"2025-11-15(토)","시리얼(휴일)(02)(05)(06)(10)","309kcal","포테이토크림스프(02)(05)(06)(10)(15)(16)","220kcal","배추김치","0kcal","","","3830.96kcal"
"2025-11-15(토)","백색우유(02)","135kcal","배추김치","0kcal","","","","","3830.96kcal"
"2025-11-16(일)","밥","376.03kcal","밥","376.03kcal","밥","376.03kcal","3085.07kcal","","3085.07kcal"
"2025-11-16(일)","쇠고기무국(02)(05)(06)(16)","75.18kcal","들깨무채국(02)(05)(06)(16)","16.74kcal","근대된장국(05)(06)","51.88kcal","","","3085.07kcal"
"2025-11-16(일)","맛밤송송함박스테이크(05)(10)(12)(13)(16)","608kcal","고추장돼지불고기(완제품)(05)(06)(10)","416.67kcal","순살안동찜닭(05)(06)(15)","358.54kcal","","","3085.07kcal"
"2025-11-16(일)","진미채고추장조림(06)(17)","139kcal","새송이버섯야채볶음(05)(06)(10)(18)","66.24kcal","두부양념장(05)","89.73kcal","","","3085.07kcal"
"2025-11-16(일)","배추김치","0kcal","백색우유(02)","135kcal","열무김치","0kcal","","","3085.07kcal"
"2025-11-16(일)","","","배추김치","0kcal","","","","","3085.07kcal"
"2025-11-17(월)","밥","376.03kcal","잡곡밥","425.25kcal","밥","376.03kcal","3479.81kcal","","3479.81kcal"
"2025-11-17(월)","두부김치국(02)(05)(06)(09)(16)","28.39kcal","짬뽕찌개(굴)(02)(05)(06)(09)(10)(16)(17)(18)","156.5kcal","쇠고기버섯전골(02)(05)(06)(09)(16)","99.59kcal","","","3479.81kcal"
"2025-11-17(월)","돼지고기청경채볶음(05)(06)(10)(18)","380.72kcal","순살족발(02)(05)(06)(10)(16)","536.5kcal","오징어튀김(05)(06)(17)","619.92kcal","","","3479.81kcal"
"2025-11-17(월)","김계란말이(01)(05)(06)","101.08kcal","모듬쌈(05)(06)","28.45kcal","감귤","70.36kcal","","","3479.81kcal"
"2025-11-17(월)","깍두기(완제품)","0kcal","무말랭이무침(13)","91kcal","고구마샐러드(완)(01)","189.99kcal","","","3479.81kcal"
"2025-11-17(월)","","","식혜","0kcal","배추김치","0kcal","","","3479.81kcal"
"2025-11-17(월)","","","보쌈김치","0kcal","","","","","3479.81kcal"
"2025-11-18(화)","밥","376.03kcal","밥","376.03kcal","카레밥","376.03kcal","2794.56kcal","","2794.56kcal"
"2025-11-18(화)","돼지고기애호박찌개(02)(05)(06)(10)(16)","120.77kcal","쇠고기육개장(01)(02)(05)(06)(16)","96.72kcal","감자국(02)(05)(06)(16)","52.51kcal","","","2794.56kcal"
"2025-11-18(화)","치킨너겟(01)(02)(05)(06)(12)(15)(16)(18)","213.59kcal","마파두부(05)(06)(10)(15)(18)","269.38kcal","생선가스(01)(05)(06)","650kcal","","","2794.56kcal"
"2025-11-18(화)","무나물","21.36kcal","계란찜(09)","4.64kcal","계란후라이(완제품)(01)(02)(06)(10)","102.5kcal","","","2794.56kcal"
"2025-11-18(화)","배추김치","0kcal","백색우유(02)","135kcal","배추김치","0kcal","","","2794.56kcal"
"2025-11-18(화)","","","배추김치","0kcal","","","","","2794.56kcal"
"2025-11-19(수)","밥","376.03kcal","찰현미밥","394.18kcal","흑미밥","394.78kcal","3274.56kcal","","3274.56kcal"
"2025-11-19(수)","순두부백탕(01)(02)(05)(06)(09)(16)(18)","76.95kcal","닭볶음탕(05)(15)","334.11kcal","사골우거지국(02)(05)(06)(16)(18)","165.08kcal","","","3274.56kcal"
"2025-11-19(수)","김자반","88.4kcal","수제비국(02)(05)(06)(16)","91.56kcal","오삼불고기(05)(10)(17)","572.7kcal","","","3274.56kcal"
"2025-11-19(수)","동그랑땡(05)(06)(10)","441.08kcal","깻잎전(완)(01)(05)(06)(10)","232.5kcal","시금치무침","26.84kcal","","","3274.56kcal"
"2025-11-19(수)","콩나물무침(05)","24.93kcal","깍두기(완제품)","0kcal","사과(후지)","55.42kcal","","","3274.56kcal"
"2025-11-19(수)","배추김치","0kcal","","","배추김치","0kcal","","","3274.56kcal"
"2025-11-20(목)","밥","376.03kcal","밥","376.03kcal","중화식덮밥(05)(09)(10)(17)","676.94kcal","3438.67kcal","","3438.67kcal"
"2025-10-23(목)","오삼불고기(05)(10)(17)","562kcal","갈치순살튀김(05)(06)(15)(18)","271kcal","백순대볶음(05)(06)(10)","183.6kcal","","","2842.58kcal"
"2025-10-23(목)","콩나물무침(05)","24.93kcal","김자반","88.4kcal","백색우유(02)","135kcal","","","2842.58kcal"
"2025-10-23(목)","열무김치","0kcal","시금치무침","26.84kcal","단호박샐러드(완)","160.2kcal","","","2842.58kcal"
"2025-10-23(목)","","","볶음김치(05)","18.2kcal","저염쌈장(05)(06)","23.69kcal","","","2842.58kcal"
"2025-10-23(목)","","","","","배추김치","0kcal","","","2842.58kcal"
"2025-10-24(금)","밥","370.26kcal","밥","370.26kcal","밥","370.26kcal","","","2262.82kcal"
"2025-10-24(금)","닭고기육개장(01)(02)(05)(06)(15)(16)","100.16kcal","키조개미역국(02)(05)(06)(16)(18)","36.08kcal","감자양파찌개(02)(05)(06)(10)(15)(16)","115.28kcal","","","2262.82kcal"
"2025-10-24(금)","감자채볶음(02)(05)(10)(15)(16)","84.29kcal","파채&간장돼지불백(02)(05)(06)(10)(16)(18)","396.78kcal","주꾸미볶음(05)","174.41kcal","","","2262.82kcal"
"2025-10-24(금)","계란말이(완)(01)(05)","56.08kcal","느타리버섯볶음(05)","38.58kcal","청포묵무침(01)(05)(16)","71.53kcal","","","2262.82kcal"
"2025-10-24(금)","깍두기(완제품)","0kcal","배추겉절이","20.35kcal","샤인머스켓","58.5kcal","","","2262.82kcal"
"2025-10-24(금)","","","","","열무김치","0kcal","","","2262.82kcal"
"2025-10-25(토)","핫도그빵(01)(02)(05)(06)","534.6kcal","밥1","326.7kcal","오징어덮밥(05)(17)","581.83kcal","","","3469.09kcal"
"2025-10-25(토)","스크램블에그(01)(05)","110.8kcal","너비아니꼬지치즈맛(02)(05)(06)(10)(15)(16)","462kcal","치킨너겟(01)(02)(05)(06)(12)(15)(16)(18)","213.59kcal","","","3469.09kcal"
"2025-10-25(토)","야채샐러드(01)(05)(06)(12)(16)(18)","27.67kcal","가공우유(초코맛)(02)","260kcal","팩형아이스크림(01)(02)","325kcal","","","3469.09kcal"
"2025-10-25(토)","시리얼(2)(05)","244kcal","양송이스프(02)(05)(06)(15)","175kcal","배추김치","0kcal","","","3469.09kcal"
"2025-10-25(토)","백색우유(02)","135kcal","배추김치","0kcal","","","","","3469.09kcal"
"2025-10-25(토)","오이피클","72.9kcal","","","","","","","3469.09kcal"
"2025-10-26(일)","밥","370.26kcal","밥","370.26kcal","쇠고기덮밥(05)(16)","849.6kcal","","","3342.43kcal"
"2025-10-26(일)","사골곰탕(05)(06)","168.79kcal","햄감자찌개(02)(05)(06)(10)(16)","143.89kcal","들깨무채국(02)(05)(06)(16)","16.74kcal","","","3342.43kcal"
"2025-10-26(일)","치즈함박스테이크(01)(02)(05)(06)(10)(12)(15)(16)","339.8kcal","오징어삼겹볶음(05)(10)(17)","399.75kcal","닭꼬치(완)(05)(06)(15)","400kcal","","","3342.43kcal"
"2025-10-26(일)","오이무침(05)","20.91kcal","콩나물무침(05)","24.93kcal","계란후라이(완제품)(01)(02)(06)(10)","102.5kcal","","","3342.43kcal"
"2025-10-26(일)","깍두기(완제품)","0kcal","배추김치","0kcal","백색우유(02)","135kcal","","","3342.43kcal"
"2025-10-26(일)","","","","","배추김치","0kcal","","","3342.43kcal"
"2025-10-27(월)","밥","370.26kcal","찰현미밥","388.41kcal","밥","370.26kcal","","","3144.03kcal"
"2025-10-27(월)","얼갈이된장국(05)(06)","32.25kcal","순두부백탕(01)(02)(05)(06)(09)(16)(18)","76.95kcal","닭장각삼계탕(15)","640.27kcal","","","3144.03kcal"
"2025-10-27(월)","멸치볶음(05)","71.57kcal","돼지고기청경채볶음(05)(06)(10)(18)","380.72kcal","진미채고추장조림(06)(17)","139kcal","","","3144.03kcal"
"2025-10-27(월)","쇠고기감자조림(05)(16)","388.36kcal","가지볶음(05)","51.26kcal","부추겉절이","14.3kcal","","","3144.03kcal"
"2025-10-27(월)","배추김치","0kcal","토핑형발효유(02)(05)(06)","165kcal","사과(후지)","55.42kcal","","","3144.03kcal"
"2025-10-27(월)","","","배추김치","0kcal","깍두기(완제품)","0kcal","","","3144.03kcal"
"2025-10-28(화)","밥","370.26kcal","밥","370.26kcal","새우튀김덮밥(에비동)(05)(06)(09)(15)(18)","798.87kcal","","","2844.98kcal"
"2025-10-28(화)","얼큰계란국(01)(16)","91.1kcal","어묵탕(05)(06)","101.1kcal","미소장국(05)","42.89kcal","","","2844.98kcal"
"2025-10-28(화)","애호박나물(05)(09)","43.78kcal","돼지고기무볶음(05)(10)","303.48kcal","메추리알장조림(완)(01)(05)(06)","277.5kcal","","","2844.98kcal"
"2025-10-28(화)","비엔나소시지감자조림(02)(05)(06)(10)(15)(16)(18)","352.36kcal","근대무침(05)(06)","22.47kcal","구슬치즈샐러드(02)(05)(06)(12)(13)(16)(18)","37.91kcal","","","2844.98kcal"
"2025-10-28(화)","배추김치","0kcal","김","28kcal","제로콜라","5kcal","","","2844.98kcal"
"2025-10-28(화)","","","열무김치","0kcal","배추김치","0kcal","","","2844.98kcal"
"2025-10-29(수)","밥","370.26kcal","흑미밥","389.01kcal","통모짜핫도그","1.08kcal","","","1942.47kcal"
"2025-10-29(수)","쇠고기미역국(02)(05)(06)(16)","54.99kcal","짬뽕찌개(굴)(02)(05)(06)(09)(10)(16)(17)(18)","151.86kcal","밥","370.26kcal","","","1942.47kcal"
"2025-10-29(수)","닭고기야채조림(05)(15)","371.27kcal","오리불고기(05)","40.78kcal","카레밥","0kcal","","","1942.47kcal"
"2025-10-29(수)","무생채","14.73kcal","오이부추무침(05)","15.87kcal","유부장국(02)(05)(06)(16)","15.36kcal","","","1942.47kcal"
"2025-10-29(수)","배추김치","0kcal","무쌈(13)","12kcal","백색우유(02)","135kcal","","","1942.47kcal"
"2025-10-29(수)","","","배추김치","0kcal","배추김치","0kcal","","","1942.47kcal"
"2025-10-30(목)","밥","370.26kcal","밥","370.26kcal","중화식덮밥(05)(09)(10)(17)","672.37kcal","","","2776.15kcal"
"2025-10-30(목)","얼큰쇠고기무국(02)(05)(06)(16)","64.24kcal","감자국(02)(05)(06)(16)","45.56kcal","팽이버섯된장국(02)(05)(06)(09)(16)","103.85kcal","","","2776.15kcal"
"2025-10-30(목)","느타리버섯볶음(05)","38.58kcal","볼케이노치킨(02)(05)(06)(12)(15)(16)(18)","343.89kcal","유린기(05)(06)","285.83kcal","","","2776.15kcal"
"2025-10-30(목)","피자오믈렛","149kcal","마카로니샐러드(01)(05)","206.31kcal","반달단무지(13)","6kcal","","","2776.15kcal"
"2025-10-30(목)","배추김치","0kcal","깍두기(완제품)","0kcal","튜브형아이스크림2","120kcal","","","2776.15kcal"
"2025-10-31(금)","밥","370.26kcal","찹쌀밥","390.26kcal","밥","370.26kcal","","","3377.27kcal"
"2025-10-31(금)","황태채국(01)(02)(05)(06)(16)","78.95kcal","콩나물국(02)(05)(06)(16)","30.35kcal","마라탕(06)(09)(16)","149.15kcal","","","3377.27kcal"
"2025-10-31(금)","감자채볶음(02)(05)(10)(15)(16)","84.29kcal","주꾸미볶음(05)","174.41kcal","탕수육(05)(06)(10)","776.53kcal","","","3377.27kcal"
"2025-10-31(금)","맛밤송송함박스테이크(05)(10)(12)(13)(16)","653kcal","콘치즈계란찜(02)","42.69kcal","백색우유(02)","135kcal","","","3377.27kcal"
"2025-10-31(금)","배추김치","0kcal","샤인머스켓","58.5kcal","양배추샐러드","63.62kcal","","","3377.27kcal"
"2025-10-31(금)","","","배추김치","0kcal","배추김치","0kcal","","","3377.27kcal"
"2025-11-01(토)","찹쌀밥","396.03kcal","밥","376.03kcal","오징어덮밥(05)(17)","587.6kcal","3118.85kcal","","3118.85kcal"
"2025-11-01(토)","쇠고기떡국(01)(02)(05)(06)(16)","300.29kcal","감자양파찌개(02)(05)(06)(10)(16)","150.28kcal","김말이튀김(05)","91.74kcal","","","3118.85kcal"
"2025-11-01(토)","왕교자만두찜(05)(06)(10)(16)(18)","266kcal","애호박나물(05)(09)","43.78kcal","계란후라이(완제품)(01)(02)(06)(10)","102.5kcal","","","3118.85kcal"
"2025-11-01(토)","진미채고추장조림(06)(17)","139kcal","훈제닭다리(완)(01)(02)(05)","500.6kcal","토핑형발효유(02)(05)(06)","165kcal","","","3118.85kcal"
"2025-11-01(토)","배추김치","0kcal","배추김치","0kcal","배추김치","0kcal","","","3118.85kcal"
"2025-11-01(토)","","","","","떡, 참조은에스에프, 생일엔우유크림떡, 1.8kg(60g30개)","","","","3118.85kcal"
"2025-11-02(일)","밥","376.03kcal","밥","376.03kcal","밥","376.03kcal","2743.99kcal","","2743.99kcal"
"2025-11-02(일)","사골우거지국(02)(05)(06)(16)(18)","165.08kcal","콩나물김치국(02)(05)(06)(16)","25.88kcal","닭고기육개장(01)(02)(05)(06)(15)(16)","98.76kcal","","","2743.99kcal"
"2025-11-02(일)","스팸튀김(완)(01)(02)(05)(06)(10)","50kcal","쇠고기감자조림(05)(16)","431.96kcal","주꾸미볶음(05)","294.01kcal","","","2743.99kcal"
"2025-11-02(일)","메추리알장조림(완)(01)(05)(06)","277.5kcal","두부양념장(05)","89.73kcal","무조림","27.08kcal","","","2743.99kcal"
"2025-11-02(일)","배추김치","0kcal","백색우유(02)","135kcal","배추김치","0kcal","","","2743.99kcal"
"2025-11-02(일)","","","깍두기(수의)(09)","20.9kcal","","","","","2743.99kcal"
"2025-11-03(월)","밥","376.03kcal","현미밥","394.18kcal","자장밥(05)(06)(10)","719.23kcal","2905.50kcal","","2905.50kcal"
"2025-11-03(월)","쇠고기미역국(02)(05)(06)(16)","59.91kcal","돼지고기애호박찌개(02)(05)(06)(10)(16)","120.77kcal","물만두국(01)(02)(05)(06)(09)(10)(16)","98.55kcal","","","2905.50kcal"
"2025-11-03(월)","비엔나소시지케찹볶음(02)(05)(06)(10)(12)(16)(18)","380.65kcal","순살고등어구이(05)(06)(07)(15)(18)","184.2kcal","유린기(05)(06)","285.83kcal","","","2905.50kcal"
"2025-11-03(월)","멸치볶음(05)","71.57kcal","계란말이(완)(01)(05)","156.08kcal","샤인머스켓","58.5kcal","","","2905.50kcal"
"2025-11-03(월)","배추김치","0kcal","열무김치","0kcal","배추김치","0kcal","","","2905.50kcal"
"2025-11-04(화)","밥","376.03kcal","밥","376.03kcal","찹쌀밥","396.03kcal","3958.41kcal","","3958.41kcal"
"2025-11-04(화)","아욱된장국(02)(05)(06)(16)","52.71kcal","해물짬뽕(05)(06)(09)(16)(17)","111.28kcal","순대국밥(05)(06)(10)","411.19kcal","","","3958.41kcal"
"2025-11-04(화)","부들어묵볶음(05)(06)","239.15kcal","새송이버섯야채볶음(05)(06)(10)(18)","66.24kcal","깐쇼새우(05)(06)(09)(12)(16)","547.88kcal","","","3958.41kcal"
"2025-11-04(화)","돼지불고기(05)(10)","373.1kcal","닭고기야채조림(05)(15)","371.27kcal","양념고추지","16kcal","","","3958.41kcal"
"2025-11-04(화)","배추김치","0kcal","배추김치","0kcal","마시는발효유(01)(02)(05)","100.6kcal","","","3958.41kcal"
"2025-11-04(화)","","","","","깍두기(수의)(09)","20.9kcal","","","3958.41kcal"
"2025-11-04(화)","","","","","케이크또는파이또는패스트리, (주문자상표부착)신세계푸드, 마들렌, 22g","","","","3958.41kcal"
"2025-11-04(화)","","","","","농심,김치사발면,86g","500kcal","","","3958.41kcal"
"2025-11-05(수)","밥","376.03kcal","찰수수밥","386.31kcal","밥","376.03kcal","3662.73kcal","","3662.73kcal"
"2025-11-05(수)","감자국(02)(05)(06)(16)","52.51kcal","순두부백탕(01)(02)(05)(06)(09)(16)(18)","76.95kcal","참치고추장찌개(02)(05)(06)(09)(16)","186.82kcal","","","3662.73kcal"
"2025-11-05(수)","불고기오믈렛(완)(01)(02)(05)(06)(10)(16)(18)","275kcal","동파육","708.9kcal","치킨스테이크(02)(05)(15)","899.83kcal","","","3662.73kcal"
"2025-11-05(수)","미트볼조림(02)(05)(06)(10)(12)(15)(16)","207.08kcal","브로콜리&초고추장(05)","40.43kcal","시금치무침","26.84kcal","","","3662.73kcal"
"2025-11-05(수)","배추김치","0kcal","요거풋풋젤로","50kcal","배추김치","0kcal","","","3662.73kcal"
"2025-11-05(수)","","","배추김치","0kcal","","","","","3662.73kcal"
"2025-11-06(목)","밥","376.03kcal","밥","376.03kcal","밥","376.03kcal","3512.98kcal","","3512.98kcal"
"2025-11-06(목)","어묵탕(05)(06)","101.1kcal","쇠고기탕국(02)(05)(06)(09)(16)","75.07kcal","유부장국(02)(05)(06)(16)","15.36kcal","","","3512.98kcal"
"2025-10-09(목)","밥","370.26kcal","밥","370.26kcal","밥","370.26kcal","","","3215.94kcal"
"2025-10-09(목)","어묵탕(05)(06)","101.1kcal","쇠고기버섯전골(02)(05)(06)(09)(16)","91.35kcal","짬뽕순두부(01)(05)(06)(09)(10)(16)(17)(18)","174.29kcal","","","3215.94kcal"
"2025-10-09(목)","마파두부(05)(06)(10)(15)(18)","269.38kcal","돼지삼겹야채볶음(02)(05)(06)(10)(16)(18)","541.44kcal","소불고기(완제품)(02)(05)(06)(13)(16)","323.67kcal","","","3215.94kcal"
"2025-10-09(목)","콩나물무침(05)","24.93kcal","깻잎전(완)(01)(05)(06)(10)","210kcal","양념고추지","16kcal","","","3215.94kcal"
"2025-10-09(목)","김","28kcal","열무김치","0kcal","팩형아이스크림(01)(02)","325kcal","","","3215.94kcal"
"2025-10-09(목)","배추김치","0kcal","","","배추김치","0kcal","","","3215.94kcal"
"2025-10-10(금)","밥","370.26kcal","찰현미밥","388.41kcal","밥","370.26kcal","","","3171.81kcal"
"2025-10-10(금)","참치오믈렛(01)(05)(06)(18)","190kcal","감자양파찌개(02)(05)(06)(10)(15)(16)","115.28kcal","감자달걀국(01)(02)(05)(06)(09)(16)","66.47kcal","","","3171.81kcal"
"2025-10-10(금)","쇠고기미역국(02)(05)(06)(16)","54.99kcal","고추장돼지불고기(완제품)(05)(06)(10)","438.73kcal","닭순살치킨가스(01)(05)(06)(10)(12)(15)(16)","574kcal","","","3171.81kcal"
"2025-10-10(금)","느타리버섯볶음(05)","38.58kcal","무말랭이무침(13)","91kcal","참치샐러드(05)","338.83kcal","","","3171.81kcal"
"2025-10-10(금)","배추김치","0kcal","백색우유(02)","135kcal","배추김치","0kcal","","","3171.81kcal"
"2025-10-10(금)","","","배추김치","0kcal","","","","","3171.81kcal"
"2025-10-11(토)","핫도그빵(01)(02)(05)(06)","534.6kcal","삼각주먹밥(완)(01)(02)(05)(06)(16)(18)","195kcal","닭고기덮밥(05)(06)(15)(18)","677.01kcal","","","2845.16kcal"
"2025-10-11(토)","스크램블에그(01)(05)","110.8kcal","소떡소떡","0kcal","스크램블에그(01)(05)","110.8kcal","","","2845.16kcal"
"2025-10-11(토)","시리얼(휴일)(02)(05)(06)(10)","309kcal","포테이토크림스프(02)(05)(06)(10)(15)(16)","275kcal","오징어채무침(05)(17)","213.25kcal","","","2845.16kcal"
"2025-10-11(토)","백색우유(02)","135kcal","가공우유(딸기맛)(02)","165kcal","배추김치","0kcal","","","2845.16kcal"
"2025-10-11(토)","코울슬로샐러드(01)(05)","119.7kcal","배추김치","0kcal","","","","","2845.16kcal"
"2025-10-12(일)","밥","370.26kcal","밥","370.26kcal","밥","370.26kcal","","","3203.76kcal"
"2025-10-12(일)","황태해장국(완)(05)","78.58kcal","순대국밥(05)(06)(10)","411.19kcal","홍합탕(05)(06)(09)(16)(17)(18)","105.03kcal","","","3203.76kcal"
"2025-10-12(일)","언양식바싹불고기(01)(02)(05)(06)(10)(12)(15)(16)","317.7kcal","새우교자만두(05)(06)(09)","588kcal","돼지고기청경채볶음(05)(06)(10)(18)","380.72kcal","","","3203.76kcal"
"2025-10-12(일)","오이무침(05)","20.91kcal","풋고추된장무침(05)(06)","30.57kcal","콩나물매운무침(05)","25.28kcal","","","3203.76kcal"
"2025-10-12(일)","배추김치","0kcal","깍두기(완제품)","0kcal","백색우유(02)","135kcal","","","3203.76kcal"
"2025-10-12(일)","","","","","배추김치","0kcal","","","3203.76kcal"
"2025-10-13(월)","밥","370.26kcal","잡곡밥","419.48kcal","밥","370.26kcal","","","2807.68kcal"
"2025-10-13(월)","닭고기육개장(01)(02)(05)(06)(15)(16)","100.16kcal","순두부찌개(02)(05)(06)(16)(18)","62.23kcal","사골우거지국(02)(05)(06)(16)(18)","167.14kcal","","","2807.68kcal"
"2025-10-13(월)","어묵볶음(05)(06)","243.21kcal","들깨백불고기(02)(05)(06)(10)(16)(18)","459.54kcal","닭간장소스찜(15)","300.27kcal","","","2807.68kcal"
"2025-10-13(월)","계란말이(완)(01)(05)","56.08kcal","도토리묵무침(05)","55.32kcal","무생채","14.73kcal","","","2807.68kcal"
"2025-10-13(월)","배추김치","0kcal","배추김치","0kcal","바나나","189kcal","","","2807.68kcal"
"2025-10-13(월)","","","","","배추김치","0kcal","","","2807.68kcal"
"2025-10-14(화)","밥","370.26kcal","잡곡밥","419.48kcal","밥","370.26kcal","","","2790.35kcal"
"2025-10-14(화)","얼큰수제비국(02)(05)(06)(16)","129.01kcal","부대찌개(02)(05)(06)(10)(12)(15)(16)(18)","155.87kcal","쇠고기무국(02)(05)(06)(16)","62.82kcal","","","2790.35kcal"
"2025-10-14(화)","애호박나물(05)(09)","43.78kcal","순살삼치구이(05)(06)(07)(15)(18)","159.62kcal","돼지고기부추볶음(05)(06)(10)(18)","385.08kcal","","","2790.35kcal"
"2025-10-14(화)","비엔나소시지감자조림(02)(05)(06)(10)(15)(16)(18)","352.36kcal","무조림","27.08kcal","두부양념장(05)","89.73kcal","","","2790.35kcal"
"2025-10-14(화)","배추김치","0kcal","배추김치","0kcal","컵형아이스크림(01)(02)(06)","225kcal","","","2790.35kcal"
"2025-10-14(화)","","","","","배추김치","0kcal","","","2790.35kcal"
"2025-10-14(화)","","","","","농심,육개장사발면,86g","","","","2790.35kcal"
"2025-10-15(수)","밥","370.26kcal","현미밥","388.41kcal","흑미밥","389.01kcal","","","3355.54kcal"
"2025-10-15(수)","닭곰탕(15)","83.12kcal","해물짬뽕(05)(06)(09)(16)(17)","91.28kcal","돼지고기애호박찌개(02)(05)(06)(10)(16)","133.97kcal","","","3355.54kcal"
"2025-10-15(수)","맛밤송송함박스테이크(05)(10)(12)(13)(16)","653kcal","가지볶음(05)","51.26kcal","닭바베큐소스조림(05)(12)(15)","423.38kcal","","","3355.54kcal"
"2025-10-15(수)","양념깻잎지(09)","46kcal","콩나물불고기(05)(10)","508.5kcal","배추나물(05)(06)","23.85kcal","","","3355.54kcal"
"2025-10-15(수)","깍두기(완제품)","0kcal","샤인머스켓","58.5kcal","백색우유(02)","135kcal","","","3355.54kcal"
"2025-10-15(수)","","","배추김치","0kcal","열무김치","0kcal","","","3355.54kcal"
"2025-10-16(목)","밥","370.26kcal","밥","370.26kcal","밥","370.26kcal","","","2964.52kcal"
"2025-10-16(목)","두부된장찌개(05)(09)","113.45kcal","얼갈이된장국(05)(06)","32.25kcal","미소장국(05)","42.89kcal","","","2964.52kcal"
"2025-10-16(목)","새송이버섯야채볶음(05)(06)(10)(18)","66.24kcal","훈제오리볶음(01)(05)(06)(18)","532.02kcal","깐쇼새우(05)(06)(09)(12)(16)","547.88kcal","","","2964.52kcal"
"2025-10-16(목)","미트볼조림(02)(05)(06)(10)(12)(15)(16)","342.94kcal","오이부추무침(05)","15.87kcal","무&비트피클(완)","30kcal","","","2964.52kcal"
"2025-10-16(목)","배추김치","0kcal","두유(05)","100kcal","볶음김치(05)","18.2kcal","","","2964.52kcal"
"2025-10-16(목)","","","무쌈(13)","12kcal","","","","","2964.52kcal"
"2025-10-16(목)","","","열무김치","0kcal","","","","","2964.52kcal"
"2025-10-17(금)","밥","370.26kcal","찹쌀밥","390.26kcal","밥","370.26kcal","","","3165.80kcal"
"2025-10-17(금)","얼큰계란국(01)(16)","91.1kcal","꽃게탕(05)(06)(08)(09)(17)","94.65kcal","유부장국(02)(05)(06)(16)","15.36kcal","","","3165.80kcal"
"2025-10-17(금)","김자반","88.4kcal","사천식캐슈넛멸치볶음(04)(05)","102.06kcal","에그카츠(01)(05)(06)(10)(12)(16)(18)","501.75kcal","","","3165.80kcal"
"2025-10-17(금)","닭순살야채조림(15)","292.22kcal","동그랑땡(05)(06)(10)","441.08kcal","고구마샐러드(완)(01)","189.99kcal","","","3165.80kcal"
"2025-10-17(금)","무생채","14.73kcal","상추겉절이","13.26kcal","백색우유(02)","135kcal","","","3165.80kcal"
"2025-10-17(금)","배추김치","0kcal","사과(후지)","55.42kcal","배추김치","0kcal","","","3165.80kcal"
"2025-10-17(금)","","","","","냉동빵, 195에프앤비, 딸기찬도넛, 50g","","","","3165.80kcal"
"2025-10-18(토)","불고기버거(01)(02)(05)(06)(10)(12)(16)","461.41kcal","밥","370.26kcal","제육덮밥(05)(10)","734.02kcal","","","3530.68kcal"
"2025-10-18(토)","계란후라이(완제품)(01)(02)(06)(10)","102.5kcal","꼬치어묵국","175.53kcal","닭꼬치(완)(05)(06)(15)","400kcal","","","3530.68kcal"
"2025-10-18(토)","백색우유(02)","135kcal","떡볶이(01)(05)(06)","273.02kcal","계란후라이(완제품)(01)(02)(06)(10)","102.5kcal","","","3530.68kcal"
"2025-10-18(토)","시리얼(증)(05)(06)","233.1kcal","김말이튀김(05)","271.74kcal","마시는발효유(01)(02)(05)","100.6kcal","","","3530.68kcal"
"2025-10-18(토)","가공우유(바나나맛)(02)","165kcal","반달단무지(13)","6kcal","배추김치","0kcal","","","3530.68kcal"
"2025-10-19(일)","밥","370.26kcal","밥","370.26kcal","밥","370.26kcal","","","2757.03kcal"
"2025-10-19(일)","황태해장국(완)(05)","78.58kcal","사골곰탕(05)(06)","168.79kcal","김치찌개(05)(09)(10)","104.91kcal","","","2757.03kcal"
"2025-10-19(일)","호박새우볶음(05)(09)","44.98kcal","고기만두찜","400.4kcal","순살안동찜닭(05)(06)(15)","358.54kcal","","","2757.03kcal"
"2025-10-19(일)","계란장조림","296kcal","풋고추된장무침(05)(06)","30.57kcal","흑임자드레싱(01)(05)","28.48kcal","","","2757.03kcal"
"2025-10-19(일)","배추김치","0kcal","깍두기(완제품)","0kcal","백색우유(02)","135kcal","","","2757.03kcal"
"2025-10-19(일)","","","","","열무김치","0kcal","","","2757.03kcal"
"2025-10-20(월)","밥","370.26kcal","현미밥","388.41kcal","김치덮밥(05)(10)","677.45kcal","","","3547.29kcal"
"2025-10-20(월)","시금치된장국(02)(05)(06)(09)(16)","45.88kcal","순두부백탕(01)(02)(05)(06)(09)(16)(18)","76.95kcal","계란국(01)(02)(05)(06)(09)(16)","55.87kcal","","","3547.29kcal"
"2025-10-20(월)","쇠고기불고기(05)(16)","423.26kcal","순살족발(02)(05)(06)(10)(16)","536.5kcal","새우가스(01)(05)","620.4kcal","","","3547.29kcal"
"2025-10-20(월)","무나물","21.36kcal","모듬쌈(05)(06)","28.45kcal","계란후라이(완제품)(01)(02)(06)(10)","102.5kcal","","","3547.29kcal"
"2025-10-20(월)","배추김치","0kcal","무말랭이무침(13)","91kcal","양배추피클","92kcal","","","3547.29kcal"
"2025-10-20(월)","","","보쌈김치","0kcal","대추방울토마토","17kcal","","","3547.29kcal"
"2025-10-21(화)","밥","370.26kcal","밥","370.26kcal","치킨마요덮밥(01)(02)(05)(06)(10)(12)(15)(16)(18)","1038.88kcal","","","3298.23kcal"
"2025-10-21(화)","콩나물국(02)(05)(06)(16)","30.35kcal","참치김치찌개(05)(09)","128.55kcal","어묵탕(05)(06)","101.1kcal","","","3298.23kcal"
"2025-10-21(화)","돼지고기무볶음(05)(10)","303.48kcal","낙지삼겹살새우볶음(02)(05)(06)(09)(10)(16)(17)(18)","676.61kcal","백색우유(02)","135kcal","","","3298.23kcal"
"2025-10-21(화)","새송이버섯야채볶음(05)(06)(10)(18)","66.24kcal","옥수수계란찜(09)","13.88kcal","양배추샐러드","63.62kcal","","","3298.23kcal"
"2025-10-21(화)","배추김치","0kcal","열무김치","0kcal","배추김치","0kcal","","","3298.23kcal"
"2025-10-22(수)","밥","370.26kcal","찰현미밥","388.41kcal","밥","370.26kcal","","","2859.84kcal"
"2025-10-22(수)","감자호박국(02)(05)(06)(16)","42.28kcal","사골우거지국(02)(05)(06)(16)(18)","167.14kcal","근대된장국(05)(06)","34.25kcal","","","2859.84kcal"
"2025-10-22(수)","동그랑땡(05)(06)(10)","441.08kcal","닭순살김치볶음(05)(15)","409.6kcal","고추잡채(05)(06)(10)(18)","297.48kcal","","","2859.84kcal"
"2025-10-22(수)","연두부&양념장(05)","70.66kcal","진미채고추장조림(06)(17)","139kcal","양념깻잎지(09)","46kcal","","","2859.84kcal"
"2025-10-22(수)","김","28kcal","배추김치","0kcal","사과(후지)","55.42kcal","","","2859.84kcal"
"2025-10-22(수)","배추김치","0kcal","","","배추김치","0kcal","","","2859.84kcal"
"2025-10-22(수)","","","","","미쓰리 뽀또치즈마카롱 480g(48g x 10개)","","","","2859.84kcal"
"2025-10-23(목)","밥","370.26kcal","찹쌀밥","390.26kcal","사누끼우동(05)(06)","61.52kcal","","","2842.58kcal"
"2025-10-23(목)","들깨무채국(02)(05)(06)(16)","16.74kcal","돼지고기고추장찌개(02)(05)(06)(10)(16)","139.68kcal","밥","370.26kcal","","","2842.58kcal"
"2025-09-24(수)","무조림","27.08kcal","계란장조림","296kcal","오복지무침(05)(06)","30.27kcal","","","3850.01kcal"
"2025-09-24(수)","배추김치","0kcal","두유(05)","100kcal","샤인머스켓","58.5kcal","","","3850.01kcal"
"2025-09-24(수)","","","깍두기(완제품)","0kcal","배추김치","0kcal","","","3850.01kcal"
"2025-09-25(목)","밥","376.03kcal","흑미밥","394.78kcal","현미밥","394.18kcal","","","2804.02kcal"
"2025-09-25(목)","닭고기육개장(01)(05)(06)(15)(16)","99.66kcal","들깨무채국(05)(06)(16)","16.49kcal","짬뽕순두부(01)(05)(06)(09)(10)(16)(17)(18)","174.29kcal","","","2804.02kcal"
"2025-09-25(목)","메추리알장조림(완)(01)(05)(06)","232.5kcal","파채&간장돼지불백(05)(06)(10)(16)(18)","396.66kcal","에그카츠(01)(05)(06)(10)(12)(16)(18)","501.75kcal","","","2804.02kcal"
"2025-09-25(목)","콩나물매운무침(05)","25.28kcal","배추겉절이","20.35kcal","오이장아찌","9.05kcal","","","2804.02kcal"
"2025-09-25(목)","배추김치","0kcal","김","28kcal","백색우유(02)","135kcal","","","2804.02kcal"
"2025-09-25(목)","","","열무김치","0kcal","배추김치","0kcal","","","2804.02kcal"
"2025-09-26(금)","밥","376.03kcal","밥","376.03kcal","밥","376.03kcal","","","3334.90kcal"
"2025-09-26(금)","유부장국(05)(16)","14.86kcal","두부된장찌개(05)(09)","113.45kcal","쇠고기미역국(05)(06)(16)","46.25kcal","","","3334.90kcal"
"2025-09-26(금)","호박새우볶음(05)(09)","44.98kcal","사천식캐슈넛멸치볶음(04)(05)","102.06kcal","낙지삼겹살새우볶음(05)(06)(09)(10)(17)(18)","626.61kcal","","","3334.90kcal"
"2025-09-26(금)","닭순살야채조림(15)","292.22kcal","동파육","708.9kcal","마카로니샐러드(01)(05)","206.31kcal","","","3334.90kcal"
"2025-09-26(금)","배추김치","0kcal","배추김치","0kcal","사과(홍로)","51.17kcal","","","3334.90kcal"
"2025-09-26(금)","","","","","배추김치","0kcal","","","3334.90kcal"
"2025-09-27(토)","핫도그빵(01)(02)(05)(06)","534.6kcal","삼각주먹밥(완)(01)(02)(05)(06)(16)(18)","195kcal","제육덮밥(05)(10)","739.79kcal","","","3611.59kcal"
"2025-09-27(토)","스크램블에그(01)(05)","136kcal","소떡소떡","0kcal","닭꼬치(완)(05)(06)(15)","400kcal","","","3611.59kcal"
"2025-09-27(토)","시리얼(휴일)(05)","309kcal","브로콜리치즈스프(02)(06)","775kcal","계란후라이(완제품)(01)(02)(06)(10)","102.5kcal","","","3611.59kcal"
"2025-09-27(토)","백색우유(02)","135kcal","가공우유(바나나맛)(02)","165kcal","배추김치","0kcal","","","3611.59kcal"
"2025-09-27(토)","코울슬로샐러드(01)(05)","119.7kcal","배추김치","0kcal","","","","","3611.59kcal"
"2025-09-28(일)","밥","376.03kcal","찰현미밥","394.18kcal","밥","376.03kcal","","","2941.72kcal"
"2025-09-28(일)","콩나물국(05)(06)(16)","29.85kcal","사골곰탕(05)(06)","168.79kcal","홍합탕(05)(06)(09)(16)(17)(18)","105.03kcal","","","2941.72kcal"
"2025-09-28(일)","김자반","88.4kcal","왕교자만두찜(06)(10)","288.75kcal","소불고기(완제품)(05)(06)(16)","488.67kcal","","","2941.72kcal"
"2025-09-28(일)","닭바베큐소스조림(05)(12)(15)","423.38kcal","부추겉절이","14.3kcal","느타리버섯볶음(05)","38.58kcal","","","2941.72kcal"
"2025-09-28(일)","무생채","14.73kcal","깍두기(완제품)","0kcal","백색우유(02)","135kcal","","","2941.72kcal"
"2025-09-28(일)","배추김치","0kcal","","","배추김치","0kcal","","","2941.72kcal"
"2025-09-29(월)","밥","376.03kcal","밥","376.03kcal","중화식덮밥(05)(09)(10)(17)","678.14kcal","","","3043.80kcal"
"2025-09-29(월)","사골우거지국(02)(05)(06)(16)(18)","160.46kcal","햄짜글이(05)(06)(10)(16)","145.89kcal","계란국(01)(09)(16)","55.37kcal","","","3043.80kcal"
"2025-09-29(월)","어묵볶음(05)(06)","243.21kcal","주꾸미볶음(05)","174.41kcal","유린기(05)(06)","285.83kcal","","","3043.80kcal"
"2025-09-29(월)","동그랑땡(05)(06)(10)","440kcal","가지볶음(05)","51.26kcal","반달단무지(13)","6kcal","","","3043.80kcal"
"2025-09-29(월)","배추김치","0kcal","배추김치","0kcal","사과(홍로)","51.17kcal","","","3043.80kcal"
"2025-09-30(화)","밥","376.03kcal","밥","376.03kcal","치킨마요덮밥(01)(05)(06)(15)(16)","927.4kcal","","","2473.86kcal"
"2025-09-30(화)","감자호박국(05)(06)(16)","41.78kcal","순두부백탕(01)(05)(06)(09)(16)(18)","76.7kcal","어묵탕(05)(06)","101.1kcal","","","2473.86kcal"
"2025-09-30(화)","새송이버섯야채볶음(05)(06)(10)(18)","66.24kcal","오리불고기(05)","40.78kcal","콩나물무침(05)","24.93kcal","","","2473.86kcal"
"2025-09-30(화)","계란말이(완)(01)(05)","55kcal","오이부추무침(05)","15.87kcal","백색우유(02)","135kcal","","","2473.86kcal"
"2025-09-30(화)","배추김치","0kcal","컵형아이스크림(01)(02)(06)","225kcal","배추김치","0kcal","","","2473.86kcal"
"2025-09-30(화)","","","무쌈(13)","12kcal","","","","","2473.86kcal"
"2025-09-30(화)","","","열무김치","0kcal","","","","","2473.86kcal"
"2025-10-01(수)","밥","370.26kcal","밥","370.26kcal","밥","370.26kcal","","","3106.77kcal"
"2025-10-01(수)","쇠고기무국(02)(05)(06)(16)","62.82kcal","근대된장국(05)(06)","34.25kcal","부대찌개(02)(05)(06)(10)(12)(15)(16)(18)","155.87kcal","","","3106.77kcal"
"2025-10-01(수)","감자채볶음(02)(05)(10)(15)(16)","84.29kcal","사천식캐슈넛멸치볶음(04)(05)","102.06kcal","간장돼지불고기(완제품)(05)(06)(10)","528.87kcal","","","3106.77kcal"
"2025-10-01(수)","비엔나메추리알조림(01)(02)(05)(06)(10)(15)(16)(18)","367.3kcal","훈제닭다리(완)(01)(02)(05)","500.6kcal","콩나물무침(05)","24.93kcal","","","3106.77kcal"
"2025-10-01(수)","배추김치","0kcal","배추김치","0kcal","백색우유(02)","135kcal","","","3106.77kcal"
"2025-10-01(수)","","","","","배추김치","0kcal","","","3106.77kcal"
"2025-10-01(수)","","","","","케이크또는파이또는패스트리, (주문자상표부착)신세계푸드, 마들렌, 22g","","","","3106.77kcal"
"2025-10-02(목)","밥","370.26kcal","밥","370.26kcal","밥","370.26kcal","","","3332.59kcal"
"2025-10-02(목)","사골미역국(16)","34.32kcal","돼지고기애호박찌개(02)(05)(06)(10)(16)","133.97kcal","차돌박이된장찌개(05)(06)(16)","127.38kcal","","","3332.59kcal"
"2025-10-02(목)","어묵볶음(05)(06)","243.21kcal","순살고등어구이(05)(06)(07)(15)(18)","175.9kcal","돼지고기고추장볶음(05)(10)","699.64kcal","","","3332.59kcal"
"2025-10-02(목)","한입떡갈비(02)(05)(06)(10)(12)(16)","439kcal","무조림","27.08kcal","백색우유(02)","135kcal","","","3332.59kcal"
"2025-10-02(목)","배추김치","0kcal","배추김치","0kcal","마카로니샐러드(01)(05)","206.31kcal","","","3332.59kcal"
"2025-10-02(목)","","","","","배추김치","0kcal","","","3332.59kcal"
"2025-10-03(금)","밥","370.26kcal","돼지국밥(05)(06)(10)","322.53kcal","밥","370.26kcal","","","3575.41kcal"
"2025-10-03(금)","콩나물국(02)(05)(06)(16)","30.35kcal","밥","370.26kcal","쇠고기육개장(01)(02)(05)(06)(16)","88.48kcal","","","3575.41kcal"
"2025-10-03(금)","언양식바싹불고기(01)(02)(05)(06)(10)(12)(15)(16)","317.7kcal","김치왕교자(06)(10)","288.75kcal","볼카츠(02)(05)(06)(10)(12)(16)(18)","673.75kcal","","","3575.41kcal"
"2025-10-03(금)","메추리알장조림(완)(01)(05)(06)","277.5kcal","풋고추된장무침(05)(06)","30.57kcal","감자에그샐러드(완)","315kcal","","","3575.41kcal"
"2025-10-03(금)","배추김치","0kcal","튜브형아이스크림2","120kcal","열무김치","0kcal","","","3575.41kcal"
"2025-10-03(금)","","","깍두기(완제품)","0kcal","","","","","3575.41kcal"
"2025-10-04(토)","햄치즈버거(01)(02)(06)(10)","494kcal","밥","370.26kcal","비빔밥(05)(16)","761.49kcal","","","3507.30kcal"
"2025-10-04(토)","계란후라이(완제품)(01)(02)(06)(10)","102.5kcal","시금치된장국(02)(05)(06)(09)(16)","45.88kcal","김말이튀김(05)","271.74kcal","","","3507.30kcal"
"2025-10-04(토)","백색우유(02)","135kcal","새송이버섯야채볶음(05)(06)(10)(18)","66.24kcal","계란후라이(완제품)(01)(02)(06)(10)","102.5kcal","","","3507.30kcal"
"2025-10-04(토)","가공우유(초코맛)(02)","260kcal","닭고기야채조림(05)(15)","371.27kcal","토핑형발효유(02)(05)(06)","165kcal","","","3507.30kcal"
"2025-10-04(토)","치킨텐더샐러드(01)(05)(06)(12)(15)(16)(18)","169.42kcal","배추김치","0kcal","열무김치","0kcal","","","3507.30kcal"
"2025-10-04(토)","시리얼(3)(05)","192kcal","","","","","","","3507.30kcal"
"2025-10-05(일)","밥","370.26kcal","밥","370.26kcal","밥","370.26kcal","","","2959.72kcal"
"2025-10-05(일)","사골우거지국(02)(05)(06)(16)(18)","167.14kcal","순두부된장국(05)(06)(09)","89.98kcal","감자호박국(02)(05)(06)(16)","42.28kcal","","","2959.72kcal"
"2025-10-05(일)","치즈함박스테이크(01)(02)(05)(06)(10)(12)(15)(16)","339.8kcal","돼지불고기(05)(10)","373.1kcal","훈제삼겹살(05)(06)(07)(10)(13)(16)","645kcal","","","2959.72kcal"
"2025-10-05(일)","근대무침(05)(06)","22.47kcal","오이무침(05)","20.91kcal","상추겉절이","13.26kcal","","","2959.72kcal"
"2025-10-05(일)","배추김치","0kcal","배추김치","0kcal","백색우유(02)","135kcal","","","2959.72kcal"
"2025-10-05(일)","","","","","보쌈김치","0kcal","","","2959.72kcal"
"2025-10-06(월)","밥","370.26kcal","밥","370.26kcal","밥","370.26kcal","","","3231.41kcal"
"2025-10-06(월)","쇠고기떡국(01)(02)(05)(06)(16)","300.29kcal","콩나물김치국(02)(05)(06)(16)","25.88kcal","꼬리곰탕(05)(06)(09)","321.56kcal","","","3231.41kcal"
"2025-10-06(월)","야채고기말이(01)(02)(05)(06)(10)(15)(16)(18)","375.6kcal","한우갈비찜(16)","477.58kcal","돼지고기육전(01)(05)(06)(10)","138.41kcal","","","3231.41kcal"
"2025-10-06(월)","시금치무침","26.84kcal","오미산적(완)(01)(02)(05)(06)(08)(10)(12)(13)(16)","164kcal","부추겉절이","14.3kcal","","","3231.41kcal"
"2025-10-06(월)","식혜","0kcal","사과(홍로)","51.17kcal","컵형아이스크림(01)(02)(06)","225kcal","","","3231.41kcal"
"2025-10-06(월)","배추김치","0kcal","열무김치","0kcal","깍두기(완제품)","0kcal","","","3231.41kcal"
"2025-10-07(화)","밥","370.26kcal","찹쌀밥","390.26kcal","밥","370.26kcal","","","3100.15kcal"
"2025-10-07(화)","황태채국(01)(02)(05)(06)(16)","78.95kcal","닭볶음탕(05)(15)","334.11kcal","감자국(02)(05)(06)(16)","45.56kcal","","","3100.15kcal"
"2025-10-07(화)","어묵볶음(05)(06)","243.21kcal","두부된장찌개(05)(09)","113.45kcal","낙지삼겹살새우볶음(02)(05)(06)(09)(10)(16)(17)(18)","676.61kcal","","","3100.15kcal"
"2025-10-07(화)","소고기꽈리고추조림(05)(16)","304.26kcal","무나물","21.36kcal","가지볶음(05)","51.26kcal","","","3100.15kcal"
"2025-10-07(화)","배추김치","0kcal","배추김치","0kcal","마시는발효유(01)(02)(05)","100.6kcal","","","3100.15kcal"
"2025-10-07(화)","","","","","배추김치","0kcal","","","3100.15kcal"
"2025-10-08(수)","밥","370.26kcal","찰수수밥","380.55kcal","자장밥(05)(06)(10)","713.46kcal","","","3594.43kcal"
"2025-10-08(수)","쇠고기탕국(02)(05)(06)(09)(16)","68.89kcal","참치고추장찌개(02)(05)(06)(09)(16)","186.82kcal","두부계란국(01)(02)(05)(06)(16)","66.4kcal","","","3594.43kcal"
"2025-10-08(수)","꽈리고추멸치볶음(05)","88.26kcal","동파육","708.9kcal","닭강정(01)(02)(05)(06)(15)","430kcal","","","3594.43kcal"
"2025-10-08(수)","비엔나소시지케찹볶음(02)(05)(06)(10)(12)(16)(18)","380.65kcal","부추양파무침","6.74kcal","백색우유(02)","135kcal","","","3594.43kcal"
"2025-10-08(수)","배추김치","0kcal","샤인머스켓","58.5kcal","배추김치","0kcal","","","3594.43kcal"
"2025-10-08(수)","","","배추김치","0kcal","","","","","3594.43kcal"
"2025-09-10(수)","돼지고기청경채볶음(05)(06)(10)(18)","380.72kcal","훈제오리볶음(01)(05)(06)(18)","532.02kcal","한우갈비찜(16)","477.58kcal","","","2965.09kcal"
"2025-09-10(수)","연두부&양념장(05)","70.66kcal","부추겉절이","14.3kcal","오복지무침(05)(06)","30.27kcal","","","2965.09kcal"
"2025-09-10(수)","배추김치","0kcal","무쌈(13)","12kcal","샤인머스켓","58.5kcal","","","2965.09kcal"
"2025-09-10(수)","","","배추김치","0kcal","배추김치","0kcal","","","2965.09kcal"
"2025-09-11(목)","밥","376.03kcal","밥","376.03kcal","찹쌀밥","396.03kcal","","","2794.12kcal"
"2025-09-11(목)","얼갈이된장국(05)(06)","32.25kcal","감자양파찌개(02)(05)(06)(10)(15)(16)","114.78kcal","카레밥","0kcal","","","2794.12kcal"
"2025-09-11(목)","멸치볶음(05)","71.57kcal","고추잡채(05)(06)(10)(18)","335.08kcal","통모짜핫도그","0kcal","","","2794.12kcal"
"2025-09-11(목)","동그랑땡(05)(06)(10)","440kcal","메추리알장조림(완)(01)(05)(06)","232.5kcal","콩나물국(05)(06)(16)","29.85kcal","","","2794.12kcal"
"2025-09-11(목)","깍두기(완제품)","0kcal","컵형아이스크림(01)(02)(06)","225kcal","가공우유(바나나맛)(02)","165kcal","","","2794.12kcal"
"2025-09-11(목)","","","열무김치","0kcal","배추김치","0kcal","","","2794.12kcal"
"2025-09-12(금)","밥","376.03kcal","밥","376.03kcal","흑미밥","394.78kcal","","","3175.42kcal"
"2025-09-12(금)","감자호박국(05)(06)(16)","41.78kcal","참치고추장찌개(05)(06)(09)(16)","186.32kcal","황태해장국(완)(05)","78.58kcal","","","3175.42kcal"
"2025-09-12(금)","새송이버섯야채볶음(05)(06)(10)(18)","66.24kcal","돼지고기무볶음(05)(10)","303.48kcal","훈제삼겹살(05)(06)(07)(10)(13)(16)","645kcal","","","3175.42kcal"
"2025-09-12(금)","쇠고기불고기(05)(16)","379.36kcal","근대무침(05)(06)","22.47kcal","상추겉절이","13.26kcal","","","3175.42kcal"
"2025-09-12(금)","김자반","88.4kcal","샤인머스켓주스","45kcal","저염쌈장(05)(06)","23.69kcal","","","3175.42kcal"
"2025-09-12(금)","배추김치","0kcal","배추김치","0kcal","백색우유(02)","135kcal","","","3175.42kcal"
"2025-09-12(금)","","","","","보쌈김치","0kcal","","","3175.42kcal"
"2025-09-13(토)","핫도그빵(01)(02)(05)(06)","534.6kcal","밥1","326.79kcal","오징어덮밥(05)(17)","587.6kcal","","","3212.68kcal"
"2025-09-13(토)","스크램블에그(01)(05)","136kcal","너비아니꼬지치즈맛","462kcal","치킨너겟(01)(02)(05)(06)(12)(15)(16)(18)","213.59kcal","","","3212.68kcal"
"2025-09-13(토)","백색우유(02)","135kcal","가공우유(딸기맛)(02)(05)","165kcal","배추김치","0kcal","","","3212.68kcal"
"2025-09-13(토)","오이피클","72.9kcal","양송이스프(02)(05)(06)(15)","175kcal","","","","","3212.68kcal"
"2025-09-13(토)","시리얼(2)(05)","244kcal","배추김치","0kcal","","","","","3212.68kcal"
"2025-09-13(토)","단호박샐러드(완)","160.2kcal","","","","","","","3212.68kcal"
"2025-09-14(일)","밥","376.03kcal","밥","376.03kcal","밥","376.03kcal","","","2832.66kcal"
"2025-09-14(일)","사골곰탕(05)(06)","168.79kcal","부대찌개(02)(05)(06)(10)(15)(16)(18)","155.37kcal","들깨무채국(05)(06)(16)","16.49kcal","","","2832.66kcal"
"2025-09-14(일)","맛밤송송함박스테이크(05)(10)(12)(13)(16)","653kcal","간장돼지불고기(완제품)(05)(06)(10)","348.87kcal","주꾸미볶음(05)","174.41kcal","","","2832.66kcal"
"2025-09-14(일)","부추양파무침","6.74kcal","오이무침(05)","20.97kcal","콩나물무침(05)","24.93kcal","","","2832.66kcal"
"2025-09-14(일)","깍두기(완제품)","0kcal","깍두기(완제품)","0kcal","백색우유(02)","135kcal","","","2832.66kcal"
"2025-09-14(일)","","","","","배추김치","0kcal","","","2832.66kcal"
"2025-09-15(월)","밥","376.03kcal","찹쌀밥","396.03kcal","밥","376.03kcal","","","3199.49kcal"
"2025-09-15(월)","얼큰계란국(01)(16)","76.68kcal","돼지고기애호박찌개(05)(06)(10)(16)","133.85kcal","마라탕(09)(16)","74.61kcal","","","3199.49kcal"
"2025-09-15(월)","느타리버섯볶음(05)","38.58kcal","닭순살김치볶음(05)(15)","409.6kcal","탕수육(05)(06)(10)","776.53kcal","","","3199.49kcal"
"2025-09-15(월)","한입떡갈비(02)(05)(06)(10)(12)(16)","439kcal","두부양념장(05)","89.73kcal","양배추샐러드","12.82kcal","","","3199.49kcal"
"2025-09-15(월)","배추김치","0kcal","열무김치","0kcal","배추김치","0kcal","","","3199.49kcal"
"2025-09-16(화)","밥","376.03kcal","현미밥","394.18kcal","밥","376.03kcal","","","3071.36kcal"
"2025-09-16(화)","콩나물김치국(05)(06)(16)","25.38kcal","순두부찌개(05)(06)(16)(18)","62.05kcal","닭고기육개장(01)(05)(06)(15)(16)","99.66kcal","","","3071.36kcal"
"2025-09-16(화)","감자채볶음(02)(05)(10)(15)(16)","84.29kcal","들깨백불고기(05)(06)(10)(16)(18)","435.31kcal","새우가스(01)(05)","620.4kcal","","","3071.36kcal"
"2025-09-16(화)","비엔나메추리알조림(01)(02)(05)(06)(10)(15)(16)(18)","343.3kcal","청포묵무침(01)(05)(16)","71.53kcal","무&비트피클(완)","30kcal","","","3071.36kcal"
"2025-09-16(화)","열무김치","0kcal","식혜","0kcal","백색우유(02)","135kcal","","","3071.36kcal"
"2025-09-16(화)","","","볶음김치(05)","18.2kcal","배추김치","0kcal","","","3071.36kcal"
"2025-09-17(수)","밥","376.03kcal","잡곡밥","425.25kcal","밥","376.03kcal","","","3515.87kcal"
"2025-09-17(수)","쇠고기미역국(05)(06)(16)","46.25kcal","감자양파찌개(02)(05)(06)(10)(15)(16)","114.78kcal","닭볶음탕(05)(15)","334.11kcal","","","3515.87kcal"
"2025-09-17(수)","언양식바싹불고기(01)(02)(05)(06)(10)(12)(15)(16)","317.7kcal","애호박나물(05)(09)","43.78kcal","황태채국(01)(05)(06)(16)","78.45kcal","","","3515.87kcal"
"2025-09-17(수)","무나물","21.36kcal","순살삼치구이(05)(06)(07)","149.82kcal","대추방울토마토","17kcal","","","3515.87kcal"
"2025-09-17(수)","배추김치","0kcal","김","28kcal","마카로니샐러드(01)(05)","206.31kcal","","","3515.87kcal"
"2025-09-17(수)","","","배추김치","0kcal","깍두기(완제품)","0kcal","","","3515.87kcal"
"2025-09-17(수)","","","","","참조은에스에프 블루베리크림치즈찰떡,1.8kg(60g*30개)","981kcal","","","3515.87kcal"
"2025-09-18(목)","밥","376.03kcal","비빔밥(05)(16)","767.26kcal","밥","376.03kcal","","","3187.00kcal"
"2025-09-18(목)","근대된장국(05)(06)","34.25kcal","감자국(05)(06)(16)","45.06kcal","꼬리곰탕(05)(06)(09)","321.56kcal","","","3187.00kcal"
"2025-09-18(목)","꽈리고추멸치볶음(05)","88.26kcal","닭꼬치(완)(05)(06)(15)","400kcal","돼지고기육전(01)(05)(06)(10)","138.41kcal","","","3187.00kcal"
"2025-09-18(목)","마파두부(05)(06)(10)(15)(18)","269.38kcal","계란후라이(완제품)(01)(02)(06)(10)","102.5kcal","상추겉절이","13.26kcal","","","3187.00kcal"
"2025-09-18(목)","배추김치","0kcal","튜브형아이스크림2","120kcal","백색우유(02)","135kcal","","","3187.00kcal"
"2025-09-18(목)","","","열무김치","0kcal","깍두기(완제품)","0kcal","","","3187.00kcal"
"2025-09-19(금)","밥","376.03kcal","찹쌀밥","396.03kcal","밥","376.03kcal","","","3435.91kcal"
"2025-09-19(금)","얼큰쇠고기무국(05)(06)(16)","55.5kcal","짬뽕순두부(01)(05)(06)(09)(10)(16)(17)(18)","174.29kcal","참치김치찌개(05)(09)","128.55kcal","","","3435.91kcal"
"2025-09-19(금)","어묵볶음(05)(06)","243.21kcal","돼지갈비찜(10)(12)","448.52kcal","훈제닭다리(완)(01)(02)(05)","500.6kcal","","","3435.91kcal"
"2025-09-19(금)","치즈함박스테이크(01)(02)(05)(06)(10)(12)(15)(16)","339.8kcal","배추나물(05)(06)","23.85kcal","감자에그샐러드(완)","315kcal","","","3435.91kcal"
"2025-09-19(금)","열무김치","0kcal","깍두기(완제품)","0kcal","샤인머스켓","58.5kcal","","","3435.91kcal"
"2025-09-19(금)","","","","","배추김치","0kcal","","","3435.91kcal"
"2025-09-20(토)","햄치즈버거(01)(02)(06)(10)","494kcal","찰수수밥","386.31kcal","밥","376.03kcal","","","3572.55kcal"
"2025-09-20(토)","계란후라이(완제품)(01)(02)(06)(10)","102.5kcal","꼬치어묵국","175.53kcal","닭고기덮밥(05)(06)(15)(18)","306.75kcal","","","3572.55kcal"
"2025-09-20(토)","백색우유(02)","135kcal","떡볶이(01)(05)(06)","249.02kcal","스크램블에그(01)(05)","136kcal","","","3572.55kcal"
"2025-09-20(토)","치킨텐더샐러드(01)(05)(06)(12)(15)(16)(18)","169.42kcal","김말이튀김(05)","271.74kcal","오징어채무침(05)(17)","213.25kcal","","","3572.55kcal"
"2025-09-20(토)","가공우유(초코맛)(02)","194kcal","반달단무지(13)","6kcal","토핑형발효유(02)(05)(06)","165kcal","","","3572.55kcal"
"2025-09-20(토)","시리얼(3)","192kcal","","","배추김치","0kcal","","","3572.55kcal"
"2025-09-21(일)","밥","376.03kcal","밥","376.03kcal","밥","376.03kcal","","","3066.70kcal"
"2025-09-21(일)","황태해장국(완)(05)","78.58kcal","순대국밥(05)(06)(10)","411.19kcal","햄감자찌개(05)(06)(10)(16)","143.64kcal","","","3066.70kcal"
"2025-09-21(일)","소고기꽈리고추조림(05)(16)","304.26kcal","고기만두찜","400.4kcal","닭고기야채조림(05)(15)","371.27kcal","","","3066.70kcal"
"2025-09-21(일)","오이무침(05)","20.97kcal","풋고추된장무침(05)(06)","30.57kcal","무생채","14.73kcal","","","3066.70kcal"
"2025-09-21(일)","깍두기(완제품)","0kcal","깍두기(완제품)","0kcal","백색우유(02)","135kcal","","","3066.70kcal"
"2025-09-21(일)","","","","","김","28kcal","","","3066.70kcal"
"2025-09-21(일)","","","","","배추김치","0kcal","","","3066.70kcal"
"2025-09-22(월)","밥","376.03kcal","밥","376.03kcal","밥","376.03kcal","","","2709.96kcal"
"2025-09-22(월)","쇠고기탕국(05)(06)(09)(16)","60.15kcal","순두부된장국(05)(06)(09)","89.98kcal","사누끼우동(05)(06)","243.77kcal","","","2709.96kcal"
"2025-09-22(월)","느타리버섯볶음(05)","38.58kcal","오징어삼겹볶음(05)(10)(17)","399.75kcal","백순대볶음(05)(06)(10)","183.6kcal","","","2709.96kcal"
"2025-09-22(월)","비엔나소시지케찹볶음(02)(05)(06)(10)(12)(16)(18)","380.65kcal","옥수수계란찜(09)","13.88kcal","백색우유(02)","135kcal","","","2709.96kcal"
"2025-09-22(월)","배추김치","0kcal","열무김치","0kcal","양배추샐러드","12.82kcal","","","2709.96kcal"
"2025-09-22(월)","","","","","저염쌈장(05)(06)","23.69kcal","","","2709.96kcal"
"2025-09-22(월)","","","","","배추김치","0kcal","","","2709.96kcal"
"2025-09-23(화)","밥","376.03kcal","찰현미밥","394.18kcal","밥","376.03kcal","","","2738.85kcal"
"2025-09-23(화)","감자달걀국(01)(09)(16)","66.32kcal","김치찌개(05)(09)(10)","104.91kcal","콩나물국(05)(06)(16)","29.85kcal","","","2738.85kcal"
"2025-09-23(화)","돼지고기부추볶음(05)(06)(10)(18)","385.08kcal","순살안동찜닭(05)(06)(15)","358.54kcal","돼지불고기(05)(10)","373.1kcal","","","2738.85kcal"
"2025-09-23(화)","연두부&양념장(05)","70.66kcal","흑임자드레싱(01)(05)","28.48kcal","근대무침(05)(06)","22.47kcal","","","2738.85kcal"
"2025-09-23(화)","배추김치","0kcal","열무김치","0kcal","백색우유(02)","135kcal","","","2738.85kcal"
"2025-09-23(화)","","","","","볶음김치(05)","18.2kcal","","","2738.85kcal"
"2025-09-24(수)","밥","376.03kcal","잡곡밥","425.25kcal","밥","376.03kcal","","","3850.01kcal"
"2025-09-24(수)","돼지고기고추장찌개(05)(06)(10)(16)","139.56kcal","쇠고기버섯전골(05)(06)(09)(16)","84.67kcal","우거지갈비탕(02)(05)(06)(10)(16)(18)","672.51kcal","","","3850.01kcal"
"2025-09-24(수)","맛밤송송함박스테이크(05)(10)(12)(13)(16)","653kcal","갈치순살튀김(05)","266.1kcal","비엔나소시지감자조림(02)(05)(06)(10)(16)(18)","345.01kcal","","","3850.01kcal"
"2025-08-26(화)","","","배추김치","0kcal","배추김치","0kcal","","","3200.96kcal"
"2025-08-27(수)","밥","375.45kcal","밥","375.45kcal","밥","375.45kcal","","","2599.49kcal"
"2025-08-27(수)","감자호박국(05)(06)(16)","41.78kcal","얼갈이된장국(05)(06)","32.25kcal","참치김치찌개(05)(09)","128.55kcal","","","2599.49kcal"
"2025-08-27(수)","느타리버섯볶음(05)","38.58kcal","가지볶음(05)","51.26kcal","김말이튀김(05)","271.74kcal","","","2599.49kcal"
"2025-08-27(수)","닭바베큐소스조림(05)(12)(15)","423.38kcal","오징어삼겹볶음(05)(10)(17)","363.75kcal","배추나물(05)(06)","23.85kcal","","","2599.49kcal"
"2025-08-27(수)","김","28kcal","열무김치","0kcal","백색우유(02)","70kcal","","","2599.49kcal"
"2025-08-27(수)","배추김치","0kcal","","","깍두기(완제품)","0kcal","","","2599.49kcal"
"2025-08-28(목)","밥","375.45kcal","돼지국밥(05)(06)(10)","322.53kcal","밥","375.45kcal","","","3588.09kcal"
"2025-08-28(목)","쇠고기무국(05)(06)(16)","57.05kcal","찰현미밥","393.6kcal","닭고기육개장(01)(05)(06)(15)(16)","99.66kcal","","","3588.09kcal"
"2025-08-28(목)","꽈리고추멸치볶음(05)","88.26kcal","왕교자만두찜(06)(10)","288.75kcal","새우가스(01)(05)","620.4kcal","","","3588.09kcal"
"2025-08-28(목)","돼지고기고추장볶음(05)(10)","627.64kcal","부추겉절이","14.3kcal","무&비트피클(완)","30kcal","","","3588.09kcal"
"2025-08-28(목)","배추김치","0kcal","컵형아이스크림(01)(02)(06)","225kcal","백색우유(02)","70kcal","","","3588.09kcal"
"2025-08-28(목)","","","깍두기(완제품)","0kcal","배추김치","0kcal","","","3588.09kcal"
"2025-08-29(금)","밥","375.45kcal","찹쌀밥","395.45kcal","밥","375.45kcal","","","3146.16kcal"
"2025-08-29(금)","돼지고기애호박찌개(05)(06)(10)(16)","133.85kcal","감자국(05)(06)(16)","45.06kcal","순두부찌개(05)(06)(16)(18)","62.05kcal","","","3146.16kcal"
"2025-08-29(금)","어묵볶음(05)(06)","243.21kcal","닭순살김치볶음(05)(15)","409.6kcal","동파육","708.9kcal","","","3146.16kcal"
"2025-08-29(금)","돼지고기무볶음(05)(10)","277.08kcal","청포묵무침(01)(05)(16)","71.53kcal","무생채","14.73kcal","","","3146.16kcal"
"2025-08-29(금)","배추김치","0kcal","열무김치","0kcal","자두(추희)","33.8kcal","","","3146.16kcal"
"2025-08-29(금)","","","","","배추김치","0kcal","","","3146.16kcal"
"2025-08-30(토)","밥","375.45kcal","밥","375.45kcal","오징어덮밥(05)(17)","587.02kcal","","","3107.53kcal"
"2025-08-30(토)","사골곰탕(05)(06)","168.79kcal","감자양파찌개(02)(05)(06)(10)(15)(16)","114.78kcal","치킨너겟(01)(02)(05)(06)(12)(15)(16)(18)","213.59kcal","","","3107.53kcal"
"2025-08-30(토)","맛밤송송함박스테이크(05)(10)(12)(13)(16)","653kcal","비엔나메추리알조림(01)(02)(05)(06)(10)(15)(16)(18)","343.3kcal","가공우유(바나나맛)(02)","165kcal","","","3107.53kcal"
"2025-08-30(토)","오이부추무침(05)","15.87kcal","콩나물매운무침(05)","25.28kcal","배추김치","0kcal","","","3107.53kcal"
"2025-08-30(토)","백색우유(02)","70kcal","배추김치","0kcal","","","","","3107.53kcal"
"2025-08-30(토)","열무김치","0kcal","","","","","","","3107.53kcal"
"2025-08-31(일)","밥","375.45kcal","밥","375.45kcal","밥","375.45kcal","","","2729.16kcal"
"2025-08-31(일)","들깨무채국(05)(06)(16)","16.49kcal","황태해장국(완)(05)","18.58kcal","쇠고기미역국(05)(06)(16)","46.25kcal","","","2729.16kcal"
"2025-08-31(일)","감자채볶음(02)(05)(10)(15)(16)","84.29kcal","돼지불고기(05)(10)","343.7kcal","낙지삼겹살새우볶음(05)(06)(09)(10)(17)(18)","626.61kcal","","","2729.16kcal"
"2025-08-31(일)","닭순살야채조림(15)","292.22kcal","애호박나물(05)(09)","43.78kcal","콘치즈계란찜(02)","42.69kcal","","","2729.16kcal"
"2025-08-31(일)","배추김치","0kcal","볶음김치(05)","18.2kcal","백색우유(02)","70kcal","","","2729.16kcal"
"","","","","","깍두기(완제품)","0kcal","","","2729.16kcal"
"","","","","","","","","","2729.16kcal"
"2025-09-01(월)","밥","376.03kcal","밥","376.03kcal","김치덮밥(05)(10)","611.22kcal","","","3468.78kcal"
"2025-09-01(월)","닭곰탕(15)","68.42kcal","순두부백탕(01)(05)(06)(09)(16)(18)","76.7kcal","유부장국(05)(16)","14.86kcal","","","3468.78kcal"
"2025-09-01(월)","치즈함박스테이크(01)(02)(05)(06)(10)(12)(15)(16)","339.8kcal","돼지고기고추장볶음(05)(10)","663.64kcal","닭강정(01)(02)(05)(06)(15)","430kcal","","","3468.78kcal"
"2025-09-01(월)","오이부추무침(05)","15.87kcal","어묵볶음(05)(06)","243.21kcal","계란후라이(완제품)(01)(02)(06)(10)","102.5kcal","","","3468.78kcal"
"2025-09-01(월)","배추김치","0kcal","배추김치","0kcal","양배추피클","92kcal","","","3468.78kcal"
"2025-09-01(월)","","","","","샤인머스켓","58.5kcal","","","3468.78kcal"
"2025-09-02(화)","밥","376.03kcal","밥","376.03kcal","밥","376.03kcal","","","3441.53kcal"
"2025-09-02(화)","황태채국(01)(05)(06)(16)","78.45kcal","부대찌개(02)(05)(06)(10)(15)(16)(18)","155.37kcal","미소장국(05)","42.89kcal","","","3441.53kcal"
"2025-09-02(화)","쇠고기감자조림(05)(16)","368.36kcal","순살고등어구이(05)(07)","168.55kcal","볼카츠(02)(05)(06)(10)(12)(16)(18)","673.75kcal","","","3441.53kcal"
"2025-09-02(화)","피자오믈렛","149kcal","무조림","27.08kcal","고구마샐러드(완)(01)","189.99kcal","","","3441.53kcal"
"2025-09-02(화)","배추김치","0kcal","팩형아이스크림(01)(02)","325kcal","백색우유(02)","135kcal","","","3441.53kcal"
"2025-09-02(화)","","","배추김치","0kcal","열무김치","0kcal","","","3441.53kcal"
"2025-09-03(수)","밥","376.03kcal","찰현미밥","394.18kcal","자장밥(05)(06)(10)","719.23kcal","","","3243.38kcal"
"2025-09-03(수)","사골미역국(16)","28.14kcal","돼지고기애호박찌개(05)(06)(10)(16)","133.85kcal","두부계란국(01)(05)(06)(16)","66.2kcal","","","3243.38kcal"
"2025-09-03(수)","감자채볶음(02)(05)(10)(15)(16)","84.29kcal","새송이버섯야채볶음(05)(06)(10)(18)","66.24kcal","깐쇼새우(05)(06)(09)(12)(16)","547.88kcal","","","3243.38kcal"
"2025-09-03(수)","미트볼조림(02)(05)(06)(10)(12)(15)(16)","342.94kcal","콩나물불고기(05)(10)","484.4kcal","배추김치","0kcal","","","3243.38kcal"
"2025-09-03(수)","배추김치","0kcal","배추김치","0kcal","미쓰리 쿠키앤크림마카롱 480g(48g x 10개)","","","","3243.38kcal"
"2025-09-04(목)","밥","376.03kcal","밥","376.03kcal","밥","376.03kcal","","","2856.64kcal"
"2025-09-04(목)","어묵탕(05)(06)","101.1kcal","콩나물국(05)(06)(16)","29.85kcal","시래기감자탕(05)(06)(10)(16)","350.73kcal","","","2856.64kcal"
"2025-09-04(목)","사천식캐슈넛멸치볶음(04)(05)","102.06kcal","낙지삼겹살새우볶음(05)(06)(09)(10)(17)(18)","626.61kcal","도토리묵무침(05)","17.72kcal","","","2856.64kcal"
"2025-09-04(목)","닭순살야채조림(15)","292.22kcal","콘치즈계란찜(02)","42.69kcal","풋고추된장무침(05)(06)","30.57kcal","","","2856.64kcal"
"2025-09-04(목)","배추김치","0kcal","열무김치","0kcal","백색우유(02)","135kcal","","","2856.64kcal"
"2025-09-04(목)","","","","","깍두기(완제품)","0kcal","","","2856.64kcal"
"2025-09-05(금)","밥","376.03kcal","밥","376.03kcal","밥","376.03kcal","","","2826.81kcal"
"2025-09-05(금)","쇠고기무국(05)(06)(16)","56.14kcal","얼갈이된장국(05)(06)","32.25kcal","얼큰수제비국(05)(06)(16)","128.94kcal","","","2826.81kcal"
"2025-09-05(금)","김자반","88.4kcal","모듬쌈(05)(06)","28.45kcal","김말이튀김(05)","271.74kcal","","","2826.81kcal"
"2025-09-05(금)","계란말이(완)(01)(05)","55kcal","냉채족발(02)(05)(06)(10)(16)","407kcal","닭고기야채조림(05)(15)","371.27kcal","","","2826.81kcal"
"2025-09-05(금)","무생채","14.73kcal","무말랭이무침(13)","91kcal","자두(추희)","33.8kcal","","","2826.81kcal"
"2025-09-05(금)","배추김치","0kcal","튜브형아이스크림2","120kcal","배추김치","0kcal","","","2826.81kcal"
"2025-09-05(금)","","","보쌈김치","0kcal","","","","","2826.81kcal"
"2025-09-06(토)","불고기버거(01)(02)(05)(06)(10)(12)(16)","461.41kcal","밥","376.03kcal","쇠고기덮밥(05)(16)","855.36kcal","","","3244.75kcal"
"2025-09-06(토)","계란후라이(완제품)(01)(02)(06)(10)","102.5kcal","감자양파찌개(02)(05)(06)(10)(15)(16)","114.78kcal","계란후라이(완제품)(01)(02)(06)(10)","102.5kcal","","","3244.75kcal"
"2025-09-06(토)","가공우유(초코맛)(02)","194kcal","호박새우볶음(05)(09)","44.98kcal","무나물","21.36kcal","","","3244.75kcal"
"2025-09-06(토)","백색우유(02)","135kcal","고추장돼지불고기(완제품)(05)(06)(10)","438.73kcal","토핑형발효유(02)(05)(06)","165kcal","","","3244.75kcal"
"2025-09-06(토)","시리얼(증)(05)(06)","233.1kcal","배추김치","0kcal","배추김치","0kcal","","","3244.75kcal"
"2025-09-07(일)","밥","376.03kcal","밥","376.03kcal","밥","376.03kcal","","","3058.02kcal"
"2025-09-07(일)","사골우거지국(02)(05)(06)(16)(18)","160.46kcal","돼지국밥(05)(06)(10)","322.53kcal","근대된장국(05)(06)","34.25kcal","","","3058.02kcal"
"2025-09-07(일)","언양식바싹불고기(01)(02)(05)(06)(10)(12)(15)(16)","317.7kcal","찐새우만두(05)(06)(09)","588kcal","닭간장소스찜(15)","300.27kcal","","","3058.02kcal"
"2025-09-07(일)","오이부추무침(05)","15.87kcal","풋고추된장무침(05)(06)","30.57kcal","콩나물매운무침(05)","25.28kcal","","","3058.02kcal"
"2025-09-07(일)","열무김치","0kcal","깍두기(완제품)","0kcal","백색우유(02)","135kcal","","","3058.02kcal"
"2025-09-07(일)","","","","","배추김치","0kcal","","","3058.02kcal"
"2025-09-08(월)","참치오믈렛(01)(05)(06)(18)","190kcal","밥","376.03kcal","밥","376.03kcal","","","3402.16kcal"
"2025-09-08(월)","밥","376.03kcal","꽃게탕(05)(06)(08)(09)(17)","94.65kcal","얼큰계란국(01)(16)","76.68kcal","","","3402.16kcal"
"2025-09-08(월)","오징어무국(05)(06)(16)(17)","66.32kcal","돼지삼겹야채볶음(05)(06)(10)(18)","461.04kcal","닭순살치킨가스(01)(05)(06)(10)(12)(15)(16)","559kcal","","","3402.16kcal"
"2025-09-08(월)","감자채볶음(02)(05)(10)(15)(16)","84.29kcal","가지볶음(05)","51.26kcal","백색우유(02)","135kcal","","","3402.16kcal"
"2025-09-08(월)","김","28kcal","배추김치","0kcal","바나나","189kcal","","","3402.16kcal"
"2025-09-08(월)","열무김치","0kcal","","","참치샐러드","338.83kcal","","","3402.16kcal"
"2025-09-08(월)","","","","","깍두기(완제품)","0kcal","","","3402.16kcal"
"2025-09-09(화)","밥","376.03kcal","찹쌀밥","396.03kcal","새우튀김덮밥(에비동)(05)(06)(09)(18)","797.29kcal","","","3069.42kcal"
"2025-09-09(화)","쇠고기육개장(01)(05)(06)(16)","81.8kcal","키조개미역국(05)(06)(16)(18)","35.58kcal","미소장국(05)","42.89kcal","","","3069.42kcal"
"2025-09-09(화)","어묵볶음(05)(06)","243.21kcal","애호박나물(05)(09)","43.78kcal","제로콜라","1kcal","","","3069.42kcal"
"2025-09-09(화)","비엔나소시지감자조림(02)(05)(06)(10)(16)(18)","345.01kcal","볼케이노치킨(02)(05)(06)(12)(15)(16)(18)","343.89kcal","야채샐러드유자드레싱(02)","37.91kcal","","","3069.42kcal"
"2025-09-09(화)","배추김치","0kcal","팩형아이스크림(01)(02)","325kcal","배추김치","0kcal","","","3069.42kcal"
"2025-09-09(화)","","","배추김치","0kcal","오뚜기라면,진라면매운맛,110g","","","","3069.42kcal"
"2025-09-10(수)","밥","376.03kcal","밥","376.03kcal","밥","376.03kcal","","","2965.09kcal"
"2025-09-10(수)","감자달걀국(01)(09)(16)","66.32kcal","해물짬뽕(05)(06)(09)(16)(17)","91.28kcal","팽이버섯된장국(05)(06)(09)(16)","103.35kcal","","","2965.09kcal"
"2025-08-12(화)","사천식캐슈넛멸치볶음(04)(05)","102.06kcal","훈제오리볶음(01)(05)(06)(18)","532.02kcal","유린기(05)(06)","285.83kcal","","","3373.18kcal"
"2025-08-12(화)","소고기꽈리고추조림(05)(16)","304.26kcal","부추겉절이","14.3kcal","계란후라이(완제품)(01)(02)(06)(10)","102.5kcal","","","3373.18kcal"
"2025-08-12(화)","깍두기(완제품)","0kcal","무쌈","40kcal","반달단무지(13)","6kcal","","","3373.18kcal"
"2025-08-12(화)","","","팩형아이스크림(01)(02)","175kcal","백색우유(02)","70kcal","","","3373.18kcal"
"2025-08-12(화)","","","배추김치","0kcal","","","","","3373.18kcal"
"2025-08-13(수)","밥","375.45kcal","밥","375.45kcal","자장밥(05)(06)(10)","718.65kcal","","","3511.83kcal"
"2025-08-14(수)","햄감자찌개(05)(06)(10)(16)","143.64kcal","순두부백탕(01)(05)(06)(09)(16)(18)","76.7kcal","감자달걀국(01)(09)(16)","66.32kcal","","","3511.83kcal"
"2025-08-15(수)","어묵볶음(05)(06)","243.21kcal","순살안동찜닭(05)(06)(15)","358.54kcal","깐쇼새우(05)(06)(09)(12)(16)","547.88kcal","","","3511.83kcal"
"2025-08-16(수)","오삼불고기(05)(10)(17)","526kcal","오이부추무침(05)","15.87kcal","복숭아(천도)(11)","64.12kcal","","","3511.83kcal"
"2025-08-17(수)","배추김치","0kcal","열무김치","0kcal","배추김치","0kcal","","","3511.83kcal"
"2025-08-18(수)","","","","","냉동빵, 푸드코아, 우유생크림빵, 105g","","","","3511.83kcal"
"2025-08-14(목)","밥","375.45kcal","밥","375.45kcal","찰현미밥","393.6kcal","","","2969.40kcal"
"2025-08-14(목)","유부장국(05)(16)","14.86kcal","콩나물국(05)(06)(16)","29.85kcal","들깨무채국(05)(06)(16)","16.49kcal","","","2969.40kcal"
"2025-08-14(목)","쇠고기감자조림(05)(16)","328.76kcal","냉채족발(02)(05)(06)(10)(16)","407kcal","낙지삼겹살새우볶음(05)(06)(09)(10)(17)(18)","626.61kcal","","","2969.40kcal"
"2025-08-14(목)","피자오믈렛","149kcal","모듬쌈(05)(06)","28.45kcal","옥수수계란찜(09)","13.88kcal","","","2969.40kcal"
"2025-08-14(목)","배추김치","0kcal","무말랭이무침(13)","140kcal","백색우유(02)","70kcal","","","2969.40kcal"
"2025-08-14(목)","","","보쌈김치","0kcal","배추김치","0kcal","","","2969.40kcal"
"2025-08-15(금)","밥","375.45kcal","밥","375.45kcal","밥","375.45kcal","","","2996.86kcal"
"2025-08-15(금)","황태채국(01)(05)(06)(16)","78.45kcal","짬뽕찌개(굴)(05)(06)(09)(10)(16)(17)(18)","151.71kcal","꼬리곰탕(05)(06)(09)","321.56kcal","","","2996.86kcal"
"2025-08-15(금)","호박새우볶음(05)(09)","44.98kcal","소불고기(완제품)(05)(06)(16)","488.67kcal","새송이버섯야채볶음(05)(06)(10)(18)","66.24kcal","","","2996.86kcal"
"2025-08-15(금)","닭간장소스찜(15)","294.06kcal","두부양념장(05)","89.73kcal","돼지고기육전(01)(05)(06)(10)","138.41kcal","","","2996.86kcal"
"2025-08-15(금)","배추김치","0kcal","튜브형아이스크림2","120kcal","샤인머스켓","58.5kcal","","","2996.86kcal"
"2025-08-15(금)","","","볶음김치(05)","18.2kcal","열무김치","0kcal","","","2996.86kcal"
"2025-08-16(토)","불고기버거(01)(02)(05)(06)(10)(12)(16)","461.41kcal","밥","375.45kcal","치킨마요덮밥(01)(05)(06)(15)(16)","1009.32kcal","","","3188.53kcal"
"2025-08-16(토)","계란후라이(완제품)(01)(02)(06)(10)","102.5kcal","김치찌개(05)(09)(10)","104.91kcal","콩나물무침(05)","24.93kcal","","","3188.53kcal"
"2025-08-16(토)","가공우유(딸기맛)(02)(05)","165kcal","어묵볶음(05)(06)","243.21kcal","토핑형발효유(02)(05)(06)","165kcal","","","3188.53kcal"
"2025-08-16(토)","백색우유(02)","70kcal","메추리알장조림(완)(01)(05)(06)","232.5kcal","배추김치","0kcal","","","3188.53kcal"
"2025-08-16(토)","시리얼(증)(05)(06)","234.3kcal","깍두기(완제품)","0kcal","","","","","3188.53kcal"
"2025-08-17(일)","밥","375.45kcal","밥","375.45kcal","밥","375.45kcal","","","2253.10kcal"
"2025-08-17(일)","쇠고기미역국(05)(06)(16)","46.25kcal","두부계란국(01)(05)(06)(16)","66.2kcal","사골우거지국(02)(05)(06)(16)(18)","161.37kcal","","","2253.10kcal"
"2025-08-17(일)","감자채볶음(02)(05)(10)(15)(16)","84.29kcal","고추장돼지불고기(완제품)(05)(06)(10)","438.73kcal","주꾸미볶음(05)","169.21kcal","","","2253.10kcal"
"2025-08-17(일)","계란말이(완)(01)(05)","55kcal","오이무침(05)","20.97kcal","무생채","14.73kcal","","","2253.10kcal"
"2025-08-17(일)","배추김치","0kcal","배추김치","0kcal","백색우유(02)","70kcal","","","2253.10kcal"
"2025-08-17(일)","","","","","배추김치","0kcal","","","2253.10kcal"
"2025-08-18(월)","밥","375.45kcal","김치덮밥(05)(10)","610.64kcal","현미밥","393.6kcal","","","3016.18kcal"
"2025-08-18(월)","팽이버섯된장국(05)(06)(09)(16)","103.35kcal","쇠고기버섯전골(05)(06)(09)(16)","84.67kcal","감자양파찌개(02)(05)(06)(10)(15)(16)","114.78kcal","","","3016.18kcal"
"2025-08-18(월)","김자반","88.4kcal","계란후라이(완제품)(01)(02)(06)(10)","102.5kcal","에그카츠(01)(05)(06)(10)(12)(16)(18)","481.25kcal","","","3016.18kcal"
"2025-08-18(월)","닭순살야채조림(15)","292.22kcal","오징어채무침(05)(17)","213.25kcal","양배추피클","92kcal","","","3016.18kcal"
"2025-08-18(월)","오복지무침(05)(06)","30.27kcal","열무김치","0kcal","자두(추희)","33.8kcal","","","3016.18kcal"
"2025-08-18(월)","배추김치","0kcal","","","배추김치","0kcal","","","3016.18kcal"
"2025-08-19(화)","밥","375.45kcal","찹쌀밥","395.45kcal","새우튀김덮밥(에비동)(05)(06)(09)(18)","796.71kcal","","","3366.52kcal"
"2025-08-19(화)","감자호박국(05)(06)(16)","41.78kcal","콩나물국(05)(06)(16)","29.85kcal","미소장국(05)","42.89kcal","","","3366.52kcal"
"2025-08-19(화)","비엔나소시지감자조림(02)(05)(06)(10)(16)(18)","345.01kcal","느타리버섯볶음(05)","38.58kcal","닭꼬치(완)(05)(06)(15)","400kcal","","","3366.52kcal"
"2025-08-19(화)","계란장조림","0kcal","등갈비간장조림(05)(06)(10)","675.8kcal","컵형아이스크림(01)(02)(06)","225kcal","","","3366.52kcal"
"2025-08-19(화)","배추김치","0kcal","식혜","0kcal","배추김치","0kcal","","","3366.52kcal"
"2025-08-19(화)","","","깍두기(완제품)","0kcal","농심,육개장사발면,86g","","","","3366.52kcal"
"2025-08-20(수)","밥","375.45kcal","찰현미밥","393.6kcal","밥","375.45kcal","","","3286.19kcal"
"2025-08-20(수)","유부장국(05)(16)","14.86kcal","얼큰수제비국(05)(06)(16)","128.94kcal","얼큰계란국(01)(16)","76.68kcal","","","3286.19kcal"
"2025-08-20(수)","쇠고기불고기(05)(16)","339.76kcal","닭볶음탕(05)(15)","327.9kcal","탕수육(05)(06)(10)","776.53kcal","","","3286.19kcal"
"2025-08-20(수)","연두부&양념장(05)","70.66kcal","무나물","21.36kcal","감자에그샐러드(완)","315kcal","","","3286.19kcal"
"2025-08-20(수)","배추김치","0kcal","배추김치","0kcal","백색우유(02)","70kcal","","","3286.19kcal"
"2025-08-20(수)","","","","","깍두기(완제품)","0kcal","","","3286.19kcal"
"2025-08-21(목)","밥","375.45kcal","밥","375.45kcal","비빔밥(05)(16)","727.08kcal","","","3191.87kcal"
"2025-08-21(목)","황태채국(01)(05)(06)(16)","78.45kcal","어묵탕(05)(06)","101.1kcal","짬뽕순두부(01)(05)(06)(09)(10)(16)(17)(18)","174.29kcal","","","3191.87kcal"
"2025-08-21(목)","새송이버섯야채볶음(05)(06)(10)(18)","66.24kcal","오리불고기(05)","40.78kcal","닭강정(01)(02)(05)(06)(15)","430kcal","","","3191.87kcal"
"2025-08-21(목)","동그랑땡(05)(06)(10)","440kcal","팩형아이스크림(01)(02)","175kcal","계란후라이(완제품)(01)(02)(06)(10)","102.5kcal","","","3191.87kcal"
"2025-08-21(목)","김","28kcal","흑임자드레싱(01)(05)","28.48kcal","오이장아찌","9.05kcal","","","3191.87kcal"
"2025-08-21(목)","배추김치","0kcal","무쌈","40kcal","","","","","3191.87kcal"
"2025-08-21(목)","","","배추김치","0kcal","","","","","3191.87kcal"
"2025-08-22(금)","밥","375.45kcal","밥","375.45kcal","밥","375.45kcal","","","3338.65kcal"
"2025-08-22(금)","닭곰탕(15)","83.12kcal","꽃게탕(05)(06)(08)(09)(17)","94.65kcal","감자달걀국(01)(09)(16)","66.32kcal","","","3338.65kcal"
"2025-08-22(금)","치즈함박스테이크(01)(02)(05)(06)(10)(12)(15)(16)","339.8kcal","고추잡채(05)(06)(10)(18)","288.08kcal","닭순살치킨가스(01)(05)(06)(10)(12)(15)(16)","559kcal","","","3338.65kcal"
"2025-08-22(금)","무말랭이무침(13)","140kcal","메추리알장조림(완)(01)(05)(06)","232.5kcal","백색우유(02)","70kcal","","","3338.65kcal"
"2025-08-22(금)","배추김치","0kcal","열무김치","0kcal","참치샐러드","338.83kcal","","","3338.65kcal"
"2025-08-22(금)","","","","","깍두기(완제품)","0kcal","","","3338.65kcal"
"2025-08-23(토)","핫도그빵(01)(02)(05)(06)","534.6kcal","밥1","326.79kcal","닭고기덮밥(01)(05)(06)(15)(18)","326.4kcal","","","3401.35kcal"
"2025-08-23(토)","스크램블에그(01)(05)","136kcal","너비아니꼬지치즈맛","462kcal","찹쌀밥","395.45kcal","","","3401.35kcal"
"2025-08-23(토)","단호박샐러드(완)","160.2kcal","가공우유(초코맛)(02)","194kcal","어묵탕(05)(06)","101.1kcal","","","3401.35kcal"
"2025-08-23(토)","백색우유(02)","70kcal","양송이스프(02)(05)(06)(15)","175kcal","토핑형발효유(02)(05)(06)","165kcal","","","3401.35kcal"
"2025-08-23(토)","시리얼(2)(05)","244kcal","배추김치","0kcal","야채샐러드유자드레싱(02)","37.91kcal","","","3401.35kcal"
"2025-08-23(토)","오이피클","72.9kcal","","","배추김치","0kcal","","","3401.35kcal"
"2025-08-24(일)","밥","375.45kcal","밥","375.45kcal","밥","375.45kcal","","","2612.53kcal"
"2025-08-24(일)","홍합탕(05)(06)(09)(16)(17)(18)","105.03kcal","사골곰탕(05)(06)","168.79kcal","콩나물국(05)(06)(16)","29.85kcal","","","2612.53kcal"
"2025-08-24(일)","미트볼조림(02)(05)(06)(10)(12)(15)(16)","342.94kcal","찐새우만두(05)(06)(09)","588kcal","주꾸미볶음(05)","169.21kcal","","","2612.53kcal"
"2025-08-24(일)","무생채","14.73kcal","배추나물(05)(06)","23.85kcal","애호박나물(05)(09)","43.78kcal","","","2612.53kcal"
"2025-08-24(일)","배추김치","0kcal","깍두기(완제품)","0kcal","배추김치","0kcal","","","2612.53kcal"
"2025-08-25(월)","밥","375.45kcal","밥","375.45kcal","찹쌀밥","395.45kcal","","","2297.86kcal"
"2025-08-25(월)","사골우거지국(02)(05)(06)(16)(18)","161.37kcal","부대찌개(02)(05)(06)(10)(15)(16)(18)","155.37kcal","카레밥","0kcal","","","2297.86kcal"
"2025-08-25(월)","멸치볶음(05)","71.57kcal","순살고등어구이(05)(07)","168.55kcal","통모짜핫도그","0kcal","","","2297.86kcal"
"2025-08-25(월)","언양식바싹불고기(01)(02)(05)(06)(10)(12)(15)(16)","317.7kcal","무조림","27.08kcal","계란국(01)(09)(16)","55.37kcal","","","2297.86kcal"
"2025-08-25(월)","깍두기(완제품)","0kcal","배추김치","0kcal","스크램블에그(01)(05)","136kcal","","","2297.86kcal"
"2025-08-25(월)","","","","","샤인머스켓","58.5kcal","","","2297.86kcal"
"2025-08-25(월)","","","","","배추김치","0kcal","","","2297.86kcal"
"2025-08-26(화)","밥","375.45kcal","밥","375.45kcal","흑미밥","394.2kcal","","","3200.96kcal"
"2025-08-26(화)","순두부백탕(01)(05)(06)(09)(16)(18)","76.7kcal","사누끼우동(05)(06)","243.77kcal","마라탕(09)(16)","74.61kcal","","","3200.96kcal"
"2025-08-26(화)","감자채볶음(02)(05)(10)(15)(16)","84.29kcal","치킨스테이크(02)(05)(15)","451.63kcal","갑오징어튀김(05)(06)(17)","599.6kcal","","","3200.96kcal"
"2025-08-26(화)","돼지불고기(05)(10)","343.7kcal","양배추샐러드","12.82kcal","부추양파무침","6.74kcal","","","3200.96kcal"
"2025-08-26(화)","배추김치","0kcal","사과주스","42kcal","튜브형아이스크림2","120kcal","","","3200.96kcal"
"2025-08-28(목)","돼지고기고추장볶음(05)(10)","627.64kcal","부추겉절이","14.3kcal","무&비트피클(완)","30kcal","","","3588.09kcal"
"2025-08-28(목)","배추김치","0kcal","컵형아이스크림(01)(02)(06)","225kcal","백색우유(02)","70kcal","","","3588.09kcal"
"2025-08-28(목)","","","깍두기(완제품)","0kcal","배추김치","0kcal","","","3588.09kcal"
"2025-08-29(금)","밥","375.45kcal","찹쌀밥","395.45kcal","밥","375.45kcal","","","3146.16kcal"
"2025-08-29(금)","돼지고기애호박찌개(05)(06)(10)(16)","133.85kcal","감자국(05)(06)(16)","45.06kcal","순두부찌개(05)(06)(16)(18)","62.05kcal","","","3146.16kcal"
"2025-08-29(금)","어묵볶음(05)(06)","243.21kcal","닭순살김치볶음(05)(15)","409.6kcal","동파육","708.9kcal","","","3146.16kcal"
"2025-08-29(금)","돼지고기무볶음(05)(10)","277.08kcal","청포묵무침(01)(05)(16)","71.53kcal","무생채","14.73kcal","","","3146.16kcal"
"2025-08-29(금)","배추김치","0kcal","열무김치","0kcal","자두(추희)","33.8kcal","","","3146.16kcal"
"2025-08-29(금)","","","","","배추김치","0kcal","","","3146.16kcal"
"2025-08-30(토)","밥","375.45kcal","밥","375.45kcal","오징어덮밥(05)(17)","587.02kcal","","","3107.53kcal"
"2025-08-30(토)","사골곰탕(05)(06)","168.79kcal","감자양파찌개(02)(05)(06)(10)(15)(16)","114.78kcal","치킨너겟(01)(02)(05)(06)(12)(15)(16)(18)","213.59kcal","","","3107.53kcal"
"2025-08-30(토)","맛밤송송함박스테이크(05)(10)(12)(13)(16)","653kcal","비엔나메추리알조림(01)(02)(05)(06)(10)(15)(16)(18)","343.3kcal","가공우유(바나나맛)(02)","165kcal","","","3107.53kcal"
"2025-08-30(토)","오이부추무침(05)","15.87kcal","콩나물매운무침(05)","25.28kcal","배추김치","0kcal","","","3107.53kcal"
"2025-08-30(토)","백색우유(02)","70kcal","배추김치","0kcal","","","","","3107.53kcal"
"2025-08-30(토)","열무김치","0kcal","","","","","","","3107.53kcal"
"2025-08-31(일)","밥","375.45kcal","밥","375.45kcal","밥","375.45kcal","","","2729.16kcal"
"2025-08-31(일)","들깨무채국(05)(06)(16)","16.49kcal","황태해장국(완)(05)","18.58kcal","쇠고기미역국(05)(06)(16)","46.25kcal","","","2729.16kcal"
"2025-08-31(일)","감자채볶음(02)(05)(10)(15)(16)","84.29kcal","돼지불고기(05)(10)","343.7kcal","낙지삼겹살새우볶음(05)(06)(09)(10)(17)(18)","626.61kcal","","","2729.16kcal"
"2025-08-31(일)","닭순살야채조림(15)","292.22kcal","애호박나물(05)(09)","43.78kcal","콘치즈계란찜(02)","42.69kcal","","","2729.16kcal"
"2025-08-31(일)","배추김치","0kcal","볶음김치(05)","18.2kcal","백색우유(02)","70kcal","","","2729.16kcal"
"","","","","","깍두기(완제품)","0kcal","","","2729.16kcal"
"","","","","","","","","","2729.16kcal"
"2025-08-01(금)","밥","375.45kcal","현미밥","393.6kcal","밥","375.45kcal","","","2810.36kcal"
"2025-08-01(금)","쇠고기탕국(05)(06)(09)(16)","60.15kcal","두부된장찌개(05)(09)","113.45kcal","황태해장국(완)(05)","18.58kcal","","","2810.36kcal"
"2025-08-01(금)","맛밤송송함박스테이크(05)(10)(12)(13)(16)","653kcal","돼지고기부추볶음(05)(06)(10)(18)","355.68kcal","닭볶음탕(05)(15)","327.9kcal","","","2810.36kcal"
"2025-08-01(금)","무조림","27.08kcal","콩나물무침(05)","24.93kcal","오이무침(05)","20.97kcal","","","2810.36kcal"
"2025-08-01(금)","배추김치","0kcal","열무김치","0kcal","복숭아(천도)(11)","64.12kcal","","","2810.36kcal"
"2025-08-01(금)","","","","","깍두기(완제품)","0kcal","","","2810.36kcal"
"2025-08-02(토)","햄치즈버거(01)(02)(06)(10)","494kcal","밥","375.45kcal","쇠고기덮밥(05)(16)","796.58kcal","","","3222.95kcal"
"2025-08-02(토)","계란후라이(완제품)(01)(02)(06)(10)","102.5kcal","순대국밥(05)(06)(10)","411.19kcal","무나물","21.36kcal","","","3222.95kcal"
"2025-08-02(토)","가공우유(바나나맛)(02)","165kcal","고기만두찜","400.4kcal","배추김치","0kcal","","","3222.95kcal"
"2025-08-02(토)","치킨텐더샐러드(01)(05)(06)(12)(15)(16)(18)","169.42kcal","배추나물(05)(06)","23.85kcal","","","","","3222.95kcal"
"2025-08-02(토)","시리얼(3)(05)","193.2kcal","깍두기(완제품)","0kcal","","","","","3222.95kcal"
"2025-08-02(토)","백색우유(02)","70kcal","","","","","","","3222.95kcal"
"2025-08-03(일)","밥","375.45kcal","밥","375.45kcal","밥","375.45kcal","","","2942.51kcal"
"2025-08-03(일)","순두부된장국(05)(06)(09)","89.98kcal","햄짜글이(05)(06)(10)(16)","145.89kcal","부대찌개(02)(05)(06)(10)(15)(16)(18)","155.37kcal","","","2942.51kcal"
"2025-08-03(일)","돼지고기청경채볶음(05)(06)(10)(18)","351.32kcal","가지볶음(05)","51.26kcal","사천식캐슈넛멸치볶음(04)(05)","102.06kcal","","","2942.51kcal"
"2025-08-03(일)","배추겉절이","20.35kcal","닭고기야채조림(05)(15)","365.06kcal","소불고기(완제품)(05)(06)(16)","488.67kcal","","","2942.51kcal"
"2025-08-03(일)","김","28kcal","볶음김치(05)","18.2kcal","깍두기(완제품)","0kcal","","","2942.51kcal"
"2025-08-04(월)","밥","375.45kcal","밥","375.45kcal","밥","375.45kcal","","","3194.10kcal"
"2025-08-04(월)","닭고기육개장(01)(05)(06)(15)(16)","99.66kcal","참치고추장찌개(05)(06)(09)(16)","186.32kcal","미소장국(05)","42.89kcal","","","3194.10kcal"
"2025-08-04(월)","느타리버섯볶음(05)","38.58kcal","파채&간장돼지불백(05)(06)(10)(16)(18)","376.78kcal","볼카츠(02)(05)(06)(10)(12)(16)(18)","673.75kcal","","","3194.10kcal"
"2025-08-04(월)","마파두부(05)(06)(10)(15)(18)","249.78kcal","무말랭이무침(13)","140kcal","고구마샐러드(완)(01)","189.99kcal","","","3194.10kcal"
"2025-08-04(월)","배추김치","0kcal","배추김치","0kcal","백색우유(02)","70kcal","","","3194.10kcal"
"2025-08-04(월)","","","","","배추김치","0kcal","","","3194.10kcal"
"2025-08-05(화)","밥","375.45kcal","밥","375.45kcal","찰수수밥","385.73kcal","","","3263.23kcal"
"2025-08-05(화)","사골미역국(16)","29.05kcal","순두부백탕(01)(05)(06)(09)(16)(18)","76.7kcal","꼬치어묵국","175.53kcal","","","3263.23kcal"
"2025-08-05(화)","감자채볶음(02)(05)(10)(15)(16)","84.29kcal","볼케이노치킨(02)(05)(06)(12)(15)(16)(18)","343.89kcal","떡볶이(01)(05)(06)","265.02kcal","","","3263.23kcal"
"2025-08-05(화)","언양식바싹불고기(01)(02)(05)(06)(10)(12)(15)(16)","317.7kcal","마카로니샐러드(01)(05)","247.42kcal","찰순대찜(06)(10)","136kcal","","","3263.23kcal"
"2025-08-05(화)","배추김치","0kcal","열무김치","0kcal","반달단무지(13)","6kcal","","","3263.23kcal"
"2025-08-05(화)","","","","","농심,신라면블랙사발,101g","445kcal","","","3263.23kcal"
"2025-08-06(수)","밥","375.45kcal","밥","375.45kcal","밥","375.45kcal","","","2910.51kcal"
"2025-08-06(수)","얼큰계란국(01)(16)","76.68kcal","얼큰쇠고기무국(05)(06)(16)","55.5kcal","해물짬뽕(05)(06)(09)(16)(17)","91.28kcal","","","2910.51kcal"
"2025-08-06(수)","비엔나소시지케찹볶음(02)(05)(06)(10)(12)(16)(18)","380.65kcal","한입떡갈비(02)(05)(06)(10)(12)(16)","439kcal","훈제닭다리(완)(01)(02)(05)(15)","525.6kcal","","","2910.51kcal"
"2025-08-06(수)","호박새우볶음(05)(09)","44.98kcal","배추나물(05)(06)","23.85kcal","양배추샐러드","12.82kcal","","","2910.51kcal"
"2025-08-06(수)","배추김치","0kcal","두유(05)","100kcal","자두(추희)","33.8kcal","","","2910.51kcal"
"2025-08-06(수)","","","열무김치","0kcal","배추김치","0kcal","","","2910.51kcal"
"2025-08-07(목)","밥","375.45kcal","잡곡밥","424.67kcal","밥","375.45kcal","","","2586.03kcal"
"2025-08-07(목)","황태채국(01)(05)(06)(16)","78.45kcal","돼지고기애호박찌개(05)(06)(10)(16)","133.85kcal","참치오믈렛(01)(05)(06)(18)","190kcal","","","2586.03kcal"
"2025-08-07(목)","돼지고기부추볶음(05)(06)(10)(18)","355.68kcal","순살삼치구이(05)(06)(07)","139.02kcal","오징어무국(05)(06)(16)(17)","66.32kcal","","","2586.03kcal"
"2025-08-07(목)","연두부&양념장(05)","70.66kcal","부추양파무침","6.74kcal","김말이튀김(05)","271.74kcal","","","2586.03kcal"
"2025-08-07(목)","깍두기(완제품)","0kcal","김","28kcal","백색우유(02)","70kcal","","","2586.03kcal"
"2025-08-07(목)","","","깍두기(완제품)","0kcal","열무김치","0kcal","","","2586.03kcal"
"2025-08-08(금)","밥","375.45kcal","밥","375.45kcal","밥","375.45kcal","","","3344.11kcal"
"2025-08-08(금)","콩나물김치국(05)(06)(16)","25.38kcal","홍합탕(05)(06)(09)(16)(17)(18)","105.03kcal","누룽지삼계탕(02)(05)(06)(15)","909kcal","","","3344.11kcal"
"2025-08-08(금)","어묵볶음(05)(06)","243.21kcal","돼지삼겹야채볶음(05)(06)(10)(18)","454.64kcal","풋고추된장무침(05)(06)","30.57kcal","","","3344.11kcal"
"2025-08-08(금)","치즈함박스테이크(01)(02)(05)(06)(10)(12)(15)(16)","339.8kcal","무나물","21.36kcal","오복지무침(05)(06)","30.27kcal","","","3344.11kcal"
"2025-08-08(금)","배추김치","0kcal","제로콜라","0kcal","샤인머스켓","58.5kcal","","","3344.11kcal"
"2025-08-08(금)","","","배추김치","0kcal","깍두기(완제품)","0kcal","","","3344.11kcal"
"2025-08-09(토)","핫도그빵(01)(02)(05)(06)","534.6kcal","삼각주먹밥(완)(01)(02)(05)(06)(16)(18)","195kcal","제육덮밥(05)(10)","700.01kcal","","","3035.81kcal"
"2025-08-09(토)","스크램블에그(01)(05)","136kcal","소떡소떡","0kcal","닭꼬치(완)(05)(06)(15)","400kcal","","","3035.81kcal"
"2025-08-09(토)","시리얼(휴일)(05)","309kcal","브로콜리치즈스프(02)(06)","275kcal","계란후라이(완제품)(01)(02)(06)(10)","102.5kcal","","","3035.81kcal"
"2025-08-09(토)","백색우유(02)","70kcal","가공우유(초코맛)(02)","194kcal","배추김치","0kcal","","","3035.81kcal"
"2025-08-09(토)","코울슬로샐러드(01)(05)","119.7kcal","배추김치","0kcal","","","","","3035.81kcal"
"2025-08-10(일)","밥","375.45kcal","밥","375.45kcal","밥","375.45kcal","","","2670.50kcal"
"2025-08-10(일)","사골우거지국(02)(05)(06)(16)(18)","161.37kcal","감자양파찌개(02)(05)(06)(10)(15)(16)","114.78kcal","미역국(05)(06)(16)","29.58kcal","","","2670.50kcal"
"2025-08-10(일)","김자반","88.4kcal","간장돼지불고기(완제품)(05)(06)(10)","307.17kcal","닭고기야채조림(05)(15)","365.06kcal","","","2670.50kcal"
"2025-08-10(일)","무조림","27.08kcal","무생채","14.73kcal","오이무침(05)","20.97kcal","","","2670.50kcal"
"2025-08-10(일)","비엔나소시지감자조림(02)(05)(06)(10)(16)(18)","345.01kcal","배추김치","0kcal","백색우유(02)","70kcal","","","2670.50kcal"
"2025-08-10(일)","열무김치","0kcal","","","깍두기(완제품)","0kcal","","","2670.50kcal"
"2025-08-11(월)","밥","375.45kcal","잡곡밥","424.67kcal","흑미밥","394.2kcal","","","3197.30kcal"
"2025-08-11(월)","순두부해물찌개(05)(06)(09)(17)(18)","83.57kcal","돼지고기고추장찌개(05)(06)(10)(16)","139.56kcal","얼갈이된장국(05)(06)","32.25kcal","","","3197.30kcal"
"2025-08-11(월)","햄감자채볶음(05)(10)","119.29kcal","가지볶음(05)","51.26kcal","훈제삼겹살(05)(06)(07)(10)(13)(16)","645kcal","","","3197.30kcal"
"2025-08-11(월)","동그랑땡(05)(06)(10)","440kcal","갈치순살튀김(05)","266.1kcal","상추겉절이","13.26kcal","","","3197.30kcal"
"2025-08-11(월)","배추김치","0kcal","열무김치","0kcal","바나나","189kcal","","","3197.30kcal"
"2025-08-11(월)","","","","","저염쌈장(05)(06)","23.69kcal","","","3197.30kcal"
"2025-08-11(월)","","","","","보쌈김치","0kcal","","","3197.30kcal"
"2025-08-12(화)","밥","375.45kcal","밥","375.45kcal","중화식덮밥(05)(09)(10)(17)","677.56kcal","","","3373.18kcal"
"2025-08-12(화)","어묵탕(05)(06)","101.1kcal","쇠고기육개장(01)(05)(06)(16)","82.71kcal","얼큰수제비국(05)(06)(16)","128.94kcal","","","3373.18kcal"
"2025-08-18(수)","","","","","냉동빵, 푸드코아, 우유생크림빵, 105g","","","","3511.83kcal"
"2025-08-14(목)","밥","375.45kcal","밥","375.45kcal","찰현미밥","393.6kcal","","","2969.40kcal"
"2025-08-14(목)","유부장국(05)(16)","14.86kcal","콩나물국(05)(06)(16)","29.85kcal","들깨무채국(05)(06)(16)","16.49kcal","","","2969.40kcal"
"2025-08-14(목)","쇠고기감자조림(05)(16)","328.76kcal","냉채족발(02)(05)(06)(10)(16)","407kcal","낙지삼겹살새우볶음(05)(06)(09)(10)(17)(18)","626.61kcal","","","2969.40kcal"
"2025-08-14(목)","피자오믈렛","149kcal","모듬쌈(05)(06)","28.45kcal","옥수수계란찜(09)","13.88kcal","","","2969.40kcal"
"2025-08-14(목)","배추김치","0kcal","무말랭이무침(13)","140kcal","백색우유(02)","70kcal","","","2969.40kcal"
"2025-08-14(목)","","","보쌈김치","0kcal","배추김치","0kcal","","","2969.40kcal"
"2025-08-15(금)","밥","375.45kcal","밥","375.45kcal","밥","375.45kcal","","","2996.86kcal"
"2025-08-15(금)","황태채국(01)(05)(06)(16)","78.45kcal","짬뽕찌개(굴)(05)(06)(09)(10)(16)(17)(18)","151.71kcal","꼬리곰탕(05)(06)(09)","321.56kcal","","","2996.86kcal"
"2025-08-15(금)","호박새우볶음(05)(09)","44.98kcal","소불고기(완제품)(05)(06)(16)","488.67kcal","새송이버섯야채볶음(05)(06)(10)(18)","66.24kcal","","","2996.86kcal"
"2025-08-15(금)","닭간장소스찜(15)","294.06kcal","두부양념장(05)","89.73kcal","돼지고기육전(01)(05)(06)(10)","138.41kcal","","","2996.86kcal"
"2025-08-15(금)","배추김치","0kcal","튜브형아이스크림2","120kcal","샤인머스켓","58.5kcal","","","2996.86kcal"
"2025-08-15(금)","","","볶음김치(05)","18.2kcal","열무김치","0kcal","","","2996.86kcal"
"2025-08-16(토)","불고기버거(01)(02)(05)(06)(10)(12)(16)","461.41kcal","밥","375.45kcal","치킨마요덮밥(01)(05)(06)(15)(16)","1009.32kcal","","","3188.53kcal"
"2025-08-16(토)","계란후라이(완제품)(01)(02)(06)(10)","102.5kcal","김치찌개(05)(09)(10)","104.91kcal","콩나물무침(05)","24.93kcal","","","3188.53kcal"
"2025-08-16(토)","가공우유(딸기맛)(02)(05)","165kcal","어묵볶음(05)(06)","243.21kcal","토핑형발효유(02)(05)(06)","165kcal","","","3188.53kcal"
"2025-08-16(토)","백색우유(02)","70kcal","메추리알장조림(완)(01)(05)(06)","232.5kcal","배추김치","0kcal","","","3188.53kcal"
"2025-08-16(토)","시리얼(증)(05)(06)","234.3kcal","깍두기(완제품)","0kcal","","","","","3188.53kcal"
"2025-08-17(일)","밥","375.45kcal","밥","375.45kcal","밥","375.45kcal","","","2253.10kcal"
"2025-08-17(일)","쇠고기미역국(05)(06)(16)","46.25kcal","두부계란국(01)(05)(06)(16)","66.2kcal","사골우거지국(02)(05)(06)(16)(18)","161.37kcal","","","2253.10kcal"
"2025-08-17(일)","감자채볶음(02)(05)(10)(15)(16)","84.29kcal","고추장돼지불고기(완제품)(05)(06)(10)","438.73kcal","주꾸미볶음(05)","169.21kcal","","","2253.10kcal"
"2025-08-17(일)","계란말이(완)(01)(05)","55kcal","오이무침(05)","20.97kcal","무생채","14.73kcal","","","2253.10kcal"
"2025-08-17(일)","배추김치","0kcal","배추김치","0kcal","백색우유(02)","70kcal","","","2253.10kcal"
"2025-08-17(일)","","","","","배추김치","0kcal","","","2253.10kcal"
"2025-08-18(월)","밥","375.45kcal","김치덮밥(05)(10)","610.64kcal","현미밥","393.6kcal","","","3016.18kcal"
"2025-08-18(월)","팽이버섯된장국(05)(06)(09)(16)","103.35kcal","쇠고기버섯전골(05)(06)(09)(16)","84.67kcal","감자양파찌개(02)(05)(06)(10)(15)(16)","114.78kcal","","","3016.18kcal"
"2025-08-18(월)","김자반","88.4kcal","계란후라이(완제품)(01)(02)(06)(10)","102.5kcal","에그카츠(01)(05)(06)(10)(12)(16)(18)","481.25kcal","","","3016.18kcal"
"2025-08-18(월)","닭순살야채조림(15)","292.22kcal","오징어채무침(05)(17)","213.25kcal","양배추피클","92kcal","","","3016.18kcal"
"2025-08-18(월)","오복지무침(05)(06)","30.27kcal","열무김치","0kcal","자두(추희)","33.8kcal","","","3016.18kcal"
"2025-08-18(월)","배추김치","0kcal","","","배추김치","0kcal","","","3016.18kcal"
"2025-08-19(화)","밥","375.45kcal","찹쌀밥","395.45kcal","새우튀김덮밥(에비동)(05)(06)(09)(18)","796.71kcal","","","3366.52kcal"
"2025-08-19(화)","감자호박국(05)(06)(16)","41.78kcal","콩나물국(05)(06)(16)","29.85kcal","미소장국(05)","42.89kcal","","","3366.52kcal"
"2025-08-19(화)","비엔나소시지감자조림(02)(05)(06)(10)(16)(18)","345.01kcal","느타리버섯볶음(05)","38.58kcal","닭꼬치(완)(05)(06)(15)","400kcal","","","3366.52kcal"
"2025-08-19(화)","계란장조림","0kcal","등갈비간장조림(05)(06)(10)","675.8kcal","컵형아이스크림(01)(02)(06)","225kcal","","","3366.52kcal"
"2025-08-19(화)","배추김치","0kcal","식혜","0kcal","배추김치","0kcal","","","3366.52kcal"
"2025-08-19(화)","","","깍두기(완제품)","0kcal","농심,육개장사발면,86g","","","","3366.52kcal"
"2025-08-20(수)","밥","375.45kcal","찰현미밥","393.6kcal","밥","375.45kcal","","","3286.19kcal"
"2025-08-20(수)","유부장국(05)(16)","14.86kcal","얼큰수제비국(05)(06)(16)","128.94kcal","얼큰계란국(01)(16)","76.68kcal","","","3286.19kcal"
"2025-08-20(수)","쇠고기불고기(05)(16)","339.76kcal","닭볶음탕(05)(15)","327.9kcal","탕수육(05)(06)(10)","776.53kcal","","","3286.19kcal"
"2025-08-20(수)","연두부&양념장(05)","70.66kcal","무나물","21.36kcal","감자에그샐러드(완)","315kcal","","","3286.19kcal"
"2025-08-20(수)","배추김치","0kcal","배추김치","0kcal","백색우유(02)","70kcal","","","3286.19kcal"
"2025-08-20(수)","","","","","깍두기(완제품)","0kcal","","","3286.19kcal"
"2025-08-21(목)","밥","375.45kcal","밥","375.45kcal","비빔밥(05)(16)","727.08kcal","","","3191.87kcal"
"2025-08-21(목)","황태채국(01)(05)(06)(16)","78.45kcal","어묵탕(05)(06)","101.1kcal","짬뽕순두부(01)(05)(06)(09)(10)(16)(17)(18)","174.29kcal","","","3191.87kcal"
"2025-08-21(목)","새송이버섯야채볶음(05)(06)(10)(18)","66.24kcal","오리불고기(05)","40.78kcal","닭강정(01)(02)(05)(06)(15)","430kcal","","","3191.87kcal"
"2025-08-21(목)","동그랑땡(05)(06)(10)","440kcal","팩형아이스크림(01)(02)","175kcal","계란후라이(완제품)(01)(02)(06)(10)","102.5kcal","","","3191.87kcal"
"2025-08-21(목)","김","28kcal","흑임자드레싱(01)(05)","28.48kcal","오이장아찌","9.05kcal","","","3191.87kcal"
"2025-08-21(목)","배추김치","0kcal","무쌈","40kcal","","","","","3191.87kcal"
"2025-08-21(목)","","","배추김치","0kcal","","","","","3191.87kcal"
"2025-08-22(금)","밥","375.45kcal","밥","375.45kcal","밥","375.45kcal","","","3338.65kcal"
"2025-08-22(금)","닭곰탕(15)","83.12kcal","꽃게탕(05)(06)(08)(09)(17)","94.65kcal","감자달걀국(01)(09)(16)","66.32kcal","","","3338.65kcal"
"2025-08-22(금)","치즈함박스테이크(01)(02)(05)(06)(10)(12)(15)(16)","339.8kcal","고추잡채(05)(06)(10)(18)","288.08kcal","닭순살치킨가스(01)(05)(06)(10)(12)(15)(16)","559kcal","","","3338.65kcal"
"2025-08-22(금)","무말랭이무침(13)","140kcal","메추리알장조림(완)(01)(05)(06)","232.5kcal","백색우유(02)","70kcal","","","3338.65kcal"
"2025-08-22(금)","배추김치","0kcal","열무김치","0kcal","참치샐러드","338.83kcal","","","3338.65kcal"
"2025-08-22(금)","","","","","깍두기(완제품)","0kcal","","","3338.65kcal"
"2025-08-23(토)","핫도그빵(01)(02)(05)(06)","534.6kcal","밥1","326.79kcal","닭고기덮밥(01)(05)(06)(15)(18)","326.4kcal","","","3401.35kcal"
"2025-08-23(토)","스크램블에그(01)(05)","136kcal","너비아니꼬지치즈맛","462kcal","찹쌀밥","395.45kcal","","","3401.35kcal"
"2025-08-23(토)","단호박샐러드(완)","160.2kcal","가공우유(초코맛)(02)","194kcal","어묵탕(05)(06)","101.1kcal","","","3401.35kcal"
"2025-08-23(토)","백색우유(02)","70kcal","양송이스프(02)(05)(06)(15)","175kcal","토핑형발효유(02)(05)(06)","165kcal","","","3401.35kcal"
"2025-08-23(토)","시리얼(2)(05)","244kcal","배추김치","0kcal","야채샐러드유자드레싱(02)","37.91kcal","","","3401.35kcal"
"2025-08-23(토)","오이피클","72.9kcal","","","배추김치","0kcal","","","3401.35kcal"
"2025-08-24(일)","밥","375.45kcal","밥","375.45kcal","밥","375.45kcal","","","2612.53kcal"
"2025-08-24(일)","홍합탕(05)(06)(09)(16)(17)(18)","105.03kcal","사골곰탕(05)(06)","168.79kcal","콩나물국(05)(06)(16)","29.85kcal","","","2612.53kcal"
"2025-08-24(일)","미트볼조림(02)(05)(06)(10)(12)(15)(16)","342.94kcal","찐새우만두(05)(06)(09)","588kcal","주꾸미볶음(05)","169.21kcal","","","2612.53kcal"
"2025-08-24(일)","무생채","14.73kcal","배추나물(05)(06)","23.85kcal","애호박나물(05)(09)","43.78kcal","","","2612.53kcal"
"2025-08-24(일)","배추김치","0kcal","깍두기(완제품)","0kcal","배추김치","0kcal","","","2612.53kcal"
"2025-08-25(월)","밥","375.45kcal","밥","375.45kcal","찹쌀밥","395.45kcal","","","2297.86kcal"
"2025-08-25(월)","사골우거지국(02)(05)(06)(16)(18)","161.37kcal","부대찌개(02)(05)(06)(10)(15)(16)(18)","155.37kcal","카레밥","0kcal","","","2297.86kcal"
"2025-08-25(월)","멸치볶음(05)","71.57kcal","순살고등어구이(05)(07)","168.55kcal","통모짜핫도그","0kcal","","","2297.86kcal"
"2025-08-25(월)","언양식바싹불고기(01)(02)(05)(06)(10)(12)(15)(16)","317.7kcal","무조림","27.08kcal","계란국(01)(09)(16)","55.37kcal","","","2297.86kcal"
"2025-08-25(월)","깍두기(완제품)","0kcal","배추김치","0kcal","스크램블에그(01)(05)","136kcal","","","2297.86kcal"
"2025-08-25(월)","","","","","샤인머스켓","58.5kcal","","","2297.86kcal"
"2025-08-25(월)","","","","","배추김치","0kcal","","","2297.86kcal"
"2025-08-26(화)","밥","375.45kcal","밥","375.45kcal","흑미밥","394.2kcal","","","3200.96kcal"
"2025-08-26(화)","순두부백탕(01)(05)(06)(09)(16)(18)","76.7kcal","사누끼우동(05)(06)","243.77kcal","마라탕(09)(16)","74.61kcal","","","3200.96kcal"
"2025-08-26(화)","감자채볶음(02)(05)(10)(15)(16)","84.29kcal","치킨스테이크(02)(05)(15)","451.63kcal","갑오징어튀김(05)(06)(17)","599.6kcal","","","3200.96kcal"
"2025-08-26(화)","돼지불고기(05)(10)","343.7kcal","양배추샐러드","12.82kcal","부추양파무침","6.74kcal","","","3200.96kcal"
"2025-08-26(화)","배추김치","0kcal","사과주스","42kcal","튜브형아이스크림2","120kcal","","","3200.96kcal"
"2025-08-26(화)","","","배추김치","0kcal","배추김치","0kcal","","","3200.96kcal"
"2025-08-27(수)","밥","375.45kcal","밥","375.45kcal","밥","375.45kcal","","","2599.49kcal"
"2025-08-27(수)","감자호박국(05)(06)(16)","41.78kcal","얼갈이된장국(05)(06)","32.25kcal","참치김치찌개(05)(09)","128.55kcal","","","2599.49kcal"
"2025-08-27(수)","느타리버섯볶음(05)","38.58kcal","가지볶음(05)","51.26kcal","김말이튀김(05)","271.74kcal","","","2599.49kcal"
"2025-08-27(수)","닭바베큐소스조림(05)(12)(15)","423.38kcal","오징어삼겹볶음(05)(10)(17)","363.75kcal","배추나물(05)(06)","23.85kcal","","","2599.49kcal"
"2025-08-27(수)","김","28kcal","열무김치","0kcal","백색우유(02)","70kcal","","","2599.49kcal"
"2025-08-27(수)","배추김치","0kcal","","","깍두기(완제품)","0kcal","","","2599.49kcal"
"2025-08-28(목)","밥","375.45kcal","돼지국밥(05)(06)(10)","322.53kcal","밥","375.45kcal","","","3588.09kcal"
"2025-08-28(목)","쇠고기무국(05)(06)(16)","57.05kcal","찰현미밥","393.6kcal","닭고기육개장(01)(05)(06)(15)(16)","99.66kcal","","","3588.09kcal"
"2025-08-28(목)","꽈리고추멸치볶음(05)","88.26kcal","왕교자만두찜(06)(10)","288.75kcal","새우가스(01)(05)","620.4kcal","","","3588.09kcal"
"2025-07-30(수)","멸치볶음(05)","71.57kcal","등갈비간장조림(05)(06)(10)","637.4kcal","동그랑땡(05)(06)(10)","440kcal","","","3630.54kcal"
"2025-07-30(수)","언양식바싹불고기(01)(02)(05)(06)(10)(12)(15)(16)","317.7kcal","샤인머스켓주스","45kcal","부추양파무침","6.74kcal","","","3630.54kcal"
"2025-07-30(수)","배추김치","0kcal","무말랭이무침(13)","140kcal","깍두기(완제품)","0kcal","","","3630.54kcal"
"2025-07-30(수)","","","배추김치","0kcal","","","","","3630.54kcal"
"2025-07-31(목)","밥","375.45kcal","밥","375.45kcal","밥","375.45kcal","","","3952.19kcal"
"2025-07-31(목)","감자호박국(05)(06)(16)","41.78kcal","닭고기육개장(01)(05)(06)(15)(16)","99.66kcal","감자양파찌개(02)(05)(06)(10)(15)(16)","114.78kcal","","","3952.19kcal"
"2025-07-31(목)","어묵볶음(05)(06)","267.61kcal","새우가스(01)(05)","698.2kcal","깐쇼새우(05)(06)(09)(12)(16)","547.88kcal","","","3952.19kcal"
"2025-07-31(목)","김자반","88.4kcal","무&비트피클(완)","30kcal","백색우유(02)","70kcal","","","3952.19kcal"
"2025-07-31(목)","닭바베큐소스조림(05)(12)(15)","423.38kcal","배추김치","0kcal","참치샐러드","355.83kcal","","","3952.19kcal"
"2025-07-31(목)","배추김치","0kcal","","","수박","88.32kcal","","","3952.19kcal"
"2025-07-31(목)","","","","","깍두기(완제품)","0kcal","","","3952.19kcal"
"2025-08-01(금)","밥","375.45kcal","현미밥","393.6kcal","밥","375.45kcal","","","2810.36kcal"
"2025-08-01(금)","쇠고기탕국(05)(06)(09)(16)","60.15kcal","두부된장찌개(05)(09)","113.45kcal","황태해장국(완)(05)","18.58kcal","","","2810.36kcal"
"2025-08-01(금)","맛밤송송함박스테이크(05)(10)(12)(13)(16)","653kcal","돼지고기부추볶음(05)(06)(10)(18)","355.68kcal","닭볶음탕(05)(15)","327.9kcal","","","2810.36kcal"
"2025-08-01(금)","무조림","27.08kcal","콩나물무침(05)","24.93kcal","오이무침(05)","20.97kcal","","","2810.36kcal"
"2025-08-01(금)","배추김치","0kcal","열무김치","0kcal","복숭아(천도)(11)","64.12kcal","","","2810.36kcal"
"2025-08-01(금)","","","","","깍두기(완제품)","0kcal","","","2810.36kcal"
"2025-08-02(토)","햄치즈버거(01)(02)(06)(10)","494kcal","밥","375.45kcal","쇠고기덮밥(05)(16)","796.58kcal","","","3222.95kcal"
"2025-08-02(토)","계란후라이(완제품)(01)(02)(06)(10)","102.5kcal","순대국밥(05)(06)(10)","411.19kcal","무나물","21.36kcal","","","3222.95kcal"
"2025-08-02(토)","가공우유(바나나맛)(02)","165kcal","고기만두찜","400.4kcal","배추김치","0kcal","","","3222.95kcal"
"2025-08-02(토)","치킨텐더샐러드(01)(05)(06)(12)(15)(16)(18)","169.42kcal","배추나물(05)(06)","23.85kcal","","","","","3222.95kcal"
"2025-08-02(토)","시리얼(3)(05)","193.2kcal","깍두기(완제품)","0kcal","","","","","3222.95kcal"
"2025-08-02(토)","백색우유(02)","70kcal","","","","","","","3222.95kcal"
"2025-08-03(일)","밥","375.45kcal","밥","375.45kcal","밥","375.45kcal","","","2942.51kcal"
"2025-08-03(일)","순두부된장국(05)(06)(09)","89.98kcal","햄짜글이(05)(06)(10)(16)","145.89kcal","부대찌개(02)(05)(06)(10)(15)(16)(18)","155.37kcal","","","2942.51kcal"
"2025-08-03(일)","돼지고기청경채볶음(05)(06)(10)(18)","351.32kcal","가지볶음(05)","51.26kcal","사천식캐슈넛멸치볶음(04)(05)","102.06kcal","","","2942.51kcal"
"2025-08-03(일)","배추겉절이","20.35kcal","닭고기야채조림(05)(15)","365.06kcal","소불고기(완제품)(05)(06)(16)","488.67kcal","","","2942.51kcal"
"2025-08-03(일)","김","28kcal","볶음김치(05)","18.2kcal","깍두기(완제품)","0kcal","","","2942.51kcal"
"2025-08-04(월)","밥","375.45kcal","밥","375.45kcal","밥","375.45kcal","","","3194.10kcal"
"2025-08-04(월)","닭고기육개장(01)(05)(06)(15)(16)","99.66kcal","참치고추장찌개(05)(06)(09)(16)","186.32kcal","미소장국(05)","42.89kcal","","","3194.10kcal"
"2025-08-04(월)","느타리버섯볶음(05)","38.58kcal","파채&간장돼지불백(05)(06)(10)(16)(18)","376.78kcal","볼카츠(02)(05)(06)(10)(12)(16)(18)","673.75kcal","","","3194.10kcal"
"2025-08-04(월)","마파두부(05)(06)(10)(15)(18)","249.78kcal","무말랭이무침(13)","140kcal","고구마샐러드(완)(01)","189.99kcal","","","3194.10kcal"
"2025-08-04(월)","배추김치","0kcal","배추김치","0kcal","백색우유(02)","70kcal","","","3194.10kcal"
"2025-08-04(월)","","","","","배추김치","0kcal","","","3194.10kcal"
"2025-08-05(화)","밥","375.45kcal","밥","375.45kcal","찰수수밥","385.73kcal","","","3263.23kcal"
"2025-08-05(화)","사골미역국(16)","29.05kcal","순두부백탕(01)(05)(06)(09)(16)(18)","76.7kcal","꼬치어묵국","175.53kcal","","","3263.23kcal"
"2025-08-05(화)","감자채볶음(02)(05)(10)(15)(16)","84.29kcal","볼케이노치킨(02)(05)(06)(12)(15)(16)(18)","343.89kcal","떡볶이(01)(05)(06)","265.02kcal","","","3263.23kcal"
"2025-08-05(화)","언양식바싹불고기(01)(02)(05)(06)(10)(12)(15)(16)","317.7kcal","마카로니샐러드(01)(05)","247.42kcal","찰순대찜(06)(10)","136kcal","","","3263.23kcal"
"2025-08-05(화)","배추김치","0kcal","열무김치","0kcal","반달단무지(13)","6kcal","","","3263.23kcal"
"2025-08-05(화)","","","","","농심,신라면블랙사발,101g","445kcal","","","3263.23kcal"
"2025-08-06(수)","밥","375.45kcal","밥","375.45kcal","밥","375.45kcal","","","2910.51kcal"
"2025-08-06(수)","얼큰계란국(01)(16)","76.68kcal","얼큰쇠고기무국(05)(06)(16)","55.5kcal","해물짬뽕(05)(06)(09)(16)(17)","91.28kcal","","","2910.51kcal"
"2025-08-06(수)","비엔나소시지케찹볶음(02)(05)(06)(10)(12)(16)(18)","380.65kcal","한입떡갈비(02)(05)(06)(10)(12)(16)","439kcal","훈제닭다리(완)(01)(02)(05)(15)","525.6kcal","","","2910.51kcal"
"2025-08-06(수)","호박새우볶음(05)(09)","44.98kcal","배추나물(05)(06)","23.85kcal","양배추샐러드","12.82kcal","","","2910.51kcal"
"2025-08-06(수)","배추김치","0kcal","두유(05)","100kcal","자두(추희)","33.8kcal","","","2910.51kcal"
"2025-08-06(수)","","","열무김치","0kcal","배추김치","0kcal","","","2910.51kcal"
"2025-08-07(목)","밥","375.45kcal","잡곡밥","424.67kcal","밥","375.45kcal","","","2586.03kcal"
"2025-08-07(목)","황태채국(01)(05)(06)(16)","78.45kcal","돼지고기애호박찌개(05)(06)(10)(16)","133.85kcal","참치오믈렛(01)(05)(06)(18)","190kcal","","","2586.03kcal"
"2025-08-07(목)","돼지고기부추볶음(05)(06)(10)(18)","355.68kcal","순살삼치구이(05)(06)(07)","139.02kcal","오징어무국(05)(06)(16)(17)","66.32kcal","","","2586.03kcal"
"2025-08-07(목)","연두부&양념장(05)","70.66kcal","부추양파무침","6.74kcal","김말이튀김(05)","271.74kcal","","","2586.03kcal"
"2025-08-07(목)","깍두기(완제품)","0kcal","김","28kcal","백색우유(02)","70kcal","","","2586.03kcal"
"2025-08-07(목)","","","깍두기(완제품)","0kcal","열무김치","0kcal","","","2586.03kcal"
"2025-08-08(금)","밥","375.45kcal","밥","375.45kcal","밥","375.45kcal","","","3344.11kcal"
"2025-08-08(금)","콩나물김치국(05)(06)(16)","25.38kcal","홍합탕(05)(06)(09)(16)(17)(18)","105.03kcal","누룽지삼계탕(02)(05)(06)(15)","909kcal","","","3344.11kcal"
"2025-08-08(금)","어묵볶음(05)(06)","243.21kcal","돼지삼겹야채볶음(05)(06)(10)(18)","454.64kcal","풋고추된장무침(05)(06)","30.57kcal","","","3344.11kcal"
"2025-08-08(금)","치즈함박스테이크(01)(02)(05)(06)(10)(12)(15)(16)","339.8kcal","무나물","21.36kcal","오복지무침(05)(06)","30.27kcal","","","3344.11kcal"
"2025-08-08(금)","배추김치","0kcal","제로콜라","0kcal","샤인머스켓","58.5kcal","","","3344.11kcal"
"2025-08-08(금)","","","배추김치","0kcal","깍두기(완제품)","0kcal","","","3344.11kcal"
"2025-08-09(토)","핫도그빵(01)(02)(05)(06)","534.6kcal","삼각주먹밥(완)(01)(02)(05)(06)(16)(18)","195kcal","제육덮밥(05)(10)","700.01kcal","","","3035.81kcal"
"2025-08-09(토)","스크램블에그(01)(05)","136kcal","소떡소떡","0kcal","닭꼬치(완)(05)(06)(15)","400kcal","","","3035.81kcal"
"2025-08-09(토)","시리얼(휴일)(05)","309kcal","브로콜리치즈스프(02)(06)","275kcal","계란후라이(완제품)(01)(02)(06)(10)","102.5kcal","","","3035.81kcal"
"2025-08-09(토)","백색우유(02)","70kcal","가공우유(초코맛)(02)","194kcal","배추김치","0kcal","","","3035.81kcal"
"2025-08-09(토)","코울슬로샐러드(01)(05)","119.7kcal","배추김치","0kcal","","","","","3035.81kcal"
"2025-08-10(일)","밥","375.45kcal","밥","375.45kcal","밥","375.45kcal","","","2670.50kcal"
"2025-08-10(일)","사골우거지국(02)(05)(06)(16)(18)","161.37kcal","감자양파찌개(02)(05)(06)(10)(15)(16)","114.78kcal","미역국(05)(06)(16)","29.58kcal","","","2670.50kcal"
"2025-08-10(일)","김자반","88.4kcal","간장돼지불고기(완제품)(05)(06)(10)","307.17kcal","닭고기야채조림(05)(15)","365.06kcal","","","2670.50kcal"
"2025-08-10(일)","무조림","27.08kcal","무생채","14.73kcal","오이무침(05)","20.97kcal","","","2670.50kcal"
"2025-08-10(일)","비엔나소시지감자조림(02)(05)(06)(10)(16)(18)","345.01kcal","배추김치","0kcal","백색우유(02)","70kcal","","","2670.50kcal"
"2025-08-10(일)","열무김치","0kcal","","","깍두기(완제품)","0kcal","","","2670.50kcal"
"2025-08-11(월)","밥","375.45kcal","잡곡밥","424.67kcal","흑미밥","394.2kcal","","","3197.30kcal"
"2025-08-11(월)","순두부해물찌개(05)(06)(09)(17)(18)","83.57kcal","돼지고기고추장찌개(05)(06)(10)(16)","139.56kcal","얼갈이된장국(05)(06)","32.25kcal","","","3197.30kcal"
"2025-08-11(월)","햄감자채볶음(05)(10)","119.29kcal","가지볶음(05)","51.26kcal","훈제삼겹살(05)(06)(07)(10)(13)(16)","645kcal","","","3197.30kcal"
"2025-08-11(월)","동그랑땡(05)(06)(10)","440kcal","갈치순살튀김(05)","266.1kcal","상추겉절이","13.26kcal","","","3197.30kcal"
"2025-08-11(월)","배추김치","0kcal","열무김치","0kcal","바나나","189kcal","","","3197.30kcal"
"2025-08-11(월)","","","","","저염쌈장(05)(06)","23.69kcal","","","3197.30kcal"
"2025-08-11(월)","","","","","보쌈김치","0kcal","","","3197.30kcal"
"2025-08-12(화)","밥","375.45kcal","밥","375.45kcal","중화식덮밥(05)(09)(10)(17)","677.56kcal","","","3373.18kcal"
"2025-08-12(화)","어묵탕(05)(06)","101.1kcal","쇠고기육개장(01)(05)(06)(16)","82.71kcal","얼큰수제비국(05)(06)(16)","128.94kcal","","","3373.18kcal"
"2025-08-12(화)","사천식캐슈넛멸치볶음(04)(05)","102.06kcal","훈제오리볶음(01)(05)(06)(18)","532.02kcal","유린기(05)(06)","285.83kcal","","","3373.18kcal"
"2025-08-12(화)","소고기꽈리고추조림(05)(16)","304.26kcal","부추겉절이","14.3kcal","계란후라이(완제품)(01)(02)(06)(10)","102.5kcal","","","3373.18kcal"
"2025-08-12(화)","깍두기(완제품)","0kcal","무쌈","40kcal","반달단무지(13)","6kcal","","","3373.18kcal"
"2025-08-12(화)","","","팩형아이스크림(01)(02)","175kcal","백색우유(02)","70kcal","","","3373.18kcal"
"2025-08-12(화)","","","배추김치","0kcal","","","","","3373.18kcal"
"2025-08-13(수)","밥","375.45kcal","밥","375.45kcal","자장밥(05)(06)(10)","718.65kcal","","","3511.83kcal"
"2025-08-14(수)","햄감자찌개(05)(06)(10)(16)","143.64kcal","순두부백탕(01)(05)(06)(09)(16)(18)","76.7kcal","감자달걀국(01)(09)(16)","66.32kcal","","","3511.83kcal"
"2025-08-15(수)","어묵볶음(05)(06)","243.21kcal","순살안동찜닭(05)(06)(15)","358.54kcal","깐쇼새우(05)(06)(09)(12)(16)","547.88kcal","","","3511.83kcal"
"2025-08-16(수)","오삼불고기(05)(10)(17)","526kcal","오이부추무침(05)","15.87kcal","복숭아(천도)(11)","64.12kcal","","","3511.83kcal"
"2025-08-17(수)","배추김치","0kcal","열무김치","0kcal","배추김치","0kcal","","","3511.83kcal"
"2025-07-16(수)","감자양파찌개(02)(05)(06)(10)(15)(16)","114.78kcal","콩나물국(05)(06)(16)","29.85kcal","얼갈이된장국(05)(06)","32.25kcal","","","2854.70kcal"
"2025-07-16(수)","느타리버섯볶음(05)","38.58kcal","볼케이노치킨(02)(05)(06)(12)(15)(16)(18)","343.89kcal","김말이튀김(05)","271.74kcal","","","2854.70kcal"
"2025-07-16(수)","돼지불고기(05)(10)","353.5kcal","청포묵무침(01)(05)(16)","71.53kcal","계란후라이(완제품)(01)(02)(06)(10)","102.5kcal","","","2854.70kcal"
"2025-07-16(수)","배추김치","0kcal","배추김치","0kcal","오이장아찌","9.05kcal","","","2854.70kcal"
"2025-07-16(수)","","","","","냉동빵, 더브레드블루, 치키차카초코쌀낭시에(초코)(냉동), 60g","","","","2854.71kcal"
"2025-07-16(수)","","","","","케이크또는파이또는패스트리, 참조은에스에프, 쿠키앤크림스틱치즈케익, 400g(50g8개)상자","","","","2854.72kcal"
"2025-07-17(목)","밥","375.45kcal","밥","375.45kcal","밥","375.45kcal","","","3435.04kcal"
"2025-07-17(목)","황태채국(01)(05)(06)(16)","78.45kcal","어묵탕(05)(06)","101.1kcal","부대찌개(02)(05)(06)(10)(15)(16)(18)","155.37kcal","","","3435.04kcal"
"2025-07-17(목)","호박새우볶음(05)(09)","44.98kcal","모듬쌈(05)(06)","28.45kcal","닭순살치킨가스(01)(05)(06)(10)(12)(15)(16)","587.8kcal","","","3435.04kcal"
"2025-07-17(목)","닭순살야채조림(15)","292.22kcal","냉채족발(02)(05)(06)(10)(16)","407kcal","감자에그샐러드(완)","315kcal","","","3435.04kcal"
"2025-07-17(목)","열무김치","0kcal","제로콜라","0kcal","백색우유(02)","70kcal","","","3435.04kcal"
"2025-07-17(목)","","","무말랭이무침(13)","140kcal","수박","88.32kcal","","","3435.04kcal"
"2025-07-17(목)","","","보쌈김치","0kcal","깍두기(완제품)","0kcal","","","3435.04kcal"
"2025-07-18(금)","밥","375.45kcal","밥","375.45kcal","밥","375.45kcal","","","3674.54kcal"
"2025-07-18(금)","얼큰계란국(01)(16)","80.8kcal","쇠고기육개장(01)(05)(06)(16)","86.97kcal","삼계탕(15)","533.42kcal","","","3674.54kcal"
"2025-07-18(금)","어묵볶음(05)(06)","267.61kcal","훈제오리볶음(01)(05)(06)(18)","532.02kcal","풋고추된장무침(05)(06)","30.57kcal","","","3674.54kcal"
"2025-07-18(금)","맛밤송송함박스테이크(05)(10)(12)(13)(16)","653kcal","부추겉절이","14.3kcal","오복지무침(05)(06)","24.5kcal","","","3674.54kcal"
"2025-07-18(금)","배추김치","0kcal","튜브형아이스크림2","120kcal","토핑형발효유(02)(05)(06)","165kcal","","","3674.54kcal"
"2025-07-18(금)","","","무쌈","40kcal","깍두기(완제품)","0kcal","","","3674.54kcal"
"2025-07-18(금)","","","열무김치","0kcal","","","","","3674.54kcal"
"2025-07-19(토)","불고기버거(01)(02)(05)(06)(10)(12)(16)","461.41kcal","밥","375.45kcal","치킨마요덮밥(01)(05)(06)(15)(16)","972.82kcal","","","3130.20kcal"
"2025-07-19(토)","계란후라이(완제품)(01)(02)(06)(10)","102.5kcal","순대국밥(05)(06)(10)","411.19kcal","콩나물무침(05)","24.93kcal","","","3130.20kcal"
"2025-07-19(토)","가공우유(딸기맛)(02)(05)","165kcal","왕교자만두찜(06)(10)","288.75kcal","배추김치","0kcal","","","3130.20kcal"
"2025-07-19(토)","백색우유(02)","70kcal","배추나물(05)(06)","23.85kcal","","","","","3130.20kcal"
"2025-07-19(토)","시리얼(증)(05)(06)","234.3kcal","깍두기(완제품)","0kcal","","","","","3130.20kcal"
"2025-07-20(일)","밥","375.45kcal","밥","375.45kcal","밥","375.45kcal","","","2604.41kcal"
"2025-07-20(일)","순두부백탕(01)(05)(06)(09)(16)(18)","76.7kcal","황태해장국(완)(05)","18.58kcal","사골미역국(16)","33.31kcal","","","2604.41kcal"
"2025-07-20(일)","미트볼조림(02)(05)(06)(10)(12)(15)(16)","462.94kcal","돼지불고기(05)(10)","353.5kcal","애호박나물(05)(09)","43.78kcal","","","2604.41kcal"
"2025-07-20(일)","무생채","14.73kcal","오이무침(05)","21.26kcal","닭고기야채조림(05)(15)","365.06kcal","","","2604.41kcal"
"2025-07-20(일)","배추김치","0kcal","볶음김치(05)","18.2kcal","백색우유(02)","70kcal","","","2604.41kcal"
"2025-07-20(일)","","","","","깍두기(완제품)","0kcal","","","2604.41kcal"
"2025-07-21(월)","밥","375.45kcal","찹쌀밥","395.45kcal","밥","375.45kcal","","","3000.65kcal"
"2025-07-21(월)","햄감자찌개(05)(06)(10)(16)","143.64kcal","닭고기덮밥(01)(05)(06)(15)(18)","311.7kcal","카레밥","0kcal","","","3000.65kcal"
"2025-07-21(월)","오삼불고기(05)(10)(17)","598kcal","콩나물국(05)(06)(16)","29.85kcal","감자달걀국(01)(09)(16)","66.32kcal","","","3000.65kcal"
"2025-07-21(월)","무조림","27.08kcal","야채샐러드유자드레싱(02)","37.91kcal","닭꼬치(완)(05)(06)(15)","400kcal","","","3000.65kcal"
"2025-07-21(월)","배추김치","0kcal","배추김치","0kcal","스크램블에그(01)(05)","206kcal","","","3000.65kcal"
"2025-07-21(월)","","","","","자두(추희)","33.8kcal","","","3000.65kcal"
"2025-07-21(월)","","","","","배추김치","0kcal","","","3000.65kcal"
"2025-07-22(화)","밥","375.45kcal","잡곡밥","424.67kcal","돼지국밥(05)(06)(10)","322.53kcal","","","3706.35kcal"
"2025-07-22(화)","사골우거지국(02)(05)(06)(16)(18)","165.63kcal","얼큰수제비국(05)(06)(16)","128.94kcal","찰현미밥","393.6kcal","","","3706.35kcal"
"2025-07-22(화)","동그랑땡(05)(06)(10)","440kcal","가지볶음(05)","51.26kcal","고기만두찜","400.4kcal","","","3706.35kcal"
"2025-07-22(화)","연두부&양념장(05)","70.66kcal","갈치순살튀김(05)","242.1kcal","부추겉절이","14.3kcal","","","3706.35kcal"
"2025-07-22(화)","배추김치","0kcal","팩형아이스크림(01)(02)","175kcal","백색우유(02)","70kcal","","","3706.35kcal"
"2025-07-22(화)","","","열무김치","0kcal","깍두기(완제품)","0kcal","","","3706.35kcal"
"2025-07-22(화)","","","","","팔도,짬뽕왕뚜껑,110g","431.81kcal","","","3706.35kcal"
"2025-07-22(화)","","","","","농심,육개장사발면,86g","","","","3706.35kcal"
"2025-07-23(수)","밥","375.45kcal","밥","375.45kcal","밥","375.45kcal","","","3432.55kcal"
"2025-07-23(수)","들깨무채국(05)(06)(16)","16.49kcal","돼지고기고추장찌개(05)(06)(10)(16)","139.56kcal","미소장국(05)","45.41kcal","","","3432.55kcal"
"2025-07-23(수)","감자채볶음(02)(05)(10)(15)(16)","84.29kcal","낙지삼겹살새우볶음(05)(06)(09)(10)(17)(18)","680.61kcal","볼카츠(02)(05)(06)(10)(12)(16)(18)","673.75kcal","","","3432.55kcal"
"2025-07-23(수)","김자반","88.4kcal","콘치즈계란찜(02)","42.69kcal","고구마샐러드(완)(01)","189.99kcal","","","3432.55kcal"
"2025-07-23(수)","비엔나소시지감자조림(02)(05)(06)(10)(16)(18)","345.01kcal","배추김치","0kcal","배추김치","0kcal","","","3432.55kcal"
"2025-07-23(수)","배추김치","0kcal","","","상일식품(주) 참깨건빵(증식용), 65g","","","","3432.55kcal"
"2025-07-24(목)","밥","375.45kcal","밥","375.45kcal","찹쌀밥","395.45kcal","","","2666.07kcal"
"2025-07-24(목)","감자양파찌개(02)(05)(06)(10)(15)(16)","114.78kcal","닭곰탕(15)","83.12kcal","마라탕(09)(16)","59.53kcal","","","2666.07kcal"
"2025-07-24(목)","돼지고기부추볶음(05)(06)(10)(18)","365.48kcal","한입떡갈비(02)(05)(06)(10)(12)(16)","439kcal","김말이튀김(05)","271.74kcal","","","2666.07kcal"
"2025-07-24(목)","배추나물(05)(06)","23.85kcal","무나물","21.36kcal","부추양파무침","6.74kcal","","","2666.07kcal"
"2025-07-24(목)","열무김치","0kcal","식혜","0kcal","백색우유(02)","70kcal","","","2666.07kcal"
"2025-07-24(목)","","","배추김치","0kcal","복숭아(천도)(11)","64.12kcal","","","2666.07kcal"
"2025-07-24(목)","","","","","배추김치","0kcal","","","2666.07kcal"
"2025-07-25(금)","밥","375.45kcal","밥","375.45kcal","밥","375.45kcal","","","2576.44kcal"
"2025-07-25(금)","얼갈이된장국(05)(06)","32.25kcal","돼지고기애호박찌개(05)(06)(10)(16)","120.65kcal","참치김치찌개(05)(09)","128.55kcal","","","2576.44kcal"
"2025-07-25(금)","사천식캐슈넛멸치볶음(04)(05)","102.06kcal","마파두부(05)(06)(10)(15)(18)","249.78kcal","새송이버섯야채볶음(05)(06)(10)(18)","66.24kcal","","","2576.44kcal"
"2025-07-25(금)","닭순살야채조림(15)","292.22kcal","콩나물무침(05)","24.93kcal","돼지고기육전(01)(05)(06)(10)","138.41kcal","","","2576.44kcal"
"2025-07-25(금)","열무김치","0kcal","컵형아이스크림(01)(02)(06)","225kcal","백색우유(02)","70kcal","","","2576.44kcal"
"2025-07-25(금)","","","배추김치","0kcal","열무김치","0kcal","","","2576.44kcal"
"2025-07-26(토)","핫도그빵(01)(02)(05)(06)","534.6kcal","삼각주먹밥(완)(01)(02)(05)(06)(16)(18)","195kcal","통모짜핫도그","0kcal","","","2641.68kcal"
"2025-07-26(토)","스크램블에그(01)(05)","206kcal","소떡소떡","0kcal","쇠고기덮밥(05)(16)","738.38kcal","","","2641.68kcal"
"2025-07-26(토)","백색우유(02)","70kcal","브로콜리치즈스프(02)(06)","275kcal","깍두기(완제품)","0kcal","","","2641.68kcal"
"2025-07-26(토)","시리얼(휴일)(05)","309kcal","가공우유(초코맛)(02)","194kcal","","","","","2641.68kcal"
"2025-07-26(토)","코울슬로샐러드(01)(05)","119.7kcal","배추김치","0kcal","","","","","2641.68kcal"
"2025-07-27(일)","밥","375.45kcal","밥","375.45kcal","밥","375.45kcal","","","2535.70kcal"
"2025-07-27(일)","쇠고기미역국(05)(06)(16)","50.37kcal","해물짬뽕(05)(06)(09)(16)(17)","91.28kcal","부대찌개(02)(05)(06)(10)(15)(16)(18)","155.37kcal","","","2535.70kcal"
"2025-07-27(일)","닭간장소스찜(15)","294.06kcal","소불고기(완제품)(05)(06)(16)","488.67kcal","주꾸미볶음(05)","169.21kcal","","","2535.70kcal"
"2025-07-27(일)","무조림","27.08kcal","오이무침(05)","21.26kcal","배추나물(05)(06)","23.85kcal","","","2535.70kcal"
"2025-07-27(일)","배추김치","0kcal","볶음김치(05)","18.2kcal","백색우유(02)","70kcal","","","2535.70kcal"
"2025-07-27(일)","","","","","열무김치","0kcal","","","2535.70kcal"
"2025-07-28(월)","밥","375.45kcal","김치덮밥(05)(10)","610.64kcal","밥","375.45kcal","","","3463.26kcal"
"2025-07-28(월)","유부장국(05)(16)","14.86kcal","쇠고기버섯전골(05)(06)(09)(16)","88.79kcal","자장밥(05)(06)(10)","343.2kcal","","","3463.26kcal"
"2025-07-28(월)","가지볶음(05)","51.26kcal","어묵볶음(05)(06)","267.61kcal","계란국(01)(09)(16)","55.37kcal","","","3463.26kcal"
"2025-07-28(월)","치즈함박스테이크(01)(02)(05)(06)(10)(12)(15)(16)","339.8kcal","계란후라이(완제품)(01)(02)(06)(10)","102.5kcal","탕수육(05)(06)(10)","776.53kcal","","","3463.26kcal"
"2025-07-28(월)","김","28kcal","열무김치","0kcal","자두(추희)","33.8kcal","","","3463.26kcal"
"2025-07-28(월)","배추김치","0kcal","","","배추김치","0kcal","","","3463.26kcal"
"2025-07-29(화)","밥","375.45kcal","찹쌀밥","395.45kcal","밥","375.45kcal","","","2708.07kcal"
"2025-07-29(화)","황태채국(01)(05)(06)(16)","78.45kcal","콩나물국(05)(06)(16)","29.85kcal","미역국(05)(06)(16)","29.58kcal","","","2708.07kcal"
"2025-07-29(화)","소고기꽈리고추조림(05)(16)","304.26kcal","닭순살김치볶음(05)(15)","409.6kcal","간장돼지불고기(완제품)(05)(06)(10)","307.17kcal","","","2708.07kcal"
"2025-07-29(화)","연두부&양념장(05)","70.66kcal","마카로니샐러드(01)(05)","247.42kcal","무생채","14.73kcal","","","2708.07kcal"
"2025-07-29(화)","배추김치","0kcal","깍두기(완제품)","0kcal","백색우유(02)","70kcal","","","2708.07kcal"
"2025-07-29(화)","","","","","배추김치","0kcal","","","2708.07kcal"
"2025-07-30(수)","밥","375.45kcal","밥","375.45kcal","밥","375.45kcal","","","3630.54kcal"
"2025-07-30(수)","얼큰쇠고기무국(05)(06)(16)","59.62kcal","햄짜글이(05)(06)(10)(16)","145.89kcal","닭장각삼계탕(15)","640.27kcal","","","3630.54kcal"
"2025-07-01(화)","배추김치","0kcal","컵형아이스크림(01)(02)(06)","225kcal","꼬들단무지","0kcal","","","3489.27kcal"
"2025-07-01(화)","","","배추김치","0kcal","백색우유(02)","70kcal","","","3489.27kcal"
"2025-07-02(수)","밥","375.45kcal","현미밥","393.6kcal","밥","375.45kcal","","","2713.18kcal"
"2025-07-02(수)","닭곰탕(15)","83.12kcal","홍합탕(05)(06)(09)(16)(17)(18)","105.03kcal","닭볶음탕(05)(15)","327.9kcal","","","2713.18kcal"
"2025-07-02(수)","감자채볶음(02)(05)(10)(15)(16)","84.29kcal","오징어삼겹볶음(05)(10)(17)","363.75kcal","순두부찌개(05)(06)(16)(18)","62.05kcal","","","2713.18kcal"
"2025-07-02(수)","언양식바싹불고기(01)(02)(05)(06)(10)(12)(15)(16)","317.7kcal","느타리버섯볶음(05)","38.58kcal","오이무침(05)","21.26kcal","","","2713.18kcal"
"2025-07-02(수)","배추김치","0kcal","깍두기(완제품)","0kcal","가공우유(바나나맛)(02)","165kcal","","","2713.18kcal"
"2025-07-02(수)","","","","","열무김치","0kcal","","","2713.18kcal"
"2025-07-03(목)","밥","375.45kcal","밥","375.45kcal","밥","375.45kcal","","","3558.32kcal"
"2025-07-03(목)","쇠고기무국(05)(06)(16)","61.31kcal","짬뽕찌개(굴)(05)(06)(09)(10)(16)(17)(18)","151.71kcal","사누끼우동(05)(06)","243.77kcal","","","3558.32kcal"
"2025-07-03(목)","돼지고기고추장볶음(05)(10)","627.64kcal","순살고등어구이(05)(07)","151.95kcal","돈가스(02)(05)(06)(10)(12)(16)(18)","688.39kcal","","","3558.32kcal"
"2025-07-03(목)","오징어채무침(05)(17)","213.25kcal","콩나물무침(05)","24.93kcal","양배추샐러드(01)(05)","79.02kcal","","","3558.32kcal"
"2025-07-03(목)","깍두기(완제품)","0kcal","튜브형아이스크림2","120kcal","백색우유(02)","70kcal","","","3558.32kcal"
"2025-07-03(목)","","","배추김치","0kcal","열무김치","0kcal","","","3558.32kcal"
"2025-07-04(금)","밥","375.45kcal","밥","375.45kcal","밥","375.45kcal","","","3221.36kcal"
"2025-07-04(금)","황태채국(01)(05)(06)(16)","78.45kcal","순두부백탕(01)(05)(06)(09)(16)(18)","76.7kcal","김치찌개(05)(09)(10)","104.91kcal","","","3221.36kcal"
"2025-07-04(금)","비엔나소시지감자조림(02)(05)(06)(10)(16)(18)","345.01kcal","애호박나물(05)(09)","43.78kcal","꽈리고추멸치볶음(05)","88.26kcal","","","3221.36kcal"
"2025-07-04(금)","피자오믈렛","149kcal","동파육","708.9kcal","닭강정(01)(02)(05)(06)(15)","430kcal","","","3221.36kcal"
"2025-07-04(금)","배추김치","0kcal","배추김치","0kcal","백색우유(02)","70kcal","","","3221.36kcal"
"2025-07-04(금)","","","","","배추김치","0kcal","","","3221.36kcal"
"2025-07-05(토)","햄치즈버거(01)(02)(06)(10)","494kcal","밥","375.45kcal","제육덮밥(05)(10)","670.61kcal","","","2983.18kcal"
"2025-07-05(토)","계란후라이(완제품)(01)(02)(06)(10)","102.5kcal","사골곰탕(05)(06)","168.79kcal","계란후라이(완제품)(01)(02)(06)(10)","102.5kcal","","","2983.18kcal"
"2025-07-05(토)","가공우유(초코맛)(02)","194kcal","메추리알장조림(완)(01)(05)(06)","232.5kcal","무나물","21.36kcal","","","2983.18kcal"
"2025-07-05(토)","치킨텐더샐러드(01)(05)(06)(12)(15)(16)(18)","169.42kcal","배추나물(05)(06)","23.85kcal","토핑형발효유(02)(05)(06)","165kcal","","","2983.18kcal"
"2025-07-05(토)","시리얼(3)(05)","193.2kcal","깍두기(완제품)","0kcal","배추김치","0kcal","","","2983.18kcal"
"2025-07-05(토)","백색우유(02)","70kcal","","","","","","","2983.18kcal"
"2025-07-06(일)","밥","375.45kcal","밥","375.45kcal","밥","375.45kcal","","","2377.29kcal"
"2025-07-06(일)","순두부된장국(05)(06)(09)","89.98kcal","들깨무채국(05)(06)(16)","16.49kcal","어묵탕(05)(06)","101.1kcal","","","2377.29kcal"
"2025-07-06(일)","계란말이(완)(01)(05)","55kcal","고추장돼지불고기(완제품)(05)(06)(10)","438.73kcal","무조림","27.08kcal","","","2377.29kcal"
"2025-07-06(일)","오이무침(05)","21.26kcal","새송이버섯야채볶음(05)(06)(10)(18)","66.24kcal","닭고기야채조림(05)(15)","365.06kcal","","","2377.29kcal"
"2025-07-06(일)","배추김치","0kcal","배추김치","0kcal","백색우유(02)","70kcal","","","2377.29kcal"
"2025-07-06(일)","","","","","배추김치","0kcal","","","2377.29kcal"
"2025-07-07(월)","밥","375.45kcal","밥","375.45kcal","잡곡밥","424.67kcal","","","2650.31kcal"
"2025-07-07(월)","팽이버섯된장국(05)(06)(09)(16)","103.35kcal","감자호박국(05)(06)(16)","41.78kcal","황태해장국(완)(05)","18.58kcal","","","2650.31kcal"
"2025-07-07(월)","멸치볶음(05)","71.57kcal","소불고기(완제품)(05)(06)(16)","488.67kcal","순살삼치구이(05)(06)(07)","106.62kcal","","","2650.31kcal"
"2025-07-07(월)","돼지고기부추볶음(05)(06)(10)(18)","365.48kcal","두부양념장(05)","89.73kcal","상추겉절이","13.26kcal","","","2650.31kcal"
"2025-07-07(월)","깍두기(완제품)","0kcal","볶음김치(05)","18.2kcal","바나나","157.5kcal","","","2650.31kcal"
"2025-07-07(월)","","","","","깍두기(완제품)","0kcal","","","2650.31kcal"
"2025-07-08(화)","밥","375.45kcal","밥","375.45kcal","밥","375.45kcal","","","3652.12kcal"
"2025-07-08(화)","참치오믈렛(01)(05)(06)(18)","190kcal","콩나물김치국(05)(06)(16)","25.38kcal","꽃게탕(05)(06)(08)(09)(17)","94.65kcal","","","3652.13kcal"
"2025-07-08(화)","얼큰수제비국(05)(06)(16)","128.94kcal","감자채볶음(02)(05)(10)(15)(16)","84.29kcal","훈제닭다리(완)(01)(02)(05)(15)","525.6kcal","","","3652.14kcal"
"2025-07-08(화)","비엔나소시지케찹볶음(02)(05)(06)(10)(12)(16)(18)","380.65kcal","돼지삼겹야채볶음(05)(06)(10)(18)","474.24kcal","백색우유(02)","70kcal","","","3652.15kcal"
"2025-07-08(화)","배추김치","0kcal","김","28kcal","양배추샐러드(01)(05)","79.02kcal","","","3652.16kcal"
"2025-07-08(화)","","","깍두기(완제품)","0kcal","배추김치","0kcal","","","3652.17kcal"
"2025-07-08(화)","","","","","농심,신라면블랙사발,101g","445kcal","","","3652.18kcal"
"2025-07-09(수)","밥","375.45kcal","밥","375.45kcal","흑미밥","394.2kcal","","","3750.18kcal"
"2025-07-09(수)","얼큰계란국(01)(16)","80.8kcal","순두부백탕(01)(05)(06)(09)(16)(18)","76.7kcal","꼬리곰탕(05)(06)(09)","321.56kcal","","","3750.18kcal"
"2025-07-09(수)","어묵볶음(05)(06)","267.61kcal","고추잡채(05)(06)(10)(18)","297.48kcal","훈제삼겹살(05)(06)(07)(10)(13)(16)","645kcal","","","3750.18kcal"
"2025-07-09(수)","맛밤송송함박스테이크(05)(10)(12)(13)(16)","653kcal","메추리알장조림(완)(01)(05)(06)","232.5kcal","부추양파무침","6.74kcal","","","3750.18kcal"
"2025-07-09(수)","열무김치","0kcal","깍두기(완제품)","0kcal","저염쌈장(05)(06)","23.69kcal","","","3750.18kcal"
"2025-07-09(수)","","","","","보쌈김치","0kcal","","","3750.18kcal"
"2025-07-10(목)","밥","375.45kcal","찰현미밥","393.6kcal","새우튀김덮밥(에비동)(05)(06)(09)(18)","796.71kcal","","","3474.87kcal"
"2025-07-10(목)","두부계란국(01)(05)(06)(16)","66.2kcal","닭고기미역국(05)(06)(15)(16)","63.57kcal","미소장국(05)","45.41kcal","","","3474.87kcal"
"2025-07-10(목)","쇠고기불고기(05)(16)","329.86kcal","낙지삼겹살새우볶음(05)(06)(09)(10)(17)(18)","680.61kcal","닭꼬치(완)(05)(06)(15)","400kcal","","","3474.87kcal"
"2025-07-10(목)","가지볶음(05)","51.26kcal","옥수수계란찜(09)","13.88kcal","수박","88.32kcal","","","3474.87kcal"
"2025-07-10(목)","배추김치","0kcal","두유(05)","100kcal","백색우유(02)","70kcal","","","3474.87kcal"
"2025-07-10(목)","","","배추김치","0kcal","배추김치","0kcal","","","3474.87kcal"
"2025-07-11(금)","밥","375.45kcal","밥","375.45kcal","찰수수밥","385.73kcal","","","2708.13kcal"
"2025-07-11(금)","유부장국(05)(16)","14.86kcal","두부된장찌개(05)(09)","113.45kcal","꼬치어묵국","175.53kcal","","","2708.13kcal"
"2025-07-11(금)","돼지고기무볶음(05)(10)","277.08kcal","파채&간장돼지불백(05)(06)(10)(16)(18)","386.58kcal","떡볶이(01)(05)(06)","265.02kcal","","","2708.13kcal"
"2025-07-11(금)","김자반","88.4kcal","느타리버섯볶음(05)","38.58kcal","찰순대찜(06)(10)","136kcal","","","2708.13kcal"
"2025-07-11(금)","배추김치","0kcal","열무김치","0kcal","반달단무지(13)","6kcal","","","2708.13kcal"
"2025-07-11(금)","","","","","백색우유(02)","70kcal","","","2708.13kcal"
"2025-07-12(토)","핫도그빵(01)(02)(05)(06)","534.6kcal","밥1","326.79kcal","오징어덮밥(05)(17)","587.02kcal","","","3217.10kcal"
"2025-07-12(토)","스크램블에그(01)(05)","206kcal","너비아니꼬지치즈맛","462kcal","치킨너겟(01)(02)(05)(06)(12)(15)(16)(18)","213.59kcal","","","3217.10kcal"
"2025-07-12(토)","시리얼(2)(05)","244kcal","가공우유(바나나맛)(02)","165kcal","배추김치","0kcal","","","3217.10kcal"
"2025-07-12(토)","백색우유(02)","70kcal","양송이스프(02)(05)(06)(15)","175kcal","","","","","3217.10kcal"
"2025-07-12(토)","오이피클","72.9kcal","배추김치","0kcal","","","","","3217.10kcal"
"2025-07-12(토)","단호박샐러드(완)","160.2kcal","","","","","","","3217.10kcal"
"2025-07-13(일)","밥","375.45kcal","밥","375.45kcal","밥","375.45kcal","","","3044.54kcal"
"2025-07-13(일)","홍합탕(05)(06)(09)(16)(17)(18)","105.03kcal","사골곰탕(05)(06)","168.79kcal","사골우거지국(02)(05)(06)(16)(18)","165.63kcal","","","3044.54kcal"
"2025-07-13(일)","돼지고기청경채볶음(05)(06)(10)(18)","361.12kcal","찐새우만두(05)(06)(09)","588kcal","사천식캐슈넛멸치볶음(04)(05)","102.06kcal","","","3044.54kcal"
"2025-07-13(일)","배추겉절이","20.35kcal","무말랭이무침(13)","140kcal","주꾸미볶음(05)","169.21kcal","","","3044.54kcal"
"2025-07-13(일)","김","28kcal","열무김치","0kcal","백색우유(02)","70kcal","","","3044.54kcal"
"2025-07-13(일)","","","","","깍두기(완제품)","0kcal","","","3044.54kcal"
"2025-07-14(월)","밥","375.45kcal","밥","375.45kcal","찰현미밥","393.6kcal","","","2845.82kcal"
"2025-07-14(월)","닭고기육개장(01)(05)(06)(15)(16)","99.66kcal","짬뽕순두부(01)(05)(06)(09)(10)(16)(17)(18)","174.29kcal","닭볶음탕(05)(15)","327.9kcal","","","2845.82kcal"
"2025-07-14(월)","햄감자채볶음(05)(10)","119.29kcal","비엔나메추리알조림(01)(02)(05)(06)(10)(15)(16)(18)","343.3kcal","참치고추장찌개(05)(06)(09)(16)","186.32kcal","","","2845.82kcal"
"2025-07-14(월)","치즈함박스테이크(01)(02)(05)(06)(10)(12)(15)(16)","339.8kcal","콩나물매운무침(05)","25.28kcal","무나물","21.36kcal","","","2845.82kcal"
"2025-07-14(월)","배추김치","0kcal","열무김치","0kcal","복숭아(천도)(11)","64.12kcal","","","2845.82kcal"
"2025-07-14(월)","","","","","배추김치","0kcal","","","2845.82kcal"
"2025-07-15(화)","밥","375.45kcal","밥","375.45kcal","현미밥","393.6kcal","","","2721.79kcal"
"2025-07-15(화)","순두부해물찌개(05)(06)(09)(17)(18)","83.57kcal","감자국(05)(06)(16)","45.06kcal","돼지고기애호박찌개(05)(06)(10)(16)","120.65kcal","","","2721.79kcal"
"2025-07-15(화)","동그랑땡(05)(06)(10)","440kcal","오리불고기(05)","40.78kcal","에그카츠(01)(05)(06)(10)(12)(16)(18)","481.25kcal","","","2721.79kcal"
"2025-07-15(화)","오복지무침(05)(06)","24.5kcal","무쌈","40kcal","양배추피클","0kcal","","","2721.79kcal"
"2025-07-15(화)","김","28kcal","팩형아이스크림(01)(02)","175kcal","백색우유(02)","70kcal","","","2721.79kcal"
"2025-07-15(화)","배추김치","0kcal","흑임자드레싱(01)(05)","28.48kcal","열무김치","0kcal","","","2721.79kcal"
"2025-07-15(화)","","","배추김치","0kcal","","","","","2721.79kcal"
"2025-07-16(수)","흑미밥","394.2kcal","찹쌀밥","395.45kcal","비빔밥(05)(16)","697.38kcal","","","2854.70kcal"
"2025-07-18(금)","얼큰계란국(01)(16)","80.8kcal","쇠고기육개장(01)(05)(06)(16)","86.97kcal","삼계탕(15)","533.42kcal","","","3674.54kcal"
"2025-07-18(금)","어묵볶음(05)(06)","267.61kcal","훈제오리볶음(01)(05)(06)(18)","532.02kcal","풋고추된장무침(05)(06)","30.57kcal","","","3674.54kcal"
"2025-07-18(금)","맛밤송송함박스테이크(05)(10)(12)(13)(16)","653kcal","부추겉절이","14.3kcal","오복지무침(05)(06)","24.5kcal","","","3674.54kcal"
"2025-07-18(금)","배추김치","0kcal","튜브형아이스크림2","120kcal","토핑형발효유(02)(05)(06)","165kcal","","","3674.54kcal"
"2025-07-18(금)","","","무쌈","40kcal","깍두기(완제품)","0kcal","","","3674.54kcal"
"2025-07-18(금)","","","열무김치","0kcal","","","","","3674.54kcal"
"2025-07-19(토)","불고기버거(01)(02)(05)(06)(10)(12)(16)","461.41kcal","밥","375.45kcal","치킨마요덮밥(01)(05)(06)(15)(16)","972.82kcal","","","3130.20kcal"
"2025-07-19(토)","계란후라이(완제품)(01)(02)(06)(10)","102.5kcal","순대국밥(05)(06)(10)","411.19kcal","콩나물무침(05)","24.93kcal","","","3130.20kcal"
"2025-07-19(토)","가공우유(딸기맛)(02)(05)","165kcal","왕교자만두찜(06)(10)","288.75kcal","배추김치","0kcal","","","3130.20kcal"
"2025-07-19(토)","백색우유(02)","70kcal","배추나물(05)(06)","23.85kcal","","","","","3130.20kcal"
"2025-07-19(토)","시리얼(증)(05)(06)","234.3kcal","깍두기(완제품)","0kcal","","","","","3130.20kcal"
"2025-07-20(일)","밥","375.45kcal","밥","375.45kcal","밥","375.45kcal","","","2604.41kcal"
"2025-07-20(일)","순두부백탕(01)(05)(06)(09)(16)(18)","76.7kcal","황태해장국(완)(05)","18.58kcal","사골미역국(16)","33.31kcal","","","2604.41kcal"
"2025-07-20(일)","미트볼조림(02)(05)(06)(10)(12)(15)(16)","462.94kcal","돼지불고기(05)(10)","353.5kcal","애호박나물(05)(09)","43.78kcal","","","2604.41kcal"
"2025-07-20(일)","무생채","14.73kcal","오이무침(05)","21.26kcal","닭고기야채조림(05)(15)","365.06kcal","","","2604.41kcal"
"2025-07-20(일)","배추김치","0kcal","볶음김치(05)","18.2kcal","백색우유(02)","70kcal","","","2604.41kcal"
"2025-07-20(일)","","","","","깍두기(완제품)","0kcal","","","2604.41kcal"
"2025-07-21(월)","밥","375.45kcal","찹쌀밥","395.45kcal","밥","375.45kcal","","","3000.65kcal"
"2025-07-21(월)","햄감자찌개(05)(06)(10)(16)","143.64kcal","닭고기덮밥(01)(05)(06)(15)(18)","311.7kcal","카레밥","0kcal","","","3000.65kcal"
"2025-07-21(월)","오삼불고기(05)(10)(17)","598kcal","콩나물국(05)(06)(16)","29.85kcal","감자달걀국(01)(09)(16)","66.32kcal","","","3000.65kcal"
"2025-07-21(월)","무조림","27.08kcal","야채샐러드유자드레싱(02)","37.91kcal","닭꼬치(완)(05)(06)(15)","400kcal","","","3000.65kcal"
"2025-07-21(월)","배추김치","0kcal","배추김치","0kcal","스크램블에그(01)(05)","206kcal","","","3000.65kcal"
"2025-07-21(월)","","","","","자두(추희)","33.8kcal","","","3000.65kcal"
"2025-07-21(월)","","","","","배추김치","0kcal","","","3000.65kcal"
"2025-07-22(화)","밥","375.45kcal","잡곡밥","424.67kcal","돼지국밥(05)(06)(10)","322.53kcal","","","3706.35kcal"
"2025-07-22(화)","사골우거지국(02)(05)(06)(16)(18)","165.63kcal","얼큰수제비국(05)(06)(16)","128.94kcal","찰현미밥","393.6kcal","","","3706.35kcal"
"2025-07-22(화)","동그랑땡(05)(06)(10)","440kcal","가지볶음(05)","51.26kcal","고기만두찜","400.4kcal","","","3706.35kcal"
"2025-07-22(화)","연두부&양념장(05)","70.66kcal","갈치순살튀김(05)","242.1kcal","부추겉절이","14.3kcal","","","3706.35kcal"
"2025-07-22(화)","배추김치","0kcal","팩형아이스크림(01)(02)","175kcal","백색우유(02)","70kcal","","","3706.35kcal"
"2025-07-22(화)","","","열무김치","0kcal","깍두기(완제품)","0kcal","","","3706.35kcal"
"2025-07-22(화)","","","","","팔도,짬뽕왕뚜껑,110g","431.81kcal","","","3706.35kcal"
"2025-07-22(화)","","","","","농심,육개장사발면,86g","","","","3706.35kcal"
"2025-07-23(수)","밥","375.45kcal","밥","375.45kcal","밥","375.45kcal","","","3432.55kcal"
"2025-07-23(수)","들깨무채국(05)(06)(16)","16.49kcal","돼지고기고추장찌개(05)(06)(10)(16)","139.56kcal","미소장국(05)","45.41kcal","","","3432.55kcal"
"2025-07-23(수)","감자채볶음(02)(05)(10)(15)(16)","84.29kcal","낙지삼겹살새우볶음(05)(06)(09)(10)(17)(18)","680.61kcal","볼카츠(02)(05)(06)(10)(12)(16)(18)","673.75kcal","","","3432.55kcal"
"2025-07-23(수)","김자반","88.4kcal","콘치즈계란찜(02)","42.69kcal","고구마샐러드(완)(01)","189.99kcal","","","3432.55kcal"
"2025-07-23(수)","비엔나소시지감자조림(02)(05)(06)(10)(16)(18)","345.01kcal","배추김치","0kcal","배추김치","0kcal","","","3432.55kcal"
"2025-07-23(수)","배추김치","0kcal","","","상일식품(주) 참깨건빵(증식용), 65g","","","","3432.55kcal"
"2025-07-24(목)","밥","375.45kcal","밥","375.45kcal","찹쌀밥","395.45kcal","","","2666.07kcal"
"2025-07-24(목)","감자양파찌개(02)(05)(06)(10)(15)(16)","114.78kcal","닭곰탕(15)","83.12kcal","마라탕(09)(16)","59.53kcal","","","2666.07kcal"
"2025-07-24(목)","돼지고기부추볶음(05)(06)(10)(18)","365.48kcal","한입떡갈비(02)(05)(06)(10)(12)(16)","439kcal","김말이튀김(05)","271.74kcal","","","2666.07kcal"
"2025-07-24(목)","배추나물(05)(06)","23.85kcal","무나물","21.36kcal","부추양파무침","6.74kcal","","","2666.07kcal"
"2025-07-24(목)","열무김치","0kcal","식혜","0kcal","백색우유(02)","70kcal","","","2666.07kcal"
"2025-07-24(목)","","","배추김치","0kcal","복숭아(천도)(11)","64.12kcal","","","2666.07kcal"
"2025-07-24(목)","","","","","배추김치","0kcal","","","2666.07kcal"
"2025-07-25(금)","밥","375.45kcal","밥","375.45kcal","밥","375.45kcal","","","2576.44kcal"
"2025-07-25(금)","얼갈이된장국(05)(06)","32.25kcal","돼지고기애호박찌개(05)(06)(10)(16)","120.65kcal","참치김치찌개(05)(09)","128.55kcal","","","2576.44kcal"
"2025-07-25(금)","사천식캐슈넛멸치볶음(04)(05)","102.06kcal","마파두부(05)(06)(10)(15)(18)","249.78kcal","새송이버섯야채볶음(05)(06)(10)(18)","66.24kcal","","","2576.44kcal"
"2025-07-25(금)","닭순살야채조림(15)","292.22kcal","콩나물무침(05)","24.93kcal","돼지고기육전(01)(05)(06)(10)","138.41kcal","","","2576.44kcal"
"2025-07-25(금)","열무김치","0kcal","컵형아이스크림(01)(02)(06)","225kcal","백색우유(02)","70kcal","","","2576.44kcal"
"2025-07-25(금)","","","배추김치","0kcal","열무김치","0kcal","","","2576.44kcal"
"2025-07-26(토)","핫도그빵(01)(02)(05)(06)","534.6kcal","삼각주먹밥(완)(01)(02)(05)(06)(16)(18)","195kcal","통모짜핫도그","0kcal","","","2641.68kcal"
"2025-07-26(토)","스크램블에그(01)(05)","206kcal","소떡소떡","0kcal","쇠고기덮밥(05)(16)","738.38kcal","","","2641.68kcal"
"2025-07-26(토)","백색우유(02)","70kcal","브로콜리치즈스프(02)(06)","275kcal","깍두기(완제품)","0kcal","","","2641.68kcal"
"2025-07-26(토)","시리얼(휴일)(05)","309kcal","가공우유(초코맛)(02)","194kcal","","","","","2641.68kcal"
"2025-07-26(토)","코울슬로샐러드(01)(05)","119.7kcal","배추김치","0kcal","","","","","2641.68kcal"
"2025-07-27(일)","밥","375.45kcal","밥","375.45kcal","밥","375.45kcal","","","2535.70kcal"
"2025-07-27(일)","쇠고기미역국(05)(06)(16)","50.37kcal","해물짬뽕(05)(06)(09)(16)(17)","91.28kcal","부대찌개(02)(05)(06)(10)(15)(16)(18)","155.37kcal","","","2535.70kcal"
"2025-07-27(일)","닭간장소스찜(15)","294.06kcal","소불고기(완제품)(05)(06)(16)","488.67kcal","주꾸미볶음(05)","169.21kcal","","","2535.70kcal"
"2025-07-27(일)","무조림","27.08kcal","오이무침(05)","21.26kcal","배추나물(05)(06)","23.85kcal","","","2535.70kcal"
"2025-07-27(일)","배추김치","0kcal","볶음김치(05)","18.2kcal","백색우유(02)","70kcal","","","2535.70kcal"
"2025-07-27(일)","","","","","열무김치","0kcal","","","2535.70kcal"
"2025-07-28(월)","밥","375.45kcal","김치덮밥(05)(10)","610.64kcal","밥","375.45kcal","","","3463.26kcal"
"2025-07-28(월)","유부장국(05)(16)","14.86kcal","쇠고기버섯전골(05)(06)(09)(16)","88.79kcal","자장밥(05)(06)(10)","343.2kcal","","","3463.26kcal"
"2025-07-28(월)","가지볶음(05)","51.26kcal","어묵볶음(05)(06)","267.61kcal","계란국(01)(09)(16)","55.37kcal","","","3463.26kcal"
"2025-07-28(월)","치즈함박스테이크(01)(02)(05)(06)(10)(12)(15)(16)","339.8kcal","계란후라이(완제품)(01)(02)(06)(10)","102.5kcal","탕수육(05)(06)(10)","776.53kcal","","","3463.26kcal"
"2025-07-28(월)","김","28kcal","열무김치","0kcal","자두(추희)","33.8kcal","","","3463.26kcal"
"2025-07-28(월)","배추김치","0kcal","","","배추김치","0kcal","","","3463.26kcal"
"2025-07-29(화)","밥","375.45kcal","찹쌀밥","395.45kcal","밥","375.45kcal","","","2708.07kcal"
"2025-07-29(화)","황태채국(01)(05)(06)(16)","78.45kcal","콩나물국(05)(06)(16)","29.85kcal","미역국(05)(06)(16)","29.58kcal","","","2708.07kcal"
"2025-07-29(화)","소고기꽈리고추조림(05)(16)","304.26kcal","닭순살김치볶음(05)(15)","409.6kcal","간장돼지불고기(완제품)(05)(06)(10)","307.17kcal","","","2708.07kcal"
"2025-07-29(화)","연두부&양념장(05)","70.66kcal","마카로니샐러드(01)(05)","247.42kcal","무생채","14.73kcal","","","2708.07kcal"
"2025-07-29(화)","배추김치","0kcal","깍두기(완제품)","0kcal","백색우유(02)","70kcal","","","2708.07kcal"
"2025-07-29(화)","","","","","배추김치","0kcal","","","2708.07kcal"
"2025-07-30(수)","밥","375.45kcal","밥","375.45kcal","밥","375.45kcal","","","3630.54kcal"
"2025-07-30(수)","얼큰쇠고기무국(05)(06)(16)","59.62kcal","햄짜글이(05)(06)(10)(16)","145.89kcal","닭장각삼계탕(15)","640.27kcal","","","3630.54kcal"
"2025-07-30(수)","멸치볶음(05)","71.57kcal","등갈비간장조림(05)(06)(10)","637.4kcal","동그랑땡(05)(06)(10)","440kcal","","","3630.54kcal"
"2025-07-30(수)","언양식바싹불고기(01)(02)(05)(06)(10)(12)(15)(16)","317.7kcal","샤인머스켓주스","45kcal","부추양파무침","6.74kcal","","","3630.54kcal"
"2025-07-30(수)","배추김치","0kcal","무말랭이무침(13)","140kcal","깍두기(완제품)","0kcal","","","3630.54kcal"
"2025-07-30(수)","","","배추김치","0kcal","","","","","3630.54kcal"
"2025-07-31(목)","밥","375.45kcal","밥","375.45kcal","밥","375.45kcal","","","3952.19kcal"
"2025-07-31(목)","감자호박국(05)(06)(16)","41.78kcal","닭고기육개장(01)(05)(06)(15)(16)","99.66kcal","감자양파찌개(02)(05)(06)(10)(15)(16)","114.78kcal","","","3952.19kcal"
"2025-07-31(목)","어묵볶음(05)(06)","267.61kcal","새우가스(01)(05)","698.2kcal","깐쇼새우(05)(06)(09)(12)(16)","547.88kcal","","","3952.19kcal"
"2025-07-31(목)","김자반","88.4kcal","무&비트피클(완)","30kcal","백색우유(02)","70kcal","","","3952.19kcal"
"2025-07-31(목)","닭바베큐소스조림(05)(12)(15)","423.38kcal","배추김치","0kcal","참치샐러드","355.83kcal","","","3952.19kcal"
"2025-07-31(목)","배추김치","0kcal","","","수박","88.32kcal","","","3952.19kcal"
"2025-07-31(목)","","","","","깍두기(완제품)","0kcal","","","3952.19kcal"
"2025-07-01(화)","밥","375.45kcal","밥","375.45kcal","중화식덮밥(05)(09)(10)(17)","677.56kcal","","","3489.27kcal"
"2025-07-01(화)","어묵탕(05)(06)","101.1kcal","시래기감자탕(05)(06)(10)(16)","410.73kcal","감자달걀국(01)(09)(16)","66.32kcal","","","3489.27kcal"
"2025-07-01(화)","계란장조림","0kcal","동그랑땡(05)(06)(10)","440kcal","유린기(05)(06)","285.83kcal","","","3489.27kcal"
"2025-07-01(화)","쇠고기감자조림(05)(16)","328.76kcal","풋고추된장무침(05)(06)","30.57kcal","계란후라이(완제품)(01)(02)(06)(10)","102.5kcal","","","3489.27kcal"
"2025-07-04(금)","황태채국(01)(05)(06)(16)","78.45kcal","순두부백탕(01)(05)(06)(09)(16)(18)","76.7kcal","김치찌개(05)(09)(10)","104.91kcal","","","3221.36kcal"
"2025-07-04(금)","비엔나소시지감자조림(02)(05)(06)(10)(16)(18)","345.01kcal","애호박나물(05)(09)","43.78kcal","꽈리고추멸치볶음(05)","88.26kcal","","","3221.36kcal"
"2025-07-04(금)","피자오믈렛","149kcal","동파육","708.9kcal","닭강정(01)(02)(05)(06)(15)","430kcal","","","3221.36kcal"
"2025-07-04(금)","배추김치","0kcal","배추김치","0kcal","백색우유(02)","70kcal","","","3221.36kcal"
"2025-07-04(금)","","","","","배추김치","0kcal","","","3221.36kcal"
"2025-07-05(토)","햄치즈버거(01)(02)(06)(10)","494kcal","밥","375.45kcal","제육덮밥(05)(10)","670.61kcal","","","2983.18kcal"
"2025-07-05(토)","계란후라이(완제품)(01)(02)(06)(10)","102.5kcal","사골곰탕(05)(06)","168.79kcal","계란후라이(완제품)(01)(02)(06)(10)","102.5kcal","","","2983.18kcal"
"2025-07-05(토)","가공우유(초코맛)(02)","194kcal","메추리알장조림(완)(01)(05)(06)","232.5kcal","무나물","21.36kcal","","","2983.18kcal"
"2025-07-05(토)","치킨텐더샐러드(01)(05)(06)(12)(15)(16)(18)","169.42kcal","배추나물(05)(06)","23.85kcal","토핑형발효유(02)(05)(06)","165kcal","","","2983.18kcal"
"2025-07-05(토)","시리얼(3)(05)","193.2kcal","깍두기(완제품)","0kcal","배추김치","0kcal","","","2983.18kcal"
"2025-07-05(토)","백색우유(02)","70kcal","","","","","","","2983.18kcal"
"2025-07-06(일)","밥","375.45kcal","밥","375.45kcal","밥","375.45kcal","","","2377.29kcal"
"2025-07-06(일)","순두부된장국(05)(06)(09)","89.98kcal","들깨무채국(05)(06)(16)","16.49kcal","어묵탕(05)(06)","101.1kcal","","","2377.29kcal"
"2025-07-06(일)","계란말이(완)(01)(05)","55kcal","고추장돼지불고기(완제품)(05)(06)(10)","438.73kcal","무조림","27.08kcal","","","2377.29kcal"
"2025-07-06(일)","오이무침(05)","21.26kcal","새송이버섯야채볶음(05)(06)(10)(18)","66.24kcal","닭고기야채조림(05)(15)","365.06kcal","","","2377.29kcal"
"2025-07-06(일)","배추김치","0kcal","배추김치","0kcal","백색우유(02)","70kcal","","","2377.29kcal"
"2025-07-06(일)","","","","","배추김치","0kcal","","","2377.29kcal"
"2025-07-07(월)","밥","375.45kcal","밥","375.45kcal","잡곡밥","424.67kcal","","","2650.31kcal"
"2025-07-07(월)","팽이버섯된장국(05)(06)(09)(16)","103.35kcal","감자호박국(05)(06)(16)","41.78kcal","황태해장국(완)(05)","18.58kcal","","","2650.31kcal"
"2025-07-07(월)","멸치볶음(05)","71.57kcal","소불고기(완제품)(05)(06)(16)","488.67kcal","순살삼치구이(05)(06)(07)","106.62kcal","","","2650.31kcal"
"2025-07-07(월)","돼지고기부추볶음(05)(06)(10)(18)","365.48kcal","두부양념장(05)","89.73kcal","상추겉절이","13.26kcal","","","2650.31kcal"
"2025-07-07(월)","깍두기(완제품)","0kcal","볶음김치(05)","18.2kcal","바나나","157.5kcal","","","2650.31kcal"
"2025-07-07(월)","","","","","깍두기(완제품)","0kcal","","","2650.31kcal"
"2025-07-08(화)","밥","375.45kcal","밥","375.45kcal","밥","375.45kcal","","","3652.12kcal"
"2025-07-08(화)","참치오믈렛(01)(05)(06)(18)","190kcal","콩나물김치국(05)(06)(16)","25.38kcal","꽃게탕(05)(06)(08)(09)(17)","94.65kcal","","","3652.13kcal"
"2025-07-08(화)","얼큰수제비국(05)(06)(16)","128.94kcal","감자채볶음(02)(05)(10)(15)(16)","84.29kcal","훈제닭다리(완)(01)(02)(05)(15)","525.6kcal","","","3652.14kcal"
"2025-07-08(화)","비엔나소시지케찹볶음(02)(05)(06)(10)(12)(16)(18)","380.65kcal","돼지삼겹야채볶음(05)(06)(10)(18)","474.24kcal","백색우유(02)","70kcal","","","3652.15kcal"
"2025-07-08(화)","배추김치","0kcal","김","28kcal","양배추샐러드(01)(05)","79.02kcal","","","3652.16kcal"
"2025-07-08(화)","","","깍두기(완제품)","0kcal","배추김치","0kcal","","","3652.17kcal"
"2025-07-08(화)","","","","","농심,신라면블랙사발,101g","445kcal","","","3652.18kcal"
"2025-07-09(수)","밥","375.45kcal","밥","375.45kcal","흑미밥","394.2kcal","","","3750.18kcal"
"2025-07-09(수)","얼큰계란국(01)(16)","80.8kcal","순두부백탕(01)(05)(06)(09)(16)(18)","76.7kcal","꼬리곰탕(05)(06)(09)","321.56kcal","","","3750.18kcal"
"2025-07-09(수)","어묵볶음(05)(06)","267.61kcal","고추잡채(05)(06)(10)(18)","297.48kcal","훈제삼겹살(05)(06)(07)(10)(13)(16)","645kcal","","","3750.18kcal"
"2025-07-09(수)","맛밤송송함박스테이크(05)(10)(12)(13)(16)","653kcal","메추리알장조림(완)(01)(05)(06)","232.5kcal","부추양파무침","6.74kcal","","","3750.18kcal"
"2025-07-09(수)","열무김치","0kcal","깍두기(완제품)","0kcal","저염쌈장(05)(06)","23.69kcal","","","3750.18kcal"
"2025-07-09(수)","","","","","보쌈김치","0kcal","","","3750.18kcal"
"2025-07-10(목)","밥","375.45kcal","찰현미밥","393.6kcal","새우튀김덮밥(에비동)(05)(06)(09)(18)","796.71kcal","","","3474.87kcal"
"2025-07-10(목)","두부계란국(01)(05)(06)(16)","66.2kcal","닭고기미역국(05)(06)(15)(16)","63.57kcal","미소장국(05)","45.41kcal","","","3474.87kcal"
"2025-07-10(목)","쇠고기불고기(05)(16)","329.86kcal","낙지삼겹살새우볶음(05)(06)(09)(10)(17)(18)","680.61kcal","닭꼬치(완)(05)(06)(15)","400kcal","","","3474.87kcal"
"2025-07-10(목)","가지볶음(05)","51.26kcal","옥수수계란찜(09)","13.88kcal","수박","88.32kcal","","","3474.87kcal"
"2025-07-10(목)","배추김치","0kcal","두유(05)","100kcal","백색우유(02)","70kcal","","","3474.87kcal"
"2025-07-10(목)","","","배추김치","0kcal","배추김치","0kcal","","","3474.87kcal"
"2025-07-11(금)","밥","375.45kcal","밥","375.45kcal","찰수수밥","385.73kcal","","","2708.13kcal"
"2025-07-11(금)","유부장국(05)(16)","14.86kcal","두부된장찌개(05)(09)","113.45kcal","꼬치어묵국","175.53kcal","","","2708.13kcal"
"2025-07-11(금)","돼지고기무볶음(05)(10)","277.08kcal","파채&간장돼지불백(05)(06)(10)(16)(18)","386.58kcal","떡볶이(01)(05)(06)","265.02kcal","","","2708.13kcal"
"2025-07-11(금)","김자반","88.4kcal","느타리버섯볶음(05)","38.58kcal","찰순대찜(06)(10)","136kcal","","","2708.13kcal"
"2025-07-11(금)","배추김치","0kcal","열무김치","0kcal","반달단무지(13)","6kcal","","","2708.13kcal"
"2025-07-11(금)","","","","","백색우유(02)","70kcal","","","2708.13kcal"
"2025-07-12(토)","핫도그빵(01)(02)(05)(06)","534.6kcal","밥1","326.79kcal","오징어덮밥(05)(17)","587.02kcal","","","3217.10kcal"
"2025-07-12(토)","스크램블에그(01)(05)","206kcal","너비아니꼬지치즈맛","462kcal","치킨너겟(01)(02)(05)(06)(12)(15)(16)(18)","213.59kcal","","","3217.10kcal"
"2025-07-12(토)","시리얼(2)(05)","244kcal","가공우유(바나나맛)(02)","165kcal","배추김치","0kcal","","","3217.10kcal"
"2025-07-12(토)","백색우유(02)","70kcal","양송이스프(02)(05)(06)(15)","175kcal","","","","","3217.10kcal"
"2025-07-12(토)","오이피클","72.9kcal","배추김치","0kcal","","","","","3217.10kcal"
"2025-07-12(토)","단호박샐러드(완)","160.2kcal","","","","","","","3217.10kcal"
"2025-07-13(일)","밥","375.45kcal","밥","375.45kcal","밥","375.45kcal","","","3044.54kcal"
"2025-07-13(일)","홍합탕(05)(06)(09)(16)(17)(18)","105.03kcal","사골곰탕(05)(06)","168.79kcal","사골우거지국(02)(05)(06)(16)(18)","165.63kcal","","","3044.54kcal"
"2025-07-13(일)","돼지고기청경채볶음(05)(06)(10)(18)","361.12kcal","찐새우만두(05)(06)(09)","588kcal","사천식캐슈넛멸치볶음(04)(05)","102.06kcal","","","3044.54kcal"
"2025-07-13(일)","배추겉절이","20.35kcal","무말랭이무침(13)","140kcal","주꾸미볶음(05)","169.21kcal","","","3044.54kcal"
"2025-07-13(일)","김","28kcal","열무김치","0kcal","백색우유(02)","70kcal","","","3044.54kcal"
"2025-07-13(일)","","","","","깍두기(완제품)","0kcal","","","3044.54kcal"
"2025-07-14(월)","밥","375.45kcal","밥","375.45kcal","찰현미밥","393.6kcal","","","2845.82kcal"
"2025-07-14(월)","닭고기육개장(01)(05)(06)(15)(16)","99.66kcal","짬뽕순두부(01)(05)(06)(09)(10)(16)(17)(18)","174.29kcal","닭볶음탕(05)(15)","327.9kcal","","","2845.82kcal"
"2025-07-14(월)","햄감자채볶음(05)(10)","119.29kcal","비엔나메추리알조림(01)(02)(05)(06)(10)(15)(16)(18)","343.3kcal","참치고추장찌개(05)(06)(09)(16)","186.32kcal","","","2845.82kcal"
"2025-07-14(월)","치즈함박스테이크(01)(02)(05)(06)(10)(12)(15)(16)","339.8kcal","콩나물매운무침(05)","25.28kcal","무나물","21.36kcal","","","2845.82kcal"
"2025-07-14(월)","배추김치","0kcal","열무김치","0kcal","복숭아(천도)(11)","64.12kcal","","","2845.82kcal"
"2025-07-14(월)","","","","","배추김치","0kcal","","","2845.82kcal"
"2025-07-15(화)","밥","375.45kcal","밥","375.45kcal","현미밥","393.6kcal","","","2721.79kcal"
"2025-07-15(화)","순두부해물찌개(05)(06)(09)(17)(18)","83.57kcal","감자국(05)(06)(16)","45.06kcal","돼지고기애호박찌개(05)(06)(10)(16)","120.65kcal","","","2721.79kcal"
"2025-07-15(화)","동그랑땡(05)(06)(10)","440kcal","오리불고기(05)","40.78kcal","에그카츠(01)(05)(06)(10)(12)(16)(18)","481.25kcal","","","2721.79kcal"
"2025-07-15(화)","오복지무침(05)(06)","24.5kcal","무쌈","40kcal","양배추피클","0kcal","","","2721.79kcal"
"2025-07-15(화)","김","28kcal","팩형아이스크림(01)(02)","175kcal","백색우유(02)","70kcal","","","2721.79kcal"
"2025-07-15(화)","배추김치","0kcal","흑임자드레싱(01)(05)","28.48kcal","열무김치","0kcal","","","2721.79kcal"
"2025-07-15(화)","","","배추김치","0kcal","","","","","2721.79kcal"
"2025-07-16(수)","흑미밥","394.2kcal","찹쌀밥","395.45kcal","비빔밥(05)(16)","697.38kcal","","","2854.70kcal"
"2025-07-16(수)","감자양파찌개(02)(05)(06)(10)(15)(16)","114.78kcal","콩나물국(05)(06)(16)","29.85kcal","얼갈이된장국(05)(06)","32.25kcal","","","2854.70kcal"
"2025-07-16(수)","느타리버섯볶음(05)","38.58kcal","볼케이노치킨(02)(05)(06)(12)(15)(16)(18)","343.89kcal","김말이튀김(05)","271.74kcal","","","2854.70kcal"
"2025-07-16(수)","돼지불고기(05)(10)","353.5kcal","청포묵무침(01)(05)(16)","71.53kcal","계란후라이(완제품)(01)(02)(06)(10)","102.5kcal","","","2854.70kcal"
"2025-07-16(수)","배추김치","0kcal","배추김치","0kcal","오이장아찌","9.05kcal","","","2854.70kcal"
"2025-07-16(수)","","","","","냉동빵, 더브레드블루, 치키차카초코쌀낭시에(초코)(냉동), 60g","","","","2854.71kcal"
"2025-07-16(수)","","","","","케이크또는파이또는패스트리, 참조은에스에프, 쿠키앤크림스틱치즈케익, 400g(50g8개)상자","","","","2854.72kcal"
"2025-07-17(목)","밥","375.45kcal","밥","375.45kcal","밥","375.45kcal","","","3435.04kcal"
"2025-07-17(목)","황태채국(01)(05)(06)(16)","78.45kcal","어묵탕(05)(06)","101.1kcal","부대찌개(02)(05)(06)(10)(15)(16)(18)","155.37kcal","","","3435.04kcal"
"2025-07-17(목)","호박새우볶음(05)(09)","44.98kcal","모듬쌈(05)(06)","28.45kcal","닭순살치킨가스(01)(05)(06)(10)(12)(15)(16)","587.8kcal","","","3435.04kcal"
"2025-07-17(목)","닭순살야채조림(15)","292.22kcal","냉채족발(02)(05)(06)(10)(16)","407kcal","감자에그샐러드(완)","315kcal","","","3435.04kcal"
"2025-07-17(목)","열무김치","0kcal","제로콜라","0kcal","백색우유(02)","70kcal","","","3435.04kcal"
"2025-07-17(목)","","","무말랭이무침(13)","140kcal","수박","88.32kcal","","","3435.04kcal"
"2025-07-17(목)","","","보쌈김치","0kcal","깍두기(완제품)","0kcal","","","3435.04kcal"
"2025-07-18(금)","밥","375.45kcal","밥","375.45kcal","밥","375.45kcal","","","3674.54kcal"
"2025-06-19(목)","맛밤송송함박스테이크(05)(10)(12)(13)(16)","653kcal","마파두부(05)(06)(10)(15)(18)","268.33kcal","부추양파무침","6.74kcal","","","3472.66kcal"
"2025-06-19(목)","열무김치","0kcal","두유(05)","100kcal","수박","88.32kcal","","","3472.66kcal"
"2025-06-19(목)","","","배추김치","0kcal","깍두기(완제품)","0kcal","","","3472.66kcal"
"2025-06-20(금)","밥","375.45kcal","밥","375.45kcal","찰수수밥","385.73kcal","","","2932.21kcal"
"2025-06-20(금)","들깨무채국(05)(06)(16)","16.49kcal","두부된장찌개(05)(09)","113.45kcal","꼬치어묵국","175.53kcal","","","2932.21kcal"
"2025-06-20(금)","가지볶음(05)","81.83kcal","꽈리고추멸치볶음(05)","88.26kcal","떡볶이(01)(05)(06)","264.27kcal","","","2932.21kcal"
"2025-06-20(금)","김자반","88.4kcal","파채&간장돼지불백(05)(06)(10)(16)(18)","383.58kcal","찰순대찜(06)(10)","136kcal","","","2932.21kcal"
"2025-06-20(금)","닭순살야채조림(15)","276.77kcal","열무김치","0kcal","반달단무지(13)","6kcal","","","2932.21kcal"
"2025-06-20(금)","배추김치","0kcal","","","토핑형발효유(02)(05)(06)","165kcal","","","2932.21kcal"
"2025-06-21(토)","햄치즈버거(01)(02)(05)(06)(10)(12)(15)(16)","418.6kcal","밥","375.45kcal","제육덮밥(05)(10)","679.36kcal","","","2581.29kcal"
"2025-06-21(토)","계란후라이(완제품)(01)(02)(06)(10)","102.5kcal","사골곰탕(05)(06)","210.29kcal","무나물","21.36kcal","","","2581.29kcal"
"2025-06-21(토)","치킨텐더샐러드(01)(05)(06)(12)(15)(16)(18)","118.67kcal","메추리알장조림(완)(01)(05)(06)","232.5kcal","배추김치","0kcal","","","2581.29kcal"
"2025-06-21(토)","가공우유(바나나맛)(02)","165kcal","낙지젓무침(17)","33.36kcal","","","","","2581.29kcal"
"2025-06-21(토)","백색우유(02)","70kcal","깍두기(완제품)","0kcal","","","","","2581.29kcal"
"2025-06-21(토)","시리얼(3)","154.2kcal","","","","","","","2581.29kcal"
"2025-06-22(일)","밥","375.45kcal","밥","375.45kcal","밥","375.45kcal","","","2451.11kcal"
"2025-06-22(일)","시금치된장국(05)(06)(09)(16)","45.38kcal","해물짬뽕(05)(06)(09)(16)(17)","91.28kcal","사골미역국(16)","33.31kcal","","","2451.11kcal"
"2025-06-22(일)","소고기꽈리고추조림(05)(16)","304.26kcal","간장돼지불고기(완제품)(05)(06)(10)","307.17kcal","닭고기야채조림(05)(15)","345.69kcal","","","2451.11kcal"
"2025-06-22(일)","무조림","27.08kcal","오이무침(05)","21.88kcal","오징어젓무침(17)","60.51kcal","","","2451.11kcal"
"2025-06-22(일)","배추김치","0kcal","볶음김치(05)","18.2kcal","백색우유(02)","70kcal","","","2451.11kcal"
"2025-06-22(일)","","","","","깍두기(완제품)","0kcal","","","2451.11kcal"
"2025-06-23(월)","밥","375.45kcal","밥","375.45kcal","밥","375.45kcal","","","3270.78kcal"
"2025-06-23(월)","콩나물국(05)(06)(16)","29.85kcal","어묵탕(05)(06)","101.1kcal","부대찌개(02)(05)(06)(10)(15)(16)(18)","155.37kcal","","","3270.78kcal"
"2025-06-23(월)","돼지고기고추장볶음(05)(10)","626.89kcal","모듬쌈(05)(06)","28.45kcal","닭순살치킨가스(01)(05)(06)(10)(12)(15)(16)","587.8kcal","","","3270.78kcal"
"2025-06-23(월)","호박새우볶음(05)(09)","44.23kcal","냉채족발(02)(05)(06)(10)(16)","407kcal","부추양파무침","6.74kcal","","","3270.78kcal"
"2025-06-23(월)","열무김치","0kcal","무말랭이무침(13)","140kcal","대추방울토마토","17kcal","","","3270.78kcal"
"2025-06-23(월)","","","보쌈김치","0kcal","깍두기(완제품)","0kcal","","","3270.78kcal"
"2025-06-24(화)","밥","375.45kcal","밥","375.45kcal","밥","375.45kcal","","","4288.38kcal"
"2025-06-24(화)","쇠고기무국(05)(06)(16)","61.31kcal","돼지고기고추장찌개(05)(06)(10)(16)","139.56kcal","김치찌개(05)(09)(10)","131.31kcal","","","4288.38kcal"
"2025-06-24(화)","새송이버섯야채볶음(05)(06)(10)(18)","65.19kcal","낙지삼겹살새우볶음(05)(06)(09)(10)(17)(18)","769.86kcal","돈가스(02)(05)(06)(10)(12)(16)(18)","688.39kcal","","","4288.38kcal"
"2025-06-24(화)","닭순살야채조림(15)","276.77kcal","콘치즈계란찜(02)","42.69kcal","백색우유(02)","70kcal","","","4288.38kcal"
"2025-06-24(화)","깍두기(완제품)","0kcal","이온음료(포카리)","85kcal","참치샐러드","372.86kcal","","","4288.38kcal"
"2025-06-24(화)","","","배추김치","0kcal","열무김치","0kcal","","","4288.38kcal"
"2025-06-24(화)","","","","","오뚜기라면,참깨라면,110g","459.09kcal","","","4288.38kcal"
"2025-06-25(수)","밥","375.45kcal","밥","375.45kcal","밥","375.45kcal","","","3170.28kcal"
"2025-06-25(수)","황태채국(01)(05)(06)(16)","78.45kcal","햄짜글이(05)(06)(10)(16)","145.89kcal","삼계탕(15)","533.42kcal","","","3170.28kcal"
"2025-06-25(수)","멸치볶음(05)","71.57kcal","어묵볶음(05)(06)","266.86kcal","김말이튀김(05)","271.74kcal","","","3170.28kcal"
"2025-06-25(수)","언양식바싹불고기(01)(02)(05)(06)(10)(12)(15)(16)","317.7kcal","달콤돼지고기볶음(10)","327.73kcal","풋고추된장무침(05)(06)","30.57kcal","","","3170.28kcal"
"2025-06-25(수)","배추김치","0kcal","배추김치","0kcal","깍두기(완제품)","0kcal","","","3170.28kcal"
"2025-06-25(수)","","","","","상일식품(주),야채건빵,증식용, 65g","","","","3170.28kcal"
"2025-06-26(목)","밥","375.45kcal","현미밥","393.6kcal","새우튀김덮밥(에비동)(05)(06)(09)(18)","796.71kcal","","","3270.65kcal"
"2025-06-26(목)","아욱된장국(05)(06)(16)","31.15kcal","짬뽕순두부(01)(05)(06)(09)(10)(16)(17)(18)","174.29kcal","미소장국(05)","45.41kcal","","","3270.65kcal"
"2025-06-26(목)","쇠고기불고기(05)(16)","307.81kcal","김자반","88.4kcal","닭꼬치(완)(05)(06)(15)","400kcal","","","3270.65kcal"
"2025-06-26(목)","가지볶음(05)","81.83kcal","비엔나메추리알조림(01)(02)(05)(06)(10)(15)(16)(18)","343.15kcal","꼬들단무지","0kcal","","","3270.65kcal"
"2025-06-26(목)","배추김치","0kcal","콩나물매운무침(05)","24.53kcal","수박","88.32kcal","","","3270.65kcal"
"2025-06-26(목)","","","튜브형아이스크림2","120kcal","","","","","3270.65kcal"
"2025-06-26(목)","","","열무김치","0kcal","","","","","3270.65kcal"
"2025-06-27(금)","밥","375.45kcal","찹쌀밥","395.45kcal","밥","375.45kcal","","","2993.52kcal"
"2025-06-27(금)","순두부해물찌개(05)(06)(09)(17)(18)","83.57kcal","감자국(05)(06)(16)","44.31kcal","감자양파찌개(02)(05)(06)(10)(15)(16)","114.78kcal","","","2993.52kcal"
"2025-06-27(금)","감자채볶음(02)(05)(10)(15)(16)","83.69kcal","닭순살김치볶음(05)(15)","394.9kcal","돼지갈비찜(10)(12)","548.27kcal","","","2993.52kcal"
"2025-06-27(금)","동그랑땡(05)(06)(10)","440kcal","시금치무침","26.84kcal","상추겉절이","12.81kcal","","","2993.52kcal"
"2025-06-27(금)","김","28kcal","배추김치","0kcal","백색우유(02)","70kcal","","","2993.52kcal"
"2025-06-27(금)","배추김치","0kcal","","","열무김치","0kcal","","","2993.52kcal"
"2025-06-28(토)","핫도그빵(01)(02)(05)(06)","665.2kcal","밥1","326.79kcal","오징어덮밥(05)(17)","615.67kcal","","","3470.35kcal"
"2025-06-28(토)","스크램블에그(01)(05)","206kcal","바베큐폭립(완제품)(05)(06)(10)(12)","281.75kcal","치킨너겟(01)(05)","344.84kcal","","","3470.35kcal"
"2025-06-28(토)","시리얼(2)(05)","258kcal","가공우유(초코맛)(02)","194kcal","짜먹는발효유(02)","100kcal","","","3470.35kcal"
"2025-06-28(토)","단호박샐러드(완)","160.2kcal","양송이스프(02)(05)(06)(15)","175kcal","배추김치","0kcal","","","3470.35kcal"
"2025-06-28(토)","백색우유(02)","70kcal","배추김치","0kcal","","","","","3470.35kcal"
"2025-06-28(토)","오이피클","72.9kcal","","","","","","","3470.35kcal"
"2025-06-29(일)","밥","375.45kcal","밥","375.45kcal","밥","375.45kcal","","","3032.97kcal"
"2025-06-29(일)","홍합탕(05)(06)(09)(16)(17)(18)","105.03kcal","사골곰탕(05)(06)","210.29kcal","어묵탕(05)(06)","101.1kcal","","","3032.97kcal"
"2025-06-29(일)","돼지고기청경채볶음(05)(06)(10)(18)","350.57kcal","찐새우만두(05)(06)(09)","588kcal","무조림","27.08kcal","","","3032.97kcal"
"2025-06-29(일)","배추겉절이","20.35kcal","오징어젓무침(17)","60.51kcal","닭고기야채조림(05)(15)","345.69kcal","","","3032.97kcal"
"2025-06-29(일)","김","28kcal","열무김치","0kcal","백색우유(02)","70kcal","","","3032.97kcal"
"2025-06-29(일)","","","","","배추김치","0kcal","","","3032.97kcal"
"2025-06-30(월)","흑미밥","394.2kcal","밥","375.45kcal","비빔밥(05)(16)","778.18kcal","","","3119.38kcal"
"2025-06-30(월)","감자양파찌개(02)(05)(06)(10)(15)(16)","114.78kcal","콩나물국(05)(06)(16)","29.85kcal","얼갈이된장국(05)(06)","32.25kcal","","","3119.38kcal"
"2025-06-30(월)","애호박나물(05)(09)","43.78kcal","볼케이노치킨(02)(05)(06)(12)(15)(16)(18)","328.44kcal","김말이튀김(05)","271.74kcal","","","3119.38kcal"
"2025-06-30(월)","돼지불고기(05)(10)","342.95kcal","무나물","21.36kcal","계란후라이(완제품)(01)(02)(06)(10)","102.5kcal","","","3119.38kcal"
"2025-06-30(월)","배추김치","0kcal","팩형아이스크림(01)(02)","175kcal","마시는발효유(01)(02)(05)","100.6kcal","","","3119.38kcal"
"2025-06-30(월)","","","배추김치","0kcal","오이장아찌","8.3kcal","","","3119.38kcal"
"2025-07-01(화)","밥","375.45kcal","밥","375.45kcal","중화식덮밥(05)(09)(10)(17)","677.56kcal","","","3489.27kcal"
"2025-07-01(화)","어묵탕(05)(06)","101.1kcal","시래기감자탕(05)(06)(10)(16)","410.73kcal","감자달걀국(01)(09)(16)","66.32kcal","","","3489.27kcal"
"2025-07-01(화)","계란장조림","0kcal","동그랑땡(05)(06)(10)","440kcal","유린기(05)(06)","285.83kcal","","","3489.27kcal"
"2025-07-01(화)","쇠고기감자조림(05)(16)","328.76kcal","풋고추된장무침(05)(06)","30.57kcal","계란후라이(완제품)(01)(02)(06)(10)","102.5kcal","","","3489.27kcal"
"2025-07-01(화)","배추김치","0kcal","컵형아이스크림(01)(02)(06)","225kcal","꼬들단무지","0kcal","","","3489.27kcal"
"2025-07-01(화)","","","배추김치","0kcal","백색우유(02)","70kcal","","","3489.27kcal"
"2025-07-02(수)","밥","375.45kcal","현미밥","393.6kcal","밥","375.45kcal","","","2713.18kcal"
"2025-07-02(수)","닭곰탕(15)","83.12kcal","홍합탕(05)(06)(09)(16)(17)(18)","105.03kcal","닭볶음탕(05)(15)","327.9kcal","","","2713.18kcal"
"2025-07-02(수)","감자채볶음(02)(05)(10)(15)(16)","84.29kcal","오징어삼겹볶음(05)(10)(17)","363.75kcal","순두부찌개(05)(06)(16)(18)","62.05kcal","","","2713.18kcal"
"2025-07-02(수)","언양식바싹불고기(01)(02)(05)(06)(10)(12)(15)(16)","317.7kcal","느타리버섯볶음(05)","38.58kcal","오이무침(05)","21.26kcal","","","2713.18kcal"
"2025-07-02(수)","배추김치","0kcal","깍두기(완제품)","0kcal","가공우유(바나나맛)(02)","165kcal","","","2713.18kcal"
"2025-07-02(수)","","","","","열무김치","0kcal","","","2713.18kcal"
"2025-07-03(목)","밥","375.45kcal","밥","375.45kcal","밥","375.45kcal","","","3558.32kcal"
"2025-07-03(목)","쇠고기무국(05)(06)(16)","61.31kcal","짬뽕찌개(굴)(05)(06)(09)(10)(16)(17)(18)","151.71kcal","사누끼우동(05)(06)","243.77kcal","","","3558.32kcal"
"2025-07-03(목)","돼지고기고추장볶음(05)(10)","627.64kcal","순살고등어구이(05)(07)","151.95kcal","돈가스(02)(05)(06)(10)(12)(16)(18)","688.39kcal","","","3558.32kcal"
"2025-07-03(목)","오징어채무침(05)(17)","213.25kcal","콩나물무침(05)","24.93kcal","양배추샐러드(01)(05)","79.02kcal","","","3558.32kcal"
"2025-07-03(목)","깍두기(완제품)","0kcal","튜브형아이스크림2","120kcal","백색우유(02)","70kcal","","","3558.32kcal"
"2025-07-03(목)","","","배추김치","0kcal","열무김치","0kcal","","","3558.32kcal"
"2025-07-04(금)","밥","375.45kcal","밥","375.45kcal","밥","375.45kcal","","","3221.36kcal"
"2025-06-05(목)","어묵탕(05)(06)","101.1kcal","쇠고기탕국(05)(06)(09)(16)","64.27kcal","두부계란국(01)(05)(06)(16)","66.2kcal","","","3345.77kcal"
"2025-06-05(목)","쇠고기감자조림(05)(16)","382.16kcal","돼지고기청경채볶음(05)(06)(10)(18)","350.57kcal","유린기(05)(06)","310.83kcal","","","3345.77kcal"
"2025-06-05(목)","피자오믈렛(01)(05)(06)(10)(12)(18)","250kcal","오징어채무침(05)(17)","213.25kcal","사과(후지)","59.68kcal","","","3345.77kcal"
"2025-06-05(목)","배추김치","0kcal","튜브형아이스크림2","120kcal","배추김치","0kcal","","","3345.77kcal"
"2025-06-05(목)","","","배추김치","0kcal","","","","","3345.77kcal"
"2025-06-06(금)","밥","375.45kcal","밥","375.45kcal","찰현미밥","393.6kcal","","","2908.78kcal"
"2025-06-06(금)","황태채국(01)(05)(06)(16)","78.45kcal","얼갈이된장국(05)(06)","32.25kcal","참치김치찌개(05)(09)","99.15kcal","","","2908.78kcal"
"2025-06-06(금)","감자채볶음(02)(05)(10)(15)(16)","83.69kcal","훈제오리볶음(01)(05)(06)(18)","532.02kcal","어묵볶음(05)(06)","266.86kcal","","","2908.78kcal"
"2025-06-06(금)","비엔나소시지케찹볶음(02)(05)(06)(10)(12)(16)(18)","379.15kcal","부추겉절이","14.3kcal","돼지고기육전(01)(05)(06)(10)","138.41kcal","","","2908.78kcal"
"2025-06-06(금)","배추김치","0kcal","무쌈","40kcal","짜먹는발효유(02)","100kcal","","","2908.78kcal"
"2025-06-06(금)","","","보쌈김치","0kcal","열무김치","0kcal","","","2908.78kcal"
"2025-06-07(토)","불고기버거(01)(02)(05)(06)(10)(12)(16)","461.41kcal","밥","375.45kcal","삼색도리덮밥(01)(02)(05)(06)(10)(15)","755.94kcal","","","2968.65kcal"
"2025-06-07(토)","계란후라이(완제품)(01)(02)(06)(10)","102.5kcal","순대국밥(05)(06)(10)","452.69kcal","통모짜핫도그","0kcal","","","2968.65kcal"
"2025-06-07(토)","시리얼(증)(05)(06)","236.4kcal","왕교자만두찜(06)(10)","288.75kcal","배추김치","0kcal","","","2968.65kcal"
"2025-06-07(토)","백색우유(02)","70kcal","오징어젓무침(17)","60.51kcal","","","","","2968.65kcal"
"2025-06-07(토)","가공우유(딸기맛)(02)(05)","165kcal","깍두기(완제품)","0kcal","","","","","2968.65kcal"
"2025-06-08(일)","밥","375.45kcal","밥","375.45kcal","밥","375.45kcal","","","2290.18kcal"
"2025-06-08(일)","쇠고기미역국(05)(06)(16)","52.43kcal","황태해장국(완)(05)","18.58kcal","부대찌개(02)(05)(06)(10)(15)(16)(18)","155.37kcal","","","2290.18kcal"
"2025-06-08(일)","닭간장소스찜(15)","274.69kcal","돼지불고기(05)(10)","342.95kcal","주꾸미볶음(05)","168.16kcal","","","2290.18kcal"
"2025-06-08(일)","무생채","14.73kcal","오이무침(05)","21.88kcal","시금치무침","26.84kcal","","","2290.18kcal"
"2025-06-08(일)","배추김치","0kcal","볶음김치(05)","18.2kcal","백색우유(02)","70kcal","","","2290.18kcal"
"2025-06-08(일)","","","","","열무김치","0kcal","","","2290.18kcal"
"2025-06-09(월)","밥","375.45kcal","밥","375.45kcal","밥","375.45kcal","","","2897.85kcal"
"2025-06-09(월)","사골우거지국(02)(05)(06)(16)(18)","165.63kcal","순두부백탕(01)(05)(06)(09)(16)(18)","76.7kcal","닭볶음탕(05)(15)","308.53kcal","","","2897.85kcal"
"2025-06-09(월)","감자채볶음(02)(05)(10)(15)(16)","83.69kcal","느타리버섯볶음(05)","37.98kcal","참치고추장찌개(05)(06)(09)(16)","156.92kcal","","","2897.85kcal"
"2025-06-09(월)","치즈함박스테이크(01)(02)(05)(06)(10)(12)(15)(16)","339.8kcal","돼지삼겹야채볶음(05)(06)(10)(18)","471.04kcal","청포묵무침(01)(05)(16)","71.53kcal","","","2897.85kcal"
"2025-06-09(월)","배추김치","0kcal","배추김치","0kcal","사과(후지)","59.68kcal","","","2897.85kcal"
"2025-06-09(월)","","","","","배추김치","0kcal","","","2897.85kcal"
"2025-06-10(화)","밥","375.45kcal","밥","375.45kcal","밥","375.45kcal","","","3326.09kcal"
"2025-06-10(화)","들깨무채국(05)(06)(16)","16.49kcal","콩나물김치국(05)(06)(16)","25.38kcal","닭고기육개장(01)(05)(06)(15)(16)","99.66kcal","","","3326.09kcal"
"2025-06-10(화)","돼지고기부추볶음(05)(06)(10)(18)","354.93kcal","오징어삼겹볶음(05)(10)(17)","390.4kcal","새우가스(01)(05)","848.6kcal","","","3326.09kcal"
"2025-06-10(화)","애호박나물(05)(09)","43.78kcal","메추리알장조림(완)(01)(05)(06)","232.5kcal","무&비트피클(완)","30kcal","","","3326.09kcal"
"2025-06-10(화)","김","28kcal","사과주스","60kcal","백색우유(02)","70kcal","","","3326.09kcal"
"2025-06-10(화)","배추김치","0kcal","깍두기(완제품)","0kcal","배추김치","0kcal","","","3326.09kcal"
"2025-06-10(화)","","","","","농심,육개장사발면,86g","","","","3326.09kcal"
"2025-06-11(수)","밥","375.45kcal","밥","375.45kcal","잡곡밥","424.67kcal","","","2888.64kcal"
"2025-06-11(수)","감자호박국(05)(06)(16)","41.78kcal","쇠고기버섯전골(05)(06)(09)(16)","88.79kcal","미역국(05)(06)(16)","29.58kcal","","","2888.64kcal"
"2025-06-11(수)","사천식캐슈넛멸치볶음(04)(05)","102.06kcal","콩나물잡채(05)(06)(10)","172.52kcal","한우갈비찜(16)","476.08kcal","","","2888.64kcal"
"2025-06-11(수)","김자반","88.4kcal","근대무침(05)(06)","25.9kcal","무생채","14.73kcal","","","2888.64kcal"
"2025-06-11(수)","닭바베큐소스조림(05)(15)","396.23kcal","스프라이트","112kcal","토핑형발효유(02)(05)(06)","165kcal","","","2888.64kcal"
"2025-06-11(수)","배추김치","0kcal","배추김치","0kcal","배추김치","0kcal","","","2888.64kcal"
"2025-06-12(목)","밥","375.45kcal","밥","375.45kcal","찰현미밥","393.6kcal","","","2829.78kcal"
"2025-06-12(목)","감자양파찌개(02)(05)(06)(10)(15)(16)","114.78kcal","얼큰수제비국(05)(06)(16)","128.94kcal","돼지국밥(05)(06)(10)","175.27kcal","","","2829.78kcal"
"2025-06-12(목)","동그랑땡(05)(06)(10)","440kcal","가지볶음(05)","81.83kcal","고기만두찜","400.4kcal","","","2829.78kcal"
"2025-06-12(목)","연두부&양념장(05)","70.66kcal","갈치순살튀김(05)","242.1kcal","부추겉절이","14.3kcal","","","2829.78kcal"
"2025-06-12(목)","배추김치","0kcal","열무김치","0kcal","대추방울토마토","17kcal","","","2829.78kcal"
"2025-06-12(목)","","","","","깍두기(완제품)","0kcal","","","2829.78kcal"
"2025-06-13(금)","밥","375.45kcal","밥","375.45kcal","밥","375.45kcal","","","3486.94kcal"
"2025-06-13(금)","황태채국(01)(05)(06)(16)","78.45kcal","쇠고기육개장(01)(05)(06)(16)","86.97kcal","감자고추장찌개(05)(06)(16)","96.08kcal","","","3486.94kcal"
"2025-06-13(금)","돼지고기무볶음(05)(10)","382.68kcal","낙지삼겹살새우볶음(05)(06)(09)(10)(17)(18)","769.86kcal","닭강정(01)(02)(05)(06)(15)","430kcal","","","3486.94kcal"
"2025-06-13(금)","계란장조림","251.6kcal","옥수수계란찜(09)","13.13kcal","상추샐러드","6.82kcal","","","3486.94kcal"
"2025-06-13(금)","배추김치","0kcal","팩형아이스크림(01)(02)","175kcal","백색우유(02)","70kcal","","","3486.94kcal"
"2025-06-13(금)","","","배추김치","0kcal","배추김치","0kcal","","","3486.94kcal"
"2025-06-14(토)","핫도그빵(01)(02)(05)(06)","665.2kcal","삼각주먹밥(완)(01)(02)(05)(06)(16)(18)","195kcal","쇠고기덮밥(05)(16)","750.68kcal","","","2962.56kcal"
"2025-06-14(토)","스크램블에그(01)(05)","206kcal","소떡소떡","0kcal","계란후라이(완제품)(01)(02)(06)(10)","102.5kcal","","","2962.56kcal"
"2025-06-14(토)","백색우유(02)","70kcal","브로콜리치즈스프(02)(06)","275kcal","콩나물무침(05)","24.48kcal","","","2962.56kcal"
"2025-06-14(토)","코울슬로샐러드(01)(05)","119.7kcal","가공우유(초코맛)(02)","194kcal","깍두기(완제품)","0kcal","","","2962.56kcal"
"2025-06-14(토)","시리얼(휴일)","360kcal","배추김치","0kcal","","","","","2962.56kcal"
"2025-06-15(일)","밥","375.45kcal","밥","375.45kcal","밥","375.45kcal","","","2217.05kcal"
"2025-06-15(일)","순두부백탕(01)(05)(06)(09)(16)(18)","76.7kcal","감자달걀국(01)(09)(16)","65.57kcal","사골우거지국(02)(05)(06)(16)(18)","165.63kcal","","","2217.05kcal"
"2025-06-15(일)","계란말이(완)(01)(05)","55kcal","고추장돼지불고기(완제품)(02)(05)(06)(10)(15)(16)(18)","375.73kcal","주꾸미볶음(05)","168.16kcal","","","2217.05kcal"
"2025-06-15(일)","오이무침(05)","21.88kcal","새송이버섯야채볶음(05)(06)(10)(18)","65.19kcal","시금치무침","26.84kcal","","","2217.05kcal"
"2025-06-15(일)","배추김치","0kcal","배추김치","0kcal","백색우유(02)","70kcal","","","2217.05kcal"
"2025-06-15(일)","","","","","깍두기(완제품)","0kcal","","","2217.05kcal"
"2025-06-16(월)","밥","375.45kcal","찹쌀밥","395.45kcal","잡곡밥","424.67kcal","","","3169.84kcal"
"2025-06-16(월)","얼큰쇠고기무국(05)(06)(16)","61.68kcal","콩나물김치국(05)(06)(16)","25.38kcal","자장밥(05)(06)(10)","343.2kcal","","","3169.84kcal"
"2025-06-16(월)","미트볼조림(02)(05)(06)(10)(12)(15)(16)","462.94kcal","오리불고기(05)","40.03kcal","계란국(01)(09)(16)","55.37kcal","","","3169.84kcal"
"2025-06-16(월)","연두부&양념장(05)","70.66kcal","흑임자드레싱(01)(05)","28.48kcal","탕수육(05)(06)(10)","776.53kcal","","","3169.84kcal"
"2025-06-16(월)","배추김치","0kcal","무쌈","40kcal","백색우유(02)","70kcal","","","3169.84kcal"
"2025-06-16(월)","","","배추김치","0kcal","배추김치","0kcal","","","3169.84kcal"
"2025-06-17(화)","밥","375.45kcal","밥","375.45kcal","찹쌀밥","395.45kcal","","","3097.63kcal"
"2025-06-17(화)","황태해장국(완)(05)","18.58kcal","해물탕(05)(06)(09)(17)(18)","104.64kcal","마라탕(09)(16)","59.53kcal","","","3097.63kcal"
"2025-06-17(화)","돼지고기부추볶음(05)(06)(10)(18)","354.93kcal","닭간장소스찜(15)","274.69kcal","갑오징어튀김(05)(06)(17)","622.1kcal","","","3097.63kcal"
"2025-06-17(화)","무조림","27.08kcal","두부양념장(05)","89.73kcal","감자에그샐러드(완)","315kcal","","","3097.63kcal"
"2025-06-17(화)","배추김치","0kcal","오렌지주스","85kcal","배추김치","0kcal","","","3097.63kcal"
"2025-06-17(화)","","","배추김치","0kcal","","","","","3097.63kcal"
"2025-06-18(수)","밥","375.45kcal","밥","375.45kcal","밥","375.45kcal","","","3275.67kcal"
"2025-06-18(수)","참치오믈렛","325kcal","닭고기미역국(05)(06)(15)(16)","63.57kcal","꽃게탕(05)(06)(08)(09)(17)","94.65kcal","","","3275.67kcal"
"2025-06-18(수)","얼큰수제비국(05)(06)(16)","128.94kcal","감자채볶음(02)(05)(10)(15)(16)","83.69kcal","훈제닭다리(완)(01)(02)(05)","500.6kcal","","","3275.67kcal"
"2025-06-18(수)","비엔나소시지케찹볶음(02)(05)(06)(10)(12)(16)(18)","379.15kcal","순살고등어구이(05)(07)","176.85kcal","백색우유(02)","70kcal","","","3275.67kcal"
"2025-06-18(수)","배추김치","0kcal","김","28kcal","양배추샐러드(01)(05)","73.87kcal","","","3275.67kcal"
"2025-06-18(수)","","","컵형아이스크림(01)(02)(06)","225kcal","배추김치","0kcal","","","3275.67kcal"
"2025-06-18(수)","","","깍두기(완제품)","0kcal","케이크또는파이또는패스트리, 참조은에스에프, 쿠키앤크림스틱치즈케익, 400g(50g8개)상자","","","","3275.67kcal"
"2025-06-18(수)","","","","","케이크또는파이또는패스트리, (주문자상표부착)에스피씨삼립, 스위트고구마케익, 72g","","","","3275.67kcal"
"2025-06-19(목)","밥","375.45kcal","밥","375.45kcal","흑미밥","394.2kcal","","","3472.66kcal"
"2025-06-19(목)","얼큰계란국(01)(16)","82.86kcal","짬뽕찌개(굴)(05)(06)(09)(10)(16)(17)(18)","150.96kcal","우거지갈비탕(02)(05)(06)(10)(16)(18)","672.51kcal","","","3472.66kcal"
"2025-06-19(목)","어묵볶음(05)(06)","266.86kcal","느타리버섯볶음(05)","37.98kcal","소떡소떡","0kcal","","","3472.66kcal"
"2025-05-21(수)","동그랑땡(05)(06)(10)","440kcal","두부양념장(05)","89.73kcal","갈치순살튀김(05)","242.1kcal","","","2657.84kcal"
"2025-05-21(수)","백색우유(02)","65kcal","배추김치","0kcal","김","28kcal","","","2657.84kcal"
"2025-05-21(수)","열무김치","0kcal","","","사과(후지)","63.95kcal","","","2657.84kcal"
"2025-05-21(수)","","","","","깍두기(완제품)","0kcal","","","2657.84kcal"
"2025-05-21(수)","","","","","상일식품(주),야채건빵,증식용, 65g","","","","2657.84kcal"
"2025-05-22(목)","참치오믈렛","325kcal","밥","380.17kcal","비빔밥(05)(16)","773kcal","","","3307.49kcal"
"2025-05-22(목)","밥","380.17kcal","닭고기육개장(01)(05)(06)(15)(16)","99.66kcal","팽이버섯된장국(05)(06)(09)(16)","103.35kcal","","","3307.49kcal"
"2025-05-22(목)","얼큰수제비국(05)(06)(16)","128.94kcal","마파두부(05)(06)(10)(15)(18)","317.53kcal","김말이튀김(05)","271.74kcal","","","3307.49kcal"
"2025-05-22(목)","비엔나소시지케찹볶음(02)(05)(06)(10)(12)(16)(18)","379.15kcal","느타리버섯볶음(05)","37.98kcal","계란후라이(완제품)(01)(02)(06)(10)","102.5kcal","","","3307.49kcal"
"2025-05-22(목)","깍두기(완제품)","0kcal","배추김치","0kcal","오이장아찌","8.3kcal","","","3307.49kcal"
"2025-05-23(금)","밥","380.17kcal","찰현미밥","397.42kcal","밥","380.17kcal","","","2736.25kcal"
"2025-05-23(금)","들깨무채국(05)(06)(16)","16.49kcal","돼지고기애호박찌개(05)(06)(10)","175.27kcal","어묵탕(05)(06)","101.1kcal","","","2736.25kcal"
"2025-05-23(금)","가지볶음(05)","48.23kcal","고기만두찜","400.4kcal","냉채족발(02)(05)(06)(10)(16)","407kcal","","","2736.25kcal"
"2025-05-23(금)","김자반","88.4kcal","부추겉절이","14.3kcal","모듬쌈(05)(06)","28.45kcal","","","2736.25kcal"
"2025-05-23(금)","닭순살야채조림(15)","284.12kcal","깍두기(완제품)","0kcal","무생채","14.73kcal","","","2736.25kcal"
"2025-05-23(금)","열무김치","0kcal","","","짜먹는발효유","0kcal","","","2736.25kcal"
"2025-05-23(금)","","","","","보쌈김치","0kcal","","","2736.25kcal"
"2025-05-24(토)","핫도그빵(01)(02)(05)(06)","665.2kcal","삼각주먹밥(완)(01)(02)(05)(06)(16)(18)","195kcal","오징어덮밥(05)(17)","649.8kcal","","","2754.18kcal"
"2025-05-24(토)","스크램블에그(01)(05)","206kcal","소떡소떡","0kcal","콩나물무침(05)","24.48kcal","","","2754.18kcal"
"2025-05-24(토)","백색우유(02)","65kcal","브로콜리치즈스프(02)(06)","275kcal","배추김치","0kcal","","","2754.18kcal"
"2025-05-24(토)","시리얼(휴일)","360kcal","가공우유(초코맛)(02)","194kcal","","","","","2754.18kcal"
"2025-05-24(토)","코울슬로샐러드(01)(05)","119.7kcal","배추김치","0kcal","","","","","2754.18kcal"
"2025-05-25(일)","밥","380.17kcal","밥","380.17kcal","밥","380.17kcal","","","2468.99kcal"
"2025-05-25(일)","홍합탕(05)(06)(09)(17)(18)","105.03kcal","두부계란국(01)(05)(06)(16)","66.2kcal","사골우거지국(02)(05)(06)(16)(18)","193.32kcal","","","2468.99kcal"
"2025-05-25(일)","미트볼조림(02)(05)(06)(10)(12)(15)(16)","462.94kcal","고추장돼지불고기(완제품)","6.73kcal","닭볶음탕(05)(15)","333.36kcal","","","2468.99kcal"
"2025-05-25(일)","오이무침(05)","21.25kcal","낙지젓무침(17)","33.36kcal","무조림","23.09kcal","","","2468.99kcal"
"2025-05-25(일)","백색우유(02)","65kcal","배추김치","0kcal","볶음김치(05)","18.2kcal","","","2468.99kcal"
"2025-05-25(일)","열무김치","0kcal","","","","","","","2468.99kcal"
"2025-05-26(월)","밥","380.17kcal","현미밥","398.32kcal","새우튀김덮밥(에비동)(05)(06)(09)(18)","801.43kcal","","","2717.59kcal"
"2025-05-26(월)","감자국(05)(06)(16)","44.31kcal","햄짜글이(05)(06)(10)(16)","149.81kcal","미소장국(05)","61.03kcal","","","2717.59kcal"
"2025-05-26(월)","쇠고기불고기(05)(16)","327.61kcal","호박새우볶음(05)(09)","44.23kcal","닭꼬치(완)","0kcal","","","2717.59kcal"
"2025-05-26(월)","콩나물매운무침(05)","24.53kcal","비엔나메추리알조림(01)(02)(05)(06)(10)(15)(16)(18)","353.15kcal","꼬들단무지","0kcal","","","2717.59kcal"
"2025-05-26(월)","배추김치(수의계약)(09)","21kcal","깍두기(완제품)","0kcal","스프라이트","112kcal","","","2717.59kcal"
"2025-05-27(화)","밥","380.17kcal","밥","380.17kcal","잡곡밥","429.17kcal","","","3676.76kcal"
"2025-05-27(화)","순두부해물찌개(05)(06)(09)(17)(18)","83.57kcal","감자양파찌개(02)(05)(06)(10)(15)(16)","114.78kcal","참치김치찌개(05)(09)","99.15kcal","","","3676.76kcal"
"2025-05-27(화)","한입떡갈비(02)(05)(06)(10)(16)","434.2kcal","돼지갈비찜(10)(12)","548.27kcal","닭순살치킨가스(01)(05)(06)(10)(12)(15)(16)","587.8kcal","","","3676.76kcal"
"2025-05-27(화)","시금치무침","26.84kcal","상추겉절이","12.81kcal","부추양파무침","6.74kcal","","","3676.76kcal"
"2025-05-27(화)","백색우유(02)","65kcal","열무김치","0kcal","깍두기(완제품)","0kcal","","","3676.76kcal"
"2025-05-27(화)","김","28kcal","","","오뚜기라면,참깨라면,110g","459.09kcal","","","3676.76kcal"
"2025-05-27(화)","배추김치(수의계약)(09)","21kcal","","","","","","","3676.76kcal"
"2025-05-28(수)","밥","380.17kcal","밥","380.17kcal","밥","380.17kcal","","","3363.56kcal"
"2025-05-28(수)","쇠고기무국(05)(06)(16)","93.26kcal","차돌박이된장찌개(05)(06)(16)","139.63kcal","전복삼계탕(15)(18)","609.82kcal","","","3363.56kcal"
"2025-05-28(수)","새송이버섯야채볶음(05)(06)(10)(18)","65.19kcal","낙지삼겹살새우볶음(05)(06)(09)(10)(17)(18)","605.36kcal","김말이튀김(05)","271.74kcal","","","3363.56kcal"
"2025-05-28(수)","닭순살야채조림(15)","284.12kcal","무나물","21.36kcal","풋고추된장무침(05)(06)","30.57kcal","","","3363.56kcal"
"2025-05-28(수)","배추김치","0kcal","이온음료(포카리)","85kcal","대추방울토마토(12)","17kcal","","","3363.56kcal"
"2025-05-28(수)","","","배추김치","0kcal","깍두기(완제품)","0kcal","","","3363.56kcal"
"2025-05-29(목)","밥","380.17kcal","밥","380.17kcal","밥","380.17kcal","","","3737.81kcal"
"2025-05-29(목)","닭고기미역국(05)(06)(15)(16)","63.57kcal","황태채국(01)(05)(06)(16)","78.45kcal","김치찌개(05)(09)(10)","131.31kcal","","","3737.81kcal"
"2025-05-29(목)","돼지고기부추볶음(05)(06)(10)(18)","492.88kcal","어묵볶음(05)(06)","266.86kcal","돈가스(02)(05)(06)(10)(12)(16)(18)","688.39kcal","","","3737.81kcal"
"2025-05-29(목)","무생채","14.73kcal","닭순살김치볶음(05)(15)","402.25kcal","백색우유(02)","65kcal","","","3737.81kcal"
"2025-05-29(목)","배추김치(수의계약)(09)","21kcal","깍두기(완제품)","0kcal","참치샐러드","372.86kcal","","","3737.81kcal"
"2025-05-29(목)","","","","","열무김치","0kcal","","","3737.81kcal"
"2025-05-30(금)","밥","380.17kcal","밥","380.17kcal","찹쌀밥","400.17kcal","","","2378.18kcal"
"2025-05-30(금)","얼큰쇠고기무국(05)(06)(16)","100.82kcal","콩나물무채국(05)(06)","29.3kcal","돼지고기고추장찌개(05)(06)(10)(16)","139.56kcal","","","2378.18kcal"
"2025-05-30(금)","계란말이(완)(01)(05)","55kcal","가지볶음(05)","48.23kcal","마늘종볶음(05)(06)(09)(18)","39.63kcal","","","2378.18kcal"
"2025-05-30(금)","연두부&양념장(05)","70.66kcal","돼지불고기(05)(10)","342.95kcal","닭고기야채조림(05)(15)","370.52kcal","","","2378.18kcal"
"2025-05-30(금)","배추김치","0kcal","짜먹는발효유","0kcal","배추김치(수의계약)(09)","21kcal","","","2378.18kcal"
"2025-05-30(금)","","","배추김치","0kcal","","","","","2378.18kcal"
"2025-05-31(토)","떡국(01)(16)","324.8kcal","밥","380.17kcal","제육덮밥(05)(10)","733.09kcal","","","2901.26kcal"
"2025-05-31(토)","애호박나물(05)(09)","43.78kcal","뼈없는감자탕(완)(10)","171.99kcal","동그랑땡(05)(06)(10)","440kcal","","","2901.26kcal"
"2025-05-31(토)","메추리알장조림(완)(01)(05)(06)","232.5kcal","느타리버섯볶음(05)","37.98kcal","토핑형발효유(02)(06)","165kcal","","","2901.26kcal"
"2025-05-31(토)","백색우유(02)","65kcal","왕교자만두찜(06)(10)","288.75kcal","볶음김치(05)","18.2kcal","","","2901.26kcal"
"2025-05-31(토)","배추김치","0kcal","깍두기(완제품)","0kcal","","","","","2901.26kcal"
"2025-06-01(일)","밥","375.45kcal","밥","375.45kcal","밥","375.45kcal","","","2678.96kcal"
"2025-06-01(일)","팽이버섯된장국(05)(06)(09)(16)","103.35kcal","감자호박국(05)(06)(16)","41.78kcal","황태해장국(완)(05)","18.58kcal","","","2678.96kcal"
"2025-06-01(일)","멸치볶음(05)","71.57kcal","새송이버섯야채볶음(05)(06)(10)(18)","65.19kcal","닭볶음탕(05)(15)","308.53kcal","","","2678.96kcal"
"2025-06-01(일)","비엔나소시지감자조림(02)(05)(06)(10)(16)(18)","344.86kcal","소불고기(완제품)(05)(06)(16)","488.67kcal","오이무침(05)","21.88kcal","","","2678.96kcal"
"2025-06-01(일)","깍두기(완제품)","0kcal","볶음김치(05)","18.2kcal","백색우유(02)","70kcal","","","2678.96kcal"
"2025-06-01(일)","","","","","배추김치","0kcal","","","2678.96kcal"
"2025-06-02(월)","밥","375.45kcal","밥","375.45kcal","밥","375.45kcal","","","3752.26kcal"
"2025-06-02(월)","닭고기육개장(01)(05)(06)(15)(16)","99.66kcal","돼지고기애호박찌개(05)(06)(10)(16)","120.65kcal","꼬리곰탕(05)(06)(09)","401.06kcal","","","3752.26kcal"
"2025-06-02(월)","맛밤송송함박스테이크(05)(10)(12)(13)(16)","653kcal","마파두부(05)(06)(10)(15)(18)","268.33kcal","깐쇼새우(05)(06)(09)(12)","813.63kcal","","","3752.26kcal"
"2025-06-02(월)","무나물","21.36kcal","콩나물무침(05)","24.48kcal","김자반","88.4kcal","","","3752.26kcal"
"2025-06-02(월)","김","28kcal","배추김치","0kcal","부추양파무침","6.74kcal","","","3752.26kcal"
"2025-06-02(월)","배추김치","0kcal","","","마시는발효유(01)(02)(05)","100.6kcal","","","3752.26kcal"
"2025-06-02(월)","","","","","깍두기(완제품)","0kcal","","","3752.26kcal"
"2025-06-03(화)","밥","375.45kcal","닭고기덮밥(05)(06)(15)(18)","217.5kcal","찰현미밥","393.6kcal","","","3656.82kcal"
"2025-06-03(화)","햄감자찌개(05)(06)(10)(16)","143.64kcal","찹쌀밥","395.45kcal","카레밥(02)(05)(06)(10)(15)(16)","330kcal","","","3656.82kcal"
"2025-06-03(화)","오삼불고기(05)(10)(17)","669.25kcal","두부된장찌개(05)(09)","113.45kcal","감자달걀국(01)(09)(16)","65.57kcal","","","3656.82kcal"
"2025-06-03(화)","배추나물(05)(06)","23.4kcal","스크램블에그(01)(05)","206kcal","닭꼬치(완)(05)(06)(15)","400kcal","","","3656.82kcal"
"2025-06-03(화)","열무김치","0kcal","컵형아이스크림(01)(02)(06)","225kcal","야채샐러드유자드레싱(02)","28.51kcal","","","3656.82kcal"
"2025-06-03(화)","","","배추김치","0kcal","백색우유(02)","70kcal","","","3656.82kcal"
"2025-06-03(화)","","","","","배추김치","0kcal","","","3656.82kcal"
"2025-06-04(수)","밥","375.45kcal","현미밥","393.6kcal","밥","375.45kcal","","","2748.45kcal"
"2025-06-04(수)","닭곰탕(15)","83.12kcal","홍합탕(05)(06)(09)(16)(17)(18)","105.03kcal","순두부찌개(05)(06)(16)(18)","62.05kcal","","","2748.45kcal"
"2025-06-04(수)","언양식바싹불고기(01)(02)(05)(06)(10)(12)(15)(16)","317.7kcal","고추잡채(05)(06)(10)(18)","372.68kcal","순살삼치구이(05)(06)(07)","160.62kcal","","","2748.45kcal"
"2025-06-04(수)","풋고추된장무침(05)(06)","30.57kcal","느타리버섯볶음(05)","37.98kcal","한입떡갈비(02)(05)(06)(10)(16)","434.2kcal","","","2748.45kcal"
"2025-06-04(수)","배추김치","0kcal","깍두기(완제품)","0kcal","열무김치","0kcal","","","2748.45kcal"
"2025-06-05(목)","밥","375.45kcal","밥","375.45kcal","중화식덮밥(05)(09)(10)(17)","676.81kcal","","","3345.77kcal"
"2025-05-07(수)","감자양파찌개(02)(05)(06)(10)(15)(16)","114.78kcal","홍합탕(05)(06)(09)(17)(18)","105.03kcal","흑미밥","398.92kcal","","","3779.73kcal"
"2025-05-07(수)","오삼불고기(05)(10)(17)","585.25kcal","고추잡채(05)(06)(10)(18)","382.08kcal","계란국(01)(09)(16)","55.37kcal","","","3779.73kcal"
"2025-05-07(수)","배추겉절이","22.1kcal","느타리버섯볶음(05)","37.98kcal","탕수육(05)(06)(10)","881.53kcal","","","3779.73kcal"
"2025-05-07(수)","깍두기(완제품)","0kcal","피크닉(청포도)","75kcal","배추김치","0kcal","","","3779.73kcal"
"2025-05-07(수)","","","열무김치","0kcal","","","","","3779.73kcal"
"2025-05-08(목)","밥","380.17kcal","닭고기덮밥(05)(06)(15)(18)","246.9kcal","밥","380.17kcal","","","3195.46kcal"
"2025-05-08(목)","쇠고기미역국(05)(06)(16)","91.57kcal","찹쌀밥","400.17kcal","짬뽕순두부(01)(05)(06)(09)(10)(17)(18)","174.29kcal","","","3195.46kcal"
"2025-05-08(목)","꽈리고추멸치볶음(05)","88.26kcal","쇠고기탕국(05)(06)(09)(16)","105.47kcal","생선가스(01)(05)(06)","727.94kcal","","","3195.46kcal"
"2025-05-08(목)","닭간장소스찜(15)","299.52kcal","스크램블에그(01)(05)","206kcal","무&비트피클(완)","30kcal","","","3195.46kcal"
"2025-05-08(목)","백색우유(02)","65kcal","배추김치","0kcal","배추김치","0kcal","","","3195.46kcal"
"2025-05-08(목)","배추김치","0kcal","","","","","","","3195.46kcal"
"2025-05-09(금)","밥","380.17kcal","밥","380.17kcal","밥","380.17kcal","","","2840.24kcal"
"2025-05-09(금)","콩나물국(05)(06)(16)","29.85kcal","순두부백탕(01)(05)(06)(09)(16)(18)","76.7kcal","꽃게탕(05)(06)(08)(09)(17)","94.65kcal","","","2840.24kcal"
"2025-05-09(금)","돼지고기무볶음(05)(10)","409.08kcal","돼지삼겹야채볶음(05)(06)(10)(18)","398.34kcal","닭강정(01)(02)(05)(06)(15)","430kcal","","","2840.24kcal"
"2025-05-09(금)","시금치무침","26.84kcal","무말랭이무침(13)","140kcal","마시는발효유(02)","70.6kcal","","","2840.24kcal"
"2025-05-09(금)","열무김치","0kcal","배추김치","0kcal","양배추샐러드(01)(05)(06)(12)(16)(18)","23.67kcal","","","2840.24kcal"
"2025-05-09(금)","","","","","배추김치","0kcal","","","2840.24kcal"
"2025-05-10(토)","핫도그빵(01)(02)(05)(06)","665.2kcal","밥1","326.79kcal","제육덮밥(05)(10)","733.09kcal","","","3162.41kcal"
"2025-05-10(토)","스크램블에그(01)(05)","206kcal","바베큐폭립(완제품)(05)(06)(10)(12)","281.75kcal","콩나물무침(05)","24.48kcal","","","3162.41kcal"
"2025-05-10(토)","시리얼(2)(05)","258kcal","가공우유(초코맛)(02)","194kcal","배추김치","0kcal","","","3162.41kcal"
"2025-05-10(토)","단호박샐러드(완)","160.2kcal","양송이스프(02)(05)(06)(15)","175kcal","","","","","3162.41kcal"
"2025-05-10(토)","백색우유(02)","65kcal","배추김치","0kcal","","","","","3162.41kcal"
"2025-05-10(토)","오이피클","72.9kcal","","","","","","","3162.41kcal"
"2025-05-11(일)","밥","380.17kcal","밥","380.17kcal","밥","380.17kcal","","","2903.09kcal"
"2025-05-11(일)","닭곰탕(15)","97.82kcal","해물짬뽕(05)(06)(09)(17)","91.28kcal","황태해장국(완)(05)","18.58kcal","","","2903.09kcal"
"2025-05-11(일)","멸치볶음(05)","71.57kcal","새송이버섯야채볶음(05)(06)(10)(18)","65.19kcal","닭볶음탕(05)(15)","333.36kcal","","","2903.09kcal"
"2025-05-11(일)","비엔나소시지감자조림(02)(05)(06)(10)(16)(18)","344.86kcal","소불고기(완제품)(05)(06)(16)","488.67kcal","오이무침(05)","21.25kcal","","","2903.09kcal"
"2025-05-11(일)","백색우유(02)","65kcal","열무김치","0kcal","토핑형발효유(02)(06)","165kcal","","","2903.09kcal"
"2025-05-11(일)","배추김치","0kcal","","","배추김치","0kcal","","","2903.09kcal"
"2025-05-12(월)","밥","380.17kcal","밥","380.17kcal","밥","380.17kcal","","","3565.44kcal"
"2025-05-12(월)","햄감자찌개(05)(06)(10)(16)","147.56kcal","두부된장찌개(05)(09)","113.45kcal","참치고추장찌개(05)(06)(09)(16)","156.92kcal","","","3565.44kcal"
"2025-05-12(월)","언양식바싹불고기(01)(02)(05)(06)(10)(12)(15)(16)","317.7kcal","마파두부(05)(06)(10)(15)(18)","317.53kcal","낙지삼겹살새우볶음(05)(06)(09)(10)(17)(18)","605.36kcal","","","3565.44kcal"
"2025-05-12(월)","연두부&양념장(05)","70.66kcal","오징어채무침(05)(17)","213.25kcal","메추리알장조림(완)(01)(05)(06)","232.5kcal","","","3565.44kcal"
"2025-05-12(월)","배추김치","0kcal","배추김치","0kcal","두유(05)","250kcal","","","3565.44kcal"
"2025-05-12(월)","","","","","배추김치","0kcal","","","3565.44kcal"
"2025-05-13(화)","밥","380.17kcal","찰현미밥","397.42kcal","밥","380.17kcal","","","2642.22kcal"
"2025-05-13(화)","황태채국(01)(05)(06)(16)","78.45kcal","얼갈이된장국(05)(06)","32.25kcal","감자고추장찌개(05)(06)(16)","96.08kcal","","","2642.22kcal"
"2025-05-13(화)","맛밤송송함박스테이크(05)(12)","166kcal","오징어삼겹볶음(05)(10)(17)","367.15kcal","치킨너겟(01)(05)","344.84kcal","","","2642.22kcal"
"2025-05-13(화)","계란장조림","251.6kcal","상추겉절이","12.81kcal","청포묵무침(01)(05)(16)","70.28kcal","","","2642.22kcal"
"2025-05-13(화)","배추김치","0kcal","백색우유(02)","65kcal","배추김치","0kcal","","","2642.22kcal"
"2025-05-13(화)","","","깍두기(완제품)","0kcal","농심,육개장사발면,86g","","","","2642.22kcal"
"2025-05-14(수)","밥","380.17kcal","밥","380.17kcal","밥","380.17kcal","","","2763.08kcal"
"2025-05-14(수)","순두부백탕(01)(05)(06)(09)(16)(18)","76.7kcal","콩나물김치국(05)(06)(16)","25.38kcal","쇠고기육개장(01)(05)(06)(16)","118.92kcal","","","2763.08kcal"
"2025-05-14(수)","애호박나물(05)(09)","43.78kcal","훈제오리볶음(01)(05)(06)(18)","532.02kcal","가지볶음(05)","48.23kcal","","","2763.08kcal"
"2025-05-14(수)","돼지고기부추볶음(05)(06)(10)(18)","492.88kcal","부추겉절이","14.3kcal","돼지고기육전(01)(05)(06)(10)","138.41kcal","","","2763.08kcal"
"2025-05-14(수)","김","28kcal","무쌈","40kcal","사과(후지)","63.95kcal","","","2763.08kcal"
"2025-05-14(수)","깍두기(완제품)","0kcal","열무김치","0kcal","깍두기(완제품)","0kcal","","","2763.08kcal"
"2025-05-14(수)","","","","","케이크또는파이또는패스트리, 참조은에스에프, 쿠키앤크림스틱치즈케익, 400g(50g8개)상자","","","",""
"2025-05-14(수)","","","","","케이크또는파이또는패스트리, (주문자상표부착)에스피씨삼립, 초코티라미스케익, 60g","","","",""
"2025-05-15(목)","밥","380.17kcal","밥","380.17kcal","밥","380.17kcal","","","2519.53kcal"
"2025-05-15(목)","감자호박국(05)(06)(16)","41.78kcal","쇠고기버섯전골(05)(06)(09)(16)","129.99kcal","얼큰수제비국(05)(06)(16)","128.94kcal","","","2519.53kcal"
"2025-05-15(목)","김자반","88.4kcal","콩나물잡채(05)(06)(10)","211.72kcal","콘치즈계란찜(02)","146.69kcal","","","2519.53kcal"
"2025-05-15(목)","닭간장소스찜(15)","299.52kcal","사천식캐슈넛멸치볶음(04)(05)","102.06kcal","순살삼치구이(05)(06)(07)","139.02kcal","","","2519.53kcal"
"2025-05-15(목)","근대무침(05)(06)","25.9kcal","배추김치","0kcal","짜먹는발효유","0kcal","","","2519.53kcal"
"2025-05-15(목)","백색우유(02)","65kcal","","","열무김치","0kcal","","","2519.53kcal"
"2025-05-15(목)","배추김치","0kcal","","","","","","","2519.53kcal"
"2025-05-16(금)","밥","380.17kcal","찹쌀밥","400.17kcal","찰수수밥","389.45kcal","","","3032.52kcal"
"2025-05-16(금)","사골우거지국(02)(05)(06)(16)(18)","193.32kcal","아욱된장국(05)(06)(16)","44.35kcal","꼬치어묵국","175.53kcal","","","3032.52kcal"
"2025-05-16(금)","돼지고기고추장볶음(05)(10)","528.64kcal","감자채볶음(02)(05)(10)(15)(16)","83.69kcal","떡볶이(01)(05)(06)","264.27kcal","","","3032.52kcal"
"2025-05-16(금)","김자반","88.4kcal","볼케이노치킨(02)(05)(06)(12)(15)(16)(18)","335.79kcal","찰순대찜(06)(10)","136kcal","","","3032.52kcal"
"2025-05-16(금)","부추양파무침","6.74kcal","배추김치","0kcal","반달단무지(13)","6kcal","","","3032.52kcal"
"2025-05-16(금)","깍두기(완제품)","0kcal","","","","","","","3032.52kcal"
"2025-05-17(토)","햄치즈버거(01)(02)(05)(06)(10)(12)(15)(16)","418.6kcal","밥","380.17kcal","쇠고기덮밥(05)(16)","711.76kcal","","","3078.56kcal"
"2025-05-17(토)","계란후라이(완제품)(01)(02)(06)(10)","102.5kcal","사골곰탕(05)(06)","210.29kcal","어묵볶음(05)(06)","266.86kcal","","","3078.56kcal"
"2025-05-17(토)","치킨텐더샐러드(01)(05)(06)(12)(15)(16)(18)","208.67kcal","메추리알장조림(완)(01)(05)(06)","232.5kcal","계란후라이(완제품)(01)(02)(06)(10)","102.5kcal","","","3078.56kcal"
"2025-05-17(토)","시리얼(3)","154.2kcal","오징어젓무침(17)","60.51kcal","배추김치","0kcal","","","3078.56kcal"
"2025-05-17(토)","가공우유(딸기맛)(02)(05)","165kcal","깍두기(완제품)","0kcal","","","","","3078.56kcal"
"2025-05-17(토)","백색우유(02)","65kcal","","","","","","","3078.56kcal"
"2025-05-18(일)","밥","380.17kcal","밥","380.17kcal","밥","380.17kcal","","","2474.97kcal"
"2025-05-18(일)","얼갈이된장국(05)(06)","32.25kcal","감자호박국(05)(06)(16)","41.78kcal","사골미역국(16)","61kcal","","","2474.97kcal"
"2025-05-18(일)","새송이버섯야채볶음(05)(06)(10)(18)","65.19kcal","간장돼지불고기(완제품)(05)(06)(10)","307.17kcal","닭고기야채조림(05)(15)","370.52kcal","","","2474.97kcal"
"2025-05-18(일)","소고기꽈리고추조림(05)(16)","304.26kcal","오이무침(05)","21.25kcal","시금치무침","26.84kcal","","","2474.97kcal"
"2025-05-18(일)","배추김치(수의계약)(09)","21kcal","볶음김치(05)","18.2kcal","백색우유(02)","65kcal","","","2474.97kcal"
"2025-05-18(일)","","","","","배추김치","0kcal","","","2474.97kcal"
"2025-05-19(월)","밥","380.17kcal","찹쌀밥","400.17kcal","밥","380.17kcal","","","3069.87kcal"
"2025-05-19(월)","어묵탕(05)(06)","101.1kcal","콩나물김치국(05)(06)(16)","25.38kcal","마라탕(09)(16)","100.73kcal","","","3069.87kcal"
"2025-05-19(월)","돼지고기고추장볶음(05)(10)","528.64kcal","오리불고기(05)","40.03kcal","갑오징어튀김(05)(06)(17)","622.1kcal","","","3069.87kcal"
"2025-05-19(월)","근대무침(05)(06)","25.9kcal","무쌈","40kcal","감자에그샐러드(완)","315kcal","","","3069.87kcal"
"2025-05-19(월)","백색우유(02)","65kcal","흑임자드레싱(01)(05)","28.48kcal","대추방울토마토(12)","17kcal","","","3069.87kcal"
"2025-05-19(월)","배추김치","0kcal","열무김치","0kcal","배추김치","0kcal","","","3069.87kcal"
"2025-05-20(화)","떡국(01)(16)","324.8kcal","밥","380.17kcal","밥","380.17kcal","","","3472.81kcal"
"2025-05-20(화)","쇠고기감자조림(05)(16)","382.16kcal","두부된장찌개(05)(09)","113.45kcal","사골곰탕(05)(06)","210.29kcal","","","3472.81kcal"
"2025-05-20(화)","계란말이(완)(01)(05)","55kcal","파채&간장돼지불백(05)(06)(10)(16)(18)","976.18kcal","깐쇼새우(05)(06)(09)(12)(16)","547.13kcal","","","3472.81kcal"
"2025-05-20(화)","배추김치","0kcal","무나물","21.36kcal","배추겉절이","22.1kcal","","","3472.81kcal"
"2025-05-20(화)","","","사과주스","60kcal","깍두기(완제품)","0kcal","","","3472.81kcal"
"2025-05-20(화)","","","배추김치","0kcal","","","","","3472.81kcal"
"2025-05-21(수)","밥","380.17kcal","밥","380.17kcal","밥","380.17kcal","","","2657.84kcal"
"2025-05-21(수)","황태해장국(완)(05)","18.58kcal","해물탕(05)(06)(09)(17)(18)","104.64kcal","감자양파찌개(02)(05)(06)(10)(15)(16)","114.78kcal","","","2657.84kcal"
"2025-05-21(수)","어묵볶음(05)(06)","266.86kcal","닭꼬치(완)","0kcal","감자채볶음(02)(05)(10)(15)(16)","83.69kcal","","","2657.84kcal"
"2025-05-23(금)","가지볶음(05)","48.23kcal","고기만두찜","400.4kcal","냉채족발(02)(05)(06)(10)(16)","407kcal","","","2736.25kcal"
"2025-05-23(금)","김자반","88.4kcal","부추겉절이","14.3kcal","모듬쌈(05)(06)","28.45kcal","","","2736.25kcal"
"2025-05-23(금)","닭순살야채조림(15)","284.12kcal","깍두기(완제품)","0kcal","무생채","14.73kcal","","","2736.25kcal"
"2025-05-23(금)","열무김치","0kcal","","","짜먹는발효유","0kcal","","","2736.25kcal"
"2025-05-23(금)","","","","","보쌈김치","0kcal","","","2736.25kcal"
"2025-05-24(토)","핫도그빵(01)(02)(05)(06)","665.2kcal","삼각주먹밥(완)(01)(02)(05)(06)(16)(18)","195kcal","오징어덮밥(05)(17)","649.8kcal","","","2754.18kcal"
"2025-05-24(토)","스크램블에그(01)(05)","206kcal","소떡소떡","0kcal","콩나물무침(05)","24.48kcal","","","2754.18kcal"
"2025-05-24(토)","백색우유(02)","65kcal","브로콜리치즈스프(02)(06)","275kcal","배추김치","0kcal","","","2754.18kcal"
"2025-05-24(토)","시리얼(휴일)","360kcal","가공우유(초코맛)(02)","194kcal","","","","","2754.18kcal"
"2025-05-24(토)","코울슬로샐러드(01)(05)","119.7kcal","배추김치","0kcal","","","","","2754.18kcal"
"2025-05-25(일)","밥","380.17kcal","밥","380.17kcal","밥","380.17kcal","","","2468.99kcal"
"2025-05-25(일)","홍합탕(05)(06)(09)(17)(18)","105.03kcal","두부계란국(01)(05)(06)(16)","66.2kcal","사골우거지국(02)(05)(06)(16)(18)","193.32kcal","","","2468.99kcal"
"2025-05-25(일)","미트볼조림(02)(05)(06)(10)(12)(15)(16)","462.94kcal","고추장돼지불고기(완제품)","6.73kcal","닭볶음탕(05)(15)","333.36kcal","","","2468.99kcal"
"2025-05-25(일)","오이무침(05)","21.25kcal","낙지젓무침(17)","33.36kcal","무조림","23.09kcal","","","2468.99kcal"
"2025-05-25(일)","백색우유(02)","65kcal","배추김치","0kcal","볶음김치(05)","18.2kcal","","","2468.99kcal"
"2025-05-25(일)","열무김치","0kcal","","","","","","","2468.99kcal"
"2025-05-26(월)","밥","380.17kcal","현미밥","398.32kcal","새우튀김덮밥(에비동)(05)(06)(09)(18)","801.43kcal","","","2717.59kcal"
"2025-05-26(월)","감자국(05)(06)(16)","44.31kcal","햄짜글이(05)(06)(10)(16)","149.81kcal","미소장국(05)","61.03kcal","","","2717.59kcal"
"2025-05-26(월)","쇠고기불고기(05)(16)","327.61kcal","호박새우볶음(05)(09)","44.23kcal","닭꼬치(완)","0kcal","","","2717.59kcal"
"2025-05-26(월)","콩나물매운무침(05)","24.53kcal","비엔나메추리알조림(01)(02)(05)(06)(10)(15)(16)(18)","353.15kcal","꼬들단무지","0kcal","","","2717.59kcal"
"2025-05-26(월)","배추김치(수의계약)(09)","21kcal","깍두기(완제품)","0kcal","스프라이트","112kcal","","","2717.59kcal"
"2025-05-27(화)","밥","380.17kcal","밥","380.17kcal","잡곡밥","429.17kcal","","","3676.76kcal"
"2025-05-27(화)","순두부해물찌개(05)(06)(09)(17)(18)","83.57kcal","감자양파찌개(02)(05)(06)(10)(15)(16)","114.78kcal","참치김치찌개(05)(09)","99.15kcal","","","3676.76kcal"
"2025-05-27(화)","한입떡갈비(02)(05)(06)(10)(16)","434.2kcal","돼지갈비찜(10)(12)","548.27kcal","닭순살치킨가스(01)(05)(06)(10)(12)(15)(16)","587.8kcal","","","3676.76kcal"
"2025-05-27(화)","시금치무침","26.84kcal","상추겉절이","12.81kcal","부추양파무침","6.74kcal","","","3676.76kcal"
"2025-05-27(화)","백색우유(02)","65kcal","열무김치","0kcal","깍두기(완제품)","0kcal","","","3676.76kcal"
"2025-05-27(화)","김","28kcal","","","오뚜기라면,참깨라면,110g","459.09kcal","","","3676.76kcal"
"2025-05-27(화)","배추김치(수의계약)(09)","21kcal","","","","","","","3676.76kcal"
"2025-05-28(수)","밥","380.17kcal","밥","380.17kcal","밥","380.17kcal","","","3363.56kcal"
"2025-05-28(수)","쇠고기무국(05)(06)(16)","93.26kcal","차돌박이된장찌개(05)(06)(16)","139.63kcal","전복삼계탕(15)(18)","609.82kcal","","","3363.56kcal"
"2025-05-28(수)","새송이버섯야채볶음(05)(06)(10)(18)","65.19kcal","낙지삼겹살새우볶음(05)(06)(09)(10)(17)(18)","605.36kcal","김말이튀김(05)","271.74kcal","","","3363.56kcal"
"2025-05-28(수)","닭순살야채조림(15)","284.12kcal","무나물","21.36kcal","풋고추된장무침(05)(06)","30.57kcal","","","3363.56kcal"
"2025-05-28(수)","배추김치","0kcal","이온음료(포카리)","85kcal","대추방울토마토(12)","17kcal","","","3363.56kcal"
"2025-05-28(수)","","","배추김치","0kcal","깍두기(완제품)","0kcal","","","3363.56kcal"
"2025-05-29(목)","밥","380.17kcal","밥","380.17kcal","밥","380.17kcal","","","3737.81kcal"
"2025-05-29(목)","닭고기미역국(05)(06)(15)(16)","63.57kcal","황태채국(01)(05)(06)(16)","78.45kcal","김치찌개(05)(09)(10)","131.31kcal","","","3737.81kcal"
"2025-05-29(목)","돼지고기부추볶음(05)(06)(10)(18)","492.88kcal","어묵볶음(05)(06)","266.86kcal","돈가스(02)(05)(06)(10)(12)(16)(18)","688.39kcal","","","3737.81kcal"
"2025-05-29(목)","무생채","14.73kcal","닭순살김치볶음(05)(15)","402.25kcal","백색우유(02)","65kcal","","","3737.81kcal"
"2025-05-29(목)","배추김치(수의계약)(09)","21kcal","깍두기(완제품)","0kcal","참치샐러드","372.86kcal","","","3737.81kcal"
"2025-05-29(목)","","","","","열무김치","0kcal","","","3737.81kcal"
"2025-05-30(금)","밥","380.17kcal","밥","380.17kcal","찹쌀밥","400.17kcal","","","2378.18kcal"
"2025-05-30(금)","얼큰쇠고기무국(05)(06)(16)","100.82kcal","콩나물무채국(05)(06)","29.3kcal","돼지고기고추장찌개(05)(06)(10)(16)","139.56kcal","","","2378.18kcal"
"2025-05-30(금)","계란말이(완)(01)(05)","55kcal","가지볶음(05)","48.23kcal","마늘종볶음(05)(06)(09)(18)","39.63kcal","","","2378.18kcal"
"2025-05-30(금)","연두부&양념장(05)","70.66kcal","돼지불고기(05)(10)","342.95kcal","닭고기야채조림(05)(15)","370.52kcal","","","2378.18kcal"
"2025-05-30(금)","배추김치","0kcal","짜먹는발효유","0kcal","배추김치(수의계약)(09)","21kcal","","","2378.18kcal"
"2025-05-30(금)","","","배추김치","0kcal","","","","","2378.18kcal"
"2025-05-31(토)","떡국(01)(16)","324.8kcal","밥","380.17kcal","제육덮밥(05)(10)","733.09kcal","","","2901.26kcal"
"2025-05-32(토)","애호박나물(05)(09)","43.78kcal","뼈없는감자탕(완)(10)","171.99kcal","동그랑땡(05)(06)(10)","440kcal","","","2901.26kcal"
"2025-05-33(토)","메추리알장조림(완)(01)(05)(06)","232.5kcal","느타리버섯볶음(05)","37.98kcal","토핑형발효유(02)(06)","165kcal","","","2901.26kcal"
"2025-05-34(토)","백색우유(02)","65kcal","왕교자만두찜(06)(10)","288.75kcal","볶음김치(05)","18.2kcal","","","2901.26kcal"
"2025-05-35(토)","배추김치","0kcal","깍두기(완제품)","0kcal","","","","","2901.26kcal"
"2025-05-01(목)","밥","380.17kcal","찰현미밥","397.42kcal","밥","380.17kcal","","","2671.72kcal"
"2025-05-01(목)","닭고기육개장(01)(05)(06)(15)(16)","99.66kcal","짬뽕찌개(굴)(05)(06)(08)(09)(10)(16)(17)(18)","162.5kcal","부대찌개(02)(05)(06)(10)(15)(16)(18)","155.37kcal","","","2671.72kcal"
"2025-05-01(목)","언양식바싹불고기(01)(02)(05)(06)(10)(12)(15)(16)","317.7kcal","멸치볶음(05)","71.57kcal","느타리버섯볶음(05)","37.98kcal","","","2671.72kcal"
"2025-05-01(목)","상추겉절이","12.81kcal","돼지고기청경채볶음(05)(06)(10)(18)","350.57kcal","순살고등어구이(05)(07)","176.85kcal","","","2671.72kcal"
"2025-05-01(목)","깍두기(완제품)","0kcal","배추김치","0kcal","사과(후지)","63.95kcal","","","2671.72kcal"
"2025-05-01(목)","","","","","백색우유(02)","65kcal","","","2671.72kcal"
"2025-05-01(목)","","","","","배추김치","0kcal","","","2671.72kcal"
"2025-05-02(금)","밥","380.17kcal","밥","380.17kcal","카레밥","0kcal","","","2042.33kcal"
"2025-05-02(금)","어묵탕(05)(06)","101.1kcal","순두부찌개(05)(06)(16)(18)","62.05kcal","통모짜핫도그","0kcal","","","2042.33kcal"
"2025-05-02(금)","애호박나물(05)(09)","43.78kcal","감자채볶음(02)(05)(10)(15)(16)","83.69kcal","흑미밥","398.92kcal","","","2042.33kcal"
"2025-05-02(금)","맛밤송송함박스테이크(05)(12)","166kcal","닭순살야채조림(15)","284.12kcal","감자달걀국(01)(09)(16)","65.57kcal","","","2042.33kcal"
"2025-05-02(금)","김","28kcal","깍두기(완제품)","0kcal","야채샐러드유자드레싱(02)","27.76kcal","","","2042.33kcal"
"2025-05-02(금)","배추김치","0kcal","","","배추김치(수의계약)(09)","21kcal","","","2042.33kcal"
"2025-05-03(토)","불고기버거(01)(02)(05)(06)(10)(12)(16)","360.16kcal","밥","380.17kcal","삼색도리덮밥(01)(02)(05)(06)(10)(15)","790.06kcal","","","2922.60kcal"
"2025-05-03(토)","계란후라이(완제품)(01)(02)(06)(10)","102.5kcal","순대국밥(05)(06)(10)","452.69kcal","무나물","21.36kcal","","","2922.60kcal"
"2025-05-03(토)","가공우유(바나나맛)(02)","165kcal","왕교자만두찜(06)(10)","288.75kcal","배추김치","0kcal","","","2922.60kcal"
"2025-05-03(토)","백색우유(02)","65kcal","오징어젓무침(17)","60.51kcal","","","","","2922.60kcal"
"2025-05-03(토)","시리얼(증)(05)(06)","236.4kcal","깍두기(완제품)","0kcal","","","","","2922.60kcal"
"2025-05-04(일)","밥","380.17kcal","밥","380.17kcal","밥","380.17kcal","","","2365.67kcal"
"2025-05-04(일)","시금치된장국(05)(06)(09)(16)","45.38kcal","황태해장국(완)(05)","18.58kcal","부대찌개(02)(05)(06)(10)(15)(16)(18)","155.37kcal","","","2365.67kcal"
"2025-05-04(일)","돼지불고기(05)(10)","342.95kcal","닭고기야채조림(05)(15)","370.52kcal","주꾸미볶음(05)","178.56kcal","","","2365.67kcal"
"2025-05-04(일)","풋고추된장무침(05)(06)","30.57kcal","오이무침(05)","21.25kcal","애호박나물(05)(09)","43.78kcal","","","2365.67kcal"
"2025-05-04(일)","배추김치","0kcal","볶음김치(05)","18.2kcal","짜먹는발효유","0kcal","","","2365.67kcal"
"2025-05-04(일)","","","","","열무김치","0kcal","","","2365.67kcal"
"2025-05-05(월)","밥","380.17kcal","잡곡밥","429.17kcal","중화식덮밥(05)(09)(10)(17)","681.53kcal","","","3216.45kcal"
"2025-05-05(월)","어묵탕(05)(06)","101.1kcal","미역국(05)(06)(16)","29.58kcal","감자달걀국(01)(09)(16)","65.57kcal","","","3216.45kcal"
"2025-05-05(월)","치즈함박스테이크(01)(02)(05)(06)(10)(12)(15)(16)","339.8kcal","돼지고기청경채볶음(05)(06)(10)(18)","350.57kcal","유린기(05)(06)(15)(16)","548.79kcal","","","3216.45kcal"
"2025-05-05(월)","무조림","23.09kcal","옥수수계란찜(09)","117.13kcal","사과(후지)","63.95kcal","","","3216.45kcal"
"2025-05-05(월)","배추김치","0kcal","백색우유(02)","65kcal","배추김치","0kcal","","","3216.45kcal"
"2025-05-05(월)","","","배추김치(수의계약)(09)","21kcal","","","","","3216.45kcal"
"2025-05-06(화)","밥","380.17kcal","밥","380.17kcal","밥","380.17kcal","","","3553.76kcal"
"2025-05-06(화)","들깨무채국(05)(06)(16)","16.49kcal","꼬리곰탕(05)(06)(09)","401.06kcal","사골우거지국(02)(05)(06)(16)(18)","193.32kcal","","","3553.76kcal"
"2025-05-06(화)","비엔나소시지케찹볶음(02)(05)(06)(10)(12)(16)(18)","379.15kcal","김자반","88.4kcal","찐새우만두(05)(06)(09)","588kcal","","","3553.76kcal"
"2025-05-06(화)","피자오믈렛(01)(05)(06)(10)(12)(18)","190kcal","닭바베큐소스조림(05)(15)","403.58kcal","오징어젓무침(17)","60.51kcal","","","3553.76kcal"
"2025-05-06(화)","백색우유(02)","65kcal","부추양파무침","6.74kcal","배추김치(수의계약)(09)","21kcal","","","3553.76kcal"
"2025-05-06(화)","배추김치","0kcal","깍두기(완제품)","0kcal","","","","","3553.76kcal"
"2025-05-07(수)","밥","380.17kcal","현미밥","398.32kcal","자장밥(05)(06)(10)","343.2kcal","","","3779.73kcal"
"2025-05-09(금)","콩나물국(05)(06)(16)","29.85kcal","순두부백탕(01)(05)(06)(09)(16)(18)","76.7kcal","꽃게탕(05)(06)(08)(09)(17)","94.65kcal","","","2840.24kcal"
"2025-05-09(금)","돼지고기무볶음(05)(10)","409.08kcal","돼지삼겹야채볶음(05)(06)(10)(18)","398.34kcal","닭강정(01)(02)(05)(06)(15)","430kcal","","","2840.24kcal"
"2025-05-09(금)","시금치무침","26.84kcal","무말랭이무침(13)","140kcal","마시는발효유(02)","70.6kcal","","","2840.24kcal"
"2025-05-09(금)","열무김치","0kcal","배추김치","0kcal","양배추샐러드(01)(05)(06)(12)(16)(18)","23.67kcal","","","2840.24kcal"
"2025-05-09(금)","","","","","배추김치","0kcal","","","2840.24kcal"
"2025-05-10(토)","핫도그빵(01)(02)(05)(06)","665.2kcal","밥1","326.79kcal","제육덮밥(05)(10)","733.09kcal","","","3162.41kcal"
"2025-05-10(토)","스크램블에그(01)(05)","206kcal","바베큐폭립(완제품)(05)(06)(10)(12)","281.75kcal","콩나물무침(05)","24.48kcal","","","3162.41kcal"
"2025-05-10(토)","시리얼(2)(05)","258kcal","가공우유(초코맛)(02)","194kcal","배추김치","0kcal","","","3162.41kcal"
"2025-05-10(토)","단호박샐러드(완)","160.2kcal","양송이스프(02)(05)(06)(15)","175kcal","","","","","3162.41kcal"
"2025-05-10(토)","백색우유(02)","65kcal","배추김치","0kcal","","","","","3162.41kcal"
"2025-05-10(토)","오이피클","72.9kcal","","","","","","","3162.41kcal"
"2025-05-11(일)","밥","380.17kcal","밥","380.17kcal","밥","380.17kcal","","","2903.09kcal"
"2025-05-11(일)","닭곰탕(15)","97.82kcal","해물짬뽕(05)(06)(09)(17)","91.28kcal","황태해장국(완)(05)","18.58kcal","","","2903.09kcal"
"2025-05-11(일)","멸치볶음(05)","71.57kcal","새송이버섯야채볶음(05)(06)(10)(18)","65.19kcal","닭볶음탕(05)(15)","333.36kcal","","","2903.09kcal"
"2025-05-11(일)","비엔나소시지감자조림(02)(05)(06)(10)(16)(18)","344.86kcal","소불고기(완제품)(05)(06)(16)","488.67kcal","오이무침(05)","21.25kcal","","","2903.09kcal"
"2025-05-11(일)","백색우유(02)","65kcal","열무김치","0kcal","토핑형발효유(02)(06)","165kcal","","","2903.09kcal"
"2025-05-11(일)","배추김치","0kcal","","","배추김치","0kcal","","","2903.09kcal"
"2025-05-12(월)","밥","380.17kcal","밥","380.17kcal","밥","380.17kcal","","","3565.44kcal"
"2025-05-12(월)","햄감자찌개(05)(06)(10)(16)","147.56kcal","두부된장찌개(05)(09)","113.45kcal","참치고추장찌개(05)(06)(09)(16)","156.92kcal","","","3565.44kcal"
"2025-05-12(월)","언양식바싹불고기(01)(02)(05)(06)(10)(12)(15)(16)","317.7kcal","마파두부(05)(06)(10)(15)(18)","317.53kcal","낙지삼겹살새우볶음(05)(06)(09)(10)(17)(18)","605.36kcal","","","3565.44kcal"
"2025-05-12(월)","연두부&양념장(05)","70.66kcal","오징어채무침(05)(17)","213.25kcal","메추리알장조림(완)(01)(05)(06)","232.5kcal","","","3565.44kcal"
"2025-05-12(월)","배추김치","0kcal","배추김치","0kcal","두유(05)","250kcal","","","3565.44kcal"
"2025-05-12(월)","","","","","배추김치","0kcal","","","3565.44kcal"
"2025-05-13(화)","밥","380.17kcal","찰현미밥","397.42kcal","밥","380.17kcal","","","2642.22kcal"
"2025-05-13(화)","황태채국(01)(05)(06)(16)","78.45kcal","얼갈이된장국(05)(06)","32.25kcal","감자고추장찌개(05)(06)(16)","96.08kcal","","","2642.22kcal"
"2025-05-13(화)","맛밤송송함박스테이크(05)(12)","166kcal","오징어삼겹볶음(05)(10)(17)","367.15kcal","치킨너겟(01)(05)","344.84kcal","","","2642.22kcal"
"2025-05-13(화)","계란장조림","251.6kcal","상추겉절이","12.81kcal","청포묵무침(01)(05)(16)","70.28kcal","","","2642.22kcal"
"2025-05-13(화)","배추김치","0kcal","백색우유(02)","65kcal","배추김치","0kcal","","","2642.22kcal"
"2025-05-13(화)","","","깍두기(완제품)","0kcal","농심,육개장사발면,86g","","","","2642.22kcal"
"2025-05-14(수)","밥","380.17kcal","밥","380.17kcal","밥","380.17kcal","","","2763.08kcal"
"2025-05-14(수)","순두부백탕(01)(05)(06)(09)(16)(18)","76.7kcal","콩나물김치국(05)(06)(16)","25.38kcal","쇠고기육개장(01)(05)(06)(16)","118.92kcal","","","2763.08kcal"
"2025-05-14(수)","애호박나물(05)(09)","43.78kcal","훈제오리볶음(01)(05)(06)(18)","532.02kcal","가지볶음(05)","48.23kcal","","","2763.08kcal"
"2025-05-14(수)","돼지고기부추볶음(05)(06)(10)(18)","492.88kcal","부추겉절이","14.3kcal","돼지고기육전(01)(05)(06)(10)","138.41kcal","","","2763.08kcal"
"2025-05-14(수)","김","28kcal","무쌈","40kcal","사과(후지)","63.95kcal","","","2763.08kcal"
"2025-05-14(수)","깍두기(완제품)","0kcal","열무김치","0kcal","깍두기(완제품)","0kcal","","","2763.08kcal"
"2025-05-14(수)","","","","","케이크또는파이또는패스트리, 참조은에스에프, 쿠키앤크림스틱치즈케익, 400g(50g8개)상자","","","",""
"2025-05-14(수)","","","","","케이크또는파이또는패스트리, (주문자상표부착)에스피씨삼립, 초코티라미스케익, 60g","","","",""
"2025-05-15(목)","밥","380.17kcal","밥","380.17kcal","밥","380.17kcal","","","2519.53kcal"
"2025-05-15(목)","감자호박국(05)(06)(16)","41.78kcal","쇠고기버섯전골(05)(06)(09)(16)","129.99kcal","얼큰수제비국(05)(06)(16)","128.94kcal","","","2519.53kcal"
"2025-05-15(목)","김자반","88.4kcal","콩나물잡채(05)(06)(10)","211.72kcal","콘치즈계란찜(02)","146.69kcal","","","2519.53kcal"
"2025-05-15(목)","닭간장소스찜(15)","299.52kcal","사천식캐슈넛멸치볶음(04)(05)","102.06kcal","순살삼치구이(05)(06)(07)","139.02kcal","","","2519.53kcal"
"2025-05-15(목)","근대무침(05)(06)","25.9kcal","배추김치","0kcal","짜먹는발효유","0kcal","","","2519.53kcal"
"2025-05-15(목)","백색우유(02)","65kcal","","","열무김치","0kcal","","","2519.53kcal"
"2025-05-15(목)","배추김치","0kcal","","","","","","","2519.53kcal"
"2025-05-16(금)","밥","380.17kcal","찹쌀밥","400.17kcal","찰수수밥","389.45kcal","","","3032.52kcal"
"2025-05-16(금)","사골우거지국(02)(05)(06)(16)(18)","193.32kcal","아욱된장국(05)(06)(16)","44.35kcal","꼬치어묵국","175.53kcal","","","3032.52kcal"
"2025-05-16(금)","돼지고기고추장볶음(05)(10)","528.64kcal","감자채볶음(02)(05)(10)(15)(16)","83.69kcal","떡볶이(01)(05)(06)","264.27kcal","","","3032.52kcal"
"2025-05-16(금)","김자반","88.4kcal","볼케이노치킨(02)(05)(06)(12)(15)(16)(18)","335.79kcal","찰순대찜(06)(10)","136kcal","","","3032.52kcal"
"2025-05-16(금)","부추양파무침","6.74kcal","배추김치","0kcal","반달단무지(13)","6kcal","","","3032.52kcal"
"2025-05-16(금)","깍두기(완제품)","0kcal","","","","","","","3032.52kcal"
"2025-05-17(토)","햄치즈버거(01)(02)(05)(06)(10)(12)(15)(16)","418.6kcal","밥","380.17kcal","쇠고기덮밥(05)(16)","711.76kcal","","","3078.56kcal"
"2025-05-17(토)","계란후라이(완제품)(01)(02)(06)(10)","102.5kcal","사골곰탕(05)(06)","210.29kcal","어묵볶음(05)(06)","266.86kcal","","","3078.56kcal"
"2025-05-17(토)","치킨텐더샐러드(01)(05)(06)(12)(15)(16)(18)","208.67kcal","메추리알장조림(완)(01)(05)(06)","232.5kcal","계란후라이(완제품)(01)(02)(06)(10)","102.5kcal","","","3078.56kcal"
"2025-05-17(토)","시리얼(3)","154.2kcal","오징어젓무침(17)","60.51kcal","배추김치","0kcal","","","3078.56kcal"
"2025-05-17(토)","가공우유(딸기맛)(02)(05)","165kcal","깍두기(완제품)","0kcal","","","","","3078.56kcal"
"2025-05-17(토)","백색우유(02)","65kcal","","","","","","","3078.56kcal"
"2025-05-18(일)","밥","380.17kcal","밥","380.17kcal","밥","380.17kcal","","","2474.97kcal"
"2025-05-18(일)","얼갈이된장국(05)(06)","32.25kcal","감자호박국(05)(06)(16)","41.78kcal","사골미역국(16)","61kcal","","","2474.97kcal"
"2025-05-18(일)","새송이버섯야채볶음(05)(06)(10)(18)","65.19kcal","간장돼지불고기(완제품)(05)(06)(10)","307.17kcal","닭고기야채조림(05)(15)","370.52kcal","","","2474.97kcal"
"2025-05-18(일)","소고기꽈리고추조림(05)(16)","304.26kcal","오이무침(05)","21.25kcal","시금치무침","26.84kcal","","","2474.97kcal"
"2025-05-18(일)","배추김치(수의계약)(09)","21kcal","볶음김치(05)","18.2kcal","백색우유(02)","65kcal","","","2474.97kcal"
"2025-05-18(일)","","","","","배추김치","0kcal","","","2474.97kcal"
"2025-05-19(월)","밥","380.17kcal","찹쌀밥","400.17kcal","밥","380.17kcal","","","3069.87kcal"
"2025-05-19(월)","어묵탕(05)(06)","101.1kcal","콩나물김치국(05)(06)(16)","25.38kcal","마라탕(09)(16)","100.73kcal","","","3069.87kcal"
"2025-05-19(월)","돼지고기고추장볶음(05)(10)","528.64kcal","오리불고기(05)","40.03kcal","갑오징어튀김(05)(06)(17)","622.1kcal","","","3069.87kcal"
"2025-05-19(월)","근대무침(05)(06)","25.9kcal","무쌈","40kcal","감자에그샐러드(완)","315kcal","","","3069.87kcal"
"2025-05-19(월)","백색우유(02)","65kcal","흑임자드레싱(01)(05)","28.48kcal","대추방울토마토(12)","17kcal","","","3069.87kcal"
"2025-05-19(월)","배추김치","0kcal","열무김치","0kcal","배추김치","0kcal","","","3069.87kcal"
"2025-05-20(화)","떡국(01)(16)","324.8kcal","밥","380.17kcal","밥","380.17kcal","","","3472.81kcal"
"2025-05-20(화)","쇠고기감자조림(05)(16)","382.16kcal","두부된장찌개(05)(09)","113.45kcal","사골곰탕(05)(06)","210.29kcal","","","3472.81kcal"
"2025-05-20(화)","계란말이(완)(01)(05)","55kcal","파채&간장돼지불백(05)(06)(10)(16)(18)","976.18kcal","깐쇼새우(05)(06)(09)(12)(16)","547.13kcal","","","3472.81kcal"
"2025-05-20(화)","배추김치","0kcal","무나물","21.36kcal","배추겉절이","22.1kcal","","","3472.81kcal"
"2025-05-20(화)","","","사과주스","60kcal","깍두기(완제품)","0kcal","","","3472.81kcal"
"2025-05-20(화)","","","배추김치","0kcal","","","","","3472.81kcal"
"2025-05-21(수)","밥","380.17kcal","밥","380.17kcal","밥","380.17kcal","","","2657.84kcal"
"2025-05-21(수)","황태해장국(완)(05)","18.58kcal","해물탕(05)(06)(09)(17)(18)","104.64kcal","감자양파찌개(02)(05)(06)(10)(15)(16)","114.78kcal","","","2657.84kcal"
"2025-05-21(수)","어묵볶음(05)(06)","266.86kcal","닭꼬치(완)","0kcal","감자채볶음(02)(05)(10)(15)(16)","83.69kcal","","","2657.84kcal"
"2025-05-21(수)","동그랑땡(05)(06)(10)","440kcal","두부양념장(05)","89.73kcal","갈치순살튀김(05)","242.1kcal","","","2657.84kcal"
"2025-05-21(수)","백색우유(02)","65kcal","배추김치","0kcal","김","28kcal","","","2657.84kcal"
"2025-05-21(수)","열무김치","0kcal","","","사과(후지)","63.95kcal","","","2657.84kcal"
"2025-05-21(수)","","","","","깍두기(완제품)","0kcal","","","2657.84kcal"
"2025-05-21(수)","","","","","상일식품(주),야채건빵,증식용, 65g","","","","2657.84kcal"
"2025-05-22(목)","참치오믈렛","325kcal","밥","380.17kcal","비빔밥(05)(16)","773kcal","","","3307.49kcal"
"2025-05-22(목)","밥","380.17kcal","닭고기육개장(01)(05)(06)(15)(16)","99.66kcal","팽이버섯된장국(05)(06)(09)(16)","103.35kcal","","","3307.49kcal"
"2025-05-22(목)","얼큰수제비국(05)(06)(16)","128.94kcal","마파두부(05)(06)(10)(15)(18)","317.53kcal","김말이튀김(05)","271.74kcal","","","3307.49kcal"
"2025-05-22(목)","비엔나소시지케찹볶음(02)(05)(06)(10)(12)(16)(18)","379.15kcal","느타리버섯볶음(05)","37.98kcal","계란후라이(완제품)(01)(02)(06)(10)","102.5kcal","","","3307.49kcal"
"2025-05-22(목)","깍두기(완제품)","0kcal","배추김치","0kcal","오이장아찌","8.3kcal","","","3307.49kcal"
"2025-05-23(금)","밥","380.17kcal","찰현미밥","397.42kcal","밥","380.17kcal","","","2736.25kcal"
"2025-05-23(금)","들깨무채국(05)(06)(16)","16.49kcal","돼지고기애호박찌개(05)(06)(10)","175.27kcal","어묵탕(05)(06)","101.1kcal","","","2736.25kcal"
"2025-04-24(목)","김자반","88.4kcal","상추겉절이","12.81kcal","야채샐러드유자드레싱(02)","27.76kcal","","","3236.94kcal"
"2025-04-24(목)","무나물","22.09kcal","깍두기(완제품)","0kcal","두유","250kcal","","","3236.94kcal"
"2025-04-24(목)","배추김치","0kcal","","","열무김치","0kcal","","","3236.94kcal"
"2025-04-25(금)","떡국(01)(05)(16)","299.12kcal","밥","371.74kcal","밥","371.74kcal","","","3158.05kcal"
"2025-04-25(금)","밥","371.74kcal","두부된장찌개(05)(09)","113.66kcal","감자양파찌개(02)(05)(06)(10)(15)(16)","111.56kcal","","","3158.05kcal"
"2025-04-25(금)","어묵볶음(05)(06)","266.86kcal","마파감자(05)(06)(10)(15)(18)","361.05kcal","달콤돼지고기볶음(10)","376.73kcal","","","3158.05kcal"
"2025-04-25(금)","쇠고기감자조림(05)(16)","376.27kcal","시금치무침","26.84kcal","부추양파무침","6.74kcal","","","3158.05kcal"
"2025-04-25(금)","배추김치","0kcal","백색우유(02)","65kcal","김","28kcal","","","3158.05kcal"
"2025-04-25(금)","","","배추김치","0kcal","이온음료(11)","11kcal","","","3158.05kcal"
"2025-04-25(금)","","","","","배추김치","0kcal","","","3158.05kcal"
"2025-04-26(토)","핫도그빵(01)(02)(05)(06)","665.2kcal","삼각주먹밥(완)(01)(02)(05)(06)(16)(18)","195kcal","쇠고기덮밥(05)(16)","761.53kcal","","","2928.95kcal"
"2025-04-26(토)","스크램블에그(01)(05)","206kcal","소떡소떡","0kcal","어묵볶음(05)(06)","266.86kcal","","","2928.95kcal"
"2025-04-26(토)","코울슬로샐러드(01)(05)","119.7kcal","감바스(09)","95.66kcal","열무김치","0kcal","","","2928.95kcal"
"2025-04-26(토)","백색우유(02)","65kcal","가공우유(초코맛)(02)","194kcal","","","","","2928.95kcal"
"2025-04-26(토)","시리얼(휴일)","360kcal","배추김치","0kcal","","","","","2928.95kcal"
"2025-04-27(일)","밥","371.74kcal","밥","371.74kcal","밥","371.74kcal","","","2521.57kcal"
"2025-04-27(일)","홍합탕(05)(06)(09)(17)(18)","105.34kcal","콩나물김치국(05)(06)(16)","25.38kcal","사골우거지국(02)(05)(06)(16)(18)","197.58kcal","","","2521.57kcal"
"2025-04-27(일)","미트볼조림(02)(05)(06)(10)(12)(15)(16)","582.94kcal","고추장돼지불고기(완제품)","6.73kcal","애호박나물(05)(09)","43.78kcal","","","2521.57kcal"
"2025-04-27(일)","오이무침(05)","22.31kcal","낙지젓무침(17)","33.57kcal","닭고기야채조림(05)(15)","370.52kcal","","","2521.57kcal"
"2025-04-27(일)","볶음김치(05)","18.2kcal","깍두기(완제품)","0kcal","짜먹는발효유","0kcal","","","2521.57kcal"
"2025-04-27(일)","","","","","배추김치","0kcal","","","2521.57kcal"
"2025-04-28(월)","밥","371.74kcal","찹쌀밥","391.74kcal","밥","371.74kcal","","","2839.93kcal"
"2025-04-28(월)","감자양파찌개(02)(05)(06)(10)(15)(16)","111.56kcal","해물탕(05)(06)","35.51kcal","사골곰탕(05)(06)","210.29kcal","","","2839.94kcal"
"2025-04-28(월)","계란말이(완)(01)(05)","55kcal","어묵볶음(05)(06)","266.86kcal","감자채볶음(02)(05)(10)(15)(16)","83.69kcal","","","2839.95kcal"
"2025-04-28(월)","동그랑땡(02)(05)(06)(10)(16)","246.25kcal","닭꼬치(완)","0kcal","깐쇼새우(05)(06)(09)(12)(16)","547.13kcal","","","2839.96kcal"
"2025-04-28(월)","김","28kcal","배추김치","0kcal","사과(후지)","55.42kcal","","","2839.97kcal"
"2025-04-28(월)","백색우유(02)","65kcal","","","깍두기(완제품)","0kcal","","","2839.98kcal"
"2025-04-28(월)","열무김치","0kcal","","","","","","","2839.99kcal"
"2025-04-29(화)","밥","371.74kcal","밥","371.74kcal","비빔밥(05)(16)","580.93kcal","","","2792.82kcal"
"2025-04-29(화)","참치오믈렛","0kcal","닭고기육개장(01)(05)(06)(15)(16)","103.3kcal","팽이버섯된장국(05)(06)(09)(16)","103.35kcal","","","2792.82kcal"
"2025-04-29(화)","들깨무채국(05)(06)(16)","17.06kcal","느타리버섯볶음(05)","37.98kcal","김말이튀김(05)","271.74kcal","","","2792.82kcal"
"2025-04-29(화)","비엔나소시지케찹볶음(02)(05)(06)(10)(12)(16)(18)","379.15kcal","마파두부(05)(06)(10)(15)(18)","280.03kcal","계란후라이(완제품)(01)(02)(06)(10)","102.5kcal","","","2792.82kcal"
"2025-04-29(화)","깍두기(완제품)","0kcal","배추김치","0kcal","오이장아찌","8.3kcal","","","2792.82kcal"
"2025-04-29(화)","","","","","토핑형발효유(02)(06)","165kcal","","","2792.82kcal"
"2025-04-30(수)","밥","371.74kcal","밥","371.74kcal","밥","371.74kcal","","","3613.02kcal"
"2025-04-30(수)","황태채국(01)(05)(06)(16)","78.72kcal","돼지고기애호박찌개(05)(06)(10)","175.27kcal","김치찌개(05)(09)(10)","133.01kcal","","","3613.02kcal"
"2025-04-30(수)","돼지고기고추장볶음(05)(10)","441.39kcal","메추리알장조림(완)(01)(05)(06)","232.5kcal","돈가스(02)(05)(06)(10)(12)(16)(18)","688.39kcal","","","3613.02kcal"
"2025-04-30(수)","김자반","88.4kcal","부추겉절이","14.3kcal","복숭아주스(11)","81kcal","","","3613.02kcal"
"2025-04-30(수)","두부조림(05)(16)","126.96kcal","깍두기(완제품)","0kcal","참치샐러드","372.86kcal","","","3613.02kcal"
"2025-04-30(수)","백색우유(02)","65kcal","","","열무김치","0kcal","","","3613.02kcal"
"2025-04-30(수)","열무김치","0kcal","","","","","","","3613.02kcal"
"2025-05-01(목)","밥","380.17kcal","찰현미밥","397.42kcal","밥","380.17kcal","","","2671.72kcal"
"2025-05-01(목)","닭고기육개장(01)(05)(06)(15)(16)","99.66kcal","짬뽕찌개(굴)(05)(06)(08)(09)(10)(16)(17)(18)","162.5kcal","부대찌개(02)(05)(06)(10)(15)(16)(18)","155.37kcal","","","2671.72kcal"
"2025-05-01(목)","언양식바싹불고기(01)(02)(05)(06)(10)(12)(15)(16)","317.7kcal","멸치볶음(05)","71.57kcal","느타리버섯볶음(05)","37.98kcal","","","2671.72kcal"
"2025-05-01(목)","상추겉절이","12.81kcal","돼지고기청경채볶음(05)(06)(10)(18)","350.57kcal","순살고등어구이(05)(07)","176.85kcal","","","2671.72kcal"
"2025-05-01(목)","깍두기(완제품)","0kcal","배추김치","0kcal","사과(후지)","63.95kcal","","","2671.72kcal"
"2025-05-01(목)","","","","","백색우유(02)","65kcal","","","2671.72kcal"
"2025-05-01(목)","","","","","배추김치","0kcal","","","2671.72kcal"
"2025-05-02(금)","밥","380.17kcal","밥","380.17kcal","카레밥","0kcal","","","2042.33kcal"
"2025-05-02(금)","어묵탕(05)(06)","101.1kcal","순두부찌개(05)(06)(16)(18)","62.05kcal","통모짜핫도그","0kcal","","","2042.33kcal"
"2025-05-02(금)","애호박나물(05)(09)","43.78kcal","감자채볶음(02)(05)(10)(15)(16)","83.69kcal","흑미밥","398.92kcal","","","2042.33kcal"
"2025-05-02(금)","맛밤송송함박스테이크(05)(12)","166kcal","닭순살야채조림(15)","284.12kcal","감자달걀국(01)(09)(16)","65.57kcal","","","2042.33kcal"
"2025-05-02(금)","김","28kcal","깍두기(완제품)","0kcal","야채샐러드유자드레싱(02)","27.76kcal","","","2042.33kcal"
"2025-05-02(금)","배추김치","0kcal","","","배추김치(수의계약)(09)","21kcal","","","2042.33kcal"
"2025-05-03(토)","불고기버거(01)(02)(05)(06)(10)(12)(16)","360.16kcal","밥","380.17kcal","삼색도리덮밥(01)(02)(05)(06)(10)(15)","790.06kcal","","","2922.60kcal"
"2025-05-03(토)","계란후라이(완제품)(01)(02)(06)(10)","102.5kcal","순대국밥(05)(06)(10)","452.69kcal","무나물","21.36kcal","","","2922.60kcal"
"2025-05-03(토)","가공우유(바나나맛)(02)","165kcal","왕교자만두찜(06)(10)","288.75kcal","배추김치","0kcal","","","2922.60kcal"
"2025-05-03(토)","백색우유(02)","65kcal","오징어젓무침(17)","60.51kcal","","","","","2922.60kcal"
"2025-05-03(토)","시리얼(증)(05)(06)","236.4kcal","깍두기(완제품)","0kcal","","","","","2922.60kcal"
"2025-05-04(일)","밥","380.17kcal","밥","380.17kcal","밥","380.17kcal","","","2365.67kcal"
"2025-05-04(일)","시금치된장국(05)(06)(09)(16)","45.38kcal","황태해장국(완)(05)","18.58kcal","부대찌개(02)(05)(06)(10)(15)(16)(18)","155.37kcal","","","2365.67kcal"
"2025-05-04(일)","돼지불고기(05)(10)","342.95kcal","닭고기야채조림(05)(15)","370.52kcal","주꾸미볶음(05)","178.56kcal","","","2365.67kcal"
"2025-05-04(일)","풋고추된장무침(05)(06)","30.57kcal","오이무침(05)","21.25kcal","애호박나물(05)(09)","43.78kcal","","","2365.67kcal"
"2025-05-04(일)","배추김치","0kcal","볶음김치(05)","18.2kcal","짜먹는발효유","0kcal","","","2365.67kcal"
"2025-05-04(일)","","","","","열무김치","0kcal","","","2365.67kcal"
"2025-05-05(월)","밥","380.17kcal","잡곡밥","429.17kcal","중화식덮밥(05)(09)(10)(17)","681.53kcal","","","3216.45kcal"
"2025-05-05(월)","어묵탕(05)(06)","101.1kcal","미역국(05)(06)(16)","29.58kcal","감자달걀국(01)(09)(16)","65.57kcal","","","3216.45kcal"
"2025-05-05(월)","치즈함박스테이크(01)(02)(05)(06)(10)(12)(15)(16)","339.8kcal","돼지고기청경채볶음(05)(06)(10)(18)","350.57kcal","유린기(05)(06)(15)(16)","548.79kcal","","","3216.45kcal"
"2025-05-05(월)","무조림","23.09kcal","옥수수계란찜(09)","117.13kcal","사과(후지)","63.95kcal","","","3216.45kcal"
"2025-05-05(월)","배추김치","0kcal","백색우유(02)","65kcal","배추김치","0kcal","","","3216.45kcal"
"2025-05-05(월)","","","배추김치(수의계약)(09)","21kcal","","","","","3216.45kcal"
"2025-05-06(화)","밥","380.17kcal","밥","380.17kcal","밥","380.17kcal","","","3553.76kcal"
"2025-05-06(화)","들깨무채국(05)(06)(16)","16.49kcal","꼬리곰탕(05)(06)(09)","401.06kcal","사골우거지국(02)(05)(06)(16)(18)","193.32kcal","","","3553.76kcal"
"2025-05-06(화)","비엔나소시지케찹볶음(02)(05)(06)(10)(12)(16)(18)","379.15kcal","김자반","88.4kcal","찐새우만두(05)(06)(09)","588kcal","","","3553.76kcal"
"2025-05-06(화)","피자오믈렛(01)(05)(06)(10)(12)(18)","190kcal","닭바베큐소스조림(05)(15)","403.58kcal","오징어젓무침(17)","60.51kcal","","","3553.76kcal"
"2025-05-06(화)","백색우유(02)","65kcal","부추양파무침","6.74kcal","배추김치(수의계약)(09)","21kcal","","","3553.76kcal"
"2025-05-06(화)","배추김치","0kcal","깍두기(완제품)","0kcal","","","","","3553.76kcal"
"2025-05-07(수)","밥","380.17kcal","현미밥","398.32kcal","자장밥(05)(06)(10)","343.2kcal","","","3779.73kcal"
"2025-05-07(수)","감자양파찌개(02)(05)(06)(10)(15)(16)","114.78kcal","홍합탕(05)(06)(09)(17)(18)","105.03kcal","흑미밥","398.92kcal","","","3779.73kcal"
"2025-05-07(수)","오삼불고기(05)(10)(17)","585.25kcal","고추잡채(05)(06)(10)(18)","382.08kcal","계란국(01)(09)(16)","55.37kcal","","","3779.73kcal"
"2025-05-07(수)","배추겉절이","22.1kcal","느타리버섯볶음(05)","37.98kcal","탕수육(05)(06)(10)","881.53kcal","","","3779.73kcal"
"2025-05-07(수)","깍두기(완제품)","0kcal","피크닉(청포도)","75kcal","배추김치","0kcal","","","3779.73kcal"
"2025-05-07(수)","","","열무김치","0kcal","","","","","3779.73kcal"
"2025-05-08(목)","밥","380.17kcal","닭고기덮밥(05)(06)(15)(18)","246.9kcal","밥","380.17kcal","","","3195.46kcal"
"2025-05-08(목)","쇠고기미역국(05)(06)(16)","91.57kcal","찹쌀밥","400.17kcal","짬뽕순두부(01)(05)(06)(09)(10)(17)(18)","174.29kcal","","","3195.46kcal"
"2025-05-08(목)","꽈리고추멸치볶음(05)","88.26kcal","쇠고기탕국(05)(06)(09)(16)","105.47kcal","생선가스(01)(05)(06)","727.94kcal","","","3195.46kcal"
"2025-05-08(목)","닭간장소스찜(15)","299.52kcal","스크램블에그(01)(05)","206kcal","무&비트피클(완)","30kcal","","","3195.46kcal"
"2025-05-08(목)","백색우유(02)","65kcal","배추김치","0kcal","배추김치","0kcal","","","3195.46kcal"
"2025-05-08(목)","배추김치","0kcal","","","","","","","3195.46kcal"
"2025-05-09(금)","밥","380.17kcal","밥","380.17kcal","밥","380.17kcal","","","2840.24kcal"
"2026-09-21(월)","배추김치","0kcal","두유(곡물맛)","0kcal","사과(홍로)","51.17kcal","","","2852.27kcal"
"2026-09-21(월)","","","열무김치","0kcal","배추김치","0kcal","","","2852.27kcal"
"2026-09-22(화)","밥","373.89kcal","현미밥","392.04kcal","유산슬덮밥(05)(06)(09)(10)(17)(18)","627.63kcal","","","3583.87kcal"
"2026-09-22(화)","닭곰탕(15)","64.42kcal","순두부백탕(01)(02)(05)(06)(09)(16)(18)","101.22kcal","밥","373.89kcal","","","3583.87kcal"
"2026-09-22(화)","치즈함박스테이크(01)(02)(05)(06)(10)(12)(15)(16)","249.8kcal","낙지삼겹살새우볶음(02)(05)(06)(09)(10)(16)(17)(18)","580.93kcal","감자양파찌개(02)(05)(06)(10)(15)(16)","115.66kcal","","","3583.87kcal"
"2026-09-22(화)","진미채고추장조림(05)(06)(17)","139kcal","옥수수계란찜(09)","160.39kcal","돼지고기강정(완)(05)(06)(12)(18)","270kcal","","","3583.87kcal"
"2026-09-22(화)","열무김치","0kcal","백색우유(02)","135kcal","청귤에이드","0kcal","","","3583.87kcal"
"2026-09-22(화)","","","배추김치","0kcal","열무김치","0kcal","","","3583.87kcal"
"2026-09-23(수)","밥","373.89kcal","밥","373.89kcal","나가사끼짬뽕(05)(06)(08)(10)(17)(18)","112.81kcal","","","2609.99kcal"
"2026-09-23(수)","김치찌개(05)(09)(10)","95.64kcal","감자어묵탕(02)(05)(06)(16)","66.29kcal","카레밥","373.89kcal","","","2609.99kcal"
"2026-09-23(수)","호박새우볶음(05)(06)(09)","49.12kcal","닭순살김치볶음(05)(15)","261.02kcal","피자돈까스(01)(02)(05)(06)(10)(12)","484kcal","","","2609.99kcal"
"2026-09-23(수)","비엔나메추리알조림(01)(02)(05)(06)(10)(15)(16)(18)","266.4kcal","무생채","11.04kcal","백색우유(02)","135kcal","","","2609.99kcal"
"2026-09-23(수)","깍두기(완제품)","0kcal","게토레이","7kcal","배추김치","0kcal","","","2609.99kcal"
"2026-09-23(수)","","","열무김치","0kcal","","","","","2609.99kcal"
"2026-09-24(목)","밥","373.89kcal","밥","373.89kcal","찰수수밥","374.92kcal","","","4577.09kcal"
"2026-09-24(목)","쇠고기무국(02)(05)(06)(16)","100.2kcal","꼬리곰탕(05)(06)(09)(16)","400.63kcal","얼큰수제비국(02)(05)(06)(16)","88.22kcal","","","4577.09kcal"
"2026-09-24(목)","콩나물불고기(05)(06)(10)","494.32kcal","돼지고기육전(01)(05)(06)(10)","141.59kcal","동파육","1157.5kcal","","","4577.09kcal"
"2026-09-24(목)","부추해물완자(01)(05)(06)(09)(16)(17)(18)","156.08kcal","부추무침","7.25kcal","야채고기말이(01)(02)(05)(06)(10)(15)(16)(18)","402.6kcal","","","4577.09kcal"
"2026-09-24(목)","배추김치","0kcal","두유(05)","140kcal","컵형아이스크림(01)(02)(06)","205kcal","","","4577.09kcal"
"2026-09-24(목)","","","깍두기(완제품)","0kcal","무말랭이무침(13)","161kcal","","","4577.09kcal"
"2026-09-24(목)","","","","","배추김치","0kcal","","","4577.09kcal"
"2026-09-25(금)","밥","373.89kcal","잡곡밥","398.56kcal","찰현미밥","392.04kcal","","","3184.53kcal"
"2026-09-25(금)","쇠고기떡국(01)(02)(05)(06)(16)","344.93kcal","차돌박이된장찌개(05)(06)(16)","147.88kcal","쇠고기미역국(02)(05)(06)(16)","118.21kcal","","","3184.53kcal"
"2026-09-25(금)","왕교자만두찜(05)(06)(10)(16)(18)","266kcal","돼지갈비찜(05)(06)(10)(12)","384.92kcal","버섯잡채(05)(06)(10)(16)(18)","113.98kcal","","","3184.53kcal"
"2026-09-25(금)","메추리알장조림(완)(01)(05)(06)","277.5kcal","콩나물무침(05)(06)","22.25kcal","계란옷입은동태전(01)(05)(06)","205.87kcal","","","3184.53kcal"
"2026-09-25(금)","식혜","80kcal","백설기떡","0kcal","샤인머스켓","58.5kcal","","","3184.53kcal"
"2026-09-25(금)","배추김치","0kcal","배추김치","0kcal","열무김치","0kcal","","","3184.53kcal"
"2026-09-26(토)","밥","373.89kcal","밥","373.89kcal","아욱된장국(02)(05)(06)(16)","52.53kcal","","","4998.12kcal"
"2026-09-26(토)","돼지고기고추장찌개(02)(05)(06)(10)(16)","110.32kcal","사골우거지국(02)(05)(06)(16)(18)","183.56kcal","훈제삼겹살(05)(06)(07)(10)(13)(16)","1075kcal","","","4998.12kcal"
"2026-09-26(토)","치킨스테이크(02)(05)(15)","854.83kcal","바베큐폭립(완제품)","1485kcal","명이나물(05)(06)(13)","46kcal","","","4998.12kcal"
"2026-09-26(토)","연두부&오리엔탈드레싱(05)","60kcal","오이피클","72.9kcal","음료","0kcal","","","4998.12kcal"
"2026-09-26(토)","에너지음료","0kcal","마카롱","0kcal","보쌈김치(09)","15kcal","","","4998.12kcal"
"2026-09-26(토)","배추김치","0kcal","단호박샐러드(완)","160.2kcal","","","","","4998.12kcal"
"2026-09-26(토)","","","백색우유(02)","135kcal","","","","","4998.12kcal"
"2026-09-26(토)","","","배추김치","0kcal","","","","","4998.12kcal"
"2026-09-27(일)","밥","373.89kcal","밥","373.89kcal","밥","373.89kcal","","","3359.86kcal"
"2026-09-27(일)","쇠고기탕국(02)(05)(06)(09)(16)","154.94kcal","김치찌개(05)(09)(10)","95.64kcal","두부된장찌개(05)(09)","62.42kcal","","","3359.86kcal"
"2026-09-27(일)","애호박나물(05)(09)","31.42kcal","훈제닭다리(완)(01)(02)(05)(15)","500.6kcal","소불고기(완제품)(02)(05)(06)(13)(16)","353.67kcal","","","3359.86kcal"
"2026-09-27(일)","남도떡갈비(01)(02)(05)(06)(10)(16)","437kcal","가공우유(바나나맛)(02)","165kcal","깻잎전(완)(01)(05)(06)(10)","112.5kcal","","","3359.86kcal"
"2026-09-27(일)","배추김치","0kcal","참치샐러드(완제품)(01)(05)(12)(18)","150kcal","쿠키앤크림케익(01)(02)(05)(06)","175kcal","","","3359.86kcal"
"2026-09-27(일)","","","열무김치","0kcal","깍두기(완제품)","0kcal","","","3359.86kcal"
"2026-09-28(월)","밥","373.89kcal","밥","373.89kcal","돼지고기덮밥(부타동)(05)(06)(10)(15)(18)","846.75kcal","","","3232.97kcal"
"2026-09-28(월)","콩나물국(02)(05)(06)(16)","29.85kcal","돼지고기애호박찌개(02)(05)(06)(10)(16)","98.69kcal","순두부찌개(02)(05)(06)(10)(16)(18)","130.05kcal","","","3232.97kcal"
"2026-09-28(월)","비엔나소시지케찹볶음(02)(05)(06)(10)(12)(16)(18)","268.15kcal","매콤순대볶음(05)(06)(10)","164.81kcal","통새우짜조롤(05)(06)(09)(12)","450kcal","","","3232.97kcal"
"2026-09-28(월)","마파두부(05)(06)(10)(15)(18)","264.22kcal","불고기오믈렛(완)(01)(02)(05)(06)(10)(16)(18)","137.5kcal","사과(홍로)","51.17kcal","","","3232.97kcal"
"2026-09-28(월)","배추김치","0kcal","감귤주스","44kcal","배추김치","0kcal","","","3232.97kcal"
"2026-09-28(월)","","","배추김치","0kcal","","","","","3232.97kcal"
"2026-09-29(화)","밥","373.89kcal","밥","373.89kcal","밥","373.89kcal","","","3382.90kcal"
"2026-09-29(화)","쇠고기버섯전골(02)(05)(06)(09)(16)","157.02kcal","수제비국(02)(05)(06)(16)","86.98kcal","부대찌개(02)(05)(06)(10)(12)(15)(16)(18)","171.66kcal","","","3382.90kcal"
"2026-09-29(화)","고구마함박스테이크(01)(02)(05)(06)(10)(12)(16)","281kcal","무생채","11.04kcal","양념치킨vs후라이드치킨(05)(06)(12)(15)(18)","791.16kcal","","","3382.90kcal"
"2026-09-29(화)","계란장조림(01)(05)(06)(16)(18)","296kcal","보쌈(02)(05)(06)(10)(16)(18)","250kcal","야채샐러드(01)(05)(12)","31.37kcal","","","3382.90kcal"
"2026-09-29(화)","배추김치","0kcal","백색우유(02)","135kcal","무&비트피클(완)","30kcal","","","3382.90kcal"
"2026-09-29(화)","","","보쌈김치(09)","15kcal","제로콜라","5kcal","","","3382.90kcal"
"2026-09-30(수)","밥","373.89kcal","찹쌀밥","393.89kcal","흑미밥","375.76kcal","","","2896.28kcal"
"2026-09-30(수)","어묵탕(05)(06)","79.65kcal","돼지국밥(02)(05)(06)(10)(15)(16)(18)","231.4kcal","해물탕(05)(06)(09)(17)(18)","111.1kcal","","","2896.28kcal"
"2026-09-30(수)","소고기꽈리고추조림(05)(16)","304.26kcal","잎새만두찜(10)","7.24kcal","돼지고기고추장볶음(05)(06)(10)","318.23kcal","","","2896.28kcal"
"2026-09-30(수)","연두부&양념장(05)(06)","67.37kcal","비요뜨초코링(02)(05)(06)","200kcal","연근흑임자무침(01)(05)","47.95kcal","","","2896.28kcal"
"2026-09-30(수)","배추김치","0kcal","양념전복장(05)(06)(18)","250.54kcal","백색우유(02)","135kcal","","","2896.28kcal"
"2026-09-30(수)","","","배추김치","0kcal","배추김치","0kcal","","","2896.28kcal"
"2025-04-20(일)","돼지불고기(05)(10)","393.65kcal","홍합탕(05)(06)(09)(17)(18)","105.34kcal","오징어삼겹볶음(05)(10)(17)","423.6kcal","","","2811.96kcal"
"2025-04-20(일)","오징어젓무침(17)","60.72kcal","무말랭이무침(13)","140kcal","오이무침(05)","22.31kcal","","","2811.96kcal"
"2025-04-20(일)","배추김치","0kcal","백색우유(02)","65kcal","마시는발효유(02)","70.6kcal","","","2811.96kcal"
"2025-04-20(일)","","","배추김치","0kcal","볶음김치(05)","18.2kcal","","","2811.96kcal"
"2025-04-21(월)","밥","371.74kcal","찹쌀밥","391.74kcal","중화식덮밥(05)(09)(10)(17)","687.8kcal","","","3033.93kcal"
"2025-04-21(월)","콩나물김치국(05)(06)(16)","25.38kcal","어묵탕(05)(06)","101.41kcal","감자달걀국(01)(09)(16)","65.57kcal","","","3033.93kcal"
"2025-04-21(월)","애호박나물(05)(09)","43.78kcal","오리불고기(05)","40.03kcal","탕수육(05)(06)(10)","881.53kcal","","","3033.93kcal"
"2025-04-21(월)","닭순살야채조림(15)","291.47kcal","무쌈","40kcal","배추김치","0kcal","","","3033.93kcal"
"2025-04-21(월)","백색우유(02)","65kcal","흑임자드레싱(01)(05)","28.48kcal","","","","","3033.93kcal"
"2025-04-21(월)","열무김치","0kcal","짜먹는발효유","0kcal","","","","","3033.93kcal"
"2025-04-21(월)","","","배추김치","0kcal","","","","","3033.93kcal"
"2025-04-22(화)","밥","371.74kcal","밥","371.74kcal","밥","371.74kcal","","","2968.64kcal"
"2025-04-22(화)","두부된장찌개(05)(09)","113.66kcal","쇠고기버섯전골(05)(06)(09)(16)","120.75kcal","짬뽕순두부(01)(05)(06)(09)(10)(17)(18)","174.29kcal","","","2968.64kcal"
"2025-04-22(화)","맛밤송송함박스테이크(05)(12)","166kcal","콩나물잡채(05)(06)(10)","211.72kcal","생선가스(01)(05)(06)","727.94kcal","","","2968.64kcal"
"2025-04-22(화)","피자오믈렛(01)(05)(06)(10)(12)(18)","190kcal","사천식캐슈넛멸치볶음(04)(05)","102.06kcal","대추방울토마토(12)","17kcal","","","2968.64kcal"
"2025-04-22(화)","깍두기(완제품)","0kcal","배추김치","0kcal","무&비트피클(완)","30kcal","","","2968.64kcal"
"2025-04-22(화)","","","","","배추김치","0kcal","","","2968.64kcal"
"2025-04-22(화)","","","","","오뚜기라면,오뚜기열라면, 105g","","","","2968.64kcal"
"2025-04-23(수)","밥","371.74kcal","밥","371.74kcal","밥","371.74kcal","","","2717.19kcal"
"2025-04-23(수)","사골우거지국(02)(05)(06)(16)(18)","197.58kcal","얼큰수제비국(05)(06)(16)","128.94kcal","쇠고기육개장(01)(05)(06)(16)","119.24kcal","","","2717.19kcal"
"2025-04-23(수)","돼지고기고추장볶음(05)(10)","441.39kcal","감자채볶음(02)(05)(10)(15)(16)","83.69kcal","돼지고기육전(01)(05)(06)(10)","138.41kcal","","","2717.19kcal"
"2025-04-23(수)","부추겉절이","14.3kcal","볼케이노치킨(02)(05)(06)(12)(15)(16)(18)","343.14kcal","청포묵무침(01)(05)(16)","70.28kcal","","","2717.19kcal"
"2025-04-23(수)","백색우유(02)","65kcal","배추김치","0kcal","열무김치","0kcal","","","2717.19kcal"
"2025-04-23(수)","깍두기(완제품)","0kcal","","","상일식품(주),야채건빵,증식용, 65g","","","","2717.19kcal"
"2025-04-24(목)","밥","371.74kcal","찰현미밥","388.98kcal","밥","371.74kcal","","","3236.94kcal"
"2025-04-24(목)","감자호박국(05)(06)(16)","41.78kcal","얼갈이된장국(05)(06)","32.25kcal","돼지고기짜글이(05)(06)(10)(16)","167.64kcal","","","3236.94kcal"
"2025-04-24(목)","닭간장소스찜(15)","299.52kcal","돼지삼겹야채볶음(10)","556.89kcal","치킨너겟(01)(02)(05)(06)(12)(15)(16)(18)","605.34kcal","","","3236.94kcal"
"2026-09-08(화)","연근떡갈비(05)(06)(10)(12)(15)(16)","313.5kcal","오이풋고추된장무침(05)(06)","23.23kcal","옥수수계란찜(09)","160.39kcal","","","3686.60kcal"
"2026-09-08(화)","배추김치","0kcal","가공우유(초코맛)(02)","160kcal","블루베리크림치즈찰떡(02)(06)(13)","205kcal","","","3686.60kcal"
"2026-09-08(화)","","","깍두기(완제품)","0kcal","배추김치","0kcal","","","3686.60kcal"
"2026-09-08(화)","","","","","농심,육개장사발면,86g","","","","3686.60kcal"
"2026-09-08(화)","","","","","농심,김치사발면,86g","500kcal","","","3686.60kcal"
"2026-09-09(수)","밥","373.89kcal","밥","373.89kcal","자장밥(05)(06)(10)(16)","717.09kcal","","","3428.64kcal"
"2026-09-09(수)","감자양파찌개(02)(05)(06)(10)(15)(16)","115.66kcal","순두부찌개(02)(05)(06)(10)(16)(18)","130.05kcal","중화식계란탕(01)(05)(06)(08)","107.97kcal","","","3428.64kcal"
"2026-09-09(수)","부들어묵볶음(05)(06)(08)","105.56kcal","순살족발(02)(05)(06)(10)(16)","475kcal","꿔바로우(05)(06)(10)(16)(18)","364.03kcal","","","3428.64kcal"
"2026-09-09(수)","계란장조림(01)(05)(06)(16)(18)","296kcal","무말랭이무침(13)","161kcal","샤인머스켓","58.5kcal","","","3428.64kcal"
"2026-09-09(수)","배추김치","0kcal","백색우유(02)","135kcal","배추김치","0kcal","","","3428.64kcal"
"2026-09-09(수)","","","보쌈김치(09)","15kcal","","","","","3428.64kcal"
"2026-09-10(목)","밥","373.89kcal","밥","373.89kcal","밥","373.89kcal","","","3299.98kcal"
"2026-09-10(목)","참치오믈렛(01)(05)(06)(18)","190kcal","시래기감자탕(02)(05)(06)(10)(16)","339.68kcal","아욱된장국(02)(05)(06)(16)","52.53kcal","","","3299.98kcal"
"2026-09-10(목)","맑은홍합탕(얼큰홍합탕)(05)(06)(09)(17)(18)","74.1kcal","새우가스&콘타르타르(01)(05)","520kcal","오삼불고기(05)(06)(10)(17)","560.14kcal","","","3299.98kcal"
"2026-09-10(목)","마파두부(05)(06)(10)(15)(18)","264.22kcal","부추무침","7.25kcal","무조림(05)(06)","24.39kcal","","","3299.98kcal"
"2026-09-10(목)","배추김치","0kcal","이온음료(파워에이드)(11)","11kcal","백색우유(02)","135kcal","","","3299.98kcal"
"2026-09-10(목)","","","배추김치","0kcal","배추김치","0kcal","","","3299.98kcal"
"2026-09-10(목)","","","","","냉동빵, 195에프앤비, 다크초코링찬도넛, 50g","","","","3299.98kcal"
"2026-09-11(금)","밥","373.89kcal","밥","373.89kcal","밥","373.89kcal","","","2930.21kcal"
"2026-09-11(금)","사골우거지국(02)(05)(06)(16)(18)","183.56kcal","두부된장찌개(05)(09)","62.42kcal","황태해장국(완)(05)","78.08kcal","","","2930.21kcal"
"2026-09-11(금)","감자채볶음(02)(05)(06)(10)(15)(16)","83.93kcal","돼지고기고추장볶음(05)(06)(10)","318.23kcal","닭볶음탕(05)(15)","316.2kcal","","","2930.21kcal"
"2026-09-11(금)","함박스테이크(01)(02)(05)(06)(10)(12)(15)(16)","308kcal","호박새우볶음(05)(06)(09)","49.12kcal","진미채고추장조림(05)(06)(17)","139kcal","","","2930.21kcal"
"2026-09-11(금)","배추김치","0kcal","마시는발효유","220kcal","파인애플스틱","50kcal","","","2930.21kcal"
"2026-09-11(금)","","","열무김치","0kcal","백김치","0kcal","","","2930.21kcal"
"2026-09-12(토)","밥1","326.7kcal","대파크림치즈베이글(01)(02)(06)(10)","502.5kcal","오징어덮밥(05)(06)(10)(17)","682.52kcal","","","3112.72kcal"
"2026-09-12(토)","삼각주먹밥(완)(01)(02)(05)(06)(16)(18)","250kcal","스크램블에그(01)(02)(05)(06)(15)(16)(18)","65.8kcal","평양왕만두(01)(05)(06)(10)(16)","400.4kcal","","","3112.72kcal"
"2026-09-12(토)","소떡소떡","0kcal","갈배사이다","0kcal","계란후라이(완제품)(01)(02)(05)(10)","102.5kcal","","","3112.72kcal"
"2026-09-12(토)","닭가슴살(15)","161.2kcal","코울슬로샐러드(01)(05)","119.7kcal","비타민음료","0kcal","","","3112.72kcal"
"2026-09-12(토)","양송이스프(02)(05)(06)(15)","130kcal","백색우유(02)","135kcal","배추김치","0kcal","","","3112.72kcal"
"2026-09-12(토)","배추김치","0kcal","첵스초코시리얼(05)(06)","236.4kcal","","","","","3112.72kcal"
"2026-09-13(일)","전복죽(05)(06)(16)(17)(18)","480kcal","밥","373.89kcal","밥1","326.7kcal","","","3057.62kcal"
"2026-09-13(일)","너비아니꼬지치즈맛(02)(05)(06)(10)(15)(16)","231kcal","닭고기육개장(02)(05)(06)(15)(16)","56.04kcal","어묵탕(05)(06)","79.65kcal","","","3057.62kcal"
"2026-09-13(일)","메추리알장조림(완)(01)(05)(06)","277.5kcal","간장돼지불고기(완제품)(05)(06)(10)","531.67kcal","부대떡볶이(01)(02)(05)(06)(10)(12)(15)(16)(18)","215.82kcal","","","3057.62kcal"
"2026-09-13(일)","배추김치","0kcal","양념깻잎지(05)(06)(09)","46kcal","김말이튀김(05)(06)","46.35kcal","","","3057.62kcal"
"2026-09-13(일)","","","백색우유(02)","135kcal","반달단무지(13)","8kcal","","","3057.62kcal"
"2026-09-13(일)","","","배추김치","0kcal","팩형아이스크림(01)(02)","250kcal","","","3057.62kcal"
"2026-09-14(월)","밥","373.89kcal","밥","373.89kcal","잡곡밥","398.56kcal","","","3224.39kcal"
"2026-09-14(월)","콩나물국(02)(05)(06)(16)","29.85kcal","순대국밥(02)(05)(06)(10)(15)(16)(18)","357.34kcal","들깨무채국(02)(05)(06)(16)","15.73kcal","","","3224.39kcal"
"2026-09-14(월)","돼지고기부추볶음(02)(05)(06)(10)(16)","342.91kcal","새우교자만두(05)(06)(09)","784kcal","새송이버섯야채볶음(02)(05)(06)(10)(15)(16)(18)","54.56kcal","","","3224.39kcal"
"2026-09-14(월)","꽈리고추멸치볶음(05)(06)","73.24kcal","오이풋고추된장무침(05)(06)","23.23kcal","닭순살김치볶음(05)(15)","261.02kcal","","","3224.39kcal"
"2026-09-14(월)","배추김치","0kcal","이온음료(포카리)","85kcal","사과(홍로)","51.17kcal","","","3224.39kcal"
"2026-09-14(월)","","","깍두기(완제품)","0kcal","열무김치","0kcal","","","3224.39kcal"
"2026-09-15(화)","밥","373.89kcal","찰현미밥","392.04kcal","밥","373.89kcal","","","3416.26kcal"
"2026-09-15(화)","장터국(02)(05)(06)(10)(12)(15)(16)(18)","115.79kcal","쇠고기무국(02)(05)(06)(16)","100.2kcal","해물짬뽕(05)(06)(09)(10)(15)(16)(17)(18)","111.48kcal","","","3416.26kcal"
"2026-09-15(화)","어묵볶음(05)(06)(08)","157.91kcal","주꾸미볶음(05)(06)","170.77kcal","불고기크로켓(05)(12)","619.76kcal","","","3416.26kcal"
"2026-09-15(화)","치킨너겟(01)(05)","263.26kcal","콩나물무침(05)(06)","22.25kcal","참나물유자겉절이","35.02kcal","","","3416.26kcal"
"2026-09-15(화)","백김치","0kcal","샤인머스켓주스","45kcal","백색우유(02)","135kcal","","","3416.26kcal"
"2026-09-15(화)","","","열무김치","0kcal","배추김치","0kcal","","","3416.26kcal"
"2026-09-15(화)","","","","","200오븐에구운 호두파이,400g(40g*10개)","500kcal","","","3416.26kcal"
"2026-09-16(수)","밥","373.89kcal","제육덮밥(05)(06)(10)","685.38kcal","찹쌀밥","393.89kcal","","","2986.35kcal"
"2026-09-16(수)","돼지고기애호박찌개(02)(05)(06)(10)(16)","98.69kcal","가리비미역국(02)(05)(06)(16)(18)","31.17kcal","사골곰탕(02)(05)(06)(15)(16)(18)","210.04kcal","","","2986.35kcal"
"2026-09-16(수)","닭바베큐소스조림(05)(06)(15)","275.37kcal","모짜렐라핫도그(01)(02)(05)(06)(10)(12)(16)","192.08kcal","갑오징어튀김(05)(06)(17)","351.45kcal","","","2986.35kcal"
"2026-09-16(수)","연두부&양념장(05)(06)","67.37kcal","계란후라이(완제품)(01)(02)(05)(10)","102.5kcal","오이무침","11.02kcal","","","2986.35kcal"
"2026-09-16(수)","배추김치","0kcal","백색우유(02)","135kcal","샤인머스켓","58.5kcal","","","2986.35kcal"
"2026-09-16(수)","","","배추김치","0kcal","깍두기(완제품)","0kcal","","","2986.35kcal"
"2026-09-17(목)","밥","373.89kcal","밥","373.89kcal","장조림버터밥(01)(02)(05)(06)(10)(15)(16)(18)","1042.27kcal","","","3488.24kcal"
"2026-09-17(목)","황태채국(01)(02)(05)(06)(16)","77.65kcal","순두부찌개(02)(05)(06)(10)(16)(18)","130.05kcal","참치고추장찌개(02)(05)(06)(09)(16)","187.99kcal","","","3488.24kcal"
"2026-09-17(목)","동그랑땡(05)(06)(10)","302.33kcal","훈제오리볶음(01)(05)(06)(18)","517.64kcal","해물파전(완)(05)(06)(08)(09)(17)(18)","199.2kcal","","","3488.24kcal"
"2026-09-17(목)","계란말이(완)(01)(02)(05)(06)","156.08kcal","부추무침","7.25kcal","짜요짜요딸기(02)(12)","100kcal","","","3488.24kcal"
"2026-09-17(목)","배추김치","0kcal","복숭아에이드(11)","8kcal","배추김치","0kcal","","","3488.24kcal"
"2026-09-17(목)","","","무쌈(13)","12kcal","","","","","3488.24kcal"
"2026-09-17(목)","","","열무김치","0kcal","","","","","3488.24kcal"
"2026-09-18(금)","밥","373.89kcal","밥","373.89kcal","밥","373.89kcal","","","2986.65kcal"
"2026-09-18(금)","쇠고기탕국(02)(05)(06)(09)(16)","154.94kcal","꼬치어묵국(05)(06)","192.4kcal","찹스테이크(05)(12)","93.34kcal","","","2986.65kcal"
"2026-09-18(금)","비엔나소시지감자조림(02)(05)(06)(10)(15)(16)(18)","229.66kcal","오삼불고기(05)(06)(10)(17)","560.14kcal","푸실리샐러드(완)(05)(06)(12)(16)","161.1kcal","","","2986.65kcal"
"2026-09-18(금)","두부양념장(05)(06)","89.08kcal","호박새우볶음(05)(06)(09)","49.12kcal","양송이스프(02)(05)(06)(15)","130kcal","","","2986.65kcal"
"2026-09-18(금)","열무김치","0kcal","백색우유(02)","135kcal","바나나","70.2kcal","","","2986.65kcal"
"2026-09-18(금)","","","배추김치","0kcal","배추김치","0kcal","","","2986.65kcal"
"2026-09-19(토)","밥","373.89kcal","햄치즈버거(01)(02)(05)(06)(10)(15)(16)","479.84kcal","닭고기덮밥(05)(06)(15)","631.6kcal","","","2836.38kcal"
"2026-09-19(토)","감자호박국(02)(05)(06)(16)","35.77kcal","계란후라이(완제품)(01)(02)(05)(10)","102.5kcal","굴림만두(01)(02)(05)(06)(10)(16)","228kcal","","","2836.38kcal"
"2026-09-19(토)","느타리버섯볶음(05)(06)","27.4kcal","제로콜라2","1kcal","스크램블에그(01)(02)(05)(06)(15)(16)(18)","65.8kcal","","","2836.38kcal"
"2026-09-19(토)","김자반","40kcal","감자에그샐러드(완)","108kcal","청포도에이드","50kcal","","","2836.38kcal"
"2026-09-19(토)","미트볼조림(02)(05)(06)(10)(12)(15)(16)","344.58kcal","초코씨리얼(05)(06)","213kcal","배추김치","0kcal","","","2836.38kcal"
"2026-09-19(토)","배추김치","0kcal","백색우유(02)","135kcal","","","","","2836.38kcal"
"2026-09-20(일)","밥","373.89kcal","밥","373.89kcal","밥","373.89kcal","","","2753.40kcal"
"2026-09-20(일)","쇠고기육개장(02)(05)(06)(16)","76.14kcal","황태해장국(완)(05)","78.08kcal","감자국(02)(05)(06)(16)","42.13kcal","","","2753.40kcal"
"2026-09-20(일)","멸치볶음(05)","72.38kcal","고추장돼지불고기(완제품)(05)(06)(10)","488.67kcal","부들어묵볶음(05)(06)(08)","105.56kcal","","","2753.40kcal"
"2026-09-20(일)","언양식바싹불고기(01)(02)(05)(06)(10)(12)(15)(16)","326.25kcal","무조림(05)(06)","24.39kcal","볼케이노치킨(02)(05)(06)(12)(15)(16)(18)","253.13kcal","","","2753.40kcal"
"2026-09-20(일)","배추김치","0kcal","초코찰떡","0kcal","가공우유(딸기맛)(02)","165kcal","","","2753.40kcal"
"2026-09-20(일)","","","배추김치","0kcal","열무김치","0kcal","","","2753.40kcal"
"2026-09-21(월)","밥","373.89kcal","비빔밥(05)(16)","709.22kcal","밥1","326.7kcal","","","2852.27kcal"
"2026-09-21(월)","맑은홍합탕(얼큰홍합탕)(05)(06)(09)(17)(18)","74.1kcal","두부김치국(02)(05)(06)(09)(16)","27.32kcal","사누끼우동(06)","58.74kcal","","","2852.27kcal"
"2026-09-21(월)","감자채볶음(02)(05)(06)(10)(15)(16)","83.93kcal","오징어팝콘(12)","265kcal","에그카츠(01)(05)(06)(10)(12)(18)","415.5kcal","","","2852.27kcal"
"2026-09-21(월)","돼지고기고추장볶음(05)(06)(10)","318.23kcal","계란후라이(완제품)(01)(02)(05)(10)","102.5kcal","야채샐러드&키위드레싱","45.97kcal","","","2852.27kcal"
"2026-08-26(수)","밥","373.89kcal","만두국(01)(02)(05)(06)(09)(10)(16)(18)","239.8kcal","밥","373.89kcal","","","3067.85kcal"
"2026-08-26(수)","돼지고기애호박찌개(02)(05)(06)(10)(16)","98.69kcal","밥","373.89kcal","쇠고기탕국(02)(05)(06)(09)(16)","115.15kcal","","","3067.85kcal"
"2026-08-26(수)","언양식바싹불고기(01)(02)(05)(06)(10)(12)(15)(16)","326.25kcal","순살족발(02)(05)(06)(10)(16)","418kcal","돼지고기고추장볶음(05)(06)(10)","318.23kcal","","","3067.85kcal"
"2026-08-26(수)","메추리알장조림(완)(01)(05)(06)","277.5kcal","무생채","11.04kcal","오이양파오리엔탈무침","6.52kcal","","","3067.85kcal"
"2026-08-26(수)","배추김치","0kcal","백색우유(02)","135kcal","백김치","0kcal","","","3067.85kcal"
"2026-08-26(수)","","","열무김치","0kcal","","","","","3067.85kcal"
"2026-08-27(목)","밥","373.89kcal","밥","373.89kcal","돼지고기덮밥(부타동)(05)(06)(10)(15)(18)","846.75kcal","","","3491.50kcal"
"2026-08-27(목)","참치고추장찌개(02)(05)(06)(09)(16)","188.5kcal","순두부찌개(02)(05)(06)(10)(16)(18)","130.05kcal","콩나물국(02)(05)(06)(16)","29.85kcal","","","3491.50kcal"
"2026-08-27(목)","감자채볶음(02)(05)(06)(10)(15)(16)","87.93kcal","오징어순대볶음(05)(06)(10)(17)","260.74kcal","피자돈까스(01)(02)(05)(06)(10)(12)","484kcal","","","3491.50kcal"
"2026-08-27(목)","순살안동찜닭(05)(06)(15)","283.02kcal","궁중떡볶이(02)(05)(06)(10)(16)(18)","232.88kcal","배추김치","0kcal","","","3491.50kcal"
"2026-08-27(목)","배추김치","0kcal","비요뜨초코링(02)(05)(06)","200kcal","","","","","3491.50kcal"
"2026-08-27(목)","","","배추김치","0kcal","","","","","3491.50kcal"
"2026-08-28(금)","밥","373.89kcal","밥","373.89kcal","잡곡밥","398.56kcal","","","3806.94kcal"
"2026-08-28(금)","얼큰쇠고기무국(02)(05)(06)(16)","108.21kcal","팽이버섯된장국(02)(05)(06)(09)(16)","95.88kcal","김치찌개(05)(09)(10)","95.85kcal","","","3806.94kcal"
"2026-08-28(금)","꽈리고추멸치볶음(05)(06)","73.24kcal","바베큐폭립(완제품)","1215kcal","한우갈비찜(16)","460.05kcal","","","3806.94kcal"
"2026-08-28(금)","함박스테이크(01)(02)(05)(06)(10)(12)(15)(16)","178kcal","무&비트피클(완)","30kcal","계란옷입은동태전(01)(05)(06)","205.87kcal","","","3806.94kcal"
"2026-08-28(금)","배추김치","0kcal","두유(05)","140kcal","샤인머스켓","58.5kcal","","","3806.94kcal"
"2026-08-28(금)","","","배추김치","0kcal","깍두기(완제품)","0kcal","","","3806.94kcal"
"2026-08-29(토)","밥","373.89kcal","대파크림치즈베이글(01)(02)(06)(10)","502.5kcal","닭고기덮밥(05)(06)(15)","631.6kcal","","","2924.55kcal"
"2026-08-29(토)","감자어묵탕(02)(05)(06)(16)","66.29kcal","양송이스프(02)(05)(06)(15)","130kcal","스크램블에그(01)(02)(05)(06)(15)(16)(18)","65.8kcal","","","2924.55kcal"
"2026-08-29(토)","돼지고기부추볶음(02)(05)(06)(10)(16)","342.91kcal","고구마샐러드(완)(01)","189.99kcal","베이컨떡말이(05)(10)(12)","125.2kcal","","","2924.55kcal"
"2026-08-29(토)","연두부&양념장(05)(06)","67.37kcal","초코아몬드(05)(06)(16)","294kcal","배추김치","0kcal","","","2924.55kcal"
"2026-08-29(토)","배추김치","0kcal","에너지음료","0kcal","","","","","2924.55kcal"
"2026-08-29(토)","","","백색우유(02)","135kcal","","","","","2924.55kcal"
"2026-08-30(일)","밥","373.89kcal","밥","373.89kcal","밥","373.89kcal","","","3196.78kcal"
"2026-08-30(일)","쇠고기육개장(02)(05)(06)(16)","55.54kcal","맑은홍합탕(얼큰홍합탕)(05)(06)(09)(17)(18)","67.6kcal","수제비국(02)(05)(06)(16)","86.98kcal","","","3196.78kcal"
"2026-08-30(일)","부들어묵볶음(05)(06)(08)","105.56kcal","훈제오리볶음(01)(05)(06)(18)","517.64kcal","낙지삼겹살새우볶음(02)(05)(06)(09)(10)(16)(17)(18)","580.93kcal","","","3196.78kcal"
"2026-08-30(일)","미트볼조림(02)(05)(06)(10)(12)(15)(16)","344.58kcal","콩나물매운무침(05)","22.86kcal","애호박나물(05)(09)","31.42kcal","","","3196.78kcal"
"2026-08-30(일)","배추김치","0kcal","팩형아이스크림(01)(02)","250kcal","배추김치","0kcal","","","3196.78kcal"
"2026-08-30(일)","","","무쌈(13)","12kcal","","","","","3196.78kcal"
"2026-08-30(일)","","","배추김치","0kcal","","","","","3196.78kcal"
"2026-08-31(월)","밥","373.89kcal","돼지국밥(02)(05)(06)(10)(15)(16)(18)","231.4kcal","중화식덮밥(05)(06)(09)(10)(15)(17)(18)","639.2kcal","","","3749.51kcal"
"2026-08-31(월)","가리비미역국(02)(05)(06)(16)(18)","31.17kcal","밥","373.89kcal","나가사끼짬뽕(05)(06)(08)(10)(17)(18)","112.81kcal","","","3749.51kcal"
"2026-08-31(월)","닭갈비(05)(06)(15)","242.39kcal","새우교자만두(05)(06)(09)","784kcal","탕수육(05)(06)(10)(18)","506.53kcal","","","3749.51kcal"
"2026-08-31(월)","계란장조림(01)(05)(06)(16)(18)","296kcal","오이풋고추된장무침(05)(06)","23.23kcal","배추김치","0kcal","","","3749.51kcal"
"2026-08-31(월)","배추김치","0kcal","백색우유(02)","135kcal","","","","","3749.51kcal"
"2026-08-31(월)","","","깍두기(완제품)","0kcal","","","","","3749.51kcal"
"2026-09-01(화)","밥","373.89kcal","현미밥","392.04kcal","밥","373.89kcal","","","3447.67kcal"
"2026-09-01(화)","얼큰쇠고기무국(02)(05)(06)(16)","148.21kcal","얼큰계란국(01)(16)","169.14kcal","팽이버섯된장국(02)(05)(06)(09)(16)","95.58kcal","","","3447.67kcal"
"2026-09-01(화)","새송이버섯야채볶음(02)(05)(06)(10)(15)(16)(18)","54.56kcal","명엽채볶음(완)","31.05kcal","왕새우튀김소스(01)(02)(05)(16)","229kcal","","","3447.67kcal"
"2026-09-01(화)","맛밤송송함박스테이크(05)(10)(12)(13)(16)","563kcal","고추잡채(05)(06)(10)(18)","383.63kcal","가츠동(01)(05)(06)(10)","498.68kcal","","","3447.67kcal"
"2026-09-01(화)","배추김치","0kcal","배추김치","0kcal","마시는발효유(사과)","135kcal","","","3447.67kcal"
"2026-09-01(화)","","","","","배추김치","0kcal","","","3447.67kcal"
"2026-09-02(수)","밥","373.89kcal","찹쌀밥","393.89kcal","김치덮밥(05)(06)(10)","719.43kcal","","","3122.00kcal"
"2026-09-02(수)","두부된장찌개(05)(09)","62.42kcal","사골곰탕(02)(05)(06)(15)(16)(18)","210.04kcal","유부장국(02)(05)(06)(16)","11.96kcal","","","3122.00kcal"
"2026-09-02(수)","콩나물불고기(05)(06)(10)","494.32kcal","닭강정(01)(02)(05)(06)(12)(15)(18)","195kcal","계란후라이(완제품)(01)(02)(05)(10)","102.5kcal","","","3122.00kcal"
"2026-09-02(수)","감자채볶음(02)(05)(06)(10)(15)(16)","83.93kcal","양념고추지(05)(06)","16kcal","베이컨떡말이(01)(05)(10)(12)(15)(16)(18)","293.2kcal","","","3122.00kcal"
"2026-09-02(수)","배추김치","0kcal","백색우유(02)","135kcal","자두(추희)","30.42kcal","","","3122.00kcal"
"2026-09-02(수)","","","깍두기(완제품)","0kcal","깍두기(완제품)","0kcal","","","3122.00kcal"
"2026-09-03(목)","밥","373.89kcal","밥","373.89kcal","흑미밥","375.76kcal","","","2689.27kcal"
"2026-09-03(목)","쇠고기버섯전골(02)(05)(06)(09)(16)","157.02kcal","들깨무채국(02)(05)(06)(16)","15.73kcal","감자국(02)(05)(06)(16)","42.13kcal","","","2689.27kcal"
"2026-09-03(목)","치킨너겟(01)(05)","263.26kcal","주꾸미볶음(05)(06)","170.77kcal","닭바베큐소스조림(05)(06)(15)","275.37kcal","","","2689.27kcal"
"2026-09-03(목)","연두부&양념장(05)(06)","67.37kcal","계란말이(완)(01)(02)(05)(06)","156.08kcal","김치전(완)(05)(06)(09)(16)(17)(18)","45kcal","","","2689.27kcal"
"2026-09-03(목)","열무김치","0kcal","복숭아주스(11)","188kcal","에너지바","185kcal","","","2689.27kcal"
"2026-09-03(목)","","","배추김치","0kcal","열무김치","0kcal","","","2689.27kcal"
"2026-09-04(금)","밥","373.89kcal","밥","373.89kcal","밥","373.89kcal","","","2884.57kcal"
"2026-09-04(금)","황태채국(01)(02)(05)(06)(16)","77.65kcal","햄짜글이(02)(05)(06)(10)(15)(16)(18)","165.44kcal","장터국(02)(05)(06)(10)(12)(15)(16)(18)","115.79kcal","","","2884.57kcal"
"2026-09-04(금)","어묵볶음(05)(06)(08)","157.91kcal","파채&간장돼지불백(02)(05)(06)(10)(16)(18)","300.09kcal","비엔나소시지케찹볶음(02)(05)(06)(10)(12)(16)(18)","268.15kcal","","","2884.57kcal"
"2026-09-04(금)","갈비산적(완제품)(05)(06)(10)(12)(15)(16)","282kcal","연근조림(02)(05)(06)(09)(18)","139.5kcal","바나나","70.2kcal","","","2884.57kcal"
"2026-09-04(금)","김","28kcal","백색우유(02)","135kcal","흑임자드레싱(01)(05)","23.17kcal","","","2884.57kcal"
"2026-09-04(금)","배추김치","0kcal","배추김치","0kcal","배추김치","0kcal","","","2884.57kcal"
"2026-09-05(토)","밥","373.89kcal","불고기버거(01)(02)(05)(06)(10)(12)(13)(16)(18)","442.41kcal","치킨마요덮밥(01)(02)(05)(06)(10)(12)(15)(16)(18)","761.37kcal","","","3164.73kcal"
"2026-09-05(토)","맑은홍합탕(얼큰홍합탕)(05)(06)(09)(17)(18)","74.1kcal","계란후라이(완제품)(01)(02)(05)(10)","102.5kcal","궁중떡볶이(02)(05)(06)(10)(16)(18)","232.88kcal","","","3164.73kcal"
"2026-09-05(토)","돼지고기부추볶음(02)(05)(06)(10)(16)","342.91kcal","고구마샐러드(완)(01)","189.99kcal","스크램블에그(01)(02)(05)(06)(15)(16)(18)","65.8kcal","","","3164.73kcal"
"2026-09-05(토)","두부양념장(05)(06)","89.08kcal","콘푸로스트(05)(06)","229.8kcal","제주한라봉음료","125kcal","","","3164.73kcal"
"2026-09-05(토)","배추김치","0kcal","몬스터에너지(화이트)","0kcal","배추김치","0kcal","","","3164.73kcal"
"2026-09-05(토)","","","백색우유(02)","135kcal","","","","","3164.73kcal"
"2026-09-06(일)","밥","373.89kcal","밥","373.89kcal","밥","373.89kcal","","","2486.69kcal"
"2026-09-06(일)","감자호박국(02)(05)(06)(16)","35.77kcal","어묵탕(05)(06)","79.65kcal","두부김치국(02)(05)(06)(09)(16)","27.32kcal","","","2486.69kcal"
"2026-09-06(일)","치즈언양식불고기(01)(02)(05)(06)(10)(16)","296.75kcal","애호박나물(05)(09)","31.42kcal","돼지고기새송이볶음(05)(06)(10)(18)","315.11kcal","","","2486.69kcal"
"2026-09-06(일)","콩나물무침(05)(06)","22.25kcal","오리불고기(05)","28.23kcal","오이참깨소스무침(01)(05)(06)","101.52kcal","","","2486.69kcal"
"2026-09-06(일)","배추김치","0kcal","무쌈(13)","12kcal","백색우유(02)","135kcal","","","2486.69kcal"
"2026-09-06(일)","","","튜브형아이스크림2","280kcal","깍두기(완제품)","0kcal","","","2486.69kcal"
"2026-09-06(일)","","","배추김치","0kcal","","","","","2486.69kcal"
"2026-09-07(월)","밥","373.89kcal","밥","373.89kcal","새우튀김덮밥(에비동)(05)(06)(09)(15)(18)","605.68kcal","","","2637.89kcal"
"2026-09-07(월)","사골미역국(16)","63.16kcal","돼지고기애호박찌개(02)(05)(06)(10)(16)","98.69kcal","미소장국(05)","35.58kcal","","","2637.89kcal"
"2026-09-07(월)","닭갈비(05)(06)(15)","242.39kcal","밥싸먹는훈제오리(15)","184kcal","타코야끼(05)(06)(15)(18)","194.92kcal","","","2637.89kcal"
"2026-09-07(월)","사천식캐슈넛멸치볶음(04)(05)","91.15kcal","순살고등어구이(05)(06)(07)(15)(18)","147.54kcal","양배추피클(13)","92kcal","","","2637.89kcal"
"2026-09-07(월)","배추김치","0kcal","이온음료","0kcal","백색우유(02)","135kcal","","","2637.89kcal"
"2026-09-07(월)","","","배추김치","0kcal","","","","","2637.89kcal"
"2026-09-08(화)","밥","373.89kcal","찹쌀밥","393.89kcal","찰현미밥","392.04kcal","","","3686.60kcal"
"2026-09-08(화)","쇠고기육개장(02)(05)(06)(16)","76.14kcal","꼬리곰탕(05)(06)(09)(16)","400.63kcal","꽃게탕(05)(06)(08)(09)(17)","95.68kcal","","","3686.60kcal"
"2026-09-08(화)","느타리버섯볶음(05)(06)","27.4kcal","닭꼬치(완)(05)(06)(15)","400kcal","매콤순대볶음(05)(06)(10)","164.81kcal","","","3686.60kcal"
"2026-08-12(수)","부대찌개(02)(05)(06)(10)(12)(15)(16)(18)","171.66kcal","어묵탕(05)(06)","79.65kcal","시래기감자탕(02)(05)(06)(10)(16)","339.68kcal","","","3593.64kcal"
"2026-08-12(수)","계란말이(완)(01)(02)(05)(06)","156.08kcal","명이나물(05)(06)(13)","46kcal","꿔바로우(05)(06)(10)(16)(18)","364.03kcal","","","3593.64kcal"
"2026-08-12(수)","동그랑땡(05)(06)(10)","302.33kcal","보쌈(02)(05)(06)(10)(16)(18)","836kcal","오이양파오리엔탈무침","6.52kcal","","","3593.64kcal"
"2026-08-12(수)","배추김치","0kcal","백색우유(02)","135kcal","깍두기(완제품)","0kcal","","","3593.64kcal"
"2026-08-12(수)","","","보쌈김치(09)","15kcal","","","","","3593.64kcal"
"2026-08-13(목)","밥","373.89kcal","밥","373.89kcal","밥","373.89kcal","","","2729.62kcal"
"2026-08-13(목)","돼지고기고추장찌개(02)(05)(06)(10)(16)","110.32kcal","사골미역국(16)","42.56kcal","두부된장찌개(05)(09)","62.73kcal","","","2729.62kcal"
"2026-08-13(목)","닭갈비(05)(06)(15)","242.39kcal","버섯잡채(05)(06)(10)(16)(18)","113.98kcal","에그카츠(01)(05)(06)(10)(12)(18)","415.5kcal","","","2729.62kcal"
"2026-08-13(목)","밥싸먹는훈제오리(15)","184kcal","깻잎전(완)(01)(05)(06)(10)","112.5kcal","컵형아이스크림(01)(02)(06)","205kcal","","","2729.62kcal"
"2026-08-13(목)","배추김치","0kcal","식혜","80kcal","야채샐러드(02)(13)","38.97kcal","","","2729.62kcal"
"2026-08-13(목)","","","열무김치","0kcal","배추김치","0kcal","","","2729.62kcal"
"2026-08-14(금)","밥","373.89kcal","밥","373.89kcal","찹쌀밥","393.89kcal","","","2563.88kcal"
"2026-08-14(금)","쇠고기육개장(02)(05)(06)(16)","55.54kcal","햄짜글이(02)(05)(06)(10)(15)(16)(18)","165.44kcal","낙지삼계탕(15)(17)","560.95kcal","","","2563.88kcal"
"2026-08-14(금)","멸치볶음(05)","72.38kcal","부들어묵볶음(05)(06)(08)","105.56kcal","오이풋고추된장무침(05)(06)","23.23kcal","","","2563.88kcal"
"2026-08-14(금)","돼지고기새송이볶음(05)(06)(10)(18)","315.11kcal","알떡스테이크(05)(06)(10)(12)(15)(16)","67kcal","파인애플스틱","50kcal","","","2563.88kcal"
"2026-08-14(금)","열무김치","0kcal","게토레이","7kcal","깍두기(완제품)","0kcal","","","2563.88kcal"
"2026-08-14(금)","","","배추김치","0kcal","","","","","2563.88kcal"
"2026-08-15(토)","밥","373.89kcal","햄치즈버거(01)(02)(05)(06)(10)(15)(16)","499.84kcal","제육덮밥(05)(06)(10)","685.38kcal","","","4915.18kcal"
"2026-08-15(토)","감자호박국(02)(05)(06)(16)","35.77kcal","계란후라이(완제품)(01)(02)(06)(10)","102.5kcal","김자반","40kcal","","","4915.18kcal"
"2026-08-15(토)","느타리버섯볶음(05)(06)","27.4kcal","참치샐러드(완제품)(01)(05)(12)(18)","1925kcal","평양왕만두(01)(05)(06)(10)(16)","400.4kcal","","","4915.18kcal"
"2026-08-15(토)","김자반","40kcal","초코씨리얼(05)(06)","213kcal","배추김치","0kcal","","","4915.18kcal"
"2026-08-15(토)","남도떡갈비(01)(02)(05)(06)(10)(16)","437kcal","백색우유(02)","135kcal","","","","","4915.18kcal"
"2026-08-15(토)","배추김치","0kcal","갈배사이다","0kcal","","","","","4915.18kcal"
"2026-08-16(일)","밥","373.89kcal","밥","373.89kcal","밥","373.89kcal","","","3096.13kcal"
"2026-08-16(일)","김치찌개(05)(09)(10)","95.85kcal","해물짬뽕(05)(06)(09)(10)(15)(16)(17)(18)","112.71kcal","순두부백탕(01)(02)(05)(06)(09)(16)(18)","95.03kcal","","","3096.13kcal"
"2026-08-16(일)","치즈언양식불고기(01)(02)(05)(06)(10)(16)","296.75kcal","감자채볶음(02)(05)(06)(10)(15)(16)","87.93kcal","고추장돼지불고기(완제품)(05)(06)(10)","440.67kcal","","","3096.13kcal"
"2026-08-16(일)","피자오믈렛(01)(02)(05)(06)(10)(12)(15)(16)(18)","153kcal","볼케이노치킨(02)(05)(06)(12)(15)(16)(18)","253.13kcal","무조림(05)(06)","24.39kcal","","","3096.13kcal"
"2026-08-16(일)","깍두기(완제품)","0kcal","튜브형아이스크림2","280kcal","백색우유(02)","135kcal","","","3096.13kcal"
"2026-08-16(일)","","","백김치","0kcal","배추김치","0kcal","","","3096.13kcal"
"2026-08-17(월)","밥","373.89kcal","밥1","326.7kcal","밥","373.89kcal","","","2885.22kcal"
"2026-08-17(월)","얼큰수제비국(02)(05)(06)(16)","88.22kcal","꼬치어묵국(05)(06)","192.4kcal","마라탕(05)(06)(09)(10)(15)(16)(18)","130.45kcal","","","2885.22kcal"
"2026-08-17(월)","새송이버섯야채볶음(02)(05)(06)(10)(15)(16)(18)","54.56kcal","누들떡볶이(01)(05)(06)","250.7kcal","비엔나메추리알조림(01)(02)(05)(06)(10)(15)(16)(18)","346.4kcal","","","2885.22kcal"
"2026-08-17(월)","소고기꽈리고추조림(05)(16)","304.26kcal","닭강정(01)(02)(05)(06)(12)(15)(18)","195kcal","콩나물무침(05)(06)","22.25kcal","","","2885.22kcal"
"2026-08-17(월)","배추김치","0kcal","반달단무지(13)","8kcal","샤인머스켓","58.5kcal","","","2885.22kcal"
"2026-08-17(월)","","","가공우유(초코맛)(02)","160kcal","백김치","0kcal","","","2885.22kcal"
"2026-08-18(화)","밥","373.89kcal","밥","373.89kcal","밥","373.89kcal","","","3600.17kcal"
"2026-08-18(화)","장터국(02)(05)(06)(10)(12)(15)(16)(18)","95.19kcal","황태채국(01)(02)(05)(06)(16)","77.65kcal","꽃게탕(05)(06)(08)(09)(17)","95.68kcal","","","3600.17kcal"
"2026-08-18(화)","애호박나물(05)(09)","31.42kcal","낙지삼겹살새우볶음(02)(05)(06)(09)(10)(16)(17)(18)","580.93kcal","훈제닭다리(완)(01)(02)(05)(15)","500.6kcal","","","3600.17kcal"
"2026-08-18(화)","치킨너겟(01)(05)","263.26kcal","옥수수계란찜(09)","160.39kcal","오이무침","10.38kcal","","","3600.17kcal"
"2026-08-18(화)","김","28kcal","백색우유(02)","135kcal","배추김치","0kcal","","","3600.17kcal"
"2026-08-18(화)","배추김치","0kcal","배추김치","0kcal","200오븐에구운 호두파이,400g(40g*10개)","500kcal","","","3600.17kcal"
"2026-08-19(수)","밥","373.89kcal","카레밥","373.89kcal","밥","373.89kcal","","","2580.64kcal"
"2026-08-19(수)","맑은홍합탕(얼큰홍합탕)(05)(06)(09)(17)(18)","67.6kcal","감자국(02)(05)(06)(16)","42.13kcal","유부장국(02)(05)(06)(16)","11.96kcal","","","2580.64kcal"
"2026-08-19(수)","콩나물불고기(05)(06)(10)","494.32kcal","왕새우튀김소스(05)(06)(12)(18)","219kcal","어묵볶음(05)(06)(08)","157.91kcal","","","2580.64kcal"
"2026-08-19(수)","명엽채볶음(완)","31.05kcal","복숭아주스(11)","188kcal","닭순살치킨가스(05)(06)(10)(12)(15)(16)","247kcal","","","2580.64kcal"
"2026-08-19(수)","배추김치","0kcal","배추김치","0kcal","배추김치","0kcal","","","2580.64kcal"
"2026-08-20(목)","밥","373.89kcal","현미밥","392.04kcal","비빔밥(05)(16)","689.42kcal","","","3838.20kcal"
"2026-08-20(목)","사골우거지국(02)(05)(06)(16)(18)","163.66kcal","두부김치국(02)(05)(06)(09)(16)","27.63kcal","시래기된장국(02)(05)(06)(16)","58.01kcal","","","3838.20kcal"
"2026-08-20(목)","닭바베큐소스조림(05)(06)(15)","275.37kcal","동파육","1018.6kcal","닭꼬치(완)(05)(06)(15)","400kcal","","","3838.20kcal"
"2026-08-20(목)","부추해물완자(01)(05)(06)(09)(16)(17)(18)","156.08kcal","양념깻잎지(05)(06)(09)","46kcal","계란후라이(완제품)(01)(02)(06)(10)","102.5kcal","","","3838.20kcal"
"2026-08-20(목)","배추김치","0kcal","백색우유(02)","135kcal","열무김치","0kcal","","","3838.20kcal"
"2026-08-20(목)","","","깍두기(완제품)","0kcal","","","","","3838.20kcal"
"2026-08-21(금)","밥","373.89kcal","흑미밥","375.76kcal","밥","373.89kcal","","","3060.92kcal"
"2026-08-21(금)","쇠고기미역국(02)(05)(06)(16)","98.21kcal","닭고기육개장(02)(05)(06)(15)(16)","56.04kcal","참치김치찌개(05)(09)","163.6kcal","","","3060.92kcal"
"2026-08-21(금)","맛밤송송함박스테이크(05)(10)(12)(13)(16)","563kcal","순살삼치구이(05)(06)(07)(15)(18)","132.54kcal","마파두부(05)(06)(10)(15)(18)","264.22kcal","","","3060.92kcal"
"2026-08-21(금)","연두부&양념장(05)(06)","67.37kcal","진미채고추장조림(05)(06)(17)","139kcal","갈비산적(완제품)(05)(06)(10)(12)(15)(16)","282kcal","","","3060.92kcal"
"2026-08-21(금)","배추김치","0kcal","이온음료(포카리)","85kcal","바나나","86.4kcal","","","3060.92kcal"
"2026-08-21(금)","","","열무김치","0kcal","깍두기(완제품)","0kcal","","","3060.92kcal"
"2026-08-22(토)","핫도그빵(01)(02)(05)(06)(10)(16)(18)","463.6kcal","밥1","326.7kcal","오징어덮밥(05)(06)(10)(17)","722.12kcal","","","3555.40kcal"
"2026-08-22(토)","스크램블에그(01)(02)(05)(06)(15)(16)(18)","65.8kcal","치킨스테이크(02)(05)(15)","854.83kcal","모짜렐라핫도그(01)(02)(05)(06)(10)(12)(16)","192.08kcal","","","3555.40kcal"
"2026-08-22(토)","백색우유(02)","135kcal","불고기오믈렛(완)(01)(02)(05)(06)(10)(16)(18)","137.5kcal","계란후라이(완제품)(01)(02)(06)(10)","102.5kcal","","","3555.40kcal"
"2026-08-22(토)","오이피클","72.9kcal","포테이토크림스프(02)(05)(06)(10)(15)(16)","220kcal","배추김치","0kcal","","","3555.40kcal"
"2026-08-22(토)","야채샐러드(햄버거용)(01)(05)(12)","31.37kcal","배추김치","0kcal","","","","","3555.40kcal"
"2026-08-22(토)","씨리얼(05)","230kcal","","","","","","","3555.40kcal"
"2026-08-22(토)","제로콜라2","1kcal","","","","","","","3555.40kcal"
"2026-08-23(일)","밥","373.89kcal","밥","373.89kcal","밥","373.89kcal","","","3103.50kcal"
"2026-08-23(일)","황태해장국(완)(05)","78.08kcal","해물탕(05)(06)(09)(17)(18)","111.1kcal","닭볶음탕(05)(15)","316.2kcal","","","3103.50kcal"
"2026-08-23(일)","느타리버섯볶음(05)(06)","27.4kcal","간장돼지불고기(완제품)(05)(06)(10)","483.87kcal","두부된장찌개(05)(09)","62.73kcal","","","3103.50kcal"
"2026-08-23(일)","동그랑땡(05)(06)(10)","302.33kcal","가공우유(커피맛)(02)","185kcal","호박새우볶음(05)(06)(09)","49.12kcal","","","3103.50kcal"
"2026-08-23(일)","배추김치","0kcal","무말랭이무침(13)","161kcal","컵형아이스크림(01)(02)(06)","205kcal","","","3103.50kcal"
"2026-08-23(일)","","","배추김치","0kcal","백김치","0kcal","","","3103.50kcal"
"2026-08-24(월)","밥","373.89kcal","찹쌀밥","393.89kcal","밥","373.89kcal","","","3231.05kcal"
"2026-08-24(월)","감자양파찌개(02)(05)(06)(10)(15)(16)","119.66kcal","순대국밥(02)(05)(06)(10)(15)(16)(18)","384.54kcal","수제비국(02)(05)(06)(16)","86.98kcal","","","3231.05kcal"
"2026-08-24(월)","쇠고기감자조림(05)(06)(16)","349.28kcal","해물파전(완)(05)(06)(08)(09)(17)(18)","199.2kcal","오삼불고기(05)(06)(10)(17)","560.14kcal","","","3231.05kcal"
"2026-08-24(월)","계란말이(완)(01)(02)(05)(06)","156.08kcal","오이풋고추된장무침(05)(06)","23.23kcal","상추겉절이(05)(06)","11.15kcal","","","3231.05kcal"
"2026-08-24(월)","배추김치","0kcal","백색우유(02)","135kcal","복숭아(천도)(11)","64.12kcal","","","3231.05kcal"
"2026-08-24(월)","","","깍두기(완제품)","0kcal","배추김치","0kcal","","","3231.05kcal"
"2026-08-25(화)","밥","373.89kcal","찰현미밥","392.04kcal","밥","373.89kcal","","","2654.29kcal"
"2026-08-25(화)","장터국(02)(05)(06)(10)(12)(15)(16)(18)","95.19kcal","들깨무채국(02)(05)(06)(16)","15.73kcal","두부김치국(02)(05)(06)(09)(16)","27.63kcal","","","2654.29kcal"
"2026-08-25(화)","비엔나소시지감자조림(02)(05)(06)(10)(15)(16)(18)","309.66kcal","주꾸미볶음(05)(06)(17)(18)","217.91kcal","가츠동(01)(05)(06)(10)","498.68kcal","","","2654.29kcal"
"2026-08-25(화)","두부양념장(05)(06)","89.08kcal","돼지고기육전(01)(05)(06)(10)","141.59kcal","감자에그샐러드(완)","108kcal","","","2654.29kcal"
"2026-08-25(화)","배추김치","0kcal","이온음료(파워에이드)(11)","11kcal","깍두기(완제품)","0kcal","","","2654.29kcal"
"2026-08-25(화)","","","열무김치","0kcal","냉동빵, 195에프앤비, 다크초코링찬도넛, 50g","","","","2654.29kcal"
"2026-07-29(수)","부들어묵볶음(05)(06)(08)","105.56kcal","순살족발(02)(05)(06)(10)(16)","418kcal","주꾸미볶음(05)","239.05kcal","","","2789.03kcal"
"2026-07-29(수)","계란장조림(01)(05)(06)(16)(18)","296kcal","명이나물(05)(06)(13)","46kcal","옥수수계란찜(09)","160.39kcal","","","2789.03kcal"
"2026-07-29(수)","김","28kcal","이온음료(파워에이드)(11)","11kcal","가공우유(바나나맛)(02)","165kcal","","","2789.03kcal"
"2026-07-29(수)","배추김치","0kcal","보쌈김치","0kcal","배추김치","0kcal","","","2789.03kcal"
"2026-07-30(목)","밥","373.89kcal","밥","373.89kcal","밥","373.89kcal","","","5720.37kcal"
"2026-07-30(목)","해물탕(05)(06)(09)(17)(18)","111.1kcal","시래기감자탕(02)(05)(06)(10)(16)","329.98kcal","사골미역국(16)","63.16kcal","","","5720.37kcal"
"2026-07-30(목)","마파두부(05)(06)(10)(15)(18)","264.22kcal","오징어튀김(01)(05)","2958kcal","오징어채볶음(01)(05)(06)(17)","158.06kcal","","","5720.37kcal"
"2026-07-30(목)","감자채볶음(02)(05)(06)(10)(15)(16)","87.93kcal","부추무침","7.25kcal","피자돈까스(01)(02)(05)(06)(10)(12)","484kcal","","","5720.37kcal"
"2026-07-30(목)","배추김치","0kcal","백색우유(02)","135kcal","배추김치","0kcal","","","5720.37kcal"
"2026-07-30(목)","","","배추김치","0kcal","","","","","5720.37kcal"
"2026-07-31(금)","밥","373.89kcal","밥","373.89kcal","밥","373.89kcal","","","5100.06kcal"
"2026-07-31(금)","어묵탕(05)(06)","79.65kcal","유부장국(02)(05)(06)(16)","11.96kcal","갈낙탕(01)(02)(05)(06)(16)(17)","409.88kcal","","","5100.06kcal"
"2026-07-31(금)","맛밤송송함박스테이크(05)(10)(12)(13)(16)","563kcal","지코바치킨(02)(05)(06)(15)(16)(18)","466.58kcal","돼지고기육전(01)(05)(06)(10)","141.59kcal","","","5100.06kcal"
"2026-07-31(금)","메추리알장조림(완)(01)(05)(06)","277.5kcal","참치샐러드(완제품)(01)(05)(12)(18)","1925kcal","오이풋고추된장무침(05)(06)","23.23kcal","","","5100.06kcal"
"2026-07-31(금)","배추김치","0kcal","무&비트피클(완)","30kcal","파인애플스틱","50kcal","","","5100.06kcal"
"2026-07-31(금)","","","갈배사이다","0kcal","깍두기(완제품)","0kcal","","","5100.06kcal"
"2026-08-01(토)","밥","373.89kcal","불고기버거(01)(02)(05)(06)(10)(12)(13)(16)(18)","442.41kcal","쇠고기덮밥(05)(16)","789.76kcal","","","3015.84kcal"
"2026-08-01(토)","사골우거지국(02)(05)(06)(16)(18)","163.66kcal","계란후라이(완제품)(01)(02)(06)(10)","102.5kcal","김자반","40kcal","","","3015.84kcal"
"2026-08-01(토)","순살안동찜닭(05)(06)(15)","283.02kcal","단호박샐러드(완)","160.2kcal","타코야끼(05)(06)(15)(18)","194.92kcal","","","3015.84kcal"
"2026-08-01(토)","두부양념장(05)(06)","89.08kcal","백색우유(02)","135kcal","배추김치","0kcal","","","3015.84kcal"
"2026-08-01(토)","배추김치","0kcal","첵스초코시리얼(05)(06)","236.4kcal","","","","","3015.84kcal"
"2026-08-01(토)","","","제로콜라","5kcal","","","","","3015.84kcal"
"2026-08-02(일)","밥","373.89kcal","밥","373.89kcal","밥","373.89kcal","","","3272.04kcal"
"2026-08-02(일)","얼큰계란국(01)(16)","129.14kcal","부대찌개(02)(05)(06)(10)(12)(15)(16)(18)","171.66kcal","닭고기육개장(02)(05)(06)(15)(16)","56.04kcal","","","3272.04kcal"
"2026-08-02(일)","어묵볶음(05)(06)(08)","157.91kcal","콩나물불고기(05)(06)(10)","494.32kcal","고구마함박스테이크(01)(02)(05)(06)(10)(12)(16)","281kcal","","","3272.04kcal"
"2026-08-02(일)","치킨너겟(01)(05)","263.26kcal","무생채","11.04kcal","김치전(완)(05)(06)(09)(16)(17)(18)","171kcal","","","3272.04kcal"
"2026-08-02(일)","배추김치","0kcal","튜브형아이스크림2","280kcal","백색우유(02)","135kcal","","","3272.04kcal"
"2026-08-02(일)","","","배추김치","0kcal","깍두기(완제품)","0kcal","","","3272.04kcal"
"2026-08-03(월)","밥","373.89kcal","현미밥","392.04kcal","밥","373.89kcal","","","3637.22kcal"
"2026-08-03(월)","쇠고기무국(02)(05)(06)(16)","69.3kcal","참치고추장찌개(02)(05)(06)(09)(16)","188.5kcal","두부된장찌개(05)(09)","62.73kcal","","","3637.22kcal"
"2026-08-03(월)","새송이버섯야채볶음(02)(05)(06)(10)(15)(16)(18)","54.56kcal","고추잡채(05)(06)(10)(18)","383.63kcal","훈제삼겹살(05)(06)(07)(10)(13)(16)","946kcal","","","3637.22kcal"
"2026-08-03(월)","돼지고기부추볶음(02)(05)(06)(10)(16)","342.91kcal","연근조림(02)(05)(06)(09)(18)","139.5kcal","상추겉절이(05)(06)","11.15kcal","","","3637.22kcal"
"2026-08-03(월)","배추김치","0kcal","마시는발효유","220kcal","복숭아(천도)(11)","64.12kcal","","","3637.22kcal"
"2026-08-03(월)","","","배추김치","0kcal","보쌈김치(09)","15kcal","","","3637.22kcal"
"2026-08-04(화)","밥","373.89kcal","찹쌀밥","393.89kcal","자장밥(05)(06)(10)(16)","717.09kcal","","","3364.99kcal"
"2026-08-04(화)","돼지고기애호박찌개(02)(05)(06)(10)(16)","98.69kcal","사골곰탕(02)(05)(06)(15)(16)(18)","210.04kcal","짬뽕수제비(05)(06)(09)(10)(15)(16)(17)(18)","112.9kcal","","","3364.99kcal"
"2026-08-04(화)","맛밤송송함박스테이크(05)(10)(12)(13)(16)","563kcal","잎새만두찜","7.24kcal","통새우짜조롤(05)(06)(09)(12)","450kcal","","","3364.99kcal"
"2026-08-04(화)","계란장조림(01)(05)(06)(16)(18)","296kcal","부추무침","7.25kcal","배추김치","0kcal","","","3364.99kcal"
"2026-08-04(화)","열무김치","0kcal","백색우유(02)","135kcal","","","","","3364.99kcal"
"2026-08-04(화)","","","깍두기(완제품)","0kcal","","","","","3364.99kcal"
"2026-08-05(수)","밥","373.89kcal","김치덮밥(05)(06)(10)","666.63kcal","잡곡밥","398.56kcal","","","3044.53kcal"
"2026-08-05(수)","황태해장국(완)(05)","78.08kcal","팽이버섯된장국(02)(05)(06)(09)(16)","95.88kcal","감자국(02)(05)(06)(16)","42.13kcal","","","3044.53kcal"
"2026-08-05(수)","감자채볶음(02)(05)(06)(10)(15)(16)","87.93kcal","계란후라이(완제품)(01)(02)(06)(10)","102.5kcal","닭볶음탕(05)(15)","316.2kcal","","","3044.53kcal"
"2026-08-05(수)","마파두부(05)(06)(10)(15)(18)","264.22kcal","쇠고기육전(02)(05)(06)(16)","386.09kcal","애호박나물(05)(09)","31.42kcal","","","3044.53kcal"
"2026-08-05(수)","김","28kcal","복숭아에이드(11)","8kcal","가공우유(딸기맛)(02)","165kcal","","","3044.53kcal"
"2026-08-05(수)","배추김치","0kcal","열무김치","0kcal","배추김치","0kcal","","","3044.53kcal"
"2026-08-06(목)","밥","373.89kcal","밥","373.89kcal","밥1","326.7kcal","","","3196.24kcal"
"2026-08-06(목)","쇠고기버섯전골(02)(05)(06)(09)(16)","137.38kcal","가리비미역국(02)(05)(06)(16)(18)","31.17kcal","사누끼우동(06)","58.74kcal","","","3196.24kcal"
"2026-08-06(목)","비엔나소시지케찹볶음(02)(05)(06)(10)(12)(16)(18)","358.15kcal","파채&간장돼지불백(02)(05)(06)(10)(16)(18)","300.09kcal","불고기크로켓(05)(12)","619.76kcal","","","3196.24kcal"
"2026-08-06(목)","연두부&양념장(05)(06)","67.37kcal","백색우유(02)","135kcal","양배추피클(13)","92kcal","","","3196.24kcal"
"2026-08-06(목)","배추김치","0kcal","무말랭이무침(13)","161kcal","푸실리샐러드(완)(05)(06)(12)(16)","161.1kcal","","","3196.24kcal"
"2026-08-06(목)","","","백김치","0kcal","","","","","3196.24kcal"
"2026-08-07(금)","밥","373.89kcal","찰현미밥","392.04kcal","유산슬덮밥(05)(06)(09)(10)(17)(18)","627.63kcal","","","2331.10kcal"
"2026-08-07(금)","참치오믈렛(01)(05)(06)(18)","190kcal","순두부백탕(01)(02)(05)(06)(09)(16)(18)","95.03kcal","쇠고기탕국(02)(05)(06)(09)(16)","115.15kcal","","","2331.10kcal"
"2026-08-07(금)","감자호박국(02)(05)(06)(16)","35.77kcal","오리불고기(05)","28.23kcal","김말이튀김(05)(06)","46.35kcal","","","2331.10kcal"
"2026-08-07(금)","돼지고기고추장볶음(05)(06)(10)","318.23kcal","오이무침","10.38kcal","바나나","86.4kcal","","","2331.10kcal"
"2026-08-07(금)","배추김치","0kcal","무쌈(13)","12kcal","배추김치","0kcal","","","2331.10kcal"
"2026-08-07(금)","","","이온음료","0kcal","","","","","2331.10kcal"
"2026-08-07(금)","","","배추김치","0kcal","","","","","2331.10kcal"
"2026-08-08(토)","삼각주먹밥(완)(01)(02)(05)(06)(16)(18)","250kcal","핫도그빵(01)(02)(05)(06)(10)(16)(18)","463.6kcal","치킨마요덮밥(01)(02)(05)(06)(10)(12)(15)(16)(18)","761.37kcal","","","2910.48kcal"
"2026-08-08(토)","밥1","326.7kcal","스크램블에그(01)(02)(05)(06)(15)(16)(18)","65.8kcal","매콤순대볶음(05)(06)(10)","164.81kcal","","","2910.48kcal"
"2026-08-08(토)","소떡소떡","0kcal","몬스터에너지(화이트)","0kcal","계란후라이(완제품)(01)(02)(06)(10)","102.5kcal","","","2910.48kcal"
"2026-08-08(토)","닭가슴살(15)","161.2kcal","백색우유(02)","135kcal","배추김치","0kcal","","","2910.48kcal"
"2026-08-08(토)","양송이스프(02)(05)(06)(15)","130kcal","콘푸로스트(05)(06)","229.8kcal","","","","","2910.48kcal"
"2026-08-08(토)","배추김치","0kcal","코울슬로샐러드(01)(05)","119.7kcal","","","","","2910.48kcal"
"2026-08-09(일)","전복죽(05)(06)(16)(17)(18)","480kcal","밥","373.89kcal","찹쌀밥","393.89kcal","","","3542.05kcal"
"2026-08-09(일)","너비아니꼬지치즈맛(02)(05)(06)(10)(15)(16)","231kcal","얼큰수제비국(02)(05)(06)(16)","88.22kcal","꼬리곰탕(05)(06)(09)(16)","400.63kcal","","","3542.05kcal"
"2026-08-09(일)","메추리알장조림(완)(01)(05)(06)","277.5kcal","소불고기(완제품)(02)(05)(06)(13)(16)","323.67kcal","새우가스&콘타르타르(01)(05)","520kcal","","","3542.05kcal"
"2026-08-09(일)","배추김치","0kcal","콩나물무침(05)(06)","22.25kcal","양념고추지(05)(06)","16kcal","","","3542.05kcal"
"2026-08-09(일)","","","가공우유(바나나맛)(02)","165kcal","팩형아이스크림(01)(02)","250kcal","","","3542.05kcal"
"2026-08-09(일)","","","배추김치","0kcal","깍두기(완제품)","0kcal","","","3542.05kcal"
"2026-08-10(월)","밥","373.89kcal","밥","373.89kcal","찰수수밥","374.92kcal","","","2749.92kcal"
"2026-08-10(월)","쇠고기무국(02)(05)(06)(16)","69.3kcal","감자양파찌개(02)(05)(06)(10)(15)(16)","119.66kcal","순두부찌개(02)(05)(06)(10)(16)(18)","130.05kcal","","","2749.92kcal"
"2026-08-10(월)","닭순살김치볶음(05)(15)","261.02kcal","주꾸미볶음(05)(06)(17)(18)","217.91kcal","돈육깐풍조림(05)(06)(10)","407.14kcal","","","2749.92kcal"
"2026-08-10(월)","두부양념장(05)(06)","89.08kcal","옥수수계란찜(09)","160.39kcal","부추무침","7.25kcal","","","2749.92kcal"
"2026-08-10(월)","깍두기(완제품)","0kcal","백색우유(02)","135kcal","자두(추희)","30.42kcal","","","2749.92kcal"
"2026-08-10(월)","","","배추김치","0kcal","배추김치","0kcal","","","2749.92kcal"
"2026-08-11(화)","밥","373.89kcal","밥","373.89kcal","새우튀김덮밥(에비동)(05)(06)(09)(15)(18)","605.68kcal","","","3702.40kcal"
"2026-08-11(화)","닭곰탕(15)","64.42kcal","차돌박이된장찌개(05)(06)(16)","122.88kcal","미소장국(05)","35.58kcal","","","3702.40kcal"
"2026-08-11(화)","치즈함박스테이크(01)(02)(05)(06)(10)(12)(15)(16)","249.8kcal","호박새우볶음(05)(06)(09)","49.12kcal","굴림만두(01)(02)(05)(06)(10)(16)","528kcal","","","3702.40kcal"
"2026-08-11(화)","진미채고추장조림(05)(06)(17)","139kcal","오삼불고기(05)(06)(10)(17)","560.14kcal","열무김치","0kcal","","","3702.40kcal"
"2026-08-11(화)","열무김치","0kcal","짜요짜요딸기(02)(12)","100kcal","농심,김치사발면,86g","500kcal","","","3702.40kcal"
"2026-08-11(화)","","","배추김치","0kcal","농심,육개장사발면,86g","","","","3702.40kcal"
"2026-08-12(수)","밥","373.89kcal","흑미밥","375.76kcal","찰현미밥","392.04kcal","","","3593.64kcal"
"2026-07-15(수)","언양식바싹불고기(01)(02)(05)(06)(10)(12)(15)(16)","326.25kcal","백색우유(02)","135kcal","복숭아(천도)(11)","64.12kcal","","","3728.95kcal"
"2026-07-15(수)","배추김치","0kcal","무말랭이무침(13)","161kcal","깍두기(완제품)","0kcal","","","3728.95kcal"
"2026-07-15(수)","","","보쌈김치","0kcal","","","","","3728.95kcal"
"2026-07-16(목)","밥","373.89kcal","김치덮밥(05)(06)(10)","613.83kcal","밥","373.89kcal","","","3288.29kcal"
"2026-07-16(목)","참치오믈렛(01)(05)(06)(18)","190kcal","유부장국(02)(05)(06)(16)","11.96kcal","얼큰계란국(01)(16)","169.14kcal","","","3288.29kcal"
"2026-07-16(목)","황태해장국(완)(05)","78.08kcal","계란후라이(완제품)(01)(02)(06)(10)","102.5kcal","불고기크로켓(05)(12)","619.76kcal","","","3288.29kcal"
"2026-07-16(목)","마파두부(05)(06)(10)(15)(18)","264.22kcal","타코야끼(05)(06)(15)(18)","194.92kcal","푸실리샐러드(완)(05)(06)(12)(16)","161.1kcal","","","3288.29kcal"
"2026-07-16(목)","배추김치","0kcal","이온음료","0kcal","백색우유(02)","135kcal","","","3288.29kcal"
"2026-07-16(목)","","","깍두기(완제품)","0kcal","배추김치","0kcal","","","3288.29kcal"
"2026-07-17(금)","밥","373.89kcal","현미밥","392.04kcal","밥","373.89kcal","","","2882.20kcal"
"2026-07-17(금)","돼지고기애호박찌개(02)(05)(06)(10)(16)","98.69kcal","차돌박이된장찌개(05)(06)(16)","146.38kcal","감자양파찌개(02)(05)(06)(10)(15)(16)","119.66kcal","","","2882.20kcal"
"2026-07-17(금)","소고기꽈리고추조림(05)(16)","304.26kcal","순살고등어구이(05)(06)(07)(15)(18)","147.54kcal","고추잡채(05)(06)(10)(18)","383.63kcal","","","2882.20kcal"
"2026-07-17(금)","연두부&양념장(05)(06)","67.37kcal","진미채고추장조림(05)(06)(17)","139kcal","명엽채볶음(완)","31.05kcal","","","2882.20kcal"
"2026-07-17(금)","김","28kcal","비요뜨초코링(02)(05)(06)","200kcal","바나나","76.8kcal","","","2882.20kcal"
"2026-07-17(금)","배추김치","0kcal","배추김치","0kcal","배추김치","0kcal","","","2882.20kcal"
"2026-07-18(토)","밥","373.89kcal","햄치즈버거(02)(05)(10)(15)(16)","265.84kcal","닭고기덮밥(05)(06)(12)(13)(15)","796.1kcal","","","2953.23kcal"
"2026-07-18(토)","쇠고기미역국(02)(05)(06)(16)","138.21kcal","계란후라이(완제품)(01)(02)(06)(10)","102.5kcal","스크램블에그(01)(02)(05)(06)(15)(16)(18)","65.8kcal","","","2953.23kcal"
"2026-07-18(토)","너비아니꼬지치즈맛(02)(05)(06)(10)(15)(16)","231kcal","고구마샐러드(완)(01)","189.99kcal","해물파전(완)(05)(06)(08)(09)(17)(18)","199.2kcal","","","2953.23kcal"
"2026-07-18(토)","메추리알장조림(완)(01)(05)(06)","277.5kcal","오곡코코볼","178.2kcal","에너지음료","0kcal","","","2953.23kcal"
"2026-07-18(토)","배추김치","0kcal","백색우유(02)","135kcal","배추김치","0kcal","","","2953.23kcal"
"2026-07-19(일)","밥","373.89kcal","밥","373.89kcal","밥","373.89kcal","","","3176.62kcal"
"2026-07-19(일)","물만두국(01)(02)(05)(06)(09)(10)(16)","97.3kcal","부대찌개(02)(05)(06)(10)(12)(15)(16)(18)","211.66kcal","순두부찌개(02)(05)(06)(10)(16)(18)","130.05kcal","","","3176.62kcal"
"2026-07-19(일)","어묵볶음(05)(06)(08)","157.91kcal","오리불고기(05)","28.23kcal","애호박나물(05)(09)","31.42kcal","","","3176.62kcal"
"2026-07-19(일)","맛밤송송함박스테이크(05)(10)(12)(13)(16)","563kcal","흑임자드레싱(01)(05)","23.17kcal","돼지고기부추볶음(02)(05)(06)(10)(12)(13)(16)","365.21kcal","","","3176.62kcal"
"2026-07-19(일)","배추김치","0kcal","팩형아이스크림(01)(02)","250kcal","가공우유(커피맛)(02)","185kcal","","","3176.62kcal"
"2026-07-19(일)","","","무쌈(13)","12kcal","깍두기(완제품)","0kcal","","","3176.62kcal"
"2026-07-19(일)","","","배추김치","0kcal","","","","","3176.62kcal"
"2026-07-20(월)","밥","373.89kcal","밥","373.89kcal","새우튀김덮밥(에비동)(05)(06)(09)(15)(18)","605.68kcal","","","3036.41kcal"
"2026-07-20(월)","장터국(02)(05)(06)(10)(12)(15)(16)(18)","105.49kcal","꼬리곰탕(05)(06)(09)(16)","400.63kcal","팽이버섯된장국(02)(05)(06)(09)(16)","95.88kcal","","","3036.41kcal"
"2026-07-20(월)","치킨너겟(01)(05)","263.26kcal","잎새만두찜","7.24kcal","양배추피클(13)","92kcal","","","3036.41kcal"
"2026-07-20(월)","계란장조림(01)(05)(06)(16)(18)","296kcal","콩나물무침(05)(06)","22.25kcal","백색우유(02)","135kcal","","","3036.41kcal"
"2026-07-20(월)","배추김치","0kcal","두유(05)","140kcal","베이컨떡말이(05)(10)(12)","125.2kcal","","","3036.41kcal"
"2026-07-20(월)","","","깍두기(완제품)","0kcal","","","","","3036.41kcal"
"2026-07-21(화)","밥","373.89kcal","밥","373.89kcal","밥","373.89kcal","","","3058.95kcal"
"2026-07-21(화)","얼큰쇠고기무국(02)(05)(06)(16)","148.21kcal","황태채국(01)(02)(05)(06)(16)","77.65kcal","감자어묵탕(02)(05)(06)(16)","66.29kcal","","","3058.95kcal"
"2026-07-21(화)","닭갈비(05)(06)(15)","404.39kcal","매콤순대볶음(05)(06)(10)","164.81kcal","가지볶음(05)(06)","36.56kcal","","","3058.95kcal"
"2026-07-21(화)","두부양념장(05)(06)","89.08kcal","계란찜(09)","107.89kcal","미니돈가스(05)","619.08kcal","","","3058.95kcal"
"2026-07-21(화)","배추김치","0kcal","백색우유(02)","135kcal","수박","88.32kcal","","","3058.95kcal"
"2026-07-21(화)","","","배추김치","0kcal","배추김치","0kcal","","","3058.95kcal"
"2026-07-22(수)","밥","373.89kcal","밥","373.89kcal","카레밥","373.89kcal","","","2864.23kcal"
"2026-07-22(수)","김치찌개(05)(09)(10)","100.91kcal","쇠고기버섯전골(02)(05)(06)(09)(16)","157.38kcal","나가사끼짬뽕(05)(06)(10)(17)(18)","112.81kcal","","","2864.23kcal"
"2026-07-22(수)","사천식캐슈넛멸치볶음(04)(05)","91.15kcal","동그랑땡(05)(06)(10)","396.08kcal","새우가스&콘타르타르(01)(05)","520kcal","","","2864.23kcal"
"2026-07-22(수)","돼지고기청경채볶음(05)(06)(10)(18)","311.11kcal","미역줄기볶음(05)(06)","45.12kcal","배추김치","0kcal","","","2864.23kcal"
"2026-07-22(수)","열무김치","0kcal","복숭아에이드(11)","8kcal","","","","","2864.23kcal"
"2026-07-22(수)","","","배추김치","0kcal","","","","","2864.23kcal"
"2026-07-23(목)","밥","373.89kcal","잡곡밥","398.56kcal","밥1","326.7kcal","","","3363.83kcal"
"2026-07-23(목)","어묵탕(05)(06)","79.65kcal","순두부백탕(01)(02)(05)(06)(09)(16)(18)","95.03kcal","사누끼우동(06)","58.74kcal","","","3363.83kcal"
"2026-07-23(목)","호박새우볶음(05)(06)(09)","49.12kcal","동파육","1125.6kcal","에그카츠(01)(05)(06)(10)(12)(18)","415.5kcal","","","3363.83kcal"
"2026-07-23(목)","갈비산적(완제품)(05)(06)(10)(12)(15)(16)","282kcal","무생채","11.04kcal","감자에그샐러드(완)","108kcal","","","3363.83kcal"
"2026-07-23(목)","김자반","40kcal","배추김치","0kcal","배추김치","0kcal","","","3363.83kcal"
"2026-07-23(목)","배추김치","0kcal","","","냉동빵, 195에프앤비, 다크초코링찬도넛, 50g","","","","3363.83kcal"
"2026-07-24(금)","밥","373.89kcal","찰수수밥","374.92kcal","찹쌀밥","393.89kcal","","","3013.37kcal"
"2026-07-24(금)","쇠고기미역국(02)(05)(06)(16)","138.21kcal","수제비국(02)(05)(06)(16)","86.98kcal","닭장각삼계탕(15)","381.5kcal","","","3013.37kcal"
"2026-07-24(금)","파채&간장돼지불백(02)(05)(06)(10)(16)(18)","300.09kcal","밥싸먹는훈제오리(15)","184kcal","김치전(완)(05)(06)(09)(16)(17)","243kcal","","","3013.37kcal"
"2026-07-24(금)","새송이버섯야채볶음(02)(05)(06)(10)(15)(16)(18)","54.56kcal","비엔나소시지감자조림(02)(05)(06)(10)(15)(16)(18)","309.66kcal","부추무침","7.25kcal","","","3013.37kcal"
"2026-07-24(금)","배추김치","0kcal","백색우유(02)","135kcal","자두(추희)","30.42kcal","","","3013.37kcal"
"2026-07-24(금)","","","배추김치","0kcal","깍두기(완제품)","0kcal","","","3013.37kcal"
"2026-07-25(토)","핫도그빵(01)(02)(05)(06)(10)(16)(18)","563.6kcal","밥1","326.7kcal","오징어덮밥(05)(06)(17)","702.52kcal","","","3883.15kcal"
"2026-07-25(토)","스크램블에그(01)(02)(05)(06)(15)(16)(18)","65.8kcal","치킨스테이크(05)(15)","768.43kcal","굴림만두(01)(02)(05)(06)(10)(16)","528kcal","","","3883.15kcal"
"2026-07-25(토)","백색우유(02)","135kcal","피자오믈렛(01)(02)(05)(06)(10)(12)(15)(16)(18)","76.5kcal","계란후라이(완제품)(01)(02)(06)(10)","102.5kcal","","","3883.15kcal"
"2026-07-25(토)","오이피클","72.9kcal","양송이스프(02)(05)(06)(15)","130kcal","제로콜라2","1kcal","","","3883.15kcal"
"2026-07-25(토)","블루베리아몬드(05)(06)","250kcal","배추김치","0kcal","배추김치","0kcal","","","3883.15kcal"
"2026-07-25(토)","단호박샐러드(완)","160.2kcal","","","","","","","3883.15kcal"
"2026-07-26(일)","밥","373.89kcal","밥","373.89kcal","밥","373.89kcal","","","2854.01kcal"
"2026-07-26(일)","닭곰탕(15)","109.42kcal","두부김치국(02)(05)(06)(09)(16)","27.63kcal","쇠고기무국(02)(05)(06)(16)","100.2kcal","","","2854.01kcal"
"2026-07-26(일)","치즈함박스테이크(01)(02)(05)(06)(10)(12)(15)(16)","249.8kcal","간장돼지불고기(완제품)(05)(06)(10)","531.67kcal","언양식바싹불고기(01)(02)(05)(06)(10)(12)(15)(16)","326.25kcal","","","2854.01kcal"
"2026-07-26(일)","진미채고추장조림(05)(06)(17)","139kcal","양념깻잎지(05)(06)(09)","46kcal","백색우유(02)","135kcal","","","2854.01kcal"
"2026-07-26(일)","백김치","0kcal","깍두기(완제품)","0kcal","연두부&양념장(05)(06)","67.37kcal","","","2854.01kcal"
"2026-07-26(일)","","","","","배추김치","0kcal","","","2854.01kcal"
"2026-07-27(월)","밥","373.89kcal","찹쌀밥","393.89kcal","비빔밥(05)(16)","729.02kcal","","","4146.58kcal"
"2026-07-27(월)","부대찌개(02)(05)(06)(10)(12)(15)(16)(18)","211.66kcal","돼지국밥(02)(05)(06)(10)(15)(16)(18)","540.2kcal","두부된장찌개(05)(09)","62.73kcal","","","4146.58kcal"
"2026-07-27(월)","느타리버섯볶음(05)(06)","27.4kcal","평양왕만두(01)(05)(06)(10)(16)","400.4kcal","비엔나소시지케찹볶음(02)(05)(06)(10)(12)(16)(18)","358.15kcal","","","4146.58kcal"
"2026-07-27(월)","부추해물완자(01)(05)(06)(09)(16)(17)(18)","156.08kcal","오이무침","10.66kcal","계란후라이(완제품)(01)(02)(06)(10)","102.5kcal","","","4146.58kcal"
"2026-07-27(월)","깍두기(완제품)","0kcal","튜브형아이스크림2","280kcal","열무김치","0kcal","","","4146.58kcal"
"2026-07-27(월)","","","배추김치","0kcal","200오븐에구운 호두파이,400g(40g*10개)","500kcal","","","4146.58kcal"
"2026-07-28(화)","밥","373.89kcal","밥","373.89kcal","밥1","326.7kcal","","","3071.05kcal"
"2026-07-28(화)","쇠고기탕국(02)(05)(06)(09)(16)","155.15kcal","닭볶음탕(05)(15)","316.2kcal","꼬치어묵국(05)(06)","192.4kcal","","","3071.05kcal"
"2026-07-28(화)","돼지고기고추장볶음(05)(06)(10)","318.23kcal","참치고추장찌개(02)(05)(06)(09)(16)","188.5kcal","차돌로제떡볶이(01)(02)(05)(06)(10)(12)(15)(16)","342.3kcal","","","3071.05kcal"
"2026-07-28(화)","무말랭이무침(13)","161kcal","미역줄기볶음(05)(06)","45.12kcal","김말이튀김(05)(06)","46.35kcal","","","3071.05kcal"
"2026-07-28(화)","배추김치","0kcal","백색우유(02)","135kcal","반달단무지(13)","8kcal","","","3071.05kcal"
"2026-07-28(화)","","","배추김치","0kcal","수박","88.32kcal","","","3071.05kcal"
"2026-07-29(수)","밥","373.89kcal","흑미밥","375.76kcal","밥","373.89kcal","","","2789.03kcal"
"2026-07-29(수)","황태해장국(완)(05)","78.08kcal","감자호박국(02)(05)(06)(16)","35.77kcal","쇠고기육개장(01)(02)(05)(06)(16)","82.64kcal","","","2789.03kcal"
"2026-07-01(수)","비엔나소시지케찹볶음(02)(05)(06)(10)(12)(16)(18)","358.15kcal","계란찜(09)","107.89kcal","바나나","76.8kcal","","","3072.20kcal"
"2026-07-01(수)","배추김치","0kcal","백색우유(02)","135kcal","야채샐러드(02)(13)","38.97kcal","","","3072.20kcal"
"2026-07-01(수)","","","깍두기(완제품)","0kcal","배추김치","0kcal","","","3072.20kcal"
"2026-07-02(목)","밥","373.89kcal","현미밥","392.04kcal","자장밥(05)(06)(10)(16)","717.09kcal","","","3381.79kcal"
"2026-07-02(목)","어묵탕(05)(06)","79.65kcal","콩나물김치국(02)(05)(06)(16)","23.21kcal","해물짬뽕(05)(06)(09)(10)(15)(16)(17)(18)","112.71kcal","","","3381.79kcal"
"2026-07-02(목)","돼지고기고추장볶음(05)(06)(10)","318.23kcal","훈제오리볶음(01)(05)(06)(18)","517.64kcal","사천탕수육(05)(06)(10)(12)(18)","499.13kcal","","","3381.79kcal"
"2026-07-02(목)","계란말이(완)(01)(05)","156.08kcal","미역줄기볶음(05)(06)","45.12kcal","배추김치","0kcal","","","3381.79kcal"
"2026-07-02(목)","배추김치","0kcal","백색우유(02)","135kcal","","","","","3381.79kcal"
"2026-07-02(목)","","","무쌈(13)","12kcal","","","","","3381.79kcal"
"2026-07-02(목)","","","열무김치","0kcal","","","","","3381.79kcal"
"2026-07-03(금)","밥","373.89kcal","밥","373.89kcal","찰현미밥","392.04kcal","","","2936.10kcal"
"2026-07-03(금)","장터국(02)(05)(06)(10)(12)(15)(16)(18)","105.49kcal","닭곰탕(15)","109.42kcal","얼큰계란국(01)(16)","169.14kcal","","","2936.10kcal"
"2026-07-03(금)","불고기오믈렛(완)(01)(02)(05)(06)(10)(16)(18)","275kcal","감자채볶음(02)(05)(06)(10)(15)(16)","87.93kcal","돼지고기자장볶음(05)(10)","341.14kcal","","","2936.10kcal"
"2026-07-03(금)","미트볼조림(02)(05)(06)(10)(12)(15)(16)","344.58kcal","순살삼치구이(05)(06)(07)(15)(18)","132.54kcal","무생채","11.04kcal","","","2936.10kcal"
"2026-07-03(금)","배추김치","0kcal","마시는발효유","220kcal","배추김치","0kcal","","","2936.10kcal"
"2026-07-03(금)","","","배추김치","0kcal","","","","","2936.10kcal"
"2026-07-04(토)","밥","373.89kcal","불고기버거(01)(02)(05)(06)(10)(12)(13)(16)(18)","204.41kcal","치킨마요덮밥(01)(02)(05)(06)(10)(12)(15)(16)(18)","768.97kcal","","","2638.61kcal"
"2026-07-04(토)","물만두국(01)(02)(05)(06)(09)(10)(16)","97.3kcal","계란후라이(완제품)(01)(02)(06)(10)","102.5kcal","궁중떡볶이(02)(05)(06)(10)(16)(18)","232.88kcal","","","2638.61kcal"
"2026-07-04(토)","고구마함박스테이크(01)(02)(05)(06)(10)(12)(16)","281kcal","감자샐러드(완)(01)(05)(06)(16)","72kcal","몬스터에너지(화이트)","0kcal","","","2638.61kcal"
"2026-07-04(토)","오이무침","10.66kcal","백색우유(02)","135kcal","배추김치","0kcal","","","2638.61kcal"
"2026-07-04(토)","배추김치","0kcal","오레오오즈(02)(05)(06)(10)","360kcal","","","","","2638.61kcal"
"2026-07-05(일)","쇠고기죽(완)(02)(05)(06)(16)","530kcal","밥","373.89kcal","밥","373.89kcal","","","3257.38kcal"
"2026-07-05(일)","남도떡갈비(01)(02)(05)(06)(10)(16)","437kcal","쇠고기무국(02)(05)(06)(16)","100.2kcal","사골곰탕(02)(05)(06)(15)(16)(18)","210.04kcal","","","3257.38kcal"
"2026-07-05(일)","콩나물무침(05)(06)","22.25kcal","고추장돼지불고기(완제품)(05)(06)(10)","488.67kcal","왕교자만두찜(05)(06)(10)(16)(18)","266kcal","","","3257.38kcal"
"2026-07-05(일)","배추김치","0kcal","멸치볶음(05)","72.38kcal","부추양파무침","3.06kcal","","","3257.38kcal"
"2026-07-05(일)","","","튜브형아이스크림2","280kcal","짜요짜요딸기(02)(12)","100kcal","","","3257.38kcal"
"2026-07-05(일)","","","배추김치","0kcal","깍두기(완제품)","0kcal","","","3257.38kcal"
"2026-07-06(월)","밥","373.89kcal","밥","373.89kcal","밥","373.89kcal","","","3365.02kcal"
"2026-07-06(월)","쇠고기육개장(01)(02)(05)(06)(16)","82.64kcal","수제비국(02)(05)(06)(16)","86.98kcal","맑은홍합탕(얼큰홍합탕)(05)(06)(09)(17)(18)","67.6kcal","","","3365.02kcal"
"2026-07-06(월)","호박새우볶음(05)(06)(09)","49.12kcal","오이풋고추된장무침(05)(06)","23.23kcal","닭바베큐소스조림(05)(06)(12)(13)(15)","447.37kcal","","","3365.02kcal"
"2026-07-06(월)","치킨너겟(01)(05)","263.26kcal","보쌈(02)(05)(06)(10)(16)(18)","912kcal","상추겉절이(05)(06)","11.15kcal","","","3365.02kcal"
"2026-07-06(월)","배추김치","0kcal","가공우유(딸기맛)(02)","165kcal","백색우유(02)","135kcal","","","3365.02kcal"
"2026-07-06(월)","","","열무김치","0kcal","배추김치","0kcal","","","3365.02kcal"
"2026-07-07(화)","밥","373.89kcal","흑미밥","375.76kcal","밥","373.89kcal","","","3295.29kcal"
"2026-07-07(화)","감자호박국(02)(05)(06)(16)","35.77kcal","감자양파찌개(02)(05)(06)(10)(15)(16)","119.66kcal","꽃게탕(05)(06)(08)(09)(17)","95.68kcal","","","3295.29kcal"
"2026-07-07(화)","어묵볶음(05)(06)(08)","157.91kcal","낙지삼겹살새우볶음(02)(05)(06)(09)(10)(16)(17)(18)","580.93kcal","닭순살치킨가스(01)(05)(06)(10)(12)(15)(16)","622kcal","","","3295.29kcal"
"2026-07-07(화)","치즈언양식불고기(01)(02)(05)(06)(10)(16)","296.75kcal","두부양념장(05)(06)","89.08kcal","야채샐러드(02)(13)","38.97kcal","","","3295.29kcal"
"2026-07-07(화)","배추김치","0kcal","백색우유(02)","135kcal","배추김치","0kcal","","","3295.29kcal"
"2026-07-07(화)","","","배추김치","0kcal","","","","","3295.29kcal"
"2026-07-08(수)","밥","373.89kcal","밥","373.89kcal","중화식덮밥(05)(06)(09)(10)(15)(17)(18)","702.8kcal","","","3496.76kcal"
"2026-07-08(수)","두부된장찌개(05)(09)","62.73kcal","우거지갈비탕(02)(05)(06)(10)(16)","630.34kcal","콩나물국(02)(05)(06)(16)","29.87kcal","","","3496.76kcal"
"2026-07-08(수)","닭갈비(05)(06)(15)","404.39kcal","가지볶음(05)(06)","36.56kcal","깐쇼새우(05)(06)(09)(12)(16)","319.5kcal","","","3496.76kcal"
"2026-07-08(수)","김자반","40kcal","비엔나메추리알조림(01)(02)(05)(06)(10)(15)(16)(18)","346.4kcal","대추방울토마토(12)","17kcal","","","3496.76kcal"
"2026-07-08(수)","무조림(05)(06)","24.39kcal","백색우유(02)","135kcal","배추김치","0kcal","","","3496.76kcal"
"2026-07-08(수)","배추김치","0kcal","배추김치","0kcal","","","","","3496.76kcal"
"2026-07-09(목)","밥","373.89kcal","밥","373.89kcal","밥","373.89kcal","","","3557.10kcal"
"2026-07-09(목)","사골우거지국(02)(05)(06)(16)(18)","173.96kcal","감자어묵탕(02)(05)(06)(16)","66.29kcal","치즈돈가스(02)(05)(06)(10)","487.6kcal","","","3557.10kcal"
"2026-07-09(목)","함박스테이크(01)(02)(05)(06)(10)(12)(15)(16)","386kcal","훈제닭다리(완)(01)(02)(05)(15)","500.6kcal","양송이스프(02)(05)(06)(15)","130kcal","","","3557.10kcal"
"2026-07-09(목)","연두부&양념장(05)(06)","67.37kcal","부추해물완자(01)(05)(06)(09)(16)(17)(18)","156.08kcal","참치샐러드(01)(05)(06)(12)(18)","217.53kcal","","","3557.10kcal"
"2026-07-09(목)","배추김치","0kcal","팩형아이스크림(01)(02)","250kcal","배추김치","0kcal","","","3557.10kcal"
"2026-07-09(목)","","","배추김치","0kcal","","","","","3557.10kcal"
"2026-07-10(금)","밥","373.89kcal","밥","373.89kcal","찰현미밥","392.04kcal","","","2983.26kcal"
"2026-07-10(금)","순두부찌개(02)(05)(06)(10)(16)(18)","130.05kcal","가리비미역국(02)(05)(06)(16)(18)","31.17kcal","돼지고기고추장찌개(02)(05)(06)(10)(16)","110.32kcal","","","2983.26kcal"
"2026-07-10(금)","새송이버섯야채볶음(02)(05)(06)(10)(15)(16)(18)","54.56kcal","버섯잡채(05)(06)(10)(16)(18)","113.98kcal","순살족발(02)(05)(06)(10)(16)","418kcal","","","2983.26kcal"
"2026-07-10(금)","콩나물불고기(05)(06)(10)","494.32kcal","닭꼬치(완)(05)(06)(15)","400kcal","무생채","11.04kcal","","","2983.26kcal"
"2026-07-10(금)","배추김치","0kcal","식혜","80kcal","보쌈김치","0kcal","","","2983.26kcal"
"2026-07-10(금)","","","배추김치","0kcal","","","","","2983.26kcal"
"2026-07-11(토)","밥1","326.7kcal","대파크림치즈베이글(01)(02)(06)(10)","502.5kcal","제육덮밥(05)(06)(10)","685.38kcal","","","2952.88kcal"
"2026-07-11(토)","삼각주먹밥(완)(01)(02)(05)(06)(16)(18)","250kcal","스크램블에그(01)(02)(05)(06)(15)(16)(18)","65.8kcal","계란후라이(완제품)(01)(02)(06)(10)","102.5kcal","","","2952.88kcal"
"2026-07-11(토)","소떡소떡","0kcal","코울슬로샐러드(01)(05)","119.7kcal","깻잎전(완)(01)(05)(06)(10)","112.5kcal","","","2952.88kcal"
"2026-07-11(토)","닭가슴살(05)(15)","198kcal","백색우유(02)","135kcal","제로콜라","5kcal","","","2952.88kcal"
"2026-07-11(토)","포테이토크림스프(02)(05)(06)(10)(15)(16)","220kcal","콘푸로스트(05)(06)","229.8kcal","배추김치","0kcal","","","2952.88kcal"
"2026-07-11(토)","배추김치","0kcal","","","","","","","2952.88kcal"
"2026-07-12(일)","밥","373.89kcal","찹쌀밥","393.89kcal","밥","373.89kcal","","","3379.75kcal"
"2026-07-12(일)","햄짜글이(02)(05)(06)(10)(15)(16)(18)","165.44kcal","순대국밥(02)(05)(06)(10)(15)(16)(18)","384.54kcal","얼큰수제비국(02)(05)(06)(16)","88.22kcal","","","3379.75kcal"
"2026-07-12(일)","멸치볶음(05)","72.38kcal","쇠고기육전(02)(05)(06)(16)","386.09kcal","소불고기(완제품)(02)(05)(06)(13)(16)","353.67kcal","","","3379.75kcal"
"2026-07-12(일)","동그랑땡(05)(06)(10)","396.08kcal","양념고추지","16kcal","오이무침","10.66kcal","","","3379.75kcal"
"2026-07-12(일)","배추김치","0kcal","컵형아이스크림(01)(02)(06)","205kcal","가공우유(초코맛)(02)","160kcal","","","3379.75kcal"
"2026-07-12(일)","","","깍두기(완제품)","0kcal","배추김치","0kcal","","","3379.75kcal"
"2026-07-13(월)","밥","373.89kcal","잡곡밥","398.56kcal","유산슬덮밥(05)(06)(09)(10)(17)(18)","631.17kcal","","","3391.50kcal"
"2026-07-13(월)","닭고기육개장(01)(02)(05)(06)(15)(16)","89.54kcal","들깨무채국(02)(05)(06)(16)","15.73kcal","팽이버섯된장국(02)(05)(06)(09)(16)","95.88kcal","","","3391.50kcal"
"2026-07-13(월)","오삼불고기(05)(06)(10)(17)","560.14kcal","감자채볶음(02)(05)(06)(10)(15)(16)","87.93kcal","꿔바로우(05)(06)(10)(16)(18)","364.03kcal","","","3391.50kcal"
"2026-07-13(월)","연근조림(02)(05)(06)(09)(18)","139.5kcal","볼케이노치킨(02)(05)(06)(12)(15)(16)(18)","415.13kcal","백색우유(02)","135kcal","","","3391.50kcal"
"2026-07-13(월)","배추김치","0kcal","이온음료(포카리)","85kcal","배추김치","0kcal","","","3391.50kcal"
"2026-07-13(월)","","","배추김치","0kcal","","","","","3391.50kcal"
"2026-07-14(화)","밥","373.89kcal","찰현미밥","392.04kcal","돼지고기덮밥(부타동)(05)(06)(10)(15)(18)","846.75kcal","","","3547.37kcal"
"2026-07-14(화)","참치고추장찌개(02)(05)(06)(09)(16)","188.5kcal","마라탕(05)(06)(08)(09)(10)(15)(16)(18)","203.55kcal","미소장국(05)","35.58kcal","","","3547.37kcal"
"2026-07-14(화)","부들어묵볶음(05)(06)(08)","105.56kcal","애호박나물(05)(09)","31.42kcal","통새우짜조롤(05)(06)(09)(12)","450kcal","","","3547.37kcal"
"2026-07-14(화)","계란말이(완)(01)(05)","156.08kcal","알떡스테이크(05)(12)","76kcal","배추김치","0kcal","","","3547.37kcal"
"2026-07-14(화)","배추김치","0kcal","복숭아주스(11)","188kcal","농심,김치사발면,86g","500kcal","","","3547.37kcal"
"2026-07-14(화)","","","배추김치","0kcal","농심,육개장사발면,86g","","","","3547.37kcal"
"2026-07-15(수)","밥","373.89kcal","밥","373.89kcal","찹쌀밥","393.89kcal","","","3728.95kcal"
"2026-07-15(수)","사골우거지국(02)(05)(06)(16)(18)","173.96kcal","감자호박국(02)(05)(06)(16)","35.77kcal","전복삼계탕(15)(18)","608.55kcal","","","3728.95kcal"
"2026-07-15(수)","느타리버섯볶음(05)(06)","27.4kcal","훈제삼겹살(05)(06)(07)(10)(13)(16)","1032kcal","오이풋고추된장무침(05)(06)","23.23kcal","","","3728.95kcal"
"2026-06-17(수)","연두부&양념장(05)(06)","67.37kcal","청포묵무침(01)(05)(16)","42.69kcal","감자에그샐러드(완)","108kcal","","","2615.97kcal"
"2026-06-17(수)","배추김치","0kcal","튜브형아이스크림2","220kcal","바나나","76.8kcal","","","2615.97kcal"
"2026-06-17(수)","","","배추김치","0kcal","배추김치","0kcal","","","2615.97kcal"
"2026-06-18(목)","밥","74.78kcal","김치덮밥(05)(06)(10)","399.52kcal","새우튀김덮밥(에비동)(05)(06)(09)(15)(18)","378.57kcal","","","2748.02kcal"
"2026-06-18(목)","얼큰쇠고기무국(02)(05)(06)(16)","108.21kcal","콩나물국(02)(05)(06)(16)","29.87kcal","팽이버섯된장국(02)(05)(06)(09)(16)","96.07kcal","","","2748.02kcal"
"2026-06-18(목)","투움바함박스테이크(01)(02)(05)(06)(10)(12)(15)(16)(18)","393kcal","깻잎전(완)(01)(05)(06)(10)","121.5kcal","굴림만두(01)(02)(05)(06)(10)(16)","528kcal","","","2748.02kcal"
"2026-06-18(목)","계란장조림(01)(05)(06)(16)(18)","296kcal","계란후라이(완제품)(01)(02)(06)(10)","102.5kcal","이온음료(포카리)","85kcal","","","2748.02kcal"
"2026-06-18(목)","배추김치","0kcal","백색우유(02)","135kcal","배추김치","0kcal","","","2748.02kcal"
"2026-06-18(목)","","","열무김치","0kcal","","","","","2748.02kcal"
"2026-06-19(금)","밥","74.78kcal","밥","74.78kcal","밥","74.78kcal","","","2433.12kcal"
"2026-06-19(금)","순두부찌개(02)(05)(06)(10)(16)(18)","133.65kcal","닭볶음탕(05)(15)","321.6kcal","참치김치찌개(05)(09)","163.6kcal","","","2433.12kcal"
"2026-06-19(금)","새송이버섯야채볶음(02)(05)(06)(10)(15)(16)(18)","58.16kcal","쇠고기탕국(02)(05)(06)(09)(16)","113.24kcal","감자채볶음(02)(05)(06)(10)(15)(16)","91.71kcal","","","2433.12kcal"
"2026-06-19(금)","돼지삼겹야채볶음(05)(06)(10)(18)","659.8kcal","베이컨떡말이(05)(10)(12)","125.2kcal","간장돼지불고기(완제품)(05)(06)(10)","513.82kcal","","","2433.12kcal"
"2026-06-19(금)","김","28kcal","쑥떡","0kcal","깍두기(완제품)","0kcal","","","2433.12kcal"
"2026-06-19(금)","배추김치","0kcal","배추김치","0kcal","","","","","2433.12kcal"
"2026-06-20(토)","밥","74.78kcal","불고기버거(01)(02)(05)(06)(10)(12)(13)(16)(18)","204.41kcal","닭고기덮밥(05)(06)(12)(13)(15)","410.58kcal","","","2242.92kcal"
"2026-06-20(토)","쇠고기미역국(02)(05)(06)(16)","98.21kcal","계란후라이(완제품)(01)(02)(06)(10)","102.5kcal","스크램블에그(01)(02)(05)(06)(15)(16)(18)","65.8kcal","","","2242.92kcal"
"2026-06-20(토)","너비아니꼬지치즈맛(02)(05)(06)(10)(15)(16)","231kcal","오곡코코볼","178.2kcal","쇠고기육전(02)(05)(06)(16)","386.09kcal","","","2242.92kcal"
"2026-06-20(토)","상추겉절이(05)(06)","11.15kcal","단호박샐러드(완)","160.2kcal","가공우유(커피맛)(02)","185kcal","","","2242.92kcal"
"2026-06-20(토)","배추김치","0kcal","백색우유(02)","135kcal","배추김치","0kcal","","","2242.92kcal"
"2026-06-21(일)","전복내장죽(완)(05)(06)(16)(18)","64kcal","밥","74.78kcal","밥","74.78kcal","","","2266.41kcal"
"2026-06-21(일)","동그랑땡(05)(06)(10)","414.08kcal","꼬리곰탕(05)(06)(09)(16)","321.13kcal","햄짜글이(02)(05)(06)(10)(15)(16)(18)","165.44kcal","","","2266.41kcal"
"2026-06-21(일)","낙지젓무침(17)","44.57kcal","새우가스&콘타르타르(01)(05)","520kcal","닭고기야채조림(05)(06)(15)","353.99kcal","","","2266.41kcal"
"2026-06-21(일)","배추김치","0kcal","양념고추지","16kcal","시금치무침","27.64kcal","","","2266.41kcal"
"2026-06-21(일)","","","포도주스","55kcal","백색우유(02)","135kcal","","","2266.41kcal"
"2026-06-21(일)","","","깍두기(완제품)","0kcal","배추김치","0kcal","","","2266.41kcal"
"2026-06-22(월)","밥","74.78kcal","밥","74.78kcal","중화식덮밥(05)(06)(09)(10)(15)(17)(18)","407.29kcal","","","3073.64kcal"
"2026-06-22(월)","물만두국(01)(02)(05)(06)(09)(10)(16)","97.3kcal","우거지갈비탕(02)(05)(06)(10)(16)","435.94kcal","들깨무채국(02)(05)(06)(16)","15.73kcal","","","3073.64kcal"
"2026-06-22(월)","돼지고기고추장볶음(05)(06)(10)","306.53kcal","남도떡갈비(01)(02)(05)(06)(10)(16)","437kcal","사천탕수육(05)(06)(10)(12)(18)","571.13kcal","","","3073.64kcal"
"2026-06-22(월)","김자반","40kcal","메추리알장조림(완)(01)(05)(06)","277.5kcal","배추김치","0kcal","","","3073.64kcal"
"2026-06-22(월)","오이무침","10.66kcal","팩형아이스크림(01)(02)","325kcal","","","","","3073.64kcal"
"2026-06-22(월)","배추김치","0kcal","배추김치","0kcal","","","","","3073.64kcal"
"2026-06-23(화)","밥","74.78kcal","흑미밥","76.65kcal","밥","74.78kcal","","","3117.81kcal"
"2026-06-23(화)","시금치된장국(02)(05)(06)(16)","82.07kcal","감자호박국(02)(05)(06)(16)","35.81kcal","어묵탕(05)(06)","79.65kcal","","","3117.81kcal"
"2026-06-23(화)","순살안동찜닭(05)(06)(15)","345.42kcal","낙지삼겹살새우볶음(02)(05)(06)(09)(10)(16)(17)(18)","694.73kcal","바베큐폭립(완제품)","810kcal","","","3117.81kcal"
"2026-06-23(화)","진미채고추장조림(05)(06)(17)","139kcal","옥수수계란찜(09)","142.89kcal","참치샐러드(01)(05)(06)(12)(18)","200.03kcal","","","3117.81kcal"
"2026-06-23(화)","배추김치","0kcal","백색우유(02)","135kcal","배추김치","0kcal","","","3117.81kcal"
"2026-06-23(화)","","","배추김치","0kcal","떡, 만풍, 떡미당앙버터절편, 40g","227kcal","","","3117.81kcal"
"2026-06-24(수)","밥","74.78kcal","찹쌀밥","94.78kcal","찰현미밥","92.93kcal","","","1973.22kcal"
"2026-06-24(수)","감자양파찌개(02)(05)(06)(10)(15)(16)","119.84kcal","쇠고기육개장(01)(02)(05)(06)(16)","72.34kcal","콩나물김치국(02)(05)(06)(16)","23.21kcal","","","1973.22kcal"
"2026-06-24(수)","사천식캐슈넛멸치볶음(04)(05)","94.75kcal","오징어순대볶음(05)(06)(10)(17)","269.74kcal","명이나물(05)(06)(13)","46kcal","","","1973.22kcal"
"2026-06-24(수)","치즈언양식불고기(01)(02)(05)(06)(10)(16)","296.75kcal","야채고기말이(01)(02)(05)(06)(10)(15)(16)(18)","194.1kcal","보쌈(02)(05)(10)(16)(18)","594kcal","","","1973.22kcal"
"2026-06-24(수)","배추김치","0kcal","배추김치","0kcal","보쌈김치","0kcal","","","1973.22kcal"
"2026-06-25(목)","밥","74.78kcal","밥","74.78kcal","밥","74.78kcal","","","1885.08kcal"
"2026-06-25(목)","쇠고기무국(02)(05)(06)(16)","69.3kcal","닭곰탕(15)","82.92kcal","전복소갈비탕(01)(02)(05)(06)(16)(18)","374.51kcal","","","1885.08kcal"
"2026-06-25(목)","어묵볶음(05)(06)(08)","167kcal","비엔나소시지감자조림(02)(05)(06)(10)(15)(16)(18)","318.66kcal","돼지고기육전(01)(05)(06)(10)","134.84kcal","","","1885.08kcal"
"2026-06-25(목)","치킨너겟(01)(05)","263.26kcal","김치전(완)(05)(06)(09)(16)(17)","108kcal","부추무침","7.25kcal","","","1885.08kcal"
"2026-06-25(목)","배추김치","0kcal","백색우유(02)","135kcal","깍두기(완제품)","0kcal","","","1885.08kcal"
"2026-06-25(목)","","","열무김치","0kcal","","","","","1885.08kcal"
"2026-06-26(금)","밥","74.78kcal","잡곡밥","99.44kcal","나가사끼짬뽕(05)(06)(10)(17)(18)","112.81kcal","","","1468.98kcal"
"2026-06-26(금)","감자국(02)(05)(06)(16)","42.4kcal","장터국(02)(05)(06)(10)(12)(15)(16)(18)","84.89kcal","카레밥","74.78kcal","","","1468.98kcal"
"2026-06-26(금)","소고기꽈리고추조림(05)(16)","304.26kcal","궁중떡볶이(02)(05)(06)(10)(16)(18)","241.88kcal","고추순살치킨","0kcal","","","1468.98kcal"
"2026-06-26(금)","두부양념장(05)(06)","89.08kcal","순살고등어구이(05)(06)(07)(15)(18)","165.54kcal","복숭아(천도)(11)","64.12kcal","","","1468.98kcal"
"2026-06-26(금)","배추김치","0kcal","두유(곡물맛)(05)","115kcal","배추김치","0kcal","","","1468.98kcal"
"2026-06-26(금)","","","배추김치","0kcal","","","","","1468.98kcal"
"2026-06-27(토)","핫도그빵(01)(02)(05)(06)(10)(16)(18)","563.6kcal","밥1","65.34kcal","오징어덮밥(05)(06)(10)(17)","364.21kcal","","","3101.57kcal"
"2026-06-27(토)","스크램블에그(01)(02)(05)(06)(15)(16)(18)","65.8kcal","치킨스테이크(02)(05)(15)","872.83kcal","계란후라이(완제품)(01)(02)(06)(10)","102.5kcal","","","3101.57kcal"
"2026-06-27(토)","양배추샐러드(사우전아일랜드드레싱)(01)(05)(12)(18)","24.97kcal","피자오믈렛(01)(02)(05)(06)(10)(12)(15)(16)(18)","76.5kcal","타코야끼(05)(06)(15)(18)","212.92kcal","","","3101.57kcal"
"2026-06-27(토)","블루베리아몬드(05)(06)","250kcal","양송이스프(02)(05)(06)(15)","130kcal","가공우유(바나나맛)(02)","165kcal","","","3101.57kcal"
"2026-06-27(토)","백색우유(02)","135kcal","배추김치","0kcal","배추김치","0kcal","","","3101.57kcal"
"2026-06-27(토)","오이피클","72.9kcal","","","","","","","3101.57kcal"
"2026-06-28(일)","밥","74.78kcal","밥","74.78kcal","밥","74.78kcal","","","1611.22kcal"
"2026-06-28(일)","황태해장국(완)(05)","78.08kcal","두부된장찌개(05)(09)","62.78kcal","사골곰탕(05)(06)","168.54kcal","","","1611.22kcal"
"2026-06-28(일)","닭갈비(05)(06)(15)","297.89kcal","주꾸미볶음(05)(06)","131.79kcal","평양왕만두(01)(05)(06)(10)(16)","400.4kcal","","","1611.22kcal"
"2026-06-28(일)","느타리버섯볶음(05)(06)","31kcal","무나물","20.94kcal","오징어젓무침(17)","60.46kcal","","","1611.22kcal"
"2026-06-28(일)","배추김치","0kcal","백색우유(02)","135kcal","깍두기(완제품)","0kcal","","","1611.22kcal"
"2026-06-28(일)","","","배추김치","0kcal","","","","","1611.22kcal"
"2026-06-29(월)","밥","74.78kcal","찰현미밥","92.93kcal","밥","74.78kcal","","","2330.65kcal"
"2026-06-29(월)","쇠고기미역국(02)(05)(06)(16)","98.21kcal","부대찌개(02)(05)(06)(10)(12)(15)(16)(18)","181.96kcal","유부장국(02)(05)(06)(16)","12.76kcal","","","2330.65kcal"
"2026-06-29(월)","부들어묵볶음(05)(06)(08)","114.56kcal","호박새우볶음(05)(06)(09)","39.81kcal","지코바치킨(02)(05)(06)(15)(16)(18)","361.88kcal","","","2330.65kcal"
"2026-06-29(월)","맛밤송송함박스테이크(05)(10)(12)(13)(16)","581kcal","돼지고기청경채볶음(05)(06)(10)(18)","317.01kcal","제로콜라2","1kcal","","","2330.65kcal"
"2026-06-29(월)","배추김치","0kcal","팩형아이스크림(01)(02)","325kcal","무&비트피클(완)","30kcal","","","2330.65kcal"
"2026-06-29(월)","","","배추김치","0kcal","양배추샐러드(사우전아일랜드드레싱)(01)(05)(12)(18)","24.97kcal","","","2330.65kcal"
"2026-06-30(화)","밥","74.78kcal","돼지국밥(02)(05)(06)(10)(15)(16)(18)","457.8kcal","비빔밥(05)(16)","393.91kcal","","","2434.10kcal"
"2026-06-30(화)","해물탕(05)(06)(09)(17)(18)","111.1kcal","밥","74.78kcal","순두부백탕(01)(02)(05)(06)(09)(16)(18)","95.03kcal","","","2434.10kcal"
"2026-06-30(화)","마파두부(05)(06)(10)(15)(18)","267.91kcal","잎새만두찜","7.24kcal","닭꼬치(완)(05)(06)(15)","400kcal","","","2434.10kcal"
"2026-06-30(화)","메추리알장조림(완)(01)(05)(06)","277.5kcal","오이풋고추된장무침(05)(06)","23.23kcal","계란후라이(완제품)(01)(02)(06)(10)","102.5kcal","","","2434.10kcal"
"2026-06-30(화)","배추김치","0kcal","오렌지주스","60kcal","수박","88.32kcal","","","2434.10kcal"
"2026-06-30(화)","","","깍두기(완제품)","0kcal","열무김치","0kcal","","","2434.10kcal"
"2026-07-01(수)","밥","373.89kcal","밥","373.89kcal","밥","373.89kcal","","","3072.20kcal"
"2026-07-01(수)","쇠고기탕국(02)(05)(06)(09)(16)","155.15kcal","돼지고기애호박찌개(02)(05)(06)(10)(16)","98.69kcal","얼큰수제비국(02)(05)(06)(16)","88.22kcal","","","3072.20kcal"
"2026-07-01(수)","꽈리고추멸치볶음(05)(06)","73.24kcal","닭순살김치볶음(05)(15)","423.02kcal","새우가스(01)(05)","395.4kcal","","","3072.20kcal"
"2026-06-03(수)","","","백색우유(02)","135kcal","깍두기(완제품)","0kcal","","","1992.88kcal"
"2026-06-03(수)","","","열무김치","0kcal","","","","","1992.88kcal"
"2026-06-04(목)","밥","74.78kcal","밥","74.78kcal","밥","74.78kcal","","","2380.82kcal"
"2026-06-04(목)","닭곰탕(15)","82.92kcal","김치찌개(05)(09)(10)","100.91kcal","돼지고기고추장찌개(02)(05)(06)(10)(16)","110.32kcal","","","2380.82kcal"
"2026-06-04(목)","비엔나소시지케찹볶음(02)(05)(06)(10)(12)(16)(18)","367.15kcal","꽈리고추멸치볶음(05)(06)","72.72kcal","닭순살치킨가스(01)(05)(06)(10)(12)(15)(16)","711kcal","","","2380.82kcal"
"2026-06-04(목)","어묵볶음(05)(06)(08)","167kcal","파채&간장돼지불백(02)(05)(06)(10)(16)(18)","305.49kcal","야채샐러드(02)(13)","38.97kcal","","","2380.82kcal"
"2026-06-04(목)","배추김치","0kcal","비요뜨초코링(02)(05)(06)","200kcal","배추김치","0kcal","","","2380.82kcal"
"2026-06-04(목)","","","깍두기(완제품)","0kcal","","","","","2380.82kcal"
"2026-06-05(금)","밥","74.78kcal","찰현미밥","92.93kcal","참치오믈렛(01)(05)(06)(18)","190kcal","","","2758.50kcal"
"2026-06-05(금)","황태채국(01)(02)(05)(06)(16)","77.69kcal","해물탕(05)(06)(09)(17)(18)","111.1kcal","밥","74.78kcal","","","2758.50kcal"
"2026-06-05(금)","애호박나물(05)(09)","35.02kcal","순살족발(02)(05)(06)(10)(16)","721.5kcal","순두부찌개(02)(05)(06)(10)(16)(18)","133.65kcal","","","2758.50kcal"
"2026-06-05(금)","닭바베큐소스조림(05)(06)(12)(13)(15)","357.37kcal","튜브형아이스크림2","220kcal","고추잡채(05)(06)(10)(18)","345.68kcal","","","2758.50kcal"
"2026-06-05(금)","김","28kcal","무말랭이무침(13)","161kcal","백색우유(02)","135kcal","","","2758.50kcal"
"2026-06-05(금)","배추김치","0kcal","보쌈김치","0kcal","배추김치","0kcal","","","2758.50kcal"
"2026-06-06(토)","밥","74.78kcal","햄치즈버거(02)(05)(10)(15)(16)","265.84kcal","치킨마요덮밥(01)(02)(05)(06)(10)(12)(15)(16)(18)","505.86kcal","","","2369.08kcal"
"2026-06-06(토)","가리비미역국(02)(05)(06)(16)(18)","31.17kcal","계란후라이(완제품)(01)(02)(06)(10)","102.5kcal","모짜렐라핫도그(01)(02)(05)(06)(10)(12)(16)","192.08kcal","","","2369.08kcal"
"2026-06-06(토)","돼지고기청경채볶음(05)(06)(10)(18)","317.01kcal","백색우유(02)","135kcal","가공우유(초코맛)(02)","160kcal","","","2369.08kcal"
"2026-06-06(토)","도토리묵&양념장(05)(06)","34.85kcal","오레오오즈(02)(05)(06)(10)","360kcal","배추김치","0kcal","","","2369.08kcal"
"2026-06-06(토)","배추김치","0kcal","고구마샐러드(완)(01)","189.99kcal","","","","","2369.08kcal"
"2026-06-07(일)","밥","74.78kcal","밥","74.78kcal","밥","74.78kcal","","","1704.58kcal"
"2026-06-07(일)","감자달걀국(01)(02)(05)(06)(09)(16)","60.48kcal","닭고기육개장(01)(02)(05)(06)(15)(16)","73.64kcal","감자양파찌개(02)(05)(06)(10)(15)(16)","119.84kcal","","","1704.58kcal"
"2026-06-07(일)","언양식바싹불고기(01)(02)(05)(06)(10)(12)(15)(16)","326.25kcal","소불고기(완제품)(02)(05)(06)(13)(16)","341.67kcal","호박새우볶음(05)(06)(09)","39.81kcal","","","1704.58kcal"
"2026-06-07(일)","진미채고추장조림(05)(06)(17)","139kcal","무생채","11.04kcal","돼지고기무볶음(05)(06)(10)","233.51kcal","","","1704.58kcal"
"2026-06-07(일)","배추김치","0kcal","배추김치","0kcal","백색우유(02)","135kcal","","","1704.58kcal"
"2026-06-07(일)","","","","","배추김치","0kcal","","","1704.58kcal"
"2026-06-08(월)","밥","74.78kcal","현미밥","92.93kcal","자장밥(05)(06)(10)(16)","417.98kcal","","","2541.98kcal"
"2026-06-08(월)","사골우거지국(02)(05)(06)(16)(18)","163.66kcal","두부김치국(02)(05)(06)(09)(16)","27.63kcal","해물짬뽕(05)(06)(09)(10)(15)(16)(17)(18)","111.91kcal","","","2541.98kcal"
"2026-06-08(월)","동그랑땡(05)(06)(10)","414.08kcal","낙지삼겹살새우볶음(02)(05)(06)(09)(10)(16)(17)(18)","694.73kcal","멘보샤(05)(06)(09)(12)(17)","313kcal","","","2541.98kcal"
"2026-06-08(월)","오이무침","10.66kcal","미역줄기볶음(05)(06)","54.12kcal","계란후라이(완제품)(01)(02)(06)(10)","102.5kcal","","","2541.98kcal"
"2026-06-08(월)","배추김치","0kcal","몬스터에너지(화이트)","14kcal","파인애플스틱","50kcal","","","2541.98kcal"
"2026-06-08(월)","","","깍두기(완제품)","0kcal","배추김치","0kcal","","","2541.98kcal"
"2026-06-09(화)","밥","74.78kcal","밥","74.78kcal","밥","74.78kcal","","","2938.87kcal"
"2026-06-09(화)","참치고추장찌개(02)(05)(06)(09)(16)","188.5kcal","어묵탕(05)(06)","79.65kcal","가츠동(01)(05)(06)(10)","588.68kcal","","","2938.87kcal"
"2026-06-09(화)","쇠고기감자조림(05)(06)(16)","394.77kcal","훈제닭다리(완)(01)(02)(05)(15)","500.6kcal","양송이스프(02)(05)(06)(15)","130kcal","","","2938.87kcal"
"2026-06-09(화)","맛살계란말이(01)(02)(05)(08)(12)","107.08kcal","두부양념장(05)(06)","89.08kcal","구슬치즈샐러드(02)","56.17kcal","","","2938.87kcal"
"2026-06-09(화)","배추김치","0kcal","백색우유(02)","135kcal","배추김치","0kcal","","","2938.87kcal"
"2026-06-09(화)","","","배추김치","0kcal","농심,육개장사발면,86g","","","","2938.87kcal"
"2026-06-09(화)","","","","","농심,신라면블랙사발,101g","445kcal","","","2938.87kcal"
"2026-06-10(수)","밥","74.78kcal","흑미밥","76.65kcal","밥","74.78kcal","","","2571.72kcal"
"2026-06-10(수)","아욱된장국(02)(05)(06)(16)","52.53kcal","돼지고기애호박찌개(02)(05)(06)(10)(16)","98.69kcal","꽃게탕(05)(06)(08)(17)","92.79kcal","","","2571.72kcal"
"2026-06-10(수)","새송이버섯야채볶음(02)(05)(06)(10)(15)(16)(18)","58.16kcal","순살삼치구이(05)(06)(07)(15)(18)","132.54kcal","동파육","1033kcal","","","2571.72kcal"
"2026-06-10(수)","치즈함박스테이크(01)(02)(05)(06)(10)(12)(15)(16)","267.8kcal","밥싸먹는훈제오리(15)","184kcal","무말랭이무침(13)","161kcal","","","2571.72kcal"
"2026-06-10(수)","김자반","40kcal","컵형아이스크림(01)(02)(06)","225kcal","배추김치","0kcal","","","2571.72kcal"
"2026-06-10(수)","배추김치","0kcal","배추김치","0kcal","","","","","2571.72kcal"
"2026-06-11(목)","밥","74.78kcal","밥","74.78kcal","밥","74.78kcal","","","2216.91kcal"
"2026-06-11(목)","감자호박국(02)(05)(06)(16)","35.81kcal","쇠고기버섯전골(02)(05)(06)(09)(16)","137.43kcal","미소장국(05)","35.58kcal","","","2216.91kcal"
"2026-06-11(목)","마파두부(05)(06)(10)(15)(18)","267.91kcal","오리불고기(05)","31.83kcal","불고기크로켓(05)(12)","673.76kcal","","","2216.91kcal"
"2026-06-11(목)","메추리알장조림(완)(01)(05)(06)","277.5kcal","두유(05)","140kcal","양배추피클(13)","92kcal","","","2216.91kcal"
"2026-06-11(목)","배추김치","0kcal","무쌈(13)","12kcal","백색우유(02)","135kcal","","","2216.91kcal"
"2026-06-11(목)","","","흑임자드레싱(01)(05)","23.17kcal","푸실리파스타(02)(05)(06)(12)(15)(16)(18)","130.58kcal","","","2216.91kcal"
"2026-06-11(목)","","","배추김치","0kcal","","","","","2216.91kcal"
"2026-06-12(금)","밥","74.78kcal","밥","74.78kcal","찰수수밥","75.81kcal","","","1829.27kcal"
"2026-06-12(금)","물만두국(01)(02)(05)(06)(09)(10)(16)","97.3kcal","사골미역국(16)","42.56kcal","부대찌개(02)(05)(06)(10)(12)(15)(16)(18)","181.96kcal","","","1829.27kcal"
"2026-06-12(금)","순살안동찜닭(05)(06)(15)","345.42kcal","버섯잡채(05)(06)(10)(16)(18)","113.98kcal","돼지고기자장볶음(05)(10)","359.14kcal","","","1829.27kcal"
"2026-06-12(금)","연근조림(02)(05)(06)(09)(18)","139.5kcal","계란찜(09)","107.89kcal","상추겉절이(05)(06)","11.15kcal","","","1829.27kcal"
"2026-06-12(금)","배추김치","0kcal","복숭아주스(11)","188kcal","대추방울토마토(12)","17kcal","","","1829.27kcal"
"2026-06-12(금)","","","배추김치","0kcal","배추김치","0kcal","","","1829.27kcal"
"2026-06-13(토)","삼각주먹밥(완)(01)(02)(05)(06)(16)(18)","250kcal","핫도그빵(01)(02)(05)(06)(10)(16)(18)","563.6kcal","쇠고기덮밥(05)(16)","546.68kcal","","","2860.62kcal"
"2026-06-13(토)","밥1","65.34kcal","스크램블에그(01)(02)(05)(06)(15)(16)(18)","65.8kcal","계란후라이(완제품)(01)(02)(06)(10)","102.5kcal","","","2860.62kcal"
"2026-06-13(토)","소떡소떡","0kcal","코울슬로샐러드(01)(05)","119.7kcal","해물파전(완)(05)(06)(08)(09)(17)(18)","199.2kcal","","","2860.62kcal"
"2026-06-13(토)","닭가슴살(05)(15)","198kcal","콘푸로스트(05)(06)","229.8kcal","가공우유(딸기맛)(02)","165kcal","","","2860.62kcal"
"2026-06-13(토)","포테이토크림스프(02)(05)(06)(10)(15)(16)","220kcal","백색우유(02)","135kcal","배추김치","0kcal","","","2860.62kcal"
"2026-06-13(토)","배추김치","0kcal","","","","","","","2860.62kcal"
"2026-06-14(일)","밥","74.78kcal","찹쌀밥","94.78kcal","밥","74.78kcal","","","2632.76kcal"
"2026-06-14(일)","황태해장국(완)(05)","78.08kcal","순대국밥(05)(06)(10)","384.54kcal","사골우거지국(02)(05)(06)(16)(18)","163.66kcal","","","2632.76kcal"
"2026-06-14(일)","미트볼조림(02)(05)(06)(10)(12)(15)(16)","349.98kcal","새우교자만두(05)(06)(09)","784kcal","고추장돼지불고기(완제품)(05)(06)(10)","440.67kcal","","","2632.76kcal"
"2026-06-14(일)","콩나물무침(05)(06)","22.25kcal","오이풋고추된장무침(05)(06)","23.23kcal","가지볶음(05)(06)","42.01kcal","","","2632.76kcal"
"2026-06-14(일)","배추김치","0kcal","짜요짜요딸기(02)(12)","100kcal","배추김치","0kcal","","","2632.76kcal"
"2026-06-14(일)","","","깍두기(완제품)","0kcal","","","","","2632.76kcal"
"2026-06-15(월)","밥","74.78kcal","밥","74.78kcal","유산슬덮밥(05)(06)(09)(10)(17)(18)","335.66kcal","","","5310.12kcal"
"2026-06-15(월)","차돌박이된장찌개(05)(06)(16)","121.92kcal","감자양파찌개(02)(05)(06)(10)(15)(16)","119.84kcal","얼큰계란국(01)(16)","129.14kcal","","","5310.12kcal"
"2026-06-15(월)","알떡스테이크(05)(12)","94kcal","훈제삼겹살(05)(06)(07)(10)(13)(16)","946kcal","오징어튀김(01)(05)","2958kcal","","","5310.12kcal"
"2026-06-15(월)","불고기오믈렛(완)(01)(02)(05)(06)(10)(16)(18)","275kcal","양념깻잎지(05)(06)(09)","46kcal","배추김치","0kcal","","","5310.12kcal"
"2026-06-15(월)","배추김치","0kcal","백색우유(02)","135kcal","케이크또는파이또는패스트리, (주문자상표부착)대상, 소프트미니치즈케이크, 800g(40g20개)/상자","","","","5310.12kcal"
"2026-06-15(월)","","","배추김치","0kcal","","","","","5310.12kcal"
"2026-06-16(화)","밥","74.78kcal","현미밥","92.93kcal","밥","74.78kcal","","","1675.95kcal"
"2026-06-16(화)","두부된장찌개(05)(09)","62.78kcal","쇠고기육개장(01)(02)(05)(06)(16)","72.34kcal","순두부백탕(01)(02)(05)(06)(09)(16)(18)","95.03kcal","","","1675.95kcal"
"2026-06-16(화)","부들어묵볶음(05)(06)(08)","114.56kcal","갈치순살튀김(05)(06)(15)(18)","257.94kcal","느타리버섯볶음(05)(06)","31kcal","","","1675.95kcal"
"2026-06-16(화)","비엔나메추리알조림(01)(02)(05)(06)(10)(15)(16)(18)","355.4kcal","야채계란말이(01)(02)(05)(16)","86.08kcal","볼케이노치킨(02)(05)(06)(12)(15)(16)(18)","323.33kcal","","","1675.95kcal"
"2026-06-16(화)","배추김치","0kcal","식혜","35kcal","배추김치","0kcal","","","1675.95kcal"
"2026-06-16(화)","","","배추김치","0kcal","","","","","1675.95kcal"
"2026-06-17(수)","밥","74.78kcal","밥","74.78kcal","사누끼우동(05)(06)","58.74kcal","","","2615.97kcal"
"2026-06-17(수)","돼지고기애호박찌개(02)(05)(06)(10)(16)","98.69kcal","얼큰수제비국(02)(05)(06)(16)","88.22kcal","밥1","65.34kcal","","","2615.97kcal"
"2026-06-17(수)","콩나물불고기(05)(06)(10)","483.52kcal","오삼불고기(05)(06)(10)(17)","669.54kcal","에그카츠(01)(05)(06)(10)(12)(18)","487.5kcal","","","2615.97kcal"
"2026-05-21(목)","밥","74.78kcal","밥","74.78kcal","중화식덮밥(05)(06)(09)(10)(15)(17)(18)","391.29kcal","","","2931.53kcal"
"2026-05-21(목)","두부김치국(02)(05)(06)(09)(16)","27.63kcal","쇠고기버섯전골(02)(05)(06)(09)(16)","73.43kcal","콩나물국(02)(05)(06)(16)","29.87kcal","","","2931.53kcal"
"2026-05-21(목)","순살안동찜닭(05)(06)(15)","345.42kcal","오삼불고기(05)(06)(10)(17)","669.54kcal","감자말이새우튀김(05)(12)","460kcal","","","2931.53kcal"
"2026-05-21(목)","계란장조림","296kcal","옥수수계란찜(09)","142.89kcal","팩형아이스크림(01)(02)","325kcal","","","2931.53kcal"
"2026-05-21(목)","깍두기(수의)(09)","20.9kcal","이온음료","0kcal","배추김치","0kcal","","","2931.53kcal"
"2026-05-21(목)","","","배추김치","0kcal","","","","","2931.53kcal"
"2026-05-22(금)","밥","74.78kcal","찹쌀밥","94.78kcal","밥","74.78kcal","","","2636.38kcal"
"2026-05-22(금)","물만두국(01)(02)(05)(06)(09)(10)(16)","97.3kcal","순대국밥(05)(06)(10)","384.54kcal","부대찌개(02)(05)(06)(10)(12)(15)(16)(18)","181.96kcal","","","2636.38kcal"
"2026-05-22(금)","어묵볶음(05)(06)(08)","167kcal","쇠고기육전(02)(05)(06)(16)","386.09kcal","닭순살김치볶음(05)(15)","345.89kcal","","","2636.38kcal"
"2026-05-22(금)","맛밤송송함박스테이크(05)(10)(12)(13)(16)","581kcal","양념고추지","16kcal","무나물","20.94kcal","","","2636.38kcal"
"2026-05-22(금)","배추김치","0kcal","백색우유(02)","135kcal","사과(후지)","55.42kcal","","","2636.38kcal"
"2026-05-22(금)","","","깍두기(수의)(09)","20.9kcal","열무김치","0kcal","","","2636.38kcal"
"2026-05-23(토)","밥1","65.34kcal","핫도그빵(01)(02)(05)(06)(10)(16)(18)","563.6kcal","오징어덮밥(05)(06)(10)(17)","324.21kcal","","","3012.98kcal"
"2026-05-23(토)","치킨스테이크(02)(05)(15)","872.83kcal","스크램블에그(01)(02)(05)(06)(15)(16)(18)","65.8kcal","야채고기말이(01)(02)(05)(06)(10)(15)(16)(18)","194.1kcal","","","3012.98kcal"
"2026-05-23(토)","피자오믈렛(01)(02)(05)(06)(10)(12)(15)(16)(18)","76.5kcal","오이피클","72.9kcal","계란후라이(완제품)(01)(02)(06)(10)","102.5kcal","","","3012.98kcal"
"2026-05-23(토)","양송이스프(02)(05)(06)(15)","130kcal","단호박샐러드(완)","160.2kcal","배추김치","0kcal","","","3012.98kcal"
"2026-05-23(토)","배추김치","0kcal","백색우유(02)","135kcal","","","","","3012.98kcal"
"2026-05-23(토)","","","블루베리아몬드(05)(06)","250kcal","","","","","3012.98kcal"
"2026-05-24(일)","밥","74.78kcal","찰현미밥","92.93kcal","밥","74.78kcal","","","2421.50kcal"
"2026-05-24(일)","사골우거지국(02)(05)(06)(16)(18)","163.66kcal","닭곰탕(15)","82.92kcal","시금치된장국(02)(05)(06)(16)","92.37kcal","","","2421.50kcal"
"2026-05-24(일)","남도떡갈비(01)(02)(05)","437kcal","버섯잡채(05)(06)(10)(16)(18)","113.98kcal","낙지삼겹살새우볶음(02)(05)(06)(09)(10)(16)(17)(18)","660.93kcal","","","2421.50kcal"
"2026-05-24(일)","콩나물무침(05)(06)","22.25kcal","김치전(완)(05)(06)(09)(16)(17)","108kcal","메추리알장조림(완)(01)(05)(06)","277.5kcal","","","2421.50kcal"
"2026-05-24(일)","배추김치","0kcal","가공우유(커피맛)(02)","185kcal","배추김치","0kcal","","","2421.50kcal"
"2026-05-24(일)","","","파김치(09)","35.4kcal","","","","","2421.50kcal"
"2026-05-25(월)","밥","74.78kcal","밥","74.78kcal","밥","74.78kcal","","","2284.71kcal"
"2026-05-25(월)","얼큰쇠고기무국(02)(05)(06)(16)","48.21kcal","순두부백탕(01)(02)(05)(06)(09)(16)(18)","95.03kcal","유부장국(02)(05)(06)(16)","12.76kcal","","","2284.71kcal"
"2026-05-25(월)","꽈리고추멸치볶음(05)(06)","72.72kcal","부들어묵볶음(05)(06)(08)","148.56kcal","불고기크로켓(05)(12)","673.76kcal","","","2284.71kcal"
"2026-05-25(월)","투움바함박스테이크(01)(02)(05)(06)(10)(12)(15)(16)(18)","393kcal","볼케이노치킨(02)(05)(06)(12)(15)(16)(18)","323.33kcal","파인애플스틱","50kcal","","","2284.71kcal"
"2026-05-25(월)","배추김치","0kcal","백색우유(02)","135kcal","감자에그샐러드(완)","108kcal","","","2284.71kcal"
"2026-05-25(월)","","","배추김치","0kcal","배추김치","0kcal","","","2284.71kcal"
"2026-05-26(화)","밥","74.78kcal","찹쌀밥","94.78kcal","밥","74.78kcal","","","2613.55kcal"
"2026-05-26(화)","어묵탕(05)(06)","79.65kcal","돼지고기애호박찌개(02)(05)(06)(10)(16)","98.69kcal","해물짬뽕(05)(06)(09)(10)(15)(16)(17)(18)","111.91kcal","","","2613.55kcal"
"2026-05-26(화)","마파두부(05)(06)(10)(15)(18)","229.41kcal","감자채볶음(02)(05)(06)(10)(15)(16)","91.71kcal","동파육","1033kcal","","","2613.55kcal"
"2026-05-26(화)","치킨너겟(01)(05)","263.26kcal","순살고등어구이(05)(06)(07)(15)(18)","165.54kcal","무생채","11.04kcal","","","2613.55kcal"
"2026-05-26(화)","배추김치","0kcal","컵형아이스크림(01)(02)(06)","225kcal","오렌지주스","60kcal","","","2613.55kcal"
"2026-05-26(화)","","","배추김치","0kcal","배추김치","0kcal","","","2613.55kcal"
"2026-05-27(수)","밥","74.78kcal","밥","74.78kcal","밥","74.78kcal","","","2546.71kcal"
"2026-05-27(수)","쇠고기탕국(02)(05)(06)(09)(16)","49.24kcal","참치고추장찌개(02)(05)(06)(09)(16)","188.5kcal","순두부찌개(02)(05)(06)(10)(16)(18)","131.7kcal","","","2546.71kcal"
"2026-05-27(수)","진미채고추장조림(05)(06)(17)","139kcal","돼지고기자장볶음(05)(10)","359.14kcal","양념치킨vs후라이드치킨(05)(06)(12)(15)(18)","899.16kcal","","","2546.71kcal"
"2026-05-27(수)","비엔나소시지감자조림(02)(05)(06)(10)(15)(16)(18)","318.66kcal","양념깻잎지(05)(06)(09)","46kcal","무&비트피클(완)","30kcal","","","2546.71kcal"
"2026-05-27(수)","배추김치","0kcal","백색우유(02)","135kcal","제로콜라2","1kcal","","","2546.71kcal"
"2026-05-27(수)","","","배추김치","0kcal","양배추샐러드(사우전아일랜드드레싱)(01)(05)(12)(18)","24.97kcal","","","2546.71kcal"
"2026-05-28(목)","밥","74.78kcal","밥","74.78kcal","밥","74.78kcal","","","1887.52kcal"
"2026-05-28(목)","아욱된장국(02)(05)(06)(16)","52.53kcal","닭고기육개장(01)(02)(05)(06)(15)(16)","73.64kcal","수제비국(02)(05)(06)(16)","86.98kcal","","","1887.52kcal"
"2026-05-28(목)","느타리버섯볶음(05)(06)","31kcal","주꾸미볶음(05)(06)","140.19kcal","돼지삼겹야채볶음(05)(06)(10)(18)","659.8kcal","","","1887.52kcal"
"2026-05-28(목)","너비아니꼬지치즈맛(02)(05)(06)(10)(15)(16)","231kcal","계란찜(09)","107.89kcal","상추겉절이(05)(06)","11.15kcal","","","1887.52kcal"
"2026-05-28(목)","김","28kcal","몬스터에너지(화이트)","14kcal","배추김치","0kcal","","","1887.52kcal"
"2026-05-28(목)","배추김치","0kcal","열무김치","0kcal","떡, 만풍, 떡미당앙버터절편, 40g","227kcal","","","1887.52kcal"
"2026-05-29(금)","밥","74.78kcal","현미밥","92.93kcal","흑미밥","76.65kcal","","","2343.47kcal"
"2026-05-29(금)","쇠고기미역국(02)(05)(06)(16)","38.21kcal","해물탕(05)(06)(09)(17)(18)","99.1kcal","돼지고기고추장찌개(02)(05)(06)(10)(16)","110.32kcal","","","2343.47kcal"
"2026-05-29(금)","언양식바싹불고기(01)(02)(05)(06)(10)(12)(15)(16)","326.25kcal","닭볶음탕(05)(15)","321.6kcal","한우갈비찜(16)","460.05kcal","","","2343.47kcal"
"2026-05-29(금)","계란장조림","296kcal","두부양념장(05)(06)","89.08kcal","오미산적(완)(01)(02)(05)(06)(08)(10)(12)(13)(16)","206.5kcal","","","2343.47kcal"
"2026-05-29(금)","배추김치","0kcal","백색우유(02)","135kcal","대추방울토마토(12)","17kcal","","","2343.47kcal"
"2026-05-29(금)","","","배추김치","0kcal","배추김치","0kcal","","","2343.47kcal"
"2026-05-30(토)","밥","74.78kcal","불고기버거(01)(02)(05)(06)(10)(12)(13)(16)(18)","204.41kcal","밥","74.78kcal","","","2584.62kcal"
"2026-05-30(토)","황태채국(01)(02)(05)(06)(16)","77.69kcal","계란후라이(완제품)(01)(02)(06)(10)","102.5kcal","꼬리곰탕(05)(06)(09)(16)","321.13kcal","","","2584.62kcal"
"2026-05-30(토)","닭고기야채조림(05)(06)(15)","353.99kcal","첵스초코시리얼(05)(06)","236.4kcal","새우교자만두(05)(06)(09)","784kcal","","","2584.62kcal"
"2026-05-30(토)","연두부&양념장(05)(06)","67.37kcal","감자샐러드(완)(01)(05)(06)(16)","108kcal","낙지젓무침(17)","44.57kcal","","","2584.62kcal"
"2026-05-30(토)","배추김치","0kcal","백색우유(02)","135kcal","깍두기(완제품)","0kcal","","","2584.62kcal"
"2026-05-31(일)","밥","74.78kcal","비빔밥(05)(16)","393.91kcal","밥","74.78kcal","","","2402.77kcal"
"2026-05-31(일)","감자국(02)(05)(06)(16)","42.4kcal","어묵탕(05)(06)","79.65kcal","두부된장찌개(05)(09)","62.78kcal","","","2402.77kcal"
"2026-05-31(일)","새송이버섯야채볶음(02)(05)(06)(10)(15)(16)(18)","58.16kcal","닭강정(01)(02)(05)(06)(12)(15)(18)","395.25kcal","간장돼지불고기(완제품)(05)(06)(10)","513.82kcal","","","2402.77kcal"
"2026-05-31(일)","김자반","40kcal","계란후라이(완제품)(01)(02)(06)(10)","102.5kcal","오이무침","10.66kcal","","","2402.77kcal"
"2026-05-31(일)","동그랑땡(05)(06)(10)","414.08kcal","가공우유(쿠키앤크림)(02)","85kcal","포도주스","55kcal","","","2402.77kcal"
"2026-05-31(일)","배추김치","0kcal","열무김치","0kcal","배추김치","0kcal","","","2402.77kcal"
"2026-06-01(월)","밥","74.78kcal","밥","74.78kcal","밥","74.78kcal","","","1909.38kcal"
"2026-06-01(월)","장터국(02)(05)(06)(10)(12)(15)(16)(18)","84.89kcal","얼큰계란국(01)(16)","129.14kcal","마라탕(05)(06)(08)(09)(10)(15)(16)(18)","183.55kcal","","","1909.38kcal"
"2026-06-01(월)","치킨너겟(01)(05)","263.26kcal","매콤순대볶음(05)(06)(10)","172.01kcal","가지볶음(05)(06)","42.01kcal","","","1909.38kcal"
"2026-06-01(월)","연두부&양념장(05)(06)","67.37kcal","오미산적(완)(01)(02)(05)(06)(08)(10)(12)(13)(16)","206.5kcal","닭순살김치볶음(05)(15)","345.89kcal","","","1909.38kcal"
"2026-06-01(월)","배추김치","0kcal","백색우유(02)","135kcal","사과(후지)","55.42kcal","","","1909.38kcal"
"2026-06-01(월)","","","깍두기(완제품)","0kcal","배추김치","0kcal","","","1909.38kcal"
"2026-06-02(화)","밥","74.78kcal","찹쌀밥","94.78kcal","밥1","65.34kcal","","","2217.12kcal"
"2026-06-02(화)","맑은홍합탕(얼큰홍합탕)(05)(06)(09)(17)(18)","58.25kcal","콩나물김치국(02)(05)(06)(16)","23.21kcal","꼬치어묵국(05)(06)","192.4kcal","","","2217.12kcal"
"2026-06-02(화)","돼지고기부추볶음(02)(05)(06)(10)(16)(18)","326.91kcal","훈제오리볶음(01)(05)(06)(18)","517.64kcal","부대떡볶이(01)(02)(05)(06)(10)(12)(15)(16)(18)","235.82kcal","","","2217.12kcal"
"2026-06-02(화)","계란장조림(01)(05)(06)(16)(18)","296kcal","시금치무침","27.64kcal","김말이튀김(05)(06)","64.35kcal","","","2217.12kcal"
"2026-06-02(화)","배추김치","0kcal","마시는발효유","220kcal","반달단무지(13)","8kcal","","","2217.12kcal"
"2026-06-02(화)","","","무쌈(13)","12kcal","","","","","2217.12kcal"
"2026-06-02(화)","","","깍두기(완제품)","0kcal","","","","","2217.12kcal"
"2026-06-03(수)","밥","74.78kcal","잡곡밥","99.44kcal","찹쌀밥","94.78kcal","","","1992.88kcal"
"2026-06-03(수)","쇠고기무국(02)(05)(06)(16)","69.3kcal","수제비국(02)(05)(06)(16)","86.98kcal","사골곰탕(05)(06)","168.54kcal","","","1992.88kcal"
"2026-06-03(수)","맛밤송송함박스테이크(05)(10)(12)(13)(16)","581kcal","감자채볶음(02)(05)(06)(10)(15)(16)","91.71kcal","새우탕수(05)(06)(18)","226.4kcal","","","1992.88kcal"
"2026-06-03(수)","콩나물무침(05)(06)","22.25kcal","가자미구이(05)(06)","177.44kcal","오징어젓무침(17)","60.46kcal","","","1992.88kcal"
"2026-06-03(수)","배추김치","0kcal","김","28kcal","바나나","76.8kcal","","","1992.88kcal"
"2026-05-07(목)","부들어묵볶음(05)(06)(08)","148.56kcal","파채&간장돼지불백(02)(05)(06)(10)(16)(18)","305.49kcal","생선가스(01)(05)(06)","515kcal","","","2243.99kcal"
"2026-05-07(목)","닭바베큐소스조림(05)(06)(12)(13)(15)","357.37kcal","시금치무침","27.64kcal","두유(곡물맛)(05)","115kcal","","","2243.99kcal"
"2026-05-07(목)","배추김치","0kcal","비요뜨초코링(02)(05)(06)","200kcal","배추김치","0kcal","","","2243.99kcal"
"2026-05-07(목)","","","배추김치","0kcal","","","","","2243.99kcal"
"2026-05-08(금)","밥","74.78kcal","밥","74.78kcal","밥","74.78kcal","","","2359.36kcal"
"2026-05-08(금)","차돌박이된장찌개(05)(06)(16)","121.92kcal","얼큰계란국(01)(16)","69.14kcal","황태해장국(완)(05)","78.08kcal","","","2359.36kcal"
"2026-05-08(금)","느타리버섯볶음(05)(06)","31kcal","오삼불고기(05)(06)(10)(17)","669.54kcal","훈제오리볶음(01)(05)(06)(18)","517.64kcal","","","2359.36kcal"
"2026-05-08(금)","언양식바싹불고기(01)(02)(05)(06)(10)(12)(15)(16)","326.25kcal","베이컨떡말이(05)(10)(12)","125.2kcal","부추무침","7.25kcal","","","2359.36kcal"
"2026-05-08(금)","배추김치","0kcal","가공우유(초코맛)(02)","160kcal","무쌈(13)","12kcal","","","2359.36kcal"
"2026-05-08(금)","","","배추김치","0kcal","대추방울토마토(12)","17kcal","","","2359.36kcal"
"2026-05-08(금)","","","","","배추김치","0kcal","","","2359.36kcal"
"2026-05-09(토)","밥1","65.34kcal","핫도그빵(01)(02)(05)(06)(10)(16)(18)","563.6kcal","쇠고기덮밥(05)(16)","575.78kcal","","","2635.94kcal"
"2026-05-09(토)","삼각주먹밥(완)(01)(02)(05)(06)(16)(18)","250kcal","스크램블에그(01)(02)(05)(06)(15)(16)(18)","65.8kcal","타코야끼(05)(06)(15)(18)","212.92kcal","","","2635.94kcal"
"2026-05-09(토)","소떡소떡","0kcal","코울슬로샐러드(01)(05)","119.7kcal","배추김치","0kcal","","","2635.94kcal"
"2026-05-09(토)","닭가슴살(05)(15)","198kcal","콘푸로스트(05)(06)","229.8kcal","","","","","2635.94kcal"
"2026-05-09(토)","포테이토크림스프(02)(05)(06)(10)(15)(16)","220kcal","백색우유(02)","135kcal","","","","","2635.94kcal"
"2026-05-09(토)","배추김치","0kcal","","","","","","","2635.94kcal"
"2026-05-10(일)","전복죽(05)(06)(16)(17)(18)","480kcal","잡곡밥","99.44kcal","찹쌀밥","94.78kcal","","","3105.03kcal"
"2026-05-10(일)","남도떡갈비(01)(02)(05)","437kcal","물만두국(01)(02)(05)(06)(09)(10)(16)","97.3kcal","돼지국밥(02)(05)(06)(10)(15)(16)(18)","457.8kcal","","","3105.03kcal"
"2026-05-10(일)","메추리알장조림(완)(01)(05)(06)","277.5kcal","낙지삼겹살새우볶음(02)(05)(06)(09)(10)(16)(17)(18)","660.93kcal","새우탕수(05)(06)(18)","226.4kcal","","","3105.03kcal"
"2026-05-10(일)","배추김치","0kcal","사천식캐슈넛멸치볶음(04)(05)","94.75kcal","오이풋고추된장무침(05)(06)","23.23kcal","","","3105.03kcal"
"2026-05-10(일)","","","백색우유(02)","135kcal","깍두기(수의)(09)","20.9kcal","","","3105.03kcal"
"2026-05-10(일)","","","배추김치","0kcal","","","","","3105.03kcal"
"2026-05-11(월)","밥","74.78kcal","밥","74.78kcal","찰수수밥","75.81kcal","","","2545.17kcal"
"2026-05-11(월)","감자국(02)(05)(06)(16)","42.4kcal","우거지갈비탕(02)(05)(06)(10)(16)(18)","521.76kcal","감자양파찌개(02)(05)(06)(10)(15)(16)","119.84kcal","","","2545.17kcal"
"2026-05-11(월)","동그랑땡(05)(06)(10)","414.08kcal","콩나물불고기(05)(06)(10)","483.52kcal","닭고기야채조림(05)(06)(15)","353.99kcal","","","2545.17kcal"
"2026-05-11(월)","두부양념장(05)(06)","89.08kcal","도토리묵무침(05)(06)","53.01kcal","미역줄기볶음(05)(06)","54.12kcal","","","2545.17kcal"
"2026-05-11(월)","배추김치","0kcal","복숭아주스(11)","188kcal","배추김치","0kcal","","","2545.17kcal"
"2026-05-11(월)","","","배추김치","0kcal","","","","","2545.17kcal"
"2026-05-12(화)","밥","74.78kcal","현미밥","92.93kcal","자장밥(05)(06)(10)","417.98kcal","","","2558.46kcal"
"2026-05-12(화)","시금치된장국(02)(05)(06)(16)","92.37kcal","사골미역국(16)","52.86kcal","해물짬뽕(05)(06)(09)(10)(15)(16)(17)(18)","111.91kcal","","","2558.46kcal"
"2026-05-12(화)","돼지고기청경채볶음(05)(06)(10)(18)","317.01kcal","순살삼치구이(05)(06)(07)(15)(18)","132.54kcal","맛초킹탕수육(05)(06)(10)(18)","533.54kcal","","","2558.46kcal"
"2026-05-12(화)","무생채","11.04kcal","진미채고추장조림(05)(06)(17)","139kcal","계란후라이(완제품)(01)(02)(06)(10)","102.5kcal","","","2558.46kcal"
"2026-05-12(화)","배추김치","0kcal","식혜","35kcal","배추김치","0kcal","","","2558.46kcal"
"2026-05-12(화)","","","배추김치","0kcal","농심,신라면블랙사발,101g","445kcal","","","2558.46kcal"
"2026-05-12(화)","","","","","농심,육개장사발면,86g","","","","2558.46kcal"
"2026-05-13(수)","밥","74.78kcal","밥","74.78kcal","새우튀김덮밥(에비동)(05)(06)(09)(15)(18)","378.57kcal","","","2387.76kcal"
"2026-05-13(수)","참치고추장찌개(02)(05)(06)(09)(16)","188.5kcal","쇠고기탕국(02)(05)(06)(09)(16)","49.24kcal","미소장국(05)","35.58kcal","","","2387.76kcal"
"2026-05-13(수)","가지볶음(05)(06)","42.01kcal","감자채볶음(02)(05)(06)(10)(15)(16)","91.71kcal","굴림만두(01)(02)(05)(06)(10)(16)","528kcal","","","2387.76kcal"
"2026-05-13(수)","치즈언양식불고기(01)(02)(05)(06)(10)(16)","296.75kcal","순살안동찜닭(05)(06)(15)","345.42kcal","양배추피클(13)","92kcal","","","2387.76kcal"
"2026-05-13(수)","배추김치","0kcal","백색우유(02)","135kcal","사과(후지)","55.42kcal","","","2387.76kcal"
"2026-05-13(수)","","","배추김치","0kcal","","","","","2387.76kcal"
"2026-05-14(목)","참치오믈렛(01)(05)(06)(18)","190kcal","김치덮밥(05)(06)(10)","399.52kcal","밥","74.78kcal","","","2452.03kcal"
"2026-05-14(목)","밥","74.78kcal","팽이버섯된장국(02)(05)(06)(09)(16)","96.07kcal","어묵탕(05)(06)","79.65kcal","","","2452.03kcal"
"2026-05-14(목)","맑은홍합탕(얼큰홍합탕)(05)(06)(09)(17)(18)","58.25kcal","돼지고기육전(01)(05)(06)(10)","134.84kcal","닭순살치킨가스(01)(05)(06)(10)(12)(15)(16)","711kcal","","","2452.03kcal"
"2026-05-14(목)","치킨너겟(01)(05)","263.26kcal","계란후라이(완제품)(01)(02)(06)(10)","102.5kcal","참치샐러드(01)(05)(12)(18)","147.38kcal","","","2452.03kcal"
"2026-05-14(목)","배추김치","0kcal","튜브형아이스크림2","120kcal","배추김치","0kcal","","","2452.03kcal"
"2026-05-14(목)","","","열무김치","0kcal","","","","","2452.03kcal"
"2026-05-15(금)","밥","74.78kcal","밥","74.78kcal","밥","74.78kcal","","","1974.49kcal"
"2026-05-15(금)","들깨무채국(02)(05)(06)(16)","15.73kcal","해물탕(05)(06)(09)(17)(18)","99.1kcal","장터국(02)(05)(06)(10)(12)(15)(16)(18)","95.19kcal","","","1974.49kcal"
"2026-05-15(금)","호박새우볶음(05)(06)(09)","39.81kcal","모듬쌈(05)(06)(18)","25.21kcal","매콤순대볶음(05)(06)(10)","172.01kcal","","","1974.49kcal"
"2026-05-15(금)","비엔나소시지케찹볶음(02)(05)(06)(10)(12)(16)(18)","367.15kcal","보쌈(05)(10)","467.06kcal","계란찜(09)","107.89kcal","","","1974.49kcal"
"2026-05-15(금)","김자반","40kcal","명이나물(05)(06)(13)","46kcal","두유(05)","140kcal","","","1974.49kcal"
"2026-05-15(금)","배추김치","0kcal","백색우유(02)","135kcal","배추김치","0kcal","","","1974.49kcal"
"2026-05-15(금)","","","보쌈김치","0kcal","","","","","1974.49kcal"
"2026-05-16(토)","밥","74.78kcal","햄치즈버거(02)(05)(10)(15)(16)","265.84kcal","제육덮밥(05)(06)(10)","389.92kcal","","","2513.37kcal"
"2026-05-16(토)","순두부찌개(02)(05)(06)(10)(16)(18)","131.7kcal","계란후라이(완제품)(01)(02)(06)(10)","102.5kcal","닭꼬치(완)(05)(06)(15)","400kcal","","","2513.37kcal"
"2026-05-16(토)","쇠고기감자조림(05)(06)(16)","394.77kcal","닭가슴살샐러드(05)(06)(12)(15)(16)","364.12kcal","배추김치","0kcal","","","2513.37kcal"
"2026-05-16(토)","시금치무침","27.64kcal","오곡코코볼","178.2kcal","","","","","2513.37kcal"
"2026-05-16(토)","김","28kcal","백색우유(02)","135kcal","","","","","2513.37kcal"
"2026-05-16(토)","깍두기(수의)(09)","20.9kcal","","","","","","","2513.37kcal"
"2026-05-17(일)","밥","74.78kcal","찹쌀밥","94.78kcal","밥","74.78kcal","","","1980.99kcal"
"2026-05-17(일)","참치김치찌개(05)(09)","163.6kcal","사골곰탕(05)(06)","168.54kcal","닭고기육개장(01)(02)(05)(06)(15)(16)","73.64kcal","","","1980.99kcal"
"2026-05-17(일)","치즈함박스테이크(01)(02)(05)(06)(10)(12)(15)(16)","267.8kcal","해물파전(완)(05)(06)(08)(09)(17)(18)","199.2kcal","소불고기(완제품)(02)(05)(06)(13)(16)","341.67kcal","","","1980.99kcal"
"2026-05-17(일)","맛살계란말이(01)(02)(05)(08)(12)","107.08kcal","오징어젓무침(17)","60.46kcal","오이무침","10.66kcal","","","1980.99kcal"
"2026-05-17(일)","백김치","23.1kcal","가공우유(바나나맛)(02)","165kcal","백색우유(02)","135kcal","","","1980.99kcal"
"2026-05-17(일)","","","깍두기(수의)(09)","20.9kcal","배추김치","0kcal","","","1980.99kcal"
"2026-05-18(월)","밥","74.78kcal","잡곡밥","99.44kcal","사누끼우동(05)(06)","58.74kcal","","","1645.84kcal"
"2026-05-18(월)","쇠고기무국(02)(05)(06)(16)","79.6kcal","꽃게탕(05)(06)(08)(17)","95.68kcal","밥","74.78kcal","","","1645.84kcal"
"2026-05-18(월)","미트볼조림(02)(05)(06)(10)(12)(15)(16)","349.98kcal","오리불고기(05)","31.83kcal","에그카츠(01)(05)(06)(10)(12)(18)","487.5kcal","","","1645.84kcal"
"2026-05-18(월)","연두부&양념장(05)(06)","67.37kcal","흑임자드레싱(01)(05)","23.17kcal","야채샐러드(02)(13)","38.97kcal","","","1645.84kcal"
"2026-05-18(월)","배추김치","0kcal","무쌈(13)","12kcal","대추방울토마토(12)","17kcal","","","1645.84kcal"
"2026-05-18(월)","","","백색우유(02)","135kcal","배추김치","0kcal","","","1645.84kcal"
"2026-05-18(월)","","","배추김치","0kcal","","","","","1645.84kcal"
"2026-05-19(화)","밥","74.78kcal","찰현미밥","92.93kcal","돼지고기덮밥(부타동)(05)(06)(10)(15)(18)","531.44kcal","","","2774.80kcal"
"2026-05-19(화)","얼큰계란국(01)(16)","69.14kcal","맑은홍합탕(얼큰홍합탕)(05)(06)(09)(17)(18)","58.25kcal","팽이버섯된장국(02)(05)(06)(09)(16)","96.07kcal","","","2774.80kcal"
"2026-05-19(화)","돼지고기고추장볶음(05)(06)(10)","306.53kcal","순살족발(02)(05)(06)(10)(16)","721.5kcal","새우가스&콘타르타르(01)(05)","520kcal","","","2774.80kcal"
"2026-05-19(화)","새송이버섯야채볶음(02)(05)(06)(10)(15)(16)(18)","58.16kcal","이온음료(포카리)","85kcal","배추김치","0kcal","","","2774.80kcal"
"2026-05-19(화)","배추김치","0kcal","무말랭이무침(13)","161kcal","케이크또는파이또는패스트리, (주문자상표부착)대상, 소프트미니치즈케이크, 800g(40g20개)/상자","","","","2774.80kcal"
"2026-05-19(화)","","","보쌈김치","0kcal","","","","","2774.80kcal"
"2026-05-20(수)","밥","74.78kcal","밥","74.78kcal","흑미밥","76.65kcal","","","2013.57kcal"
"2026-05-20(수)","황태채국(01)(02)(05)(06)(16)","77.69kcal","감자양파찌개(02)(05)(06)(10)(15)(16)","119.84kcal","얼큰수제비국(02)(05)(06)(16)","88.22kcal","","","2013.57kcal"
"2026-05-20(수)","호박새우볶음(05)(06)(09)","39.81kcal","궁중떡볶이(02)(05)(06)(10)(16)(18)","241.88kcal","고추잡채(05)(06)(10)(18)","345.68kcal","","","2013.57kcal"
"2026-05-20(수)","알떡스테이크(05)(12)","94kcal","갈치순살튀김(05)(06)(15)(18)","353.94kcal","밥싸먹는훈제오리(15)","184kcal","","","2013.57kcal"
"2026-05-20(수)","배추김치","0kcal","백색우유(02)","135kcal","바나나","86.4kcal","","","2013.57kcal"
"2026-05-20(수)","","","깍두기(수의)(09)","20.9kcal","배추김치","0kcal","","","2013.57kcal"
"2026-05-24(일)","콩나물무침(05)(06)","22.25kcal","김치전(완)(05)(06)(09)(16)(17)","108kcal","메추리알장조림(완)(01)(05)(06)","277.5kcal","","","2421.50kcal"
"2026-05-24(일)","배추김치","0kcal","가공우유(커피맛)(02)","185kcal","배추김치","0kcal","","","2421.50kcal"
"2026-05-24(일)","","","파김치(09)","35.4kcal","","","","","2421.50kcal"
"2026-05-25(월)","밥","74.78kcal","밥","74.78kcal","밥","74.78kcal","","","2284.71kcal"
"2026-05-25(월)","얼큰쇠고기무국(02)(05)(06)(16)","48.21kcal","순두부백탕(01)(02)(05)(06)(09)(16)(18)","95.03kcal","유부장국(02)(05)(06)(16)","12.76kcal","","","2284.71kcal"
"2026-05-25(월)","꽈리고추멸치볶음(05)(06)","72.72kcal","부들어묵볶음(05)(06)(08)","148.56kcal","불고기크로켓(05)(12)","673.76kcal","","","2284.71kcal"
"2026-05-25(월)","투움바함박스테이크(01)(02)(05)(06)(10)(12)(15)(16)(18)","393kcal","볼케이노치킨(02)(05)(06)(12)(15)(16)(18)","323.33kcal","파인애플스틱","50kcal","","","2284.71kcal"
"2026-05-25(월)","배추김치","0kcal","백색우유(02)","135kcal","감자에그샐러드(완)","108kcal","","","2284.71kcal"
"2026-05-25(월)","","","배추김치","0kcal","배추김치","0kcal","","","2284.71kcal"
"2026-05-26(화)","밥","74.78kcal","찹쌀밥","94.78kcal","밥","74.78kcal","","","2613.55kcal"
"2026-05-26(화)","어묵탕(05)(06)","79.65kcal","돼지고기애호박찌개(02)(05)(06)(10)(16)","98.69kcal","해물짬뽕(05)(06)(09)(10)(15)(16)(17)(18)","111.91kcal","","","2613.55kcal"
"2026-05-26(화)","마파두부(05)(06)(10)(15)(18)","229.41kcal","감자채볶음(02)(05)(06)(10)(15)(16)","91.71kcal","동파육","1033kcal","","","2613.55kcal"
"2026-05-26(화)","치킨너겟(01)(05)","263.26kcal","순살고등어구이(05)(06)(07)(15)(18)","165.54kcal","무생채","11.04kcal","","","2613.55kcal"
"2026-05-26(화)","배추김치","0kcal","컵형아이스크림(01)(02)(06)","225kcal","오렌지주스","60kcal","","","2613.55kcal"
"2026-05-26(화)","","","배추김치","0kcal","배추김치","0kcal","","","2613.55kcal"
"2026-05-27(수)","밥","74.78kcal","밥","74.78kcal","밥","74.78kcal","","","2546.71kcal"
"2026-05-27(수)","쇠고기탕국(02)(05)(06)(09)(16)","49.24kcal","참치고추장찌개(02)(05)(06)(09)(16)","188.5kcal","순두부찌개(02)(05)(06)(10)(16)(18)","131.7kcal","","","2546.71kcal"
"2026-05-27(수)","진미채고추장조림(05)(06)(17)","139kcal","돼지고기자장볶음(05)(10)","359.14kcal","양념치킨vs후라이드치킨(05)(06)(12)(15)(18)","899.16kcal","","","2546.71kcal"
"2026-05-27(수)","비엔나소시지감자조림(02)(05)(06)(10)(15)(16)(18)","318.66kcal","양념깻잎지(05)(06)(09)","46kcal","무&비트피클(완)","30kcal","","","2546.71kcal"
"2026-05-27(수)","배추김치","0kcal","백색우유(02)","135kcal","제로콜라2","1kcal","","","2546.71kcal"
"2026-05-27(수)","","","배추김치","0kcal","양배추샐러드(사우전아일랜드드레싱)(01)(05)(12)(18)","24.97kcal","","","2546.71kcal"
"2026-05-28(목)","밥","74.78kcal","밥","74.78kcal","밥","74.78kcal","","","1887.52kcal"
"2026-05-28(목)","아욱된장국(02)(05)(06)(16)","52.53kcal","닭고기육개장(01)(02)(05)(06)(15)(16)","73.64kcal","수제비국(02)(05)(06)(16)","86.98kcal","","","1887.52kcal"
"2026-05-28(목)","느타리버섯볶음(05)(06)","31kcal","주꾸미볶음(05)(06)","140.19kcal","돼지삼겹야채볶음(05)(06)(10)(18)","659.8kcal","","","1887.52kcal"
"2026-05-28(목)","너비아니꼬지치즈맛(02)(05)(06)(10)(15)(16)","231kcal","계란찜(09)","107.89kcal","상추겉절이(05)(06)","11.15kcal","","","1887.52kcal"
"2026-05-28(목)","김","28kcal","몬스터에너지(화이트)","14kcal","배추김치","0kcal","","","1887.52kcal"
"2026-05-28(목)","배추김치","0kcal","열무김치","0kcal","떡, 만풍, 떡미당앙버터절편, 40g","227kcal","","","1887.52kcal"
"2026-05-29(금)","밥","74.78kcal","현미밥","92.93kcal","흑미밥","76.65kcal","","","2343.47kcal"
"2026-05-29(금)","쇠고기미역국(02)(05)(06)(16)","38.21kcal","해물탕(05)(06)(09)(17)(18)","99.1kcal","돼지고기고추장찌개(02)(05)(06)(10)(16)","110.32kcal","","","2343.47kcal"
"2026-05-29(금)","언양식바싹불고기(01)(02)(05)(06)(10)(12)(15)(16)","326.25kcal","닭볶음탕(05)(15)","321.6kcal","한우갈비찜(16)","460.05kcal","","","2343.47kcal"
"2026-05-29(금)","계란장조림","296kcal","두부양념장(05)(06)","89.08kcal","오미산적(완)(01)(02)(05)(06)(08)(10)(12)(13)(16)","206.5kcal","","","2343.47kcal"
"2026-05-29(금)","배추김치","0kcal","백색우유(02)","135kcal","대추방울토마토(12)","17kcal","","","2343.47kcal"
"2026-05-29(금)","","","배추김치","0kcal","배추김치","0kcal","","","2343.47kcal"
"2026-05-30(토)","밥","74.78kcal","불고기버거(01)(02)(05)(06)(10)(12)(13)(16)(18)","204.41kcal","밥","74.78kcal","","","2584.62kcal"
"2026-05-30(토)","황태채국(01)(02)(05)(06)(16)","77.69kcal","계란후라이(완제품)(01)(02)(06)(10)","102.5kcal","꼬리곰탕(05)(06)(09)(16)","321.13kcal","","","2584.62kcal"
"2026-05-30(토)","닭고기야채조림(05)(06)(15)","353.99kcal","첵스초코시리얼(05)(06)","236.4kcal","새우교자만두(05)(06)(09)","784kcal","","","2584.62kcal"
"2026-05-30(토)","연두부&양념장(05)(06)","67.37kcal","감자샐러드(완)(01)(05)(06)(16)","108kcal","낙지젓무침(17)","44.57kcal","","","2584.62kcal"
"2026-05-30(토)","배추김치","0kcal","백색우유(02)","135kcal","깍두기(완제품)","0kcal","","","2584.62kcal"
"2026-05-31(일)","밥","74.78kcal","비빔밥(05)(16)","393.91kcal","밥","74.78kcal","","","2402.77kcal"
"2026-05-31(일)","감자국(02)(05)(06)(16)","42.4kcal","어묵탕(05)(06)","79.65kcal","두부된장찌개(05)(09)","62.78kcal","","","2402.77kcal"
"2026-05-31(일)","새송이버섯야채볶음(02)(05)(06)(10)(15)(16)(18)","58.16kcal","닭강정(01)(02)(05)(06)(12)(15)(18)","395.25kcal","간장돼지불고기(완제품)(05)(06)(10)","513.82kcal","","","2402.77kcal"
"2026-05-31(일)","김자반","40kcal","계란후라이(완제품)(01)(02)(06)(10)","102.5kcal","오이무침","10.66kcal","","","2402.77kcal"
"2026-05-31(일)","동그랑땡(05)(06)(10)","414.08kcal","가공우유(쿠키앤크림)(02)","85kcal","포도주스","55kcal","","","2402.77kcal"
"2026-05-31(일)","배추김치","0kcal","열무김치","0kcal","배추김치","0kcal","","","2402.77kcal"
"2026-05-01(금)","밥","74.78kcal","밥","74.78kcal","밥","74.78kcal","","","2229.93kcal"
"2026-05-01(금)","사골우거지국(02)(05)(06)(16)(18)","163.66kcal","마라탕(05)(06)(08)(09)(10)(15)(16)(18)","119.55kcal","부대찌개(02)(05)(06)(10)(12)(15)(16)(18)","181.96kcal","","","2229.93kcal"
"2026-05-01(금)","마파두부(05)(06)(10)(15)(18)","229.41kcal","오징어순대볶음(05)(06)(10)(17)","269.74kcal","고추장돼지불고기(완제품)(05)(06)(10)","440.67kcal","","","2229.93kcal"
"2026-05-01(금)","불고기오믈렛(완)(01)(02)(05)(06)(10)(16)(18)","275kcal","청포묵무침(01)(05)(16)","42.69kcal","가지볶음(05)(06)","42.01kcal","","","2229.93kcal"
"2026-05-01(금)","배추김치","0kcal","마시는발효유","220kcal","깍두기(수의)(09)","20.9kcal","","","2229.93kcal"
"2026-05-01(금)","","","배추김치","0kcal","","","","","2229.93kcal"
"2026-05-02(토)","밥","74.78kcal","불고기버거(01)(02)(05)(06)(10)(12)(13)(16)(18)","204.41kcal","닭고기덮밥(05)(06)(12)(13)(15)","410.58kcal","","","2253.95kcal"
"2026-05-02(토)","감자호박국(02)(05)(06)(16)","35.81kcal","계란후라이(완제품)(01)(02)(06)(10)","102.5kcal","스크램블에그(01)(02)(05)(06)(15)(16)(18)","65.8kcal","","","2253.95kcal"
"2026-05-02(토)","연근조림(02)(05)(06)(09)(18)","139.5kcal","백색우유(02)","135kcal","깻잎전(완)(01)(05)(06)(10)","121.5kcal","","","2253.95kcal"
"2026-05-02(토)","동그랑땡(05)(06)(10)","414.08kcal","고구마샐러드(완)(01)","189.99kcal","배추김치","0kcal","","","2253.95kcal"
"2026-05-02(토)","배추김치","0kcal","오레오오즈(02)(05)(06)(10)","360kcal","","","","","2253.95kcal"
"2026-05-03(일)","밥","74.78kcal","밥","74.78kcal","밥","74.78kcal","","","2220.91kcal"
"2026-05-03(일)","김치찌개(05)(09)(10)","100.91kcal","꼬리곰탕(05)(06)(09)(16)","321.13kcal","순두부찌개(02)(05)(06)(10)(16)(18)","131.7kcal","","","2220.91kcal"
"2026-05-03(일)","멸치볶음(05)","64.26kcal","평양왕만두(01)(05)(06)(10)(16)","400.4kcal","주꾸미볶음(05)(06)","140.19kcal","","","2220.91kcal"
"2026-05-03(일)","투움바함박스테이크(01)(02)(05)(06)(10)(12)(15)(16)(18)","393kcal","전복장조림","67.74kcal","무나물","20.94kcal","","","2220.91kcal"
"2026-05-03(일)","파김치(09)","35.4kcal","가공우유(딸기맛)(02)","165kcal","백색우유(02)","135kcal","","","2220.91kcal"
"2026-05-03(일)","","","깍두기(수의)(09)","20.9kcal","배추김치","0kcal","","","2220.91kcal"
"2026-05-04(월)","밥","74.78kcal","찰현미밥","92.93kcal","밥","74.78kcal","","","2276.64kcal"
"2026-05-04(월)","돼지고기애호박찌개(02)(05)(06)(10)(16)","98.69kcal","꽃게탕(05)(06)(08)(17)","95.68kcal","치즈돈가스(02)(05)(06)(10)(12)(16)(18)","544.25kcal","","","2276.64kcal"
"2026-05-04(월)","어묵볶음(05)(06)(08)","167kcal","닭볶음탕(05)(15)","321.6kcal","사과(후지)","55.42kcal","","","2276.64kcal"
"2026-05-04(월)","김자반","40kcal","야채계란말이(01)(02)(05)(16)","86.08kcal","구슬치즈샐러드(02)","56.17kcal","","","2276.64kcal"
"2026-05-04(월)","소고기꽈리고추조림(05)(16)","304.26kcal","백색우유(02)","135kcal","양송이스프(02)(05)(06)(15)","130kcal","","","2276.64kcal"
"2026-05-04(월)","배추김치","0kcal","배추김치","0kcal","배추김치","0kcal","","","2276.64kcal"
"2026-05-05(화)","밥","74.78kcal","밥","74.78kcal","밥1","65.34kcal","","","2612.70kcal"
"2026-05-05(화)","쇠고기무국(02)(05)(06)(16)","79.6kcal","수제비국(02)(05)(06)(16)","86.98kcal","꼬치어묵국(05)(06)","192.4kcal","","","2612.70kcal"
"2026-05-05(화)","호박새우볶음(05)(06)(09)","39.81kcal","훈제삼겹살(05)(06)(07)(10)(13)(16)","946kcal","차돌로제떡볶이(01)(02)(05)(06)(10)(12)(15)(16)","339.05kcal","","","2612.70kcal"
"2026-05-05(화)","비엔나메추리알조림(01)(02)(05)(06)(10)(15)(16)(18)","355.4kcal","모듬쌈(05)(06)(18)","25.21kcal","김말이튀김(05)(06)","64.35kcal","","","2612.70kcal"
"2026-05-05(화)","배추김치","0kcal","짜요짜요딸기(02)(12)","100kcal","반달단무지(13)","8kcal","","","2612.70kcal"
"2026-05-05(화)","","","무말랭이무침(13)","161kcal","","","","","2612.70kcal"
"2026-05-05(화)","","","보쌈김치","0kcal","","","","","2612.70kcal"
"2026-05-06(수)","밥","74.78kcal","밥","74.78kcal","유산슬덮밥(05)(06)(09)(10)(17)(18)","335.66kcal","","","1862.98kcal"
"2026-05-06(수)","가리비미역국(02)(05)(06)(16)(18)","31.17kcal","장터국(02)(05)(06)(10)(12)(15)(16)(18)","95.19kcal","순두부백탕(01)(02)(05)(06)(09)(16)(18)","95.03kcal","","","1862.98kcal"
"2026-05-06(수)","돼지고기부추볶음(02)(05)(06)(10)(16)(18)","326.91kcal","가자미구이(05)(06)","177.44kcal","멘보샤(05)(06)(09)(12)(17)","313kcal","","","1862.98kcal"
"2026-05-06(수)","콩나물무침(05)(06)","22.25kcal","백색우유(02)","135kcal","바나나","86.4kcal","","","1862.98kcal"
"2026-05-06(수)","배추김치","0kcal","김","28kcal","배추김치","0kcal","","","1862.98kcal"
"2026-05-06(수)","","","연두부&양념장(05)(06)","67.37kcal","","","","","1862.98kcal"
"2026-05-06(수)","","","배추김치","0kcal","","","","","1862.98kcal"
"2026-05-07(목)","밥","74.78kcal","밥","74.78kcal","나가사끼짬뽕(05)(06)(10)(17)(18)","112.81kcal","","","2243.99kcal"
"2026-05-07(목)","햄짜글이(02)(05)(06)(10)(15)(16)(18)","165.44kcal","쇠고기육개장(01)(02)(05)(06)(16)","72.34kcal","카레밥","74.78kcal","","","2243.99kcal"
"2026-05-10(일)","","","백색우유(02)","135kcal","깍두기(수의)(09)","20.9kcal","","","3105.03kcal"
"2026-05-10(일)","","","배추김치","0kcal","","","","","3105.03kcal"
"2026-05-11(월)","밥","74.78kcal","밥","74.78kcal","찰수수밥","75.81kcal","","","2545.17kcal"
"2026-05-11(월)","감자국(02)(05)(06)(16)","42.4kcal","우거지갈비탕(02)(05)(06)(10)(16)(18)","521.76kcal","감자양파찌개(02)(05)(06)(10)(15)(16)","119.84kcal","","","2545.17kcal"
"2026-05-11(월)","동그랑땡(05)(06)(10)","414.08kcal","콩나물불고기(05)(06)(10)","483.52kcal","닭고기야채조림(05)(06)(15)","353.99kcal","","","2545.17kcal"
"2026-05-11(월)","두부양념장(05)(06)","89.08kcal","도토리묵무침(05)(06)","53.01kcal","미역줄기볶음(05)(06)","54.12kcal","","","2545.17kcal"
"2026-05-11(월)","배추김치","0kcal","복숭아주스(11)","188kcal","배추김치","0kcal","","","2545.17kcal"
"2026-05-11(월)","","","배추김치","0kcal","","","","","2545.17kcal"
"2026-05-12(화)","밥","74.78kcal","현미밥","92.93kcal","자장밥(05)(06)(10)","417.98kcal","","","2558.46kcal"
"2026-05-12(화)","시금치된장국(02)(05)(06)(16)","92.37kcal","사골미역국(16)","52.86kcal","해물짬뽕(05)(06)(09)(10)(15)(16)(17)(18)","111.91kcal","","","2558.46kcal"
"2026-05-12(화)","돼지고기청경채볶음(05)(06)(10)(18)","317.01kcal","순살삼치구이(05)(06)(07)(15)(18)","132.54kcal","맛초킹탕수육(05)(06)(10)(18)","533.54kcal","","","2558.46kcal"
"2026-05-12(화)","무생채","11.04kcal","진미채고추장조림(05)(06)(17)","139kcal","계란후라이(완제품)(01)(02)(06)(10)","102.5kcal","","","2558.46kcal"
"2026-05-12(화)","배추김치","0kcal","식혜","35kcal","배추김치","0kcal","","","2558.46kcal"
"2026-05-12(화)","","","배추김치","0kcal","농심,신라면블랙사발,101g","445kcal","","","2558.46kcal"
"2026-05-12(화)","","","","","농심,육개장사발면,86g","","","","2558.46kcal"
"2026-05-13(수)","밥","74.78kcal","밥","74.78kcal","새우튀김덮밥(에비동)(05)(06)(09)(15)(18)","378.57kcal","","","2387.76kcal"
"2026-05-13(수)","참치고추장찌개(02)(05)(06)(09)(16)","188.5kcal","쇠고기탕국(02)(05)(06)(09)(16)","49.24kcal","미소장국(05)","35.58kcal","","","2387.76kcal"
"2026-05-13(수)","가지볶음(05)(06)","42.01kcal","감자채볶음(02)(05)(06)(10)(15)(16)","91.71kcal","굴림만두(01)(02)(05)(06)(10)(16)","528kcal","","","2387.76kcal"
"2026-05-13(수)","치즈언양식불고기(01)(02)(05)(06)(10)(16)","296.75kcal","순살안동찜닭(05)(06)(15)","345.42kcal","양배추피클(13)","92kcal","","","2387.76kcal"
"2026-05-13(수)","배추김치","0kcal","백색우유(02)","135kcal","사과(후지)","55.42kcal","","","2387.76kcal"
"2026-05-13(수)","","","배추김치","0kcal","","","","","2387.76kcal"
"2026-05-14(목)","참치오믈렛(01)(05)(06)(18)","190kcal","김치덮밥(05)(06)(10)","399.52kcal","밥","74.78kcal","","","2452.03kcal"
"2026-05-14(목)","밥","74.78kcal","팽이버섯된장국(02)(05)(06)(09)(16)","96.07kcal","어묵탕(05)(06)","79.65kcal","","","2452.03kcal"
"2026-05-14(목)","맑은홍합탕(얼큰홍합탕)(05)(06)(09)(17)(18)","58.25kcal","돼지고기육전(01)(05)(06)(10)","134.84kcal","닭순살치킨가스(01)(05)(06)(10)(12)(15)(16)","711kcal","","","2452.03kcal"
"2026-05-14(목)","치킨너겟(01)(05)","263.26kcal","계란후라이(완제품)(01)(02)(06)(10)","102.5kcal","참치샐러드(01)(05)(12)(18)","147.38kcal","","","2452.03kcal"
"2026-05-14(목)","배추김치","0kcal","튜브형아이스크림2","120kcal","배추김치","0kcal","","","2452.03kcal"
"2026-05-14(목)","","","열무김치","0kcal","","","","","2452.03kcal"
"2026-05-15(금)","밥","74.78kcal","밥","74.78kcal","밥","74.78kcal","","","1974.49kcal"
"2026-05-15(금)","들깨무채국(02)(05)(06)(16)","15.73kcal","해물탕(05)(06)(09)(17)(18)","99.1kcal","장터국(02)(05)(06)(10)(12)(15)(16)(18)","95.19kcal","","","1974.49kcal"
"2026-05-15(금)","호박새우볶음(05)(06)(09)","39.81kcal","모듬쌈(05)(06)(18)","25.21kcal","매콤순대볶음(05)(06)(10)","172.01kcal","","","1974.49kcal"
"2026-05-15(금)","비엔나소시지케찹볶음(02)(05)(06)(10)(12)(16)(18)","367.15kcal","보쌈(05)(10)","467.06kcal","계란찜(09)","107.89kcal","","","1974.49kcal"
"2026-05-15(금)","김자반","40kcal","명이나물(05)(06)(13)","46kcal","두유(05)","140kcal","","","1974.49kcal"
"2026-05-15(금)","배추김치","0kcal","백색우유(02)","135kcal","배추김치","0kcal","","","1974.49kcal"
"2026-05-15(금)","","","보쌈김치","0kcal","","","","","1974.49kcal"
"2026-05-16(토)","밥","74.78kcal","햄치즈버거(02)(05)(10)(15)(16)","265.84kcal","제육덮밥(05)(06)(10)","389.92kcal","","","2513.37kcal"
"2026-05-16(토)","순두부찌개(02)(05)(06)(10)(16)(18)","131.7kcal","계란후라이(완제품)(01)(02)(06)(10)","102.5kcal","닭꼬치(완)(05)(06)(15)","400kcal","","","2513.37kcal"
"2026-05-16(토)","쇠고기감자조림(05)(06)(16)","394.77kcal","닭가슴살샐러드(05)(06)(12)(15)(16)","364.12kcal","배추김치","0kcal","","","2513.37kcal"
"2026-05-16(토)","시금치무침","27.64kcal","오곡코코볼","178.2kcal","","","","","2513.37kcal"
"2026-05-16(토)","김","28kcal","백색우유(02)","135kcal","","","","","2513.37kcal"
"2026-05-16(토)","깍두기(수의)(09)","20.9kcal","","","","","","","2513.37kcal"
"2026-05-17(일)","밥","74.78kcal","찹쌀밥","94.78kcal","밥","74.78kcal","","","1980.99kcal"
"2026-05-17(일)","참치김치찌개(05)(09)","163.6kcal","사골곰탕(05)(06)","168.54kcal","닭고기육개장(01)(02)(05)(06)(15)(16)","73.64kcal","","","1980.99kcal"
"2026-05-17(일)","치즈함박스테이크(01)(02)(05)(06)(10)(12)(15)(16)","267.8kcal","해물파전(완)(05)(06)(08)(09)(17)(18)","199.2kcal","소불고기(완제품)(02)(05)(06)(13)(16)","341.67kcal","","","1980.99kcal"
"2026-05-17(일)","맛살계란말이(01)(02)(05)(08)(12)","107.08kcal","오징어젓무침(17)","60.46kcal","오이무침","10.66kcal","","","1980.99kcal"
"2026-05-17(일)","백김치","23.1kcal","가공우유(바나나맛)(02)","165kcal","백색우유(02)","135kcal","","","1980.99kcal"
"2026-05-17(일)","","","깍두기(수의)(09)","20.9kcal","배추김치","0kcal","","","1980.99kcal"
"2026-05-18(월)","밥","74.78kcal","잡곡밥","99.44kcal","사누끼우동(05)(06)","58.74kcal","","","1645.84kcal"
"2026-05-18(월)","쇠고기무국(02)(05)(06)(16)","79.6kcal","꽃게탕(05)(06)(08)(17)","95.68kcal","밥","74.78kcal","","","1645.84kcal"
"2026-05-18(월)","미트볼조림(02)(05)(06)(10)(12)(15)(16)","349.98kcal","오리불고기(05)","31.83kcal","에그카츠(01)(05)(06)(10)(12)(18)","487.5kcal","","","1645.84kcal"
"2026-05-18(월)","연두부&양념장(05)(06)","67.37kcal","흑임자드레싱(01)(05)","23.17kcal","야채샐러드(02)(13)","38.97kcal","","","1645.84kcal"
"2026-05-18(월)","배추김치","0kcal","무쌈(13)","12kcal","대추방울토마토(12)","17kcal","","","1645.84kcal"
"2026-05-18(월)","","","백색우유(02)","135kcal","배추김치","0kcal","","","1645.84kcal"
"2026-05-18(월)","","","배추김치","0kcal","","","","","1645.84kcal"
"2026-05-19(화)","밥","74.78kcal","찰현미밥","92.93kcal","돼지고기덮밥(부타동)(05)(06)(10)(15)(18)","531.44kcal","","","2774.80kcal"
"2026-05-19(화)","얼큰계란국(01)(16)","69.14kcal","맑은홍합탕(얼큰홍합탕)(05)(06)(09)(17)(18)","58.25kcal","팽이버섯된장국(02)(05)(06)(09)(16)","96.07kcal","","","2774.80kcal"
"2026-05-19(화)","돼지고기고추장볶음(05)(06)(10)","306.53kcal","순살족발(02)(05)(06)(10)(16)","721.5kcal","새우가스&콘타르타르(01)(05)","520kcal","","","2774.80kcal"
"2026-05-19(화)","새송이버섯야채볶음(02)(05)(06)(10)(15)(16)(18)","58.16kcal","이온음료(포카리)","85kcal","배추김치","0kcal","","","2774.80kcal"
"2026-05-19(화)","배추김치","0kcal","무말랭이무침(13)","161kcal","케이크또는파이또는패스트리, (주문자상표부착)대상, 소프트미니치즈케이크, 800g(40g20개)/상자","","","","2774.80kcal"
"2026-05-19(화)","","","보쌈김치","0kcal","","","","","2774.80kcal"
"2026-05-20(수)","밥","74.78kcal","밥","74.78kcal","흑미밥","76.65kcal","","","2013.57kcal"
"2026-05-20(수)","황태채국(01)(02)(05)(06)(16)","77.69kcal","감자양파찌개(02)(05)(06)(10)(15)(16)","119.84kcal","얼큰수제비국(02)(05)(06)(16)","88.22kcal","","","2013.57kcal"
"2026-05-20(수)","호박새우볶음(05)(06)(09)","39.81kcal","궁중떡볶이(02)(05)(06)(10)(16)(18)","241.88kcal","고추잡채(05)(06)(10)(18)","345.68kcal","","","2013.57kcal"
"2026-05-20(수)","알떡스테이크(05)(12)","94kcal","갈치순살튀김(05)(06)(15)(18)","353.94kcal","밥싸먹는훈제오리(15)","184kcal","","","2013.57kcal"
"2026-05-20(수)","배추김치","0kcal","백색우유(02)","135kcal","바나나","86.4kcal","","","2013.57kcal"
"2026-05-20(수)","","","깍두기(수의)(09)","20.9kcal","배추김치","0kcal","","","2013.57kcal"
"2026-05-21(목)","밥","74.78kcal","밥","74.78kcal","중화식덮밥(05)(06)(09)(10)(15)(17)(18)","391.29kcal","","","2931.53kcal"
"2026-05-21(목)","두부김치국(02)(05)(06)(09)(16)","27.63kcal","쇠고기버섯전골(02)(05)(06)(09)(16)","73.43kcal","콩나물국(02)(05)(06)(16)","29.87kcal","","","2931.53kcal"
"2026-05-21(목)","순살안동찜닭(05)(06)(15)","345.42kcal","오삼불고기(05)(06)(10)(17)","669.54kcal","감자말이새우튀김(05)(12)","460kcal","","","2931.53kcal"
"2026-05-21(목)","계란장조림","296kcal","옥수수계란찜(09)","142.89kcal","팩형아이스크림(01)(02)","325kcal","","","2931.53kcal"
"2026-05-21(목)","깍두기(수의)(09)","20.9kcal","이온음료","0kcal","배추김치","0kcal","","","2931.53kcal"
"2026-05-21(목)","","","배추김치","0kcal","","","","","2931.53kcal"
"2026-05-22(금)","밥","74.78kcal","찹쌀밥","94.78kcal","밥","74.78kcal","","","2636.38kcal"
"2026-05-22(금)","물만두국(01)(02)(05)(06)(09)(10)(16)","97.3kcal","순대국밥(05)(06)(10)","384.54kcal","부대찌개(02)(05)(06)(10)(12)(15)(16)(18)","181.96kcal","","","2636.38kcal"
"2026-05-22(금)","어묵볶음(05)(06)(08)","167kcal","쇠고기육전(02)(05)(06)(16)","386.09kcal","닭순살김치볶음(05)(15)","345.89kcal","","","2636.38kcal"
"2026-05-22(금)","맛밤송송함박스테이크(05)(10)(12)(13)(16)","581kcal","양념고추지","16kcal","무나물","20.94kcal","","","2636.38kcal"
"2026-05-22(금)","배추김치","0kcal","백색우유(02)","135kcal","사과(후지)","55.42kcal","","","2636.38kcal"
"2026-05-22(금)","","","깍두기(수의)(09)","20.9kcal","열무김치","0kcal","","","2636.38kcal"
"2026-05-23(토)","밥1","65.34kcal","핫도그빵(01)(02)(05)(06)(10)(16)(18)","563.6kcal","오징어덮밥(05)(06)(10)(17)","324.21kcal","","","3012.98kcal"
"2026-05-23(토)","치킨스테이크(02)(05)(15)","872.83kcal","스크램블에그(01)(02)(05)(06)(15)(16)(18)","65.8kcal","야채고기말이(01)(02)(05)(06)(10)(15)(16)(18)","194.1kcal","","","3012.98kcal"
"2026-05-23(토)","피자오믈렛(01)(02)(05)(06)(10)(12)(15)(16)(18)","76.5kcal","오이피클","72.9kcal","계란후라이(완제품)(01)(02)(06)(10)","102.5kcal","","","3012.98kcal"
"2026-05-23(토)","양송이스프(02)(05)(06)(15)","130kcal","단호박샐러드(완)","160.2kcal","배추김치","0kcal","","","3012.98kcal"
"2026-05-23(토)","배추김치","0kcal","백색우유(02)","135kcal","","","","","3012.98kcal"
"2026-05-23(토)","","","블루베리아몬드(05)(06)","250kcal","","","","","3012.98kcal"
"2026-05-24(일)","밥","74.78kcal","찰현미밥","92.93kcal","밥","74.78kcal","","","2421.50kcal"
"2026-05-24(일)","사골우거지국(02)(05)(06)(16)(18)","163.66kcal","닭곰탕(15)","82.92kcal","시금치된장국(02)(05)(06)(16)","92.37kcal","","","2421.50kcal"
"2026-05-24(일)","남도떡갈비(01)(02)(05)","437kcal","버섯잡채(05)(06)(10)(16)(18)","113.98kcal","낙지삼겹살새우볶음(02)(05)(06)(09)(10)(16)(17)(18)","660.93kcal","","","2421.50kcal"
"2026-04-27(월)","시금치된장국(02)(05)(06)(16)(18)","102.67kcal","쇠고기버섯전골(02)(05)(06)(09)(16)(18)","77.43kcal","유부장국(02)(05)(06)(16)(18)","12.76kcal","","","2033.27kcal"
"2026-04-27(월)","어묵볶음(05)(06)(08)","156.12kcal","버섯잡채(05)(06)(10)(16)(18)","113.98kcal","바베큐폭립(완제품)(05)(06)(10)(16)","454.25kcal","","","2033.27kcal"
"2026-04-27(월)","치킨너겟(01)(05)","304.51kcal","오미산적(완)(01)(02)(05)(06)(08)(10)(12)(13)(16)","195.63kcal","참치샐러드(01)(05)(06)(12)(18)","172.03kcal","","","2033.27kcal"
"2026-04-27(월)","배추김치","0kcal","두유(곡물맛)(05)","115kcal","바나나","86.4kcal","","","2033.27kcal"
"2026-04-27(월)","","","배추김치","0kcal","배추김치","0kcal","","","2033.27kcal"
"2026-04-28(화)","밥","74.78kcal","찹쌀밥","94.78kcal","흑미밥","76.65kcal","","","2597.34kcal"
"2026-04-28(화)","두부김치국(02)(05)(06)(09)(16)(18)","27.63kcal","순대국밥(05)(06)(10)","384.54kcal","감자양파찌개(02)(05)(06)(10)(15)(16)(18)","119.84kcal","","","2597.34kcal"
"2026-04-28(화)","미트볼조림(02)(05)(06)(10)(12)(15)(16)","343.46kcal","해물파전(완)(05)(06)(08)(09)(17)(18)","199.2kcal","돼지삼겹야채볶음(05)(06)(10)(18)","609.92kcal","","","2597.34kcal"
"2026-04-28(화)","메추리알장조림(완)(01)(05)(06)","277.5kcal","양념고추지","16kcal","무생채","11.04kcal","","","2597.34kcal"
"2026-04-28(화)","깍두기(완제품)","0kcal","백색우유(02)","135kcal","배추김치","0kcal","","","2597.34kcal"
"2026-04-28(화)","","","깍두기(완제품)","0kcal","떡, 만풍, 떡미당앙버터절편, 40g","227kcal","","","2597.34kcal"
"2026-04-29(수)","밥","74.78kcal","밥","74.78kcal","밥","74.78kcal","","","2231.65kcal"
"2026-04-29(수)","어묵탕(05)(06)","79.65kcal","물만두국(01)(02)(05)(06)(09)(10)(16)(18)","97.3kcal","순두부찌개(02)(05)(06)(16)(18)","48.15kcal","","","2231.65kcal"
"2026-04-29(수)","알떡스테이크(05)(12)","72.25kcal","낙지삼겹살새우볶음(02)(05)(06)(09)(10)(16)(17)(18)","611.05kcal","양념치킨vs후라이드치킨(05)(06)(12)(15)(18)","768.66kcal","","","2231.65kcal"
"2026-04-29(수)","두부양념장(05)(06)","89.08kcal","베이컨떡말이(05)(10)(12)","185.2kcal","무&비트피클(완)","30kcal","","","2231.65kcal"
"2026-04-29(수)","배추김치","0kcal","배추김치","0kcal","제로콜라2","1kcal","","","2231.65kcal"
"2026-04-29(수)","","","","","양배추샐러드(사우전아일랜드드레싱)(01)(05)(12)(18)","24.97kcal","","","2231.65kcal"
"2026-04-30(목)","밥","74.78kcal","밥","74.78kcal","밥","74.78kcal","","","1696.61kcal"
"2026-04-30(목)","들깨무채국(02)(05)(06)(16)(18)","15.73kcal","쇠고기미역국(02)(05)(06)(16)(18)","38.21kcal","브로콜리크림스프(02)(06)","200kcal","","","1696.61kcal"
"2026-04-30(목)","호박새우볶음(05)(06)(09)","35.46kcal","훈제오리볶음(01)(05)(06)(18)","517.64kcal","찹스테이크(05)(12)","91.47kcal","","","1696.61kcal"
"2026-04-30(목)","비엔나소시지케찹볶음(02)(05)(06)(10)(12)(16)(18)","356.28kcal","부추무침","7.25kcal","오이풋고추된장무침(05)(06)","23.23kcal","","","1696.61kcal"
"2026-04-30(목)","김자반","40kcal","무쌈(13)","12kcal","배추김치","0kcal","","","1696.61kcal"
"2026-04-30(목)","배추김치","0kcal","백색우유(02)","135kcal","","","","","1696.61kcal"
"2026-04-30(목)","","","배추김치","0kcal","","","","","1696.61kcal"
"2026-05-01(금)","밥","74.78kcal","밥","74.78kcal","밥","74.78kcal","","","2229.93kcal"
"2026-05-01(금)","사골우거지국(02)(05)(06)(16)(18)","163.66kcal","마라탕(05)(06)(08)(09)(10)(15)(16)(18)","119.55kcal","부대찌개(02)(05)(06)(10)(12)(15)(16)(18)","181.96kcal","","","2229.93kcal"
"2026-05-01(금)","마파두부(05)(06)(10)(15)(18)","229.41kcal","오징어순대볶음(05)(06)(10)(17)","269.74kcal","고추장돼지불고기(완제품)(05)(06)(10)","440.67kcal","","","2229.93kcal"
"2026-05-01(금)","불고기오믈렛(완)(01)(02)(05)(06)(10)(16)(18)","275kcal","청포묵무침(01)(05)(16)","42.69kcal","가지볶음(05)(06)","42.01kcal","","","2229.93kcal"
"2026-05-01(금)","배추김치","0kcal","마시는발효유","220kcal","깍두기(수의)(09)","20.9kcal","","","2229.93kcal"
"2026-05-01(금)","","","배추김치","0kcal","","","","","2229.93kcal"
"2026-05-02(토)","밥","74.78kcal","불고기버거(01)(02)(05)(06)(10)(12)(13)(16)(18)","204.41kcal","닭고기덮밥(05)(06)(12)(13)(15)","410.58kcal","","","2253.95kcal"
"2026-05-02(토)","감자호박국(02)(05)(06)(16)","35.81kcal","계란후라이(완제품)(01)(02)(06)(10)","102.5kcal","스크램블에그(01)(02)(05)(06)(15)(16)(18)","65.8kcal","","","2253.95kcal"
"2026-05-02(토)","연근조림(02)(05)(06)(09)(18)","139.5kcal","백색우유(02)","135kcal","깻잎전(완)(01)(05)(06)(10)","121.5kcal","","","2253.95kcal"
"2026-05-02(토)","동그랑땡(05)(06)(10)","414.08kcal","고구마샐러드(완)(01)","189.99kcal","배추김치","0kcal","","","2253.95kcal"
"2026-05-02(토)","배추김치","0kcal","오레오오즈(02)(05)(06)(10)","360kcal","","","","","2253.95kcal"
"2026-05-03(일)","밥","74.78kcal","밥","74.78kcal","밥","74.78kcal","","","2220.91kcal"
"2026-05-03(일)","김치찌개(05)(09)(10)","100.91kcal","꼬리곰탕(05)(06)(09)(16)","321.13kcal","순두부찌개(02)(05)(06)(10)(16)(18)","131.7kcal","","","2220.91kcal"
"2026-05-03(일)","멸치볶음(05)","64.26kcal","평양왕만두(01)(05)(06)(10)(16)","400.4kcal","주꾸미볶음(05)(06)","140.19kcal","","","2220.91kcal"
"2026-05-03(일)","투움바함박스테이크(01)(02)(05)(06)(10)(12)(15)(16)(18)","393kcal","전복장조림","67.74kcal","무나물","20.94kcal","","","2220.91kcal"
"2026-05-03(일)","파김치(09)","35.4kcal","가공우유(딸기맛)(02)","165kcal","백색우유(02)","135kcal","","","2220.91kcal"
"2026-05-03(일)","","","깍두기(수의)(09)","20.9kcal","배추김치","0kcal","","","2220.91kcal"
"2026-05-04(월)","밥","74.78kcal","찰현미밥","92.93kcal","밥","74.78kcal","","","2276.64kcal"
"2026-05-04(월)","돼지고기애호박찌개(02)(05)(06)(10)(16)","98.69kcal","꽃게탕(05)(06)(08)(17)","95.68kcal","치즈돈가스(02)(05)(06)(10)(12)(16)(18)","544.25kcal","","","2276.64kcal"
"2026-05-04(월)","어묵볶음(05)(06)(08)","167kcal","닭볶음탕(05)(15)","321.6kcal","사과(후지)","55.42kcal","","","2276.64kcal"
"2026-05-04(월)","김자반","40kcal","야채계란말이(01)(02)(05)(16)","86.08kcal","구슬치즈샐러드(02)","56.17kcal","","","2276.64kcal"
"2026-05-04(월)","소고기꽈리고추조림(05)(16)","304.26kcal","백색우유(02)","135kcal","양송이스프(02)(05)(06)(15)","130kcal","","","2276.64kcal"
"2026-05-04(월)","배추김치","0kcal","배추김치","0kcal","배추김치","0kcal","","","2276.64kcal"
"2026-05-05(화)","밥","74.78kcal","밥","74.78kcal","밥1","65.34kcal","","","2612.70kcal"
"2026-05-05(화)","쇠고기무국(02)(05)(06)(16)","79.6kcal","수제비국(02)(05)(06)(16)","86.98kcal","꼬치어묵국(05)(06)","192.4kcal","","","2612.70kcal"
"2026-05-05(화)","호박새우볶음(05)(06)(09)","39.81kcal","훈제삼겹살(05)(06)(07)(10)(13)(16)","946kcal","차돌로제떡볶이(01)(02)(05)(06)(10)(12)(15)(16)","339.05kcal","","","2612.70kcal"
"2026-05-05(화)","비엔나메추리알조림(01)(02)(05)(06)(10)(15)(16)(18)","355.4kcal","모듬쌈(05)(06)(18)","25.21kcal","김말이튀김(05)(06)","64.35kcal","","","2612.70kcal"
"2026-05-05(화)","배추김치","0kcal","짜요짜요딸기(02)(12)","100kcal","반달단무지(13)","8kcal","","","2612.70kcal"
"2026-05-05(화)","","","무말랭이무침(13)","161kcal","","","","","2612.70kcal"
"2026-05-05(화)","","","보쌈김치","0kcal","","","","","2612.70kcal"
"2026-05-06(수)","밥","74.78kcal","밥","74.78kcal","유산슬덮밥(05)(06)(09)(10)(17)(18)","335.66kcal","","","1862.98kcal"
"2026-05-06(수)","가리비미역국(02)(05)(06)(16)(18)","31.17kcal","장터국(02)(05)(06)(10)(12)(15)(16)(18)","95.19kcal","순두부백탕(01)(02)(05)(06)(09)(16)(18)","95.03kcal","","","1862.98kcal"
"2026-05-06(수)","돼지고기부추볶음(02)(05)(06)(10)(16)(18)","326.91kcal","가자미구이(05)(06)","177.44kcal","멘보샤(05)(06)(09)(12)(17)","313kcal","","","1862.98kcal"
"2026-05-06(수)","콩나물무침(05)(06)","22.25kcal","백색우유(02)","135kcal","바나나","86.4kcal","","","1862.98kcal"
"2026-05-06(수)","배추김치","0kcal","김","28kcal","배추김치","0kcal","","","1862.98kcal"
"2026-05-06(수)","","","연두부&양념장(05)(06)","67.37kcal","","","","","1862.98kcal"
"2026-05-06(수)","","","배추김치","0kcal","","","","","1862.98kcal"
"2026-05-07(목)","밥","74.78kcal","밥","74.78kcal","나가사끼짬뽕(05)(06)(10)(17)(18)","112.81kcal","","","2243.99kcal"
"2026-05-07(목)","햄짜글이(02)(05)(06)(10)(15)(16)(18)","165.44kcal","쇠고기육개장(01)(02)(05)(06)(16)","72.34kcal","카레밥","74.78kcal","","","2243.99kcal"
"2026-05-07(목)","부들어묵볶음(05)(06)(08)","148.56kcal","파채&간장돼지불백(02)(05)(06)(10)(16)(18)","305.49kcal","생선가스(01)(05)(06)","515kcal","","","2243.99kcal"
"2026-05-07(목)","닭바베큐소스조림(05)(06)(12)(13)(15)","357.37kcal","시금치무침","27.64kcal","두유(곡물맛)(05)","115kcal","","","2243.99kcal"
"2026-05-07(목)","배추김치","0kcal","비요뜨초코링(02)(05)(06)","200kcal","배추김치","0kcal","","","2243.99kcal"
"2026-05-07(목)","","","배추김치","0kcal","","","","","2243.99kcal"
"2026-05-08(금)","밥","74.78kcal","밥","74.78kcal","밥","74.78kcal","","","2359.36kcal"
"2026-05-08(금)","차돌박이된장찌개(05)(06)(16)","121.92kcal","얼큰계란국(01)(16)","69.14kcal","황태해장국(완)(05)","78.08kcal","","","2359.36kcal"
"2026-05-08(금)","느타리버섯볶음(05)(06)","31kcal","오삼불고기(05)(06)(10)(17)","669.54kcal","훈제오리볶음(01)(05)(06)(18)","517.64kcal","","","2359.36kcal"
"2026-05-08(금)","언양식바싹불고기(01)(02)(05)(06)(10)(12)(15)(16)","326.25kcal","베이컨떡말이(05)(10)(12)","125.2kcal","부추무침","7.25kcal","","","2359.36kcal"
"2026-05-08(금)","배추김치","0kcal","가공우유(초코맛)(02)","160kcal","무쌈(13)","12kcal","","","2359.36kcal"
"2026-05-08(금)","","","배추김치","0kcal","대추방울토마토(12)","17kcal","","","2359.36kcal"
"2026-05-08(금)","","","","","배추김치","0kcal","","","2359.36kcal"
"2026-05-09(토)","밥1","65.34kcal","핫도그빵(01)(02)(05)(06)(10)(16)(18)","563.6kcal","쇠고기덮밥(05)(16)","575.78kcal","","","2635.94kcal"
"2026-05-09(토)","삼각주먹밥(완)(01)(02)(05)(06)(16)(18)","250kcal","스크램블에그(01)(02)(05)(06)(15)(16)(18)","65.8kcal","타코야끼(05)(06)(15)(18)","212.92kcal","","","2635.94kcal"
"2026-05-09(토)","소떡소떡","0kcal","코울슬로샐러드(01)(05)","119.7kcal","배추김치","0kcal","","","2635.94kcal"
"2026-05-09(토)","닭가슴살(05)(15)","198kcal","콘푸로스트(05)(06)","229.8kcal","","","","","2635.94kcal"
"2026-05-09(토)","포테이토크림스프(02)(05)(06)(10)(15)(16)","220kcal","백색우유(02)","135kcal","","","","","2635.94kcal"
"2026-05-09(토)","배추김치","0kcal","","","","","","","2635.94kcal"
"2026-05-10(일)","전복죽(05)(06)(16)(17)(18)","480kcal","잡곡밥","99.44kcal","찹쌀밥","94.78kcal","","","3105.03kcal"
"2026-05-10(일)","남도떡갈비(01)(02)(05)","437kcal","물만두국(01)(02)(05)(06)(09)(10)(16)","97.3kcal","돼지국밥(02)(05)(06)(10)(15)(16)(18)","457.8kcal","","","3105.03kcal"
"2026-05-10(일)","메추리알장조림(완)(01)(05)(06)","277.5kcal","낙지삼겹살새우볶음(02)(05)(06)(09)(10)(16)(17)(18)","660.93kcal","새우탕수(05)(06)(18)","226.4kcal","","","3105.03kcal"
"2026-05-10(일)","배추김치","0kcal","사천식캐슈넛멸치볶음(04)(05)","94.75kcal","오이풋고추된장무침(05)(06)","23.23kcal","","","3105.03kcal"
"2026-04-13(월)","김","28kcal","양념깻잎지(05)(06)(09)(13)","46kcal","파인애플스틱","50kcal","","","2774.33kcal"
"2026-04-13(월)","깍두기(수의)(09)","20.9kcal","백색우유(02)","135kcal","","","","","2774.33kcal"
"2026-04-13(월)","","","보쌈김치","0kcal","","","","","2774.33kcal"
"2026-04-14(화)","밥","74.78kcal","밥","74.78kcal","사누끼우동(05)(06)","58.74kcal","","","2472.32kcal"
"2026-04-14(화)","키조개미역국(02)(05)(06)(16)(18)","37.85kcal","닭곰탕(15)","82.92kcal","밥","74.78kcal","","","2472.32kcal"
"2026-04-14(화)","부들어묵볶음(05)(06)(08)","137.68kcal","순살고등어구이(05)(06)(07)(15)(18)","143.79kcal","에그카츠(01)(05)(06)(10)(12)","400.5kcal","","","2472.32kcal"
"2026-04-14(화)","동그랑땡(05)(06)(10)","392.33kcal","계란장조림","296kcal","구슬치즈샐러드(02)","31.17kcal","","","2472.32kcal"
"2026-04-14(화)","배추김치","0kcal","마시는발효유(02)(05)","102kcal","에너지음료","120kcal","","","2472.32kcal"
"2026-04-14(화)","","","배추김치","0kcal","배추김치","0kcal","","","2472.32kcal"
"2026-04-14(화)","","","","","농심,육개장사발면,86g","","","","2472.32kcal"
"2026-04-14(화)","","","","","농심,신라면블랙사발,101g","445kcal","","","2472.32kcal"
"2026-04-15(수)","밥","74.78kcal","찹쌀밥","94.78kcal","찰현미밥","92.93kcal","","","2728.64kcal"
"2026-04-15(수)","사골우거지국(02)(05)(06)(16)(18)","353.96kcal","사골곰탕(05)(06)","168.54kcal","얼큰계란국(01)(16)","69.14kcal","","","2728.64kcal"
"2026-04-15(수)","돼지고기부추볶음(02)(05)(06)(10)(16)(18)","322.56kcal","볼케이노치킨(02)(05)(06)(12)(15)(16)(18)","318.98kcal","순살족발(02)(05)(06)(10)(16)","721.5kcal","","","2728.64kcal"
"2026-04-15(수)","연두부&양념장(05)(06)","67.37kcal","김치전(완)(05)(06)(09)(16)(17)","108kcal","대추방울토마토(12)","17kcal","","","2728.64kcal"
"2026-04-15(수)","배추김치","0kcal","백색우유(02)","135kcal","무말랭이무침(13)","161kcal","","","2728.64kcal"
"2026-04-15(수)","","","백김치","23.1kcal","보쌈김치","0kcal","","","2728.64kcal"
"2026-04-16(목)","밥","74.78kcal","밥","74.78kcal","밥","74.78kcal","","","2306.52kcal"
"2026-04-16(목)","황태채국(01)(02)(05)(06)(16)(18)","77.69kcal","수제비국(02)(05)(06)(16)(18)","86.98kcal","해물짬뽕(05)(06)(09)(10)(15)(16)(17)(18)","111.91kcal","","","2306.52kcal"
"2026-04-16(목)","맛밤송송함박스테이크(05)(10)(12)(13)(16)","559.25kcal","파채&간장돼지불백(02)(05)(06)(10)(16)(18)","298.96kcal","닭순살치킨가스(01)(05)(06)(10)(12)(15)(16)","602.25kcal","","","2306.52kcal"
"2026-04-16(목)","연근조림(02)(05)(06)(09)(18)","139.5kcal","시금치무침","27.64kcal","감자에그샐러드(완)","108kcal","","","2306.52kcal"
"2026-04-16(목)","배추김치","0kcal","피크닉(사과)(02)","70kcal","배추김치","0kcal","","","2306.52kcal"
"2026-04-16(목)","","","배추김치","0kcal","","","","","2306.52kcal"
"2026-04-17(금)","밥","74.78kcal","밥","74.78kcal","밥","74.78kcal","","","2208.67kcal"
"2026-04-17(금)","참치오믈렛(01)(05)(06)(18)","190kcal","순두부백탕(01)(02)(05)(06)(09)(16)(18)","95.03kcal","우거지갈비탕(05)(06)(10)(16)","582.96kcal","","","2208.67kcal"
"2026-04-17(금)","돼지고기애호박찌개(02)(05)(06)(10)(16)(18)","98.69kcal","매콤순대볶음(05)(06)(10)","163.31kcal","김말이튀김(05)(06)","42.6kcal","","","2208.67kcal"
"2026-04-17(금)","닭바베큐소스조림(05)(06)(12)(13)(15)","350.84kcal","계란찜(09)","107.89kcal","도토리묵무침(05)(06)","53.01kcal","","","2208.67kcal"
"2026-04-17(금)","배추김치","0kcal","백색우유(02)","135kcal","가공우유(바나나맛)(02)","165kcal","","","2208.67kcal"
"2026-04-17(금)","","","배추김치","0kcal","배추김치","0kcal","","","2208.67kcal"
"2026-04-18(토)","밥","74.78kcal","햄치즈버거(01)(02)(05)(06)(10)(15)(16)","449.84kcal","닭고기덮밥(05)(06)(12)(13)(15)","399.71kcal","","","2290.84kcal"
"2026-04-18(토)","콩나물김치국(02)(05)(06)(16)(18)","23.21kcal","계란후라이(완제품)(01)(02)(06)(10)","102.5kcal","스크램블에그(01)","65.8kcal","","","2290.84kcal"
"2026-04-18(토)","비엔나소시지케찹볶음(02)(05)(06)(10)(12)(16)(18)","356.28kcal","오곡코코볼","178.2kcal","깻잎전(완)(01)(05)(06)(10)","110.63kcal","","","2290.84kcal"
"2026-04-18(토)","밥싸먹는훈제오리(15)","184kcal","고구마샐러드(완)(01)","189.99kcal","배추김치","0kcal","","","2290.84kcal"
"2026-04-18(토)","깍두기(수의)(09)","20.9kcal","백색우유(02)","135kcal","","","","","2290.84kcal"
"2026-04-19(일)","쇠고기죽(완)(02)(05)(06)(16)","530kcal","밥","74.78kcal","밥","74.78kcal","","","3202.50kcal"
"2026-04-19(일)","남도떡갈비(01)(02)(05)","437kcal","꼬리곰탕(05)(06)(09)(16)","321.13kcal","쇠고기육개장(01)(02)(05)(06)(16)(18)","82.64kcal","","","3202.50kcal"
"2026-04-19(일)","메추리알장조림(완)(01)(05)(06)","277.5kcal","평양왕만두","400.4kcal","낙지삼겹살새우볶음(02)(05)(06)(09)(10)(16)(17)(18)","611.05kcal","","","3202.50kcal"
"2026-04-19(일)","배추김치","0kcal","백색우유(02)","135kcal","부들어묵볶음(05)(06)(08)","137.68kcal","","","3202.50kcal"
"2026-04-19(일)","","","양념전복장(05)(06)(18)","120.54kcal","배추김치","0kcal","","","3202.50kcal"
"2026-04-19(일)","","","깍두기(완제품)","0kcal","","","","","3202.50kcal"
"2026-04-20(월)","밥","74.78kcal","잡곡밥","99.44kcal","밥","74.78kcal","","","2178.74kcal"
"2026-04-20(월)","맑은홍합탕(얼큰홍합탕)(05)(06)(09)(17)(18)","58.25kcal","감자양파찌개(02)(05)(06)(10)(15)(16)(18)","119.84kcal","불고기크로켓(05)(12)","608.51kcal","","","2178.74kcal"
"2026-04-20(월)","돼지고기청경채볶음(05)(06)(10)(18)","312.66kcal","오리불고기(05)","27.48kcal","야채샐러드(01)(05)","66.37kcal","","","2178.74kcal"
"2026-04-20(월)","무생채","11.04kcal","흑임자드레싱(01)(05)","23.17kcal","양송이스프(02)(05)(06)(15)","450kcal","","","2178.74kcal"
"2026-04-20(월)","배추김치","0kcal","무쌈(13)","12kcal","사과(후지)","55.42kcal","","","2178.74kcal"
"2026-04-20(월)","","","가공우유(커피맛)(02)","185kcal","배추김치","0kcal","","","2178.74kcal"
"2026-04-20(월)","","","배추김치","0kcal","","","","","2178.74kcal"
"2026-04-21(화)","밥","74.78kcal","밥","74.78kcal","자장밥(05)(06)(10)","417.98kcal","","","2692.81kcal"
"2026-04-21(화)","감자국(02)(05)(06)(16)(18)","42.4kcal","차돌박이된장찌개(05)(06)(16)","121.92kcal","해물짬뽕(05)(06)(09)(10)(15)(16)(17)(18)","111.91kcal","","","2692.81kcal"
"2026-04-21(화)","가지볶음(05)(06)","35.49kcal","보쌈(10)","687.06kcal","탕수육(05)(06)(10)","491.53kcal","","","2692.81kcal"
"2026-04-21(화)","언양식바싹불고기(01)(02)(05)(06)(10)(12)(15)(16)","326.25kcal","명이나물(05)(06)(13)","46kcal","계란후라이(완제품)(01)(02)(06)(10)","102.5kcal","","","2692.81kcal"
"2026-04-21(화)","배추김치","0kcal","모듬쌈(05)(06)(18)","25.21kcal","배추김치","0kcal","","","2692.81kcal"
"2026-04-21(화)","","","백색우유(02)","135kcal","케이크또는파이또는패스트리, (주문자상표부착)대상, 소프트미니치즈케이크, 800g(40g20개)/상자","","","","2692.81kcal"
"2026-04-21(화)","","","보쌈김치","0kcal","","","","","2692.81kcal"
"2026-04-22(수)","밥","74.78kcal","김치덮밥(05)(06)(10)","367.64kcal","밥","74.78kcal","","","2644.13kcal"
"2026-04-22(수)","쇠고기탕국(02)(05)(06)(09)(16)(18)","53.24kcal","팽이버섯된장국(02)(05)(06)(09)(16)(18)","96.07kcal","꽃게탕(05)(06)(08)(17)","95.68kcal","","","2644.13kcal"
"2026-04-22(수)","비엔나메추리알조림(01)(02)(05)(06)(10)(15)(16)(18)","344.52kcal","계란후라이(완제품)(01)(02)(06)(10)","102.5kcal","동파육","1033kcal","","","2644.13kcal"
"2026-04-22(수)","두부양념장(05)(06)","89.08kcal","돼지고기육전(01)(05)(06)(10)","134.84kcal","대추방울토마토(12)","17kcal","","","2644.13kcal"
"2026-04-22(수)","배추김치","0kcal","열무김치","0kcal","무말랭이무침(13)","161kcal","","","2644.13kcal"
"2026-04-22(수)","","","","","배추김치","0kcal","","","2644.13kcal"
"2026-04-23(목)","밥","74.78kcal","현미밥","92.93kcal","밥1","65.34kcal","","","2944.40kcal"
"2026-04-23(목)","콩나물국(02)(05)(06)(16)(18)","29.87kcal","참치고추장찌개(02)(05)(06)(09)(16)(18)","188.5kcal","꼬치어묵국(05)(06)","192.4kcal","","","2944.40kcal"
"2026-04-23(목)","치즈함박스테이크(01)(02)(05)(06)(10)(12)(15)(16)","246.05kcal","오삼불고기(05)(06)(10)(17)","624.02kcal","누들떡볶이(01)(05)(06)","248.82kcal","","","2944.40kcal"
"2026-04-23(목)","계란장조림","296kcal","옥수수계란찜(09)","114.89kcal","감자말이새우튀김(05)(12)","505kcal","","","2944.40kcal"
"2026-04-23(목)","배추김치","0kcal","백색우유(02)","135kcal","찰순대찜(06)(10)","108.8kcal","","","2944.40kcal"
"2026-04-23(목)","","","배추김치","0kcal","반달단무지(13)","8kcal","","","2944.40kcal"
"2026-04-23(목)","","","","","몬스터에너지(화이트)","14kcal","","","2944.40kcal"
"2026-04-24(금)","밥","74.78kcal","밥","74.78kcal","밥","74.78kcal","","","1807.77kcal"
"2026-04-24(금)","얼큰계란국(01)(16)","69.14kcal","부대찌개(02)(05)(06)(10)(12)(15)(16)(18)","177.61kcal","해물탕(05)(06)(09)(17)(18)","99.1kcal","","","1807.77kcal"
"2026-04-24(금)","꽈리고추멸치볶음(05)(06)","61.85kcal","갈치순살튀김(05)(06)(15)(18)","332.19kcal","돼지고기자장볶음(05)(10)","337.39kcal","","","1807.77kcal"
"2026-04-24(금)","김자반","40kcal","진미채고추장조림(05)(06)(17)","139kcal","상추겉절이(05)(06)","11.15kcal","","","1807.77kcal"
"2026-04-24(금)","너비아니꼬지치즈맛(02)(05)(06)(10)(15)(16)","231kcal","식혜","0kcal","가공우유(쿠키앤크림)(02)","85kcal","","","1807.77kcal"
"2026-04-24(금)","배추김치","0kcal","깍두기(완제품)","0kcal","배추김치","0kcal","","","1807.77kcal"
"2026-04-25(토)","밥1","65.34kcal","핫도그빵(01)(02)(05)(06)(10)(16)","504.6kcal","쇠고기덮밥(05)(16)","600.53kcal","","","3293.62kcal"
"2026-04-25(토)","치킨스테이크(02)(05)(15)","851.08kcal","스크램블에그(01)","65.8kcal","타코야끼(05)(06)(15)(18)","191.17kcal","","","3293.62kcal"
"2026-04-25(토)","피자오믈렛","74.5kcal","백색우유(02)","135kcal","계란후라이(완제품)(01)(02)(06)(10)","102.5kcal","","","3293.62kcal"
"2026-04-25(토)","포테이토크림스프(02)(05)(06)(10)(15)(16)","220kcal","오이피클","72.9kcal","배추김치","0kcal","","","3293.62kcal"
"2026-04-25(토)","배추김치","0kcal","단호박샐러드(완)","160.2kcal","","","","","3293.62kcal"
"2026-04-25(토)","","","블루베리아몬드(05)(06)","250kcal","","","","","3293.62kcal"
"2026-04-26(일)","밥","74.78kcal","밥","74.78kcal","밥","74.78kcal","","","1666.63kcal"
"2026-04-26(일)","닭고기육개장(01)(02)(05)(06)(15)(16)(18)","73.64kcal","참치김치찌개(05)(09)","163.6kcal","수제비국(02)(05)(06)(16)(18)","86.98kcal","","","1666.63kcal"
"2026-04-26(일)","치즈언양식불고기(01)(02)(05)(06)(10)(16)","296.75kcal","소불고기(완제품)(02)(05)(06)(13)(16)","319.92kcal","주꾸미볶음(05)(06)","132.26kcal","","","1666.63kcal"
"2026-04-26(일)","계란말이(완)(01)(05)","156.08kcal","오이무침","10.69kcal","연두부&양념장(05)(06)","67.37kcal","","","1666.63kcal"
"2026-04-26(일)","배추김치","0kcal","백색우유(02)","135kcal","배추김치","0kcal","","","1666.63kcal"
"2026-04-26(일)","","","열무김치","0kcal","","","","","1666.63kcal"
"2026-04-27(월)","밥","74.78kcal","찰현미밥","92.93kcal","밥","74.78kcal","","","2033.27kcal"
"2026-03-30(월)","배추김치","0kcal","오렌지주스","60kcal","배추김치","0kcal","","","2120.33kcal"
"2026-03-30(월)","","","깍두기(완제품)","0kcal","","","","","2120.33kcal"
"2026-03-31(화)","밥","74.78kcal","밥","74.78kcal","밥","74.78kcal","","","2778.72kcal"
"2026-03-31(화)","쇠고기미역국(02)(05)(06)(16)","38.21kcal","두부된장찌개(05)(09)","104.36kcal","해물짬뽕(05)(06)(09)(10)(15)(16)(17)(18)","138.64kcal","","","2778.72kcal"
"2026-03-31(화)","남도떡갈비(01)(02)(05)","437kcal","훈제삼겹살(05)(06)(07)(10)(13)(16)","774kcal","닭순살치킨가스(01)(05)(06)(10)(12)(15)(16)","602.25kcal","","","2778.72kcal"
"2026-03-31(화)","연두부&양념장(05)(06)","67.37kcal","무말랭이무침(13)","91kcal","감자샐러드(완)(01)(02)(05)(06)","144kcal","","","2778.72kcal"
"2026-03-31(화)","배추김치","0kcal","저염쌈장(05)(06)","22.55kcal","배추김치","0kcal","","","2778.72kcal"
"2026-03-31(화)","","","백색우유(02)","135kcal","","","","","2778.72kcal"
"2026-03-31(화)","","","보쌈김치","0kcal","","","","","2778.72kcal"
"2026-04-01(수)","밥","74.78kcal","밥","74.78kcal","중화식덮밥(05)(06)(09)(10)(15)(17)(18)","386.94kcal","","","2172.84kcal"
"2026-04-01(수)","감자호박국(02)(05)(06)(16)(18)","35.81kcal","장터국(02)(05)(06)(10)(12)(15)(16)(18)","105.49kcal","팽이버섯된장국(02)(05)(06)(09)(16)(18)","96.07kcal","","","2172.84kcal"
"2026-04-01(수)","돼지고기부추볶음(02)(05)(06)(10)(16)(18)","322.56kcal","가자미구이(05)(06)","170.91kcal","멘보샤(05)(06)(09)(12)(17)","551.75kcal","","","2172.84kcal"
"2026-04-01(수)","부추무침","7.25kcal","계란말이(완)(01)(05)","156.08kcal","사과(후지)","55.42kcal","","","2172.84kcal"
"2026-04-01(수)","배추김치","0kcal","백색우유(02)","135kcal","배추김치","0kcal","","","2172.84kcal"
"2026-04-01(수)","","","배추김치","0kcal","","","","","2172.84kcal"
"2026-04-02(목)","밥","74.78kcal","찰현미밥","92.93kcal","밥","74.78kcal","","","1991.24kcal"
"2026-04-02(목)","황태해장국(완)(05)","78.08kcal","해물탕(05)(06)(09)(17)(18)","99.1kcal","얼큰수제비국(02)(05)(06)(16)(18)","88.22kcal","","","1991.24kcal"
"2026-04-02(목)","느타리버섯볶음(05)(06)","26.65kcal","닭볶음탕(05)(15)","315.07kcal","돼지갈비찜(05)(06)(10)(12)","504.98kcal","","","1991.24kcal"
"2026-04-02(목)","투움바함박스테이크(01)(02)(05)(06)(10)(12)(15)(16)(18)","393kcal","시금치무침","27.64kcal","도토리묵무침(05)(06)","53.01kcal","","","1991.24kcal"
"2026-04-02(목)","김","28kcal","백색우유(02)","135kcal","배추김치","0kcal","","","1991.24kcal"
"2026-04-02(목)","배추김치","0kcal","배추김치","0kcal","","","","","1991.24kcal"
"2026-04-03(금)","밥","74.78kcal","찹쌀밥","94.78kcal","찰수수밥","75.81kcal","","","2386.18kcal"
"2026-04-03(금)","쇠고기무국(02)(05)(06)(16)(18)","79.6kcal","돼지국밥(02)(05)(06)(10)(15)(16)(18)","457.8kcal","부대찌개(02)(05)(06)(10)(12)(15)(16)(18)","177.61kcal","","","2386.18kcal"
"2026-04-03(금)","어묵볶음(05)(06)(08)","156.12kcal","닭꼬치(완)(05)(06)(15)","400kcal","감자채볶음(02)(05)(06)(10)(15)(16)","87.36kcal","","","2386.18kcal"
"2026-04-03(금)","소고기꽈리고추조림(05)(16)","304.26kcal","오이풋고추된장무침(05)(06)","23.23kcal","고추잡채(05)(06)(10)(18)","323.93kcal","","","2386.18kcal"
"2026-04-03(금)","배추김치","0kcal","드링킹요거트","93kcal","대추방울토마토(12)","17kcal","","","2386.18kcal"
"2026-04-03(금)","","","깍두기(수의)(09)","20.9kcal","배추김치","0kcal","","","2386.18kcal"
"2026-04-04(토)","밥","74.78kcal","불고기버거(01)(02)(05)(06)(10)(12)(13)(16)(18)","388.41kcal","오징어덮밥(05)(06)(10)(17)","319.86kcal","","","2647.25kcal"
"2026-04-04(토)","사골우거지국(02)(05)(06)(16)(18)","353.96kcal","계란후라이(완제품)(01)(02)(06)(10)","102.5kcal","모짜렐라핫도그(01)(02)(05)(06)(10)(12)(16)","192.08kcal","","","2647.25kcal"
"2026-04-04(토)","멸치볶음(05)","59.91kcal","감자샐러드(완)(01)(02)(05)(06)","144kcal","가공우유(초코맛)(02)","220kcal","","","2647.25kcal"
"2026-04-04(토)","치즈언양식불고기(01)(02)(05)(06)(10)(16)","296.75kcal","백색우유(02)","135kcal","배추김치","0kcal","","","2647.25kcal"
"2026-04-04(토)","배추김치","0kcal","오레오오즈(02)(05)(06)(10)","360kcal","","","","","2647.25kcal"
"2026-04-05(일)","밥","74.78kcal","밥","74.78kcal","밥","74.78kcal","","","2316.29kcal"
"2026-04-05(일)","순두부찌개(02)(05)(06)(16)(18)","48.15kcal","물만두국(01)(02)(05)(06)(09)(10)(16)(18)","97.3kcal","햄짜글이(02)(05)(06)(10)(15)(16)(18)","165.44kcal","","","2316.29kcal"
"2026-04-05(일)","호박새우볶음(05)(06)(09)","35.46kcal","순살안동찜닭(05)(06)(15)","345.42kcal","고추장돼지불고기(완제품)(05)(06)(10)","440.67kcal","","","2316.29kcal"
"2026-04-05(일)","동그랑땡(05)(06)(10)","392.33kcal","쇠고기육전(02)(05)(06)(16)","386.09kcal","오이무침","10.69kcal","","","2316.29kcal"
"2026-04-05(일)","배추김치","0kcal","백색우유(02)","135kcal","파김치(09)","35.4kcal","","","2316.29kcal"
"2026-04-05(일)","","","배추김치","0kcal","","","","","2316.29kcal"
"2026-04-06(월)","밥","74.78kcal","비빔밥(05)(16)","389.56kcal","밥","74.78kcal","","","2668.69kcal"
"2026-04-06(월)","시금치된장국(02)(05)(06)(16)(18)","102.67kcal","어묵탕(05)(06)","79.65kcal","두부된장찌개(05)(09)","62.78kcal","","","2668.69kcal"
"2026-04-06(월)","마파두부(05)(06)(10)(15)(18)","225.06kcal","굴림만두(01)(02)(05)(06)(10)(16)","528kcal","가츠동(01)(02)(05)(06)(10)","479.93kcal","","","2668.69kcal"
"2026-04-06(월)","불고기오믈렛(완)(01)(02)(05)(06)(10)(16)(18)","275kcal","계란후라이(완제품)(01)(02)(06)(10)","102.5kcal","바나나","86.4kcal","","","2668.69kcal"
"2026-04-06(월)","배추김치","0kcal","이온음료(포카리)","85kcal","푸실리파스타(02)(05)(06)(12)(15)(16)(18)","102.58kcal","","","2668.69kcal"
"2026-04-06(월)","","","열무김치","0kcal","배추김치","0kcal","","","2668.69kcal"
"2026-04-07(화)","밥","74.78kcal","잡곡밥","99.44kcal","흑미밥","76.65kcal","","","1580.18kcal"
"2026-04-07(화)","돼지고기고추장찌개(02)(05)(06)(10)(16)(18)","110.32kcal","쇠고기탕국(02)(05)(06)(09)(16)(18)","53.24kcal","얼큰수제비국(02)(05)(06)(16)(18)","88.22kcal","","","1580.18kcal"
"2026-04-07(화)","비엔나소시지감자조림(02)(05)(06)(10)(15)(16)(18)","307.78kcal","감자채볶음(02)(05)(06)(10)(15)(16)","87.36kcal","닭고기야채조림(05)(06)(15)","349.64kcal","","","1580.18kcal"
"2026-04-07(화)","콩나물무침(05)(06)","22.25kcal","주꾸미볶음(05)(06)","132.26kcal","미역줄기볶음(05)(06)","43.24kcal","","","1580.18kcal"
"2026-04-07(화)","배추김치","0kcal","백색우유(02)","135kcal","배추김치","0kcal","","","1580.18kcal"
"2026-04-07(화)","","","배추김치","0kcal","","","","","1580.18kcal"
"2026-04-08(수)","밥","74.78kcal","현미밥","92.93kcal","유산슬덮밥(05)(06)(09)(10)(17)(18)","331.31kcal","","","2078.99kcal"
"2026-04-08(수)","황태채국(01)(02)(05)(06)(16)(18)","77.69kcal","사골미역국(16)","52.86kcal","순두부백탕(01)(02)(05)(06)(09)(16)(18)","95.03kcal","","","2078.99kcal"
"2026-04-08(수)","돼지고기고추장볶음(05)(06)(10)","302.18kcal","궁중떡볶이(02)(05)(06)(10)(16)(18)","231kcal","깐쇼새우(05)(06)(09)(12)(16)","300.75kcal","","","2078.99kcal"
"2026-04-08(수)","메추리알장조림(완)(01)(05)(06)","277.5kcal","순살삼치구이(05)(06)(07)(15)(18)","132.54kcal","사과(후지)","55.42kcal","","","2078.99kcal"
"2026-04-08(수)","배추김치","0kcal","포도주스","55kcal","배추김치","0kcal","","","2078.99kcal"
"2026-04-08(수)","","","배추김치","0kcal","","","","","2078.99kcal"
"2026-04-09(목)","밥","74.78kcal","밥","74.78kcal","나가사끼짬뽕(05)(06)(10)(17)(18)","112.81kcal","","","2627.77kcal"
"2026-04-09(목)","돼지고기애호박찌개(02)(05)(06)(10)(16)(18)","98.69kcal","맑은홍합탕(얼큰홍합탕)(05)(06)(09)(17)(18)","58.25kcal","카레밥(06)(15)","686.78kcal","","","2627.77kcal"
"2026-04-09(목)","가지볶음(05)(06)","35.49kcal","콩나물불고기(05)(06)(10)","476.99kcal","생선가스(01)(05)(06)","406.25kcal","","","2627.77kcal"
"2026-04-09(목)","치킨너겟(01)(05)","304.51kcal","무나물","20.94kcal","계란후라이(완제품)(01)(02)(06)(10)","102.5kcal","","","2627.77kcal"
"2026-04-09(목)","김자반","40kcal","백색우유(02)","135kcal","배추김치","0kcal","","","2627.77kcal"
"2026-04-09(목)","배추김치","0kcal","배추김치","0kcal","","","","","2627.77kcal"
"2026-04-10(금)","밥","74.78kcal","찹쌀밥","94.78kcal","밥","74.78kcal","","","2746.43kcal"
"2026-04-10(금)","김치찌개(05)(09)(10)","100.91kcal","꼬리곰탕(05)(06)(09)(16)","321.13kcal","쇠고기버섯전골(02)(05)(06)(09)(16)(18)","77.43kcal","","","2746.43kcal"
"2026-04-10(금)","치즈함박스테이크(01)(02)(05)(06)(10)(12)(15)(16)","246.05kcal","새우교자만두(05)(06)(09)","784kcal","닭순살김치볶음(05)(15)","324.14kcal","","","2746.43kcal"
"2026-04-10(금)","연두부&양념장(05)(06)","67.37kcal","오징어젓무침(17)","60.46kcal","사천식캐슈넛멸치볶음(04)(05)","90.4kcal","","","2746.43kcal"
"2026-04-10(금)","깍두기(수의)(09)","20.9kcal","복숭아주스(11)","188kcal","가공우유(딸기맛)(02)","165kcal","","","2746.43kcal"
"2026-04-10(금)","","","깍두기(수의)(09)","20.9kcal","파김치(09)","35.4kcal","","","2746.43kcal"
"2026-04-11(토)","삼각주먹밥(완)(01)(02)(05)(06)(16)(18)","7kcal","핫도그빵(01)(02)(05)(06)(10)(16)","504.6kcal","제육덮밥(05)(06)(10)","385.57kcal","","","2446.54kcal"
"2026-04-11(토)","밥1","65.34kcal","스크램블에그(01)","65.8kcal","야채고기말이(01)(02)(05)(06)(10)(15)(16)(18)","183.23kcal","","","2446.54kcal"
"2026-04-11(토)","소떡소떡","0kcal","백색우유(02)","135kcal","계란후라이(완제품)(01)(02)(06)(10)","102.5kcal","","","2446.54kcal"
"2026-04-11(토)","닭가슴살(15)","198kcal","콘푸로스트(05)(06)","229.8kcal","배추김치","0kcal","","","2446.54kcal"
"2026-04-11(토)","양송이스프(02)(05)(06)(15)","450kcal","코울슬로샐러드(01)(05)","119.7kcal","","","","","2446.54kcal"
"2026-04-11(토)","배추김치","0kcal","","","","","","","2446.54kcal"
"2026-04-12(일)","밥","74.78kcal","밥","74.78kcal","밥","74.78kcal","","","2046.91kcal"
"2026-04-12(일)","감자호박국(02)(05)(06)(16)(18)","35.81kcal","닭볶음탕(05)(15)","315.07kcal","마라탕(05)(06)(08)(09)(16)","123.55kcal","","","2046.91kcal"
"2026-04-12(일)","투움바함박스테이크(01)(02)(05)(06)(10)(12)(15)(16)(18)","393kcal","쇠고기육개장(01)(02)(05)(06)(16)(18)","82.64kcal","간장돼지불고기(완제품)(05)(06)(10)","480.12kcal","","","2046.91kcal"
"2026-04-12(일)","진미채고추장조림(05)(06)(17)","139kcal","청포묵무침(01)(05)(16)","42.69kcal","오이무침","10.69kcal","","","2046.91kcal"
"2026-04-12(일)","배추김치","0kcal","오렌지주스","60kcal","두유(05)","140kcal","","","2046.91kcal"
"2026-04-12(일)","","","배추김치","0kcal","배추김치","0kcal","","","2046.91kcal"
"2026-04-13(월)","밥","74.78kcal","밥","74.78kcal","새우튀김덮밥(에비동)(05)(06)(09)(15)(18)","291.57kcal","","","2774.33kcal"
"2026-04-13(월)","참치김치찌개(05)(09)","163.6kcal","얼큰쇠고기무국(02)(05)(06)(16)(18)","48.21kcal","미소장국(05)","42.13kcal","","","2774.33kcal"
"2026-04-13(월)","쇠고기감자조림(05)(06)(16)","383.9kcal","훈제삼겹살(05)(06)(07)(10)(13)(16)","946kcal","닭강정(01)(02)(05)(06)(12)(15)(18)","330kcal","","","2774.33kcal"
"2026-04-13(월)","콩나물무침(05)(06)","22.25kcal","모듬쌈(05)(06)(18)","25.21kcal","양배추피클(13)","92kcal","","","2774.33kcal"
"2026-03-17(화)","맑은홍합탕(얼큰홍합탕)(05)(06)(09)(17)(18)","54.45kcal","꽃게탕(05)(06)(08)(17)","106.28kcal","순대국밥(05)(06)(10)","384.54kcal","","","1840.81kcal"
"2026-03-17(화)","돼지고기청경채볶음(05)(06)(10)(18)","312.66kcal","닭고기야채조림(05)(06)(15)","370.84kcal","돼지고기육전(01)(05)(06)(10)","134.84kcal","","","1840.81kcal"
"2026-03-17(화)","무생채","11.04kcal","두부양념장(05)(06)","89.08kcal","오이풋고추된장무침(05)(06)","29.59kcal","","","1840.81kcal"
"2026-03-17(화)","배추김치","0kcal","배추김치","0kcal","이온음료(포카리)","85kcal","","","1840.81kcal"
"2026-03-17(화)","","","","","깍두기(완제품)","0kcal","","","1840.81kcal"
"2026-03-17(화)","","","","","떡, 고수록식품, 고수록생모시두텁떡,  400g(40g10개)","","","","1840.81kcal"
"2026-03-18(수)","밥","74.78kcal","밥","74.78kcal","밥1","65.34kcal","","","2074.67kcal"
"2026-03-18(수)","얼큰쇠고기무국(02)(05)(06)(16)","48.21kcal","수제비국(02)(05)(06)(16)","86.98kcal","어묵탕(05)(06)","79.65kcal","","","2074.67kcal"
"2026-03-18(수)","부들어묵볶음(05)(06)","152.08kcal","파채&간장돼지불백(02)(05)(06)(10)(16)(18)","298.96kcal","차돌로제떡볶이(01)(02)(05)(06)(10)(12)(15)(16)","242.57kcal","","","2074.67kcal"
"2026-03-18(수)","계란말이(완)(01)(05)","156.08kcal","가지볶음(05)(06)","35.49kcal","치즈볼(05)","421.75kcal","","","2074.67kcal"
"2026-03-18(수)","배추김치","0kcal","백색우유(02)","135kcal","반달단무지(13)","8kcal","","","2074.67kcal"
"2026-03-18(수)","","","붕어빵(슈크림)","195kcal","","","","","2074.67kcal"
"2026-03-18(수)","","","배추김치","0kcal","","","","","2074.67kcal"
"2026-03-19(목)","밥","74.78kcal","찰현미밥","92.93kcal","새우튀김덮밥(에비동)(05)(06)(09)(15)(18)","291.57kcal","","","2395.85kcal"
"2026-03-19(목)","황태해장국(완)(05)","78.08kcal","얼큰계란국(01)(16)","69.14kcal","미소장국(05)","42.13kcal","","","2395.85kcal"
"2026-03-19(목)","맛밤송송함박스테이크(05)(10)(12)(13)(16)","559.25kcal","순살족발(02)(05)(06)(10)(16)","536.5kcal","닭강정(01)(02)(05)(06)(12)(15)(18)","330kcal","","","2395.85kcal"
"2026-03-19(목)","연두부&양념장(05)(06)","67.37kcal","무말랭이무침(13)","91kcal","두유(05)","140kcal","","","2395.85kcal"
"2026-03-19(목)","백김치","23.1kcal","보쌈김치","0kcal","배추김치","0kcal","","","2395.85kcal"
"2026-03-20(금)","밥","74.78kcal","밥","74.78kcal","흑미밥","76.65kcal","","","2611.30kcal"
"2026-03-20(금)","참치오믈렛(01)(05)(06)(18)","190kcal","부대찌개(02)(05)(06)(10)(12)(15)(16)(18)","212.21kcal","순두부찌개(02)(05)(06)(16)(18)","54.51kcal","","","2611.30kcal"
"2026-03-20(금)","두부김치국(02)(05)(06)(09)(16)","26.81kcal","미나리삼겹살(05)(06)(10)(18)","585.98kcal","한우갈비찜(16)","460.05kcal","","","2611.30kcal"
"2026-03-20(금)","쇠고기감자조림(05)(06)(16)","394.5kcal","옥수수계란찜(09)","109.29kcal","오미산적(완)(01)(02)(05)(06)(08)(10)(12)(13)(16)","195.63kcal","","","2611.30kcal"
"2026-03-20(금)","깍두기(완제품)","0kcal","봄동겉절이(05)(06)","20.29kcal","사과(후지)","55.42kcal","","","2611.30kcal"
"2026-03-20(금)","","","샤인머스켓주스","45kcal","파김치(09)","35.4kcal","","","2611.30kcal"
"2026-03-21(토)","햄치즈버거(01)(02)(05)(06)(10)(16)(18)","439.84kcal","밥","74.78kcal","제육덮밥(05)(06)(10)","407.83kcal","","","2572.87kcal"
"2026-03-21(토)","계란후라이(완제품)(01)(02)(06)(10)","102.5kcal","사골곰탕(05)(06)","168.54kcal","유부장국(02)(05)(06)(16)","12.76kcal","","","2572.87kcal"
"2026-03-21(토)","백색우유(02)","135kcal","왕교자만두찜(05)(06)(10)(16)(18)","266kcal","야채고기말이(01)(02)(05)(06)(10)(15)(16)(18)","111.23kcal","","","2572.87kcal"
"2026-03-21(토)","닭가슴살샐러드(15)","364.12kcal","낙지젓무침(17)","44.57kcal","계란후라이(완제품)(01)(02)(06)(10)","102.5kcal","","","2572.87kcal"
"2026-03-21(토)","오곡코코볼","178.2kcal","가공우유(바나나맛)(02)","165kcal","배추김치","0kcal","","","2572.87kcal"
"2026-03-21(토)","","","깍두기(완제품)","0kcal","","","","","2572.87kcal"
"2026-03-22(일)","전복죽(05)(06)(16)(17)(18)","480kcal","밥","74.78kcal","밥","74.78kcal","","","2495.75kcal"
"2026-03-22(일)","남도떡갈비(01)(02)(05)","437kcal","마라탕(06)(09)(16)","133.88kcal","사골우거지국(02)(05)(06)(16)(18)","189.92kcal","","","2495.75kcal"
"2026-03-22(일)","메추리알장조림(완)(01)(05)(06)","277.5kcal","간장돼지불고기(완제품)(05)(06)(10)","480.12kcal","주꾸미볶음(05)(06)","164.06kcal","","","2495.75kcal"
"2026-03-22(일)","배추김치","0kcal","오이무침(05)","17.05kcal","호박새우볶음(05)(06)(09)","31.66kcal","","","2495.75kcal"
"2026-03-22(일)","","","백색우유(02)","135kcal","배추김치","0kcal","","","2495.75kcal"
"2026-03-22(일)","","","깍두기(완제품)","0kcal","","","","","2495.75kcal"
"2026-03-23(월)","밥","74.78kcal","잡곡밥","99.44kcal","밥","74.78kcal","","","1851.97kcal"
"2026-03-23(월)","황태채국(01)(02)(05)(06)(16)","77.69kcal","쇠고기버섯전골(02)(05)(06)(09)(16)","76.47kcal","순두부백탕(01)(02)(05)(06)(09)(16)(18)","82.82kcal","","","1851.97kcal"
"2026-03-23(월)","느타리버섯볶음(05)(06)","26.65kcal","궁중떡볶이(02)(05)(06)(10)(16)(18)","142kcal","감자채볶음(02)(05)(06)(10)(15)(16)","63.36kcal","","","1851.97kcal"
"2026-03-23(월)","투움바함박스테이크(01)(02)(05)(06)(10)(12)(15)(16)(18)","393kcal","갈치순살튀김(01)(05)","372kcal","볼케이노치킨(02)(05)(06)(12)(15)(16)(18)","318.98kcal","","","1851.97kcal"
"2026-03-23(월)","배추김치","0kcal","갈아만든배(음료)","0kcal","파인애플스틱","50kcal","","","1851.97kcal"
"2026-03-23(월)","","","배추김치","0kcal","배추김치","0kcal","","","1851.97kcal"
"2026-03-24(화)","밥","74.78kcal","밥","74.78kcal","밥","74.78kcal","","","2958.82kcal"
"2026-03-24(화)","감자호박국(02)(05)(06)(16)","35.81kcal","장터국(16)","88.99kcal","불고기크로켓(05)(12)","608.51kcal","","","2958.82kcal"
"2026-03-24(화)","어묵볶음(05)(06)","181.4kcal","오삼불고기(05)(06)(10)(17)","655.82kcal","백색우유(02)","135kcal","","","2958.82kcal"
"2026-03-24(화)","비엔나메추리알조림(01)(02)(05)(06)(10)(15)(16)(18)","344.52kcal","치킨너겟(01)(02)(05)(06)(12)(15)(16)(18)","173.26kcal","구슬치즈샐러드(01)(02)(05)","61.17kcal","","","2958.82kcal"
"2026-03-24(화)","배추김치","0kcal","배추김치","0kcal","양송이스프(02)(05)(06)(15)","450kcal","","","2958.82kcal"
"2026-03-24(화)","","","","","배추김치","0kcal","","","2958.82kcal"
"2026-03-25(수)","밥","74.78kcal","비빔밥(05)(16)","417.12kcal","밥","74.78kcal","","","2063.74kcal"
"2026-03-25(수)","키조개미역국(02)(05)(06)(16)(18)","37.85kcal","두부김치국(02)(05)(06)(09)(16)","26.81kcal","해물탕(05)(06)(09)(17)(18)","97.86kcal","","","2063.74kcal"
"2026-03-25(수)","언양식바싹불고기(01)(02)(05)(06)(10)(12)(15)(16)","326.25kcal","닭꼬치(완)(05)(06)(15)","400kcal","돼지고기자장볶음(05)(10)","337.39kcal","","","2063.74kcal"
"2026-03-25(수)","콩나물무침(05)(06)","22.25kcal","계란후라이(완제품)(01)(02)(06)(10)","102.5kcal","상추겉절이(05)(06)","11.15kcal","","","2063.74kcal"
"2026-03-25(수)","배추김치","0kcal","백색우유(02)","135kcal","배추김치","0kcal","","","2063.74kcal"
"2026-03-25(수)","","","열무김치","0kcal","","","","","2063.74kcal"
"2026-03-26(목)","밥","74.78kcal","흑미밥","76.65kcal","밥","74.78kcal","","","2382.15kcal"
"2026-03-26(목)","돼지고기애호박찌개(02)(05)(06)(10)(16)","119.89kcal","감자국(02)(05)(06)(16)","42.4kcal","미소장국(05)","42.13kcal","","","2382.15kcal"
"2026-03-26(목)","마파두부(05)(06)(10)(15)(18)","231.42kcal","버섯잡채(05)(06)(10)(16)(18)","113.98kcal","양념치킨vs후라이드치킨(05)(06)(12)(15)(18)","830.74kcal","","","2382.15kcal"
"2026-03-26(목)","동그랑땡(05)(06)(10)","392.33kcal","계란찜(09)","107.89kcal","무&비트피클(완)","30kcal","","","2382.15kcal"
"2026-03-26(목)","배추김치","0kcal","백색우유(02)","135kcal","제로콜라2","1kcal","","","2382.15kcal"
"2026-03-26(목)","","","배추김치","0kcal","마카로니샐러드(01)(05)(06)","109.16kcal","","","2382.15kcal"
"2026-03-27(금)","밥","74.78kcal","밥","74.78kcal","밥","74.78kcal","","","3971.54kcal"
"2026-03-27(금)","시금치된장국(02)(05)(06)(16)","102.67kcal","쇠고기무국(02)(05)(06)(16)","79.6kcal","돼지고기고추장찌개(02)(05)(06)(10)(16)","131.52kcal","","","3971.54kcal"
"2026-03-27(금)","꽈리고추멸치볶음(05)(06)","61.85kcal","돼지삼겹야채볶음(02)(05)(06)(10)(16)(18)","614.23kcal","부들어묵볶음(05)(06)","152.08kcal","","","3971.54kcal"
"2026-03-27(금)","김자반","40kcal","양념깻잎지(05)(06)(09)(13)","46kcal","맛밤송송함박스테이크(05)(10)(12)(13)(16)","559.25kcal","","","3971.54kcal"
"2026-03-27(금)","너비아니꼬지치즈맛(02)(05)(06)(10)(15)(16)","462kcal","배추김치","0kcal","대추방울토마토(12)","17kcal","","","3971.54kcal"
"2026-03-27(금)","배추김치","0kcal","","","배추김치","0kcal","","","3971.54kcal"
"2026-03-27(금)","","","","","참조은에스에프 블루베리크림치즈찰떡,1.8kg(60g*30개)","981kcal","","","3971.54kcal"
"2026-03-27(금)","","","","","200오븐에구운 호두파이,400g(40g*10개)","500kcal","","","3971.54kcal"
"2026-03-28(토)","핫도그빵(01)(02)(05)(06)(10)(16)","504.6kcal","밥1","65.34kcal","오징어덮밥(05)(06)(10)(17)","372.86kcal","","","3327.71kcal"
"2026-03-28(토)","스크램블에그(01)","65.8kcal","치킨스테이크(02)(05)(15)","851.08kcal","물만두국(01)(02)(05)(06)(09)(10)(16)","96.76kcal","","","3327.71kcal"
"2026-03-28(토)","단호박샐러드(완)","160.2kcal","피자오믈렛","74.5kcal","타코야끼(05)(06)(15)(18)","191.17kcal","","","3327.71kcal"
"2026-03-28(토)","오이피클","72.9kcal","포테이토크림스프(02)(05)(06)(10)(15)(16)","220kcal","계란후라이(완제품)(01)(02)(06)(10)","102.5kcal","","","3327.71kcal"
"2026-03-28(토)","블루베리아몬드(05)(06)","250kcal","가공우유(딸기맛)(02)","165kcal","배추김치","0kcal","","","3327.71kcal"
"2026-03-28(토)","백색우유(02)","135kcal","배추김치","0kcal","","","","","3327.71kcal"
"2026-03-29(일)","밥","74.78kcal","밥","74.78kcal","밥","74.78kcal","","","2426.89kcal"
"2026-03-29(일)","순두부찌개(02)(05)(06)(16)(18)","54.51kcal","쇠고기육개장(01)(02)(05)(06)(16)","93.24kcal","참치김치찌개(05)(09)","166.47kcal","","","2426.89kcal"
"2026-03-29(일)","비엔나소시지케찹볶음(02)(05)(06)(10)(12)(16)(18)","356.28kcal","돼지고기고추장볶음(05)(06)(10)","719.88kcal","소불고기(완제품)(02)(05)(06)(13)(16)","319.92kcal","","","2426.89kcal"
"2026-03-29(일)","계란장조림","296kcal","호박새우볶음(05)(06)(09)","31.66kcal","오이풋고추된장무침(05)(06)","29.59kcal","","","2426.89kcal"
"2026-03-29(일)","배추김치","0kcal","백색우유(02)","135kcal","열무김치","0kcal","","","2426.89kcal"
"2026-03-29(일)","","","배추김치","0kcal","","","","","2426.89kcal"
"2026-03-30(월)","밥","74.78kcal","찹쌀밥","94.78kcal","돼지고기덮밥(부타동)(05)(06)(10)(15)(18)","531.44kcal","","","2120.33kcal"
"2026-03-30(월)","어묵탕(05)(06)","79.65kcal","사골곰탕(05)(06)","168.54kcal","콩나물국(02)(05)(06)(16)","29.87kcal","","","2120.33kcal"
"2026-03-30(월)","치즈함박스테이크(01)(02)(05)(06)(10)(12)(15)(16)","246.05kcal","굴림만두(01)(05)(06)(10)(16)","528kcal","김말이튀김(05)(06)","42.6kcal","","","2120.33kcal"
"2026-03-30(월)","브로콜리&초고추장(05)","39.16kcal","오징어젓무침(17)","60.46kcal","가공우유(바나나맛)(02)","165kcal","","","2120.33kcal"
"2026-03-03(화)","감자채볶음(02)(05)(06)(10)(15)(16)","63.36kcal","무나물","19.51kcal","딸기","18kcal","","","1776.58kcal"
"2026-03-03(화)","배추김치","0kcal","김","28kcal","푸실리파스타(02)(05)(06)(12)(15)(16)(18)","96.98kcal","","","1776.58kcal"
"2026-03-03(화)","","","프로틴견과","160kcal","배추김치","0kcal","","","1776.58kcal"
"2026-03-03(화)","","","열무김치","0kcal","","","","","1776.58kcal"
"2026-03-04(수)","밥","74.78kcal","밥","74.78kcal","밥","74.78kcal","","","2299.79kcal"
"2026-03-04(수)","가리비미역국(02)(05)(06)(16)(18)","31.17kcal","장터국(16)","88.99kcal","감자양파찌개(02)(05)(06)(10)(15)(16)","107.5kcal","","","2299.79kcal"
"2026-03-04(수)","미트볼조림(01)(02)(05)(06)(10)(12)(15)(16)","475.46kcal","콩나물불고기(05)(06)(10)","476.99kcal","훈제오리볶음(01)(05)(06)(18)","517.64kcal","","","2299.79kcal"
"2026-03-04(수)","연두부&양념장(05)(06)","67.37kcal","계란말이(완)(01)(05)","156.08kcal","부추무침","7.25kcal","","","2299.79kcal"
"2026-03-04(수)","배추김치","0kcal","마시는발효유","0kcal","무쌈(13)","12kcal","","","2299.79kcal"
"2026-03-04(수)","","","배추김치","0kcal","백색우유(02)","135kcal","","","2299.79kcal"
"2026-03-04(수)","","","","","배추김치","0kcal","","","2299.79kcal"
"2026-03-05(목)","밥","74.78kcal","찰현미밥","92.93kcal","김치덮밥(05)(06)(10)","367.64kcal","","","2374.09kcal"
"2026-03-05(목)","감자호박국(02)(05)(06)(16)","35.81kcal","해물탕(05)(06)(09)(17)(18)","97.86kcal","순두부백탕(01)(02)(05)(06)(09)(16)(18)","82.82kcal","","","2374.09kcal"
"2026-03-05(목)","어묵볶음(05)(06)","181.4kcal","닭볶음탕(05)(15)","336.27kcal","갑오징어튀김(05)(06)(17)","330.83kcal","","","2374.09kcal"
"2026-03-05(목)","소고기꽈리고추조림(05)(16)","304.26kcal","가지볶음(05)(06)","35.49kcal","양배추피클","92kcal","","","2374.09kcal"
"2026-03-05(목)","배추김치","0kcal","붕어빵(팥)(06)","207kcal","","","","","2374.09kcal"
"2026-03-05(목)","","","백색우유(02)","135kcal","","","","","2374.09kcal"
"2026-03-05(목)","","","배추김치","0kcal","","","","","2374.09kcal"
"2026-03-06(금)","밥","74.78kcal","밥","74.78kcal","밥","74.78kcal","","","1949.61kcal"
"2026-03-06(금)","얼큰쇠고기무국(02)(05)(06)(16)","48.21kcal","참치고추장찌개(02)(05)(06)(09)(16)","218.94kcal","얼큰계란국(01)(16)","69.14kcal","","","1949.61kcal"
"2026-03-06(금)","새송이버섯야채볶음(02)(05)(06)(10)(15)(16)(18)","53.81kcal","모듬쌈(05)(06)(18)","40.05kcal","매콤순대볶음(05)(06)(10)","180.27kcal","","","1949.61kcal"
"2026-03-06(금)","치즈언양식불고기(01)(05)","296.75kcal","보쌈","562.14kcal","전복장조림","0.54kcal","","","1949.61kcal"
"2026-03-06(금)","배추김치","0kcal","비요뜨초코링(02)(05)(06)","200kcal","사과(후지)","55.42kcal","","","1949.61kcal"
"2026-03-06(금)","","","보쌈김치","0kcal","배추김치","0kcal","","","1949.61kcal"
"2026-03-07(토)","불고기버거(01)(02)(05)(06)(10)(12)(13)(16)(18)","388.41kcal","밥","74.78kcal","닭고기덮밥(05)(06)(12)(15)","385.31kcal","","","2932.85kcal"
"2026-03-07(토)","계란후라이(완제품)(01)(02)(06)(10)","102.5kcal","꼬리곰탕(05)(06)(09)(16)","321.13kcal","수제비국(02)(05)(06)(16)","86.98kcal","","","2932.85kcal"
"2026-03-07(토)","고구마샐러드(완)(01)","189.99kcal","평양왕만두","400.4kcal","모짜렐라핫도그(01)(02)(05)(06)(10)(12)(16)","192.08kcal","","","2932.85kcal"
"2026-03-07(토)","백색우유(02)","135kcal","낙지젓무침(17)","44.57kcal","스크램블에그(01)","65.8kcal","","","2932.85kcal"
"2026-03-07(토)","오레오오즈(02)(05)(06)(10)","360kcal","가공우유(딸기맛)(02)","165kcal","배추김치","0kcal","","","2932.85kcal"
"2026-03-07(토)","","","깍두기(수의)(09)","20.9kcal","","","","","2932.85kcal"
"2026-03-08(일)","밥","74.78kcal","밥","74.78kcal","밥","74.78kcal","","","2512.86kcal"
"2026-03-08(일)","시금치된장국(02)(05)(06)(16)","102.67kcal","물만두국(01)(02)(05)(06)(09)(10)(16)","96.76kcal","햄짜글이(02)(05)(06)(10)(15)(16)(18)","165.44kcal","","","2512.86kcal"
"2026-03-08(일)","마파두부(05)(06)(10)(15)(18)","231.42kcal","순살안동찜닭(05)(06)(15)","345.42kcal","고추장돼지불고기(완제품)(05)(06)(10)","440.67kcal","","","2512.86kcal"
"2026-03-08(일)","불고기오믈렛(완)(01)(02)(05)(06)(10)(16)(18)","275kcal","쇠고기육전(02)(05)(06)(16)","386.09kcal","오이무침(05)","17.05kcal","","","2512.86kcal"
"2026-03-08(일)","배추김치","0kcal","백색우유(02)","135kcal","드링킹요거트","93kcal","","","2512.86kcal"
"2026-03-08(일)","","","배추김치","0kcal","배추김치","0kcal","","","2512.86kcal"
"2026-03-09(월)","밥","74.78kcal","밥","74.78kcal","자장밥(05)(06)(10)","417.98kcal","","","2313.72kcal"
"2026-03-09(월)","순두부찌개(02)(05)(06)(16)(18)","54.51kcal","참치김치찌개(05)(09)","166.47kcal","해물짬뽕(05)(06)(09)(10)(15)(16)(17)(18)","138.64kcal","","","2313.72kcal"
"2026-03-09(월)","연근조림(02)(05)(06)(09)(18)","139.5kcal","주꾸미볶음(05)(06)","164.06kcal","탕수육(05)(06)(10)","491.53kcal","","","2313.72kcal"
"2026-03-09(월)","동그랑땡(05)(06)(10)","392.33kcal","미역줄기볶음(05)(06)","43.24kcal","배추김치","0kcal","","","2313.72kcal"
"2026-03-09(월)","배추김치","0kcal","백색우유(02)","135kcal","","","","","2313.72kcal"
"2026-03-09(월)","","","깍두기(수의)(09)","20.9kcal","","","","","2313.72kcal"
"2026-03-10(화)","밥","74.78kcal","현미밥","92.93kcal","찰현미밥","92.93kcal","","","2777.87kcal"
"2026-03-10(화)","돼지고기애호박찌개(02)(05)(06)(10)(16)","119.89kcal","쇠고기버섯전골(02)(05)(06)(09)(16)","76.47kcal","닭고기육개장(01)(02)(05)(06)(15)(16)","84.24kcal","","","2777.87kcal"
"2026-03-10(화)","치킨너겟(01)(02)(05)(06)(12)(15)(16)(18)","173.26kcal","순살삼치구이(05)(06)(07)(15)(18)","133.52kcal","동파육","1125.6kcal","","","2777.87kcal"
"2026-03-10(화)","김자반","40kcal","밥싸먹는훈제오리(15)","184kcal","양념깻잎지(05)(06)(09)(13)","46kcal","","","2777.87kcal"
"2026-03-10(화)","콩나물무침(05)(06)","22.25kcal","식혜","49kcal","딸기","18kcal","","","2777.87kcal"
"2026-03-10(화)","배추김치","0kcal","열무김치","0kcal","배추김치","0kcal","","","2777.87kcal"
"2026-03-10(화)","","","","","삼양식품,큰컵나가사끼짬뽕,105g","445kcal","","","2777.87kcal"
"2026-03-10(화)","","","","","농심,육개장사발면,86g","","","","2777.87kcal"
"2026-03-11(수)","밥","74.78kcal","찰수수밥","75.81kcal","밥","74.78kcal","","","2367.16kcal"
"2026-03-11(수)","황태채국(01)(02)(05)(06)(16)","77.69kcal","두부된장찌개(05)(09)","104.36kcal","사누끼우동(05)(06)","58.74kcal","","","2367.16kcal"
"2026-03-11(수)","메추리알장조림(완)(01)(05)(06)","277.5kcal","고추잡채(05)(06)(10)(18)","323.93kcal","에그카츠(01)(05)(06)(10)(12)","518.25kcal","","","2367.16kcal"
"2026-03-11(수)","들깨백불고기(02)(05)(06)(10)(16)(18)","467.73kcal","진미채고추장조림(05)(06)(17)","139kcal","사과(후지)","55.42kcal","","","2367.16kcal"
"2026-03-11(수)","배추김치","0kcal","두유(곡물맛)(05)","58kcal","구슬치즈샐러드(01)(02)(05)","61.17kcal","","","2367.16kcal"
"2026-03-11(수)","","","배추김치","0kcal","배추김치","0kcal","","","2367.16kcal"
"2026-03-12(목)","밥","74.78kcal","밥","74.78kcal","중화식덮밥(05)(09)(10)(17)","348.74kcal","","","2370.82kcal"
"2026-03-12(목)","얼큰수제비국(02)(05)(06)(16)","100.94kcal","등뼈감자탕(02)(05)(06)(10)(16)","321.06kcal","팽이버섯된장국(02)(05)(06)(09)(16)","95.25kcal","","","2370.82kcal"
"2026-03-12(목)","호박새우볶음(05)(06)(09)","31.66kcal","깻잎전(완)(01)(05)(06)(10)","110.63kcal","멘보샤(05)(12)","551.75kcal","","","2370.82kcal"
"2026-03-12(목)","닭바베큐소스조림(05)(06)(12)(15)","293.24kcal","청포묵무침(01)(05)(16)","57.09kcal","백색우유(02)","135kcal","","","2370.82kcal"
"2026-03-12(목)","배추김치","0kcal","복숭아주스(11)","155kcal","배추김치","0kcal","","","2370.82kcal"
"2026-03-12(목)","","","깍두기(수의)(09)","20.9kcal","","","","","2370.82kcal"
"2026-03-13(금)","밥","74.78kcal","돼지국밥(02)(05)(06)(10)(15)(16)(18)","570.84kcal","밥","74.78kcal","","","2634.70kcal"
"2026-03-13(금)","돼지고기고추장찌개(02)(05)(06)(10)(16)","131.52kcal","찹쌀밥","94.78kcal","감자양파찌개(02)(05)(06)(10)(15)(16)","107.5kcal","","","2634.70kcal"
"2026-03-13(금)","느타리버섯볶음(05)(06)","26.65kcal","새우교자만두(05)(06)(09)","784kcal","닭순살김치볶음(05)(15)","355.94kcal","","","2634.70kcal"
"2026-03-13(금)","치즈함박스테이크(01)(02)(05)(06)(10)(12)(15)(16)","246.05kcal","오징어젓무침(17)","60.46kcal","사천식캐슈넛멸치볶음(04)(05)","90.4kcal","","","2634.70kcal"
"2026-03-13(금)","배추김치","0kcal","깍두기(완제품)","0kcal","대추방울토마토(12)","17kcal","","","2634.70kcal"
"2026-03-13(금)","","","","","열무김치","0kcal","","","2634.70kcal"
"2026-03-14(토)","핫도그빵(01)(02)(05)(06)(10)(16)","504.6kcal","밥1","65.34kcal","밥","74.78kcal","","","3202.63kcal"
"2026-03-14(토)","스크램블에그(01)","65.8kcal","삼각주먹밥(완)(01)(02)(05)(06)(16)(18)","395kcal","꼬치어묵국(05)(06)","192.4kcal","","","3202.63kcal"
"2026-03-14(토)","콘푸로스트(05)(06)","229.8kcal","소떡소떡","0kcal","바베큐폭립(완제품)(05)(06)(10)(12)","259.21kcal","","","3202.63kcal"
"2026-03-14(토)","백색우유(02)","135kcal","닭가슴살(15)","198kcal","감자에그샐러드(완)","108kcal","","","3202.63kcal"
"2026-03-14(토)","코울슬로샐러드(01)(05)","119.7kcal","가공우유(초코맛)(02)","220kcal","초코바","185kcal","","","3202.63kcal"
"2026-03-14(토)","","","양송이스프(02)(05)(06)(15)","450kcal","배추김치","0kcal","","","3202.63kcal"
"2026-03-14(토)","","","배추김치","0kcal","","","","","3202.63kcal"
"2026-03-15(일)","밥","74.78kcal","밥","74.78kcal","밥","74.78kcal","","","1037.58kcal"
"2026-03-15(일)","사골미역국(16)","52.86kcal","들깨무채국(02)(05)(06)(16)","15.73kcal","닭고기육개장(01)(02)(05)(06)(15)(16)","84.24kcal","","","1037.58kcal"
"2026-03-15(일)","알떡스테이크(05)(12)","72.25kcal","오리불고기(05)","27.48kcal","돼지고기장조림(01)(05)(06)(10)","258.71kcal","","","1037.58kcal"
"2026-03-15(일)","브로콜리&초고추장(05)","39.16kcal","무쌈(13)","12kcal","시금치무침","27.64kcal","","","1037.58kcal"
"2026-03-15(일)","배추김치","0kcal","흑임자드레싱(01)(05)","23.17kcal","배추김치","0kcal","","","1037.58kcal"
"2026-03-15(일)","","","비요뜨초코링(02)(05)(06)","200kcal","","","","","1037.58kcal"
"2026-03-15(일)","","","배추김치","0kcal","","","","","1037.58kcal"
"2026-03-16(월)","밥","74.78kcal","밥","74.78kcal","카레밥(06)(15)","686.78kcal","","","2496.85kcal"
"2026-03-16(월)","쇠고기탕국(02)(05)(06)(09)(16)","52.7kcal","닭곰탕(15)","82.92kcal","나가사끼짬뽕(05)(06)(10)(17)(18)","112.81kcal","","","2496.85kcal"
"2026-03-16(월)","진미채고추장조림(05)(06)(17)","139kcal","감자채볶음(02)(05)(06)(10)(15)(16)","63.36kcal","생선가스(01)(05)(06)","406.25kcal","","","2496.85kcal"
"2026-03-16(월)","비엔나소시지감자조림(02)(05)(06)(10)(15)(16)(18)","307.78kcal","순살고등어구이(05)(06)(07)(15)(18)","143.79kcal","계란후라이(완제품)(01)(02)(06)(10)","102.5kcal","","","2496.85kcal"
"2026-03-16(월)","김","28kcal","백색우유(02)","135kcal","바나나","86.4kcal","","","2496.85kcal"
"2026-03-16(월)","배추김치","0kcal","배추김치","0kcal","배추김치","0kcal","","","2496.85kcal"
"2026-03-17(화)","밥","74.78kcal","현미밥","92.93kcal","찹쌀밥","94.78kcal","","","1840.81kcal"
"2026-02-17(화)","","","","","떡, 고수록식품, 고수록생모시두텁떡,  400g(40g10개)","","","","3484.72kcal"
"2026-02-18(수)","밥","373.89kcal","찰현미밥","392.04kcal","밥1","326.7kcal","","","3282.64kcal"
"2026-02-18(수)","얼큰수제비국(02)(05)(06)(16)","106.66kcal","감자양파찌개(02)(05)(06)(10)(15)(16)","123.62kcal","꼬치어묵국(05)(06)","192.53kcal","","","3282.64kcal"
"2026-02-18(수)","김자반","88.4kcal","동파육","847.8kcal","누들떡볶이(01)(05)(06)","315.93kcal","","","3282.64kcal"
"2026-02-18(수)","치즈언양식불고기(01)(05)","296.75kcal","양념깻잎지(05)(06)(09)(13)","46kcal","김말이튀김(05)(06)","42.6kcal","","","3282.64kcal"
"2026-02-18(수)","무나물","21.72kcal","두유(05)","100kcal","반달단무지(13)","8kcal","","","3282.64kcal"
"2026-02-18(수)","배추김치","0kcal","배추김치","0kcal","","","","","3282.64kcal"
"2026-02-19(목)","밥","373.89kcal","밥","373.89kcal","밥","373.89kcal","","","3532.79kcal"
"2026-02-19(목)","쇠고기무국(02)(05)(06)(16)","91.16kcal","해물짬뽕(05)(06)(09)(10)(15)(16)(17)(18)","142.91kcal","유부장국(02)(05)(06)(16)","13.26kcal","","","3532.79kcal"
"2026-02-19(목)","맛밤송송함박스테이크(05)(10)(12)(13)(16)","559.25kcal","돼지삼겹야채볶음(02)(05)(06)(10)(16)(18)","541.08kcal","양념치킨vs후라이드치킨(05)(06)(12)(15)(18)","830.74kcal","","","3532.79kcal"
"2026-02-19(목)","브로콜리&초고추장(05)","40.29kcal","배추나물(05)(06)","26.43kcal","제로콜라2","1kcal","","","3532.79kcal"
"2026-02-19(목)","배추김치","0kcal","백색우유(02)","135kcal","무&비트피클(완)","30kcal","","","3532.79kcal"
"2026-02-19(목)","","","깍두기(완제품)","0kcal","배추김치","0kcal","","","3532.79kcal"
"2026-02-20(금)","밥","373.89kcal","밥","373.89kcal","중화식덮밥(05)(09)(10)(17)","647.85kcal","","","3124.51kcal"
"2026-02-20(금)","돼지고기고추장찌개(02)(05)(06)(10)(16)","139.56kcal","돼지고기애호박찌개(02)(05)(06)(10)(16)","120.65kcal","물만두국(01)(02)(05)(06)(09)(10)(16)","98.05kcal","","","3124.51kcal"
"2026-02-20(금)","너비아니꼬지치즈맛(02)(05)(06)(10)(15)(16)","462kcal","소불고기(완제품)(02)(05)(06)(13)(16)","319.92kcal","타코야끼(05)(06)(15)(18)","221.25kcal","","","3124.51kcal"
"2026-02-20(금)","콩나물매운무침(05)","25.07kcal","시금치고추장무침(05)","35.86kcal","사과(후지)","55.42kcal","","","3124.51kcal"
"2026-02-20(금)","김","28kcal","비요뜨초코링(02)(05)(06)","200kcal","배추김치","0kcal","","","3124.51kcal"
"2026-02-20(금)","백김치","23.1kcal","배추김치","0kcal","","","","","3124.51kcal"
"2026-02-21(토)","햄치즈버거(01)(02)(05)(06)(10)(16)(18)","429kcal","밥","373.89kcal","오징어덮밥(05)(06)(17)","575.18kcal","","","2958.51kcal"
"2026-02-21(토)","계란후라이(완제품)(01)(02)(06)(10)","102.5kcal","사골우거지국(02)(05)(06)(16)(18)","190.18kcal","미소장국(05)","42.89kcal","","","2958.51kcal"
"2026-02-21(토)","첵스초코시리얼(05)(06)","236.4kcal","감자채볶음(02)(05)(06)(10)(15)(16)","74.28kcal","모짜렐라핫도그(01)(02)(05)(06)(10)(12)(16)","192.08kcal","","","2958.51kcal"
"2026-02-21(토)","백색우유(02)","135kcal","닭바베큐소스조림(05)(06)(12)(15)","334.11kcal","배추김치","0kcal","","","2958.51kcal"
"2026-02-21(토)","감자에그샐러드(완)","108kcal","가공우유(바나나맛)(02)","165kcal","","","","","2958.51kcal"
"2026-02-21(토)","","","배추김치","0kcal","","","","","2958.51kcal"
"2026-02-22(일)","밥","373.89kcal","밥","373.89kcal","밥","373.89kcal","","","3612.70kcal"
"2026-02-22(일)","쇠고기미역국(02)(05)(06)(16)","140.01kcal","순대국밥(05)(06)(10)","411.19kcal","참치김치찌개(05)(09)","128.55kcal","","","3612.70kcal"
"2026-02-22(일)","계란장조림","296kcal","평양왕만두","400.4kcal","간장돼지불고기(완제품)(05)(06)(10)","480.12kcal","","","3612.70kcal"
"2026-02-22(일)","동그랑땡(05)(06)(10)","392.33kcal","양념깻잎지(05)(06)(09)(13)","46kcal","무조림(05)(06)","26.03kcal","","","3612.70kcal"
"2026-02-22(일)","배추김치","0kcal","백색우유(02)","135kcal","파김치(09)","35.4kcal","","","3612.70kcal"
"2026-02-22(일)","","","깍두기(완제품)","0kcal","","","","","3612.70kcal"
"2026-02-23(월)","밥","373.89kcal","잡곡밥","423.11kcal","새우튀김덮밥(에비동)(05)(06)(09)(15)(18)","613.24kcal","","","3270.30kcal"
"2026-02-23(월)","조갯살시금치된장국(02)(05)(06)(16)(18)","60.9kcal","쇠고기탕국(02)(05)(06)(09)(16)","155.17kcal","팽이버섯된장국(02)(05)(06)(09)(16)","110.24kcal","","","3270.30kcal"
"2026-02-23(월)","어묵볶음(05)(06)","253.23kcal","갈치순살튀김(01)(05)","372kcal","닭강정(01)(02)(05)(06)(12)(15)(18)","330kcal","","","3270.30kcal"
"2026-02-23(월)","비엔나메추리알조림(01)(02)(05)(06)(10)(15)(16)(18)","344.52kcal","밥싸먹는훈제오리(15)","184kcal","파인애플스틱","50kcal","","","3270.30kcal"
"2026-02-23(월)","배추김치","0kcal","드링킹요거트","0kcal","배추김치","0kcal","","","3270.30kcal"
"2026-02-23(월)","","","배추김치","0kcal","","","","","3270.30kcal"
"2026-02-24(화)","밥","373.89kcal","밥","373.89kcal","밥","373.89kcal","","","3718.38kcal"
"2026-02-24(화)","순두부찌개(02)(05)(06)(16)(18)","52.3kcal","어묵탕(05)(06)","79.9kcal","불고기크로켓(05)(12)","608.51kcal","","","3718.38kcal"
"2026-02-24(화)","애호박나물(05)(09)","33.68kcal","훈제삼겹살(05)(06)(07)(10)(13)(16)","774kcal","양송이스프(02)(05)(06)(15)","450kcal","","","3718.38kcal"
"2026-02-24(화)","치즈함박스테이크(01)(02)(05)(06)(10)(12)(15)(16)","246.05kcal","백색우유(02)","135kcal","푸실리파스타(02)(05)(06)(12)(15)(16)(18)","100.38kcal","","","3718.38kcal"
"2026-02-24(화)","배추김치","0kcal","무말랭이무침(13)","91kcal","배추김치","0kcal","","","3718.38kcal"
"2026-02-24(화)","","","저염쌈장(05)(06)","25.89kcal","","","","","3718.38kcal"
"2026-02-24(화)","","","보쌈김치","0kcal","","","","","3718.38kcal"
"2026-02-25(수)","밥","373.89kcal","흑미밥","392.64kcal","찰현미밥","392.04kcal","","","3279.37kcal"
"2026-02-25(수)","황태채국(01)(02)(05)(06)(16)","78.45kcal","수제비국(02)(05)(06)(16)","90.87kcal","쇠고기육개장(01)(02)(05)(06)(16)","83.95kcal","","","3279.37kcal"
"2026-02-25(수)","감자채볶음(02)(05)(06)(10)(15)(16)","74.28kcal","주꾸미볶음(05)(06)","192.16kcal","닭고기야채조림(05)(06)(15)","397.11kcal","","","3279.37kcal"
"2026-02-25(수)","치킨너겟(01)(02)(05)(06)(12)(15)(16)(18)","173.39kcal","계란찜(09)","4.64kcal","미역줄기볶음(05)(06)","44.95kcal","","","3279.37kcal"
"2026-02-25(수)","배추김치","0kcal","음료","0kcal","배추김치","0kcal","","","3279.37kcal"
"2026-02-25(수)","","","열무김치","0kcal","참조은에스에프 블루베리크림치즈찰떡,1.8kg(60g*30개)","981kcal","","","3279.37kcal"
"2026-02-25(수)","","","","","200오븐에구운 호두파이,400g(40g*10개)","","","","3279.37kcal"
"2026-02-26(목)","밥","373.89kcal","밥","373.89kcal","찹쌀밥","393.89kcal","","","3053.82kcal"
"2026-02-26(목)","참치오믈렛(01)(05)(06)(18)","190kcal","마라탕(06)(09)(16)","195.33kcal","갈낙탕(01)(02)(05)(06)(16)(17)","403.94kcal","","","3053.82kcal"
"2026-02-26(목)","두부김치국(02)(05)(06)(09)(16)","27.89kcal","돼지고기청경채볶음(05)(06)(10)(18)","297.87kcal","돼지고기육전(01)(05)(06)(10)","137.67kcal","","","3053.82kcal"
"2026-02-26(목)","언양식바싹불고기(01)(02)(05)(06)(10)(12)(15)(16)","326.25kcal","진미채고추장조림(05)(06)(17)","139kcal","근대무침(05)(06)","23.2kcal","","","3053.82kcal"
"2026-02-26(목)","깍두기(완제품)","0kcal","백색우유(02)","135kcal","딸기","36kcal","","","3053.82kcal"
"2026-02-26(목)","","","붕어빵(슈크림)","0kcal","깍두기(완제품)","0kcal","","","3053.82kcal"
"2026-02-26(목)","","","배추김치","0kcal","","","","","3053.82kcal"
"2026-02-27(금)","밥","373.89kcal","밥","373.89kcal","밥","373.89kcal","","","3253.90kcal"
"2026-02-27(금)","쇠고기무국(02)(05)(06)(16)","91.16kcal","얼큰계란국(01)(16)","171.7kcal","순두부백탕(01)(02)(05)(06)(09)(16)(18)","76.7kcal","","","3253.90kcal"
"2026-02-27(금)","느타리버섯볶음(05)(06)","28.36kcal","오삼불고기(05)(06)(10)(17)","631.08kcal","훈제오리볶음(01)(05)(06)(18)","517.77kcal","","","3253.90kcal"
"2026-02-27(금)","남도떡갈비(01)(02)(05)","437kcal","연두부&양념장(05)(06)","69.15kcal","가지볶음(05)(06)","37.31kcal","","","3253.90kcal"
"2026-02-27(금)","배추김치","0kcal","오렌지주스","60kcal","무쌈(13)","12kcal","","","3253.90kcal"
"2026-02-27(금)","","","배추김치","0kcal","배추김치","0kcal","","","3253.90kcal"
"2026-02-28(토)","핫도그빵(01)(02)(05)(06)","534.6kcal","밥1","326.7kcal","쇠고기덮밥(05)(16)","901.47kcal","","","4360.76kcal"
"2026-02-28(토)","스크램블에그(01)(05)","86.43kcal","치킨스테이크(02)(05)(15)","851.08kcal","콩나물국(02)(05)(06)(16)","30.38kcal","","","4360.76kcal"
"2026-02-28(토)","코울슬로샐러드(01)(05)","119.7kcal","포테이토크림스프(02)(05)(06)(10)(15)(16)","220kcal","닭꼬치(완)(05)(06)(15)","400kcal","","","4360.76kcal"
"2026-02-28(토)","백색우유(02)","135kcal","가공우유(초코맛)(02)","220kcal","계란후라이(완제품)(01)(02)(06)(10)","102.5kcal","","","4360.76kcal"
"2026-02-28(토)","오레오오즈(02)(05)(06)(10)","360kcal","배추김치","0kcal","배추김치","0kcal","","","4360.76kcal"
"2026-02-28(토)","오이피클","72.9kcal","","","","","","","4360.76kcal"
"2026-03-01(일)","밥","74.78kcal","밥","74.78kcal","밥","74.78kcal","","","2705.21kcal"
"2026-03-01(일)","사골우거지국(02)(05)(06)(16)(18)","189.92kcal","콩나물국(02)(05)(06)(16)","29.87kcal","감자국(02)(05)(06)(16)","42.4kcal","","","2705.21kcal"
"2026-03-01(일)","투움바함박스테이크(01)(02)(05)(06)(10)(12)(15)(16)(18)","393kcal","돼지갈비찜(05)(06)(10)(12)","504.98kcal","낙지삼겹살새우볶음(02)(05)(06)(09)(10)(16)(17)(18)","627.65kcal","","","2705.21kcal"
"2026-03-01(일)","시금치고추장무침(05)","34.04kcal","도토리묵무침(05)(06)","53.01kcal","계란장조림","296kcal","","","2705.21kcal"
"2026-03-01(일)","배추김치","0kcal","스틱치즈케익(01)(02)(05)(06)","175kcal","백색우유(02)","135kcal","","","2705.21kcal"
"2026-03-01(일)","","","배추김치","0kcal","배추김치","0kcal","","","2705.21kcal"
"2026-03-02(월)","밥","74.78kcal","밥","74.78kcal","찹쌀밥","94.78kcal","","","1773.62kcal"
"2026-03-02(월)","김치찌개(05)(09)(10)","103.78kcal","어묵탕(05)(06)","79.65kcal","사골곰탕(05)(06)","168.54kcal","","","1773.62kcal"
"2026-03-02(월)","비엔나소시지케찹볶음(02)(05)(06)(10)(12)(16)(18)","356.28kcal","훈제닭다리(완)(01)(02)(05)","300.6kcal","고기만두찜","7.24kcal","","","1773.62kcal"
"2026-03-02(월)","멸치볶음(05)","59.91kcal","두부양념장(05)(06)","89.08kcal","양념고추지","16kcal","","","1773.62kcal"
"2026-03-02(월)","깍두기(수의)(09)","20.9kcal","가공우유(초코맛)(02)","220kcal","바나나","86.4kcal","","","1773.62kcal"
"2026-03-02(월)","","","배추김치","0kcal","깍두기(수의)(09)","20.9kcal","","","1773.62kcal"
"2026-03-03(화)","밥","74.78kcal","잡곡밥","99.44kcal","밥","74.78kcal","","","1776.58kcal"
"2026-03-03(화)","황태해장국(완)(05)","78.08kcal","차돌박이된장찌개(05)(06)(16)","121.92kcal","유부장국(02)(05)(06)(16)","12.76kcal","","","1776.58kcal"
"2026-03-03(화)","돼지고기부추볶음(02)(05)(06)(10)(16)(18)","322.56kcal","가자미구이(05)(06)","170.91kcal","치즈돈가스(02)(05)(06)(10)(12)(16)(18)","435.5kcal","","","1776.58kcal"
"2026-02-04(수)","돼지고기고추장찌개(02)(05)(06)(10)(16)","139.56kcal","시금치된장국(02)(05)(06)(16)","110.14kcal","해물탕(05)(06)(09)(17)(18)","103.01kcal","","","3471.32kcal"
"2026-02-04(수)","김자반","88.4kcal","굴림만두(01)(05)(06)(10)(16)","528kcal","감자채볶음(02)(05)(06)(10)(15)(16)","74.28kcal","","","3471.32kcal"
"2026-02-04(수)","쇠고기감자조림(05)(06)(16)","407.06kcal","계란후라이(완제품)(01)(02)(06)(10)","102.5kcal","고추잡채(05)(06)(10)(18)","323.93kcal","","","3471.32kcal"
"2026-02-04(수)","무나물","21.72kcal","마시는발효유","0kcal","샤인머스켓","58.5kcal","","","3471.32kcal"
"2026-02-04(수)","배추김치","0kcal","열무김치","0kcal","배추김치","0kcal","","","3471.32kcal"
"2026-02-05(목)","밥","373.89kcal","밥","373.89kcal","밥","373.89kcal","","","2840.90kcal"
"2026-02-05(목)","황태채국(01)(02)(05)(06)(16)","78.45kcal","물만두국(01)(02)(05)(06)(09)(10)(16)","98.05kcal","감자양파찌개(02)(05)(06)(10)(15)(16)","123.62kcal","","","2840.90kcal"
"2026-02-05(목)","돼지고기부추볶음(02)(05)(06)(10)(16)(18)","307.77kcal","백순대볶음(05)(06)(10)","163.96kcal","닭순살치킨가스(01)(05)(06)(10)(12)(15)(16)","600.25kcal","","","2840.90kcal"
"2026-02-05(목)","브로콜리&초고추장(05)","40.29kcal","옥수수계란찜(09)","11.64kcal","단호박샐러드(완)","160.2kcal","","","2840.90kcal"
"2026-02-05(목)","배추김치","0kcal","백색우유(02)","135kcal","배추김치","0kcal","","","2840.90kcal"
"2026-02-05(목)","","","배추김치","0kcal","","","","","2840.90kcal"
"2026-02-06(금)","밥","373.89kcal","현미밥","392.04kcal","밥","373.89kcal","","","2874.82kcal"
"2026-02-06(금)","얼큰쇠고기무국(02)(05)(06)(16)","130.22kcal","돼지고기애호박찌개(02)(05)(06)(10)(16)","120.65kcal","수제비국(02)(05)(06)(16)","90.87kcal","","","2874.82kcal"
"2026-02-06(금)","맛밤송송함박스테이크(05)(10)(12)(13)(16)","559.25kcal","궁중떡볶이(02)(05)(06)(10)(16)(18)","289.09kcal","주꾸미볶음(05)(06)","192.16kcal","","","2874.82kcal"
"2026-02-06(금)","근대무침(05)(06)","23.2kcal","가자미구이(05)(06)","160.53kcal","두부양념장(05)(06)","89.08kcal","","","2874.82kcal"
"2026-02-06(금)","배추김치","0kcal","배추김치","0kcal","한라봉","79.95kcal","","","2874.82kcal"
"2026-02-06(금)","","","","","배추김치","0kcal","","","2874.82kcal"
"2026-02-07(토)","불고기버거(01)(02)(05)(06)(10)(13)(16)(18)","476.32kcal","찹쌀밥","393.89kcal","치킨마요덮밥(01)(02)(05)(06)(10)(12)(15)(16)(18)","930.47kcal","","","3999.97kcal"
"2026-02-07(토)","계란후라이(완제품)(01)(02)(06)(10)","102.5kcal","사골곰탕(05)(06)","168.79kcal","어묵탕(05)(06)","79.9kcal","","","3999.97kcal"
"2026-02-07(토)","고구마샐러드(완)(01)","189.99kcal","메밀전병(03)(05)(06)(10)","752.63kcal","비엔나소시지케찹볶음(02)(05)(06)(10)(12)(16)(18)","356.28kcal","","","3999.97kcal"
"2026-02-07(토)","오곡코코볼","178.2kcal","양념고추지","16kcal","배추김치","0kcal","","","3999.97kcal"
"2026-02-07(토)","백색우유(02)","135kcal","가공우유(초코맛)(02)","220kcal","","","","","3999.97kcal"
"2026-02-07(토)","","","깍두기(완제품)","0kcal","","","","","3999.97kcal"
"2026-02-08(일)","밥","373.89kcal","밥","373.89kcal","밥","373.89kcal","","","2692.53kcal"
"2026-02-08(일)","사골우거지국(02)(05)(06)(16)(18)","190.18kcal","얼큰계란국(01)(16)","171.7kcal","닭볶음탕(05)(15)","356.73kcal","","","2692.53kcal"
"2026-02-08(일)","느타리버섯볶음(05)(06)","28.36kcal","콩나물불고기(05)(06)(10)","475.48kcal","쇠고기육개장(01)(02)(05)(06)(16)","83.95kcal","","","2692.53kcal"
"2026-02-08(일)","두부스테이크(12)","10kcal","가지볶음(05)(06)","37.31kcal","청포묵무침(01)(05)(16)","59.05kcal","","","2692.53kcal"
"2026-02-08(일)","배추김치","0kcal","백김치","23.1kcal","백색우유(02)","135kcal","","","2692.53kcal"
"2026-02-08(일)","","","","","배추김치","0kcal","","","2692.53kcal"
"2026-02-09(월)","밥","373.89kcal","찹쌀밥","393.89kcal","밥","373.89kcal","","","3067.23kcal"
"2026-02-09(월)","감자호박국(02)(05)(06)(16)","41.78kcal","돼지국밥(05)(06)(10)","322.46kcal","부대찌개(02)(05)(06)(10)(12)(15)(16)(18)","212.72kcal","","","3067.23kcal"
"2026-02-09(월)","마파두부(05)(06)(10)(15)(18)","216.63kcal","깐쇼새우(05)(06)(09)(12)(16)","304.13kcal","돼지고기자장볶음(05)(10)","322.22kcal","","","3067.23kcal"
"2026-02-09(월)","시금치무침","29.46kcal","오징어젓무침(17)","62.16kcal","연근조림(02)(05)(06)(09)(18)","62kcal","","","3067.23kcal"
"2026-02-09(월)","김","28kcal","백색우유(02)","135kcal","바나나","189kcal","","","3067.23kcal"
"2026-02-09(월)","배추김치","0kcal","깍두기(완제품)","0kcal","배추김치","0kcal","","","3067.23kcal"
"2026-02-10(화)","밥","373.89kcal","잡곡밥","423.11kcal","유산슬덮밥(05)(06)(09)(10)(17)(18)","596.32kcal","","","3481.10kcal"
"2026-02-10(화)","키조개미역국(02)(05)(06)(16)(18)","37.85kcal","쇠고기버섯전골(02)(05)(06)(09)(16)","144.29kcal","순두부백탕(01)(02)(05)(06)(09)(16)(18)","76.7kcal","","","3481.10kcal"
"2026-02-10(화)","치킨너겟(01)(02)(05)(06)(12)(15)(16)(18)","173.39kcal","순살삼치구이(05)(06)(07)(15)(18)","189.22kcal","멘보샤(05)(12)","551.75kcal","","","3481.10kcal"
"2026-02-10(화)","메추리알장조림(완)(01)(05)(06)","277.5kcal","계란말이(완)(01)(05)","156.08kcal","딸기","36kcal","","","3481.10kcal"
"2026-02-10(화)","배추김치","0kcal","갈아만든배(음료)","0kcal","배추김치","0kcal","","","3481.10kcal"
"2026-02-10(화)","","","열무김치","0kcal","삼양식품,큰컵나가사끼짬뽕,105g","445kcal","","","3481.10kcal"
"2026-02-10(화)","","","","","농심,육개장사발면,86g","","","","3481.10kcal"
"2026-02-11(수)","밥","373.89kcal","밥","373.89kcal","카레밥(06)(15)","985.89kcal","","","3329.98kcal"
"2026-02-11(수)","얼갈이된장국(05)(06)","41.12kcal","참치고추장찌개(02)(05)(06)(09)(16)","188.92kcal","나가사끼짬뽕(05)(06)(10)(17)(18)","114.05kcal","","","3329.98kcal"
"2026-02-11(수)","소고기꽈리고추조림(05)(16)","304.26kcal","파채&간장돼지불백(02)(05)(06)(10)(16)(18)","289.84kcal","생선가스(01)(05)(06)","406.25kcal","","","3329.98kcal"
"2026-02-11(수)","연두부&양념장(05)(06)","69.15kcal","무나물","21.72kcal","계란후라이(완제품)(01)(02)(06)(10)","102.5kcal","","","3329.98kcal"
"2026-02-11(수)","열무김치","0kcal","게토레이","0kcal","샤인머스켓","58.5kcal","","","3329.98kcal"
"2026-02-11(수)","","","배추김치","0kcal","배추김치","0kcal","","","3329.98kcal"
"2026-02-12(목)","밥","373.89kcal","밥","373.89kcal","밥","373.89kcal","","","3541.18kcal"
"2026-02-12(목)","감자국(02)(05)(06)(16)","52.01kcal","닭곰탕(15)","83.68kcal","사누끼우동(05)(06)","59.12kcal","","","3541.18kcal"
"2026-02-12(목)","미트볼조림(01)(02)(05)(06)(10)(12)(15)(16)","475.46kcal","낙지삼겹살새우볶음(02)(05)(06)(09)(10)(16)(17)(18)","603.04kcal","에그카츠(01)(05)(06)(10)(12)","518.25kcal","","","3541.18kcal"
"2026-02-12(목)","피자오믈렛","149kcal","미역줄기볶음(05)(06)","44.95kcal","양배추피클","92kcal","","","3541.18kcal"
"2026-02-12(목)","배추김치","0kcal","붕어빵(팥)(06)","207kcal","배추김치","0kcal","","","3541.18kcal"
"2026-02-12(목)","","","백색우유(02)","135kcal","","","","","3541.18kcal"
"2026-02-12(목)","","","배추김치","0kcal","","","","","3541.18kcal"
"2026-02-13(금)","밥","373.89kcal","밥","373.89kcal","흑미밥","392.64kcal","","","2934.57kcal"
"2026-02-13(금)","김치찌개(05)(09)(10)","105.91kcal","꽃게탕(05)(06)(08)(17)","93.24kcal","쇠고기탕국(02)(05)(06)(09)(16)","155.17kcal","","","2934.57kcal"
"2026-02-13(금)","돼지고기무볶음(05)(06)(10)","461.23kcal","비엔나소시지감자조림(02)(05)(06)(10)(15)(16)(18)","333.98kcal","호박새우볶음(05)(06)(09)","34.62kcal","","","2934.57kcal"
"2026-02-13(금)","멸치볶음(05)","61.61kcal","콩나물무침(05)(06)","24.46kcal","볼케이노치킨(02)(05)(06)(12)(15)(16)(18)","333.53kcal","","","2934.57kcal"
"2026-02-13(금)","깍두기(완제품)","0kcal","복숭아주스(11)","155kcal","배추김치","0kcal","","","2934.57kcal"
"2026-02-13(금)","","","파김치(09)","35.4kcal","","","","","2934.57kcal"
"2026-02-14(토)","핫도그빵(01)(02)(05)(06)","534.6kcal","삼각주먹밥(완)(01)(02)(05)(06)(16)(18)","19500kcal","제육덮밥(05)(06)(10)","693.47kcal","","","23198.29kcal"
"2026-02-14(토)","스크램블에그(01)(05)","86.43kcal","밥1","326.7kcal","미소장국(05)","42.89kcal","","","23198.29kcal"
"2026-02-14(토)","백색우유(02)","135kcal","소떡소떡","0kcal","새우교자만두(05)(06)(09)","784kcal","","","23198.29kcal"
"2026-02-14(토)","아몬드후레이크(05)","258kcal","양송이스프(02)(05)(06)(15)","450kcal","계란후라이(완제품)(01)(02)(06)(10)","102.5kcal","","","23198.29kcal"
"2026-02-14(토)","코울슬로샐러드(01)(05)","119.7kcal","가공우유(딸기맛)(02)","165kcal","배추김치","0kcal","","","23198.29kcal"
"2026-02-14(토)","","","배추김치","0kcal","","","","","23198.29kcal"
"2026-02-15(일)","전복내장죽(완)(05)(06)(16)(18)","64kcal","밥","373.89kcal","밥","373.89kcal","","","2771.87kcal"
"2026-02-15(일)","남도떡갈비(01)(02)(05)","437kcal","장터국(16)","95.66kcal","시래기감자탕(02)(05)(06)(10)(16)","357.99kcal","","","2771.87kcal"
"2026-02-15(일)","메추리알장조림(완)(01)(05)(06)","277.5kcal","새송이버섯야채볶음(05)(06)(10)(18)","56.02kcal","깻잎전(완)(01)(05)(06)(10)","110.63kcal","","","2771.87kcal"
"2026-02-15(일)","배추김치","0kcal","들깨백불고기(02)(05)(06)(10)(16)(18)","444.14kcal","도토리묵&양념장(05)(06)","46.15kcal","","","2771.87kcal"
"2026-02-15(일)","","","백색우유(02)","135kcal","깍두기(완제품)","0kcal","","","2771.87kcal"
"2026-02-15(일)","","","배추김치","0kcal","","","","","2771.87kcal"
"2026-02-16(월)","밥","373.89kcal","밥","373.89kcal","현미밥","392.04kcal","","","3319.21kcal"
"2026-02-16(월)","황태해장국(완)(05)","78.58kcal","햄짜글이(02)(05)(06)(10)(16)(18)","176.03kcal","사골미역국(16)","63.16kcal","","","3319.21kcal"
"2026-02-16(월)","투움바함박스테이크(01)(02)(05)(06)(10)(12)(15)(16)(18)","133kcal","순살안동찜닭(05)(06)(15)","358.47kcal","순살족발(02)(05)(06)(10)(16)","536.5kcal","","","3319.21kcal"
"2026-02-16(월)","두부양념장(05)(06)","89.08kcal","쇠고기육전(02)(05)(06)(16)","388.92kcal","모듬쌈(05)(06)","30.65kcal","","","3319.21kcal"
"2026-02-16(월)","배추김치","0kcal","샤인머스켓주스","45kcal","바나나","189kcal","","","3319.21kcal"
"2026-02-16(월)","","","배추김치","0kcal","무말랭이무침(13)","91kcal","","","3319.21kcal"
"2026-02-16(월)","","","","","보쌈김치","0kcal","","","3319.21kcal"
"2026-02-17(화)","쇠고기떡국(01)(02)(05)(06)(16)","307.91kcal","찹쌀밥","393.89kcal","밥","373.89kcal","","","3484.72kcal"
"2026-02-17(화)","밥","373.89kcal","꼬리곰탕(05)(06)(09)(16)","321.64kcal","차돌박이된장찌개(05)(06)(16)","148.47kcal","","","3484.72kcal"
"2026-02-17(화)","부들어묵볶음(05)(06)","213.91kcal","버섯잡채(05)(06)(10)(16)(18)","116.05kcal","돼지갈비찜(05)(06)(10)(12)","467.77kcal","","","3484.72kcal"
"2026-02-17(화)","왕교자만두찜(05)(06)(10)(16)(18)","266kcal","식혜","49kcal","오미산적(완)(01)(02)(05)(06)(08)(10)(12)(13)(16)","195.63kcal","","","3484.72kcal"
"2026-02-17(화)","배추김치","0kcal","양념전복장(05)(06)(18)","121.67kcal","백색우유(02)","135kcal","","","3484.72kcal"
"2026-02-17(화)","","","깍두기(완제품)","0kcal","배추김치","0kcal","","","3484.72kcal"
"2026-01-21(수)","배추김치","0kcal","백색우유(02)","135kcal","사과(후지)","55.42kcal","","","3186.13kcal"
"2026-01-21(수)","","","열무김치","0kcal","깍두기(완제품)","0kcal","","","3186.13kcal"
"2026-01-21(수)","","","","","떡, 고수록식품, 고수록생모시두텁떡,  400g(40g10개)","","","","3186.13kcal"
"2026-01-21(수)","","","","","200오븐에구운 호두파이,400g(40g*10개)","","","","3186.13kcal"
"2026-01-22(목)","밥","373.89kcal","밥","373.89kcal","사누끼우동(05)(06)","59.12kcal","","","2603.23kcal"
"2026-01-22(목)","참치오믈렛(01)(05)(06)(18)","190kcal","꼬리곰탕(05)(06)(09)(16)","321.56kcal","밥","373.89kcal","","","2603.23kcal"
"2026-01-22(목)","두부김치국(02)(05)(06)(09)(15)(16)(18)","27.89kcal","돼지고기육전(01)(05)(06)(10)","137.67kcal","등심돈까스(05)(06)(12)(16)(18)","171.25kcal","","","2603.23kcal"
"2026-01-22(목)","돼지고기청경채볶음(05)(06)(10)(18)","297.87kcal","양념고추지","16kcal","단호박샐러드(완)","160.2kcal","","","2603.23kcal"
"2026-01-22(목)","깍두기(완제품)","0kcal","두유(05)","100kcal","배추김치","0kcal","","","2603.23kcal"
"2026-01-22(목)","","","깍두기(완제품)","0kcal","","","","","2603.23kcal"
"2026-01-23(금)","밥","373.89kcal","밥","373.89kcal","찰현미밥","392.04kcal","","","3060.63kcal"
"2026-01-23(금)","쇠고기무국(02)(05)(06)(15)(16)(18)","80.86kcal","감자양파찌개(02)(05)(06)(10)(15)(16)(18)","145.62kcal","차돌박이된장찌개(05)(06)(16)","136.22kcal","","","3060.63kcal"
"2026-01-23(금)","맛밤송송함박스테이크(05)(10)(12)(13)(16)","559.25kcal","파채&간장돼지불백(02)(05)(06)(10)(15)(16)(18)","289.84kcal","닭순살김치볶음(05)(15)","360.85kcal","","","3060.63kcal"
"2026-01-23(금)","시금치고추장무침(05)","35.86kcal","연근조림(02)(05)(06)(09)(18)","62kcal","미역줄기볶음(05)(06)","44.95kcal","","","3060.63kcal"
"2026-01-23(금)","배추김치","0kcal","백색우유(02)","135kcal","감귤","70.36kcal","","","3060.63kcal"
"2026-01-23(금)","","","배추김치","0kcal","배추김치","0kcal","","","3060.63kcal"
"2026-01-24(토)","핫도그빵(01)(02)(05)(06)","534.6kcal","밥1","326.7kcal","제육덮밥(05)(06)(10)","693.47kcal","","","3901.66kcal"
"2026-01-24(토)","스크램블에그(01)(05)","86.43kcal","치킨스테이크(02)(05)(15)","851.08kcal","물만두국(01)(02)(05)(06)(09)(10)(15)(16)(18)","98.05kcal","","","3901.66kcal"
"2026-01-24(토)","백색우유(02)","135kcal","양송이스프(02)(05)(06)(15)","250kcal","야채고기말이(01)(02)(05)(06)(10)(15)(16)(18)","111.23kcal","","","3901.66kcal"
"2026-01-24(토)","오이피클","72.9kcal","가공우유(초코맛)(02)","160kcal","계란후라이(완제품)(01)(02)(06)(10)","102.5kcal","","","3901.66kcal"
"2026-01-24(토)","오레오오즈(02)(05)(06)(10)","360kcal","코울슬로샐러드(01)(05)","119.7kcal","배추김치","0kcal","","","3901.66kcal"
"2026-01-24(토)","","","배추김치","0kcal","","","","","3901.66kcal"
"2026-01-25(일)","밥","373.89kcal","밥","373.89kcal","밥","373.89kcal","","","2430.53kcal"
"2026-01-25(일)","아욱된장국(02)(05)(06)(15)(16)(18)","60.01kcal","얼큰계란국(01)(16)","91.1kcal","돼지고기고추장찌개(02)(05)(06)(10)(15)(16)(18)","139.56kcal","","","2430.53kcal"
"2026-01-25(일)","치킨너겟(01)(02)(05)(06)(12)(15)(16)(18)","164.84kcal","콩나물불고기(05)(06)(10)","475.48kcal","오리불고기(05)","30.68kcal","","","2430.53kcal"
"2026-01-25(일)","연두부&양념장(05)(06)","69.15kcal","무말랭이무침(13)","91kcal","미역초무침(05)(06)","20.04kcal","","","2430.53kcal"
"2026-01-25(일)","배추김치","0kcal","복숭아주스(11)","155kcal","무쌈(13)","12kcal","","","2430.53kcal"
"2026-01-25(일)","","","배추김치","0kcal","배추김치","0kcal","","","2430.53kcal"
"2026-01-26(월)","밥","373.89kcal","찹쌀밥","393.89kcal","밥","373.89kcal","","","2804.13kcal"
"2026-01-26(월)","두부김치국(02)(05)(06)(09)(15)(16)(18)","27.89kcal","순두부백탕(01)(02)(05)(06)(09)(15)(16)(18)","76.7kcal","쇠고기육개장(01)(02)(05)(06)(15)(16)(18)","83.95kcal","","","2804.13kcal"
"2026-01-26(월)","김자반","88.4kcal","감자채볶음(02)(05)(06)(10)(16)(18)","96.28kcal","돼지고기자장볶음(05)(10)","322.22kcal","","","2804.13kcal"
"2026-01-26(월)","동그랑땡(05)(06)(10)","392.33kcal","볼케이노치킨(02)(05)(06)(12)(15)(16)(18)","333.53kcal","근대무침(05)(06)","23.2kcal","","","2804.13kcal"
"2026-01-26(월)","콩나물무침(05)(06)","24.46kcal","백색우유(02)","135kcal","샤인머스켓","58.5kcal","","","2804.13kcal"
"2026-01-26(월)","깍두기(완제품)","0kcal","붕어빵(슈크림)","0kcal","배추김치","0kcal","","","2804.13kcal"
"2026-01-26(월)","","","배추김치","0kcal","","","","","2804.13kcal"
"2026-01-27(화)","밥","373.89kcal","찰현미밥","392.04kcal","밥","373.89kcal","","","2745.32kcal"
"2026-01-27(화)","돼지고기애호박찌개(02)(05)(06)(10)(15)(16)(18)","120.65kcal","부대찌개(02)(05)(06)(10)(12)(15)(16)(18)","132.72kcal","미소장국(05)","42.89kcal","","","2745.32kcal"
"2026-01-27(화)","너비아니꼬지치즈맛(02)(05)(06)(10)(15)(16)","462kcal","꽈리고추멸치볶음(05)(06)","63.55kcal","새우가스(01)(05)","376.65kcal","","","2745.32kcal"
"2026-01-27(화)","진미채고추장조림(05)(06)(17)","139kcal","주꾸미볶음(05)(06)","164.16kcal","푸실리파스타(02)(05)(06)(12)(15)(16)(18)","103.88kcal","","","2745.32kcal"
"2026-01-27(화)","배추김치","0kcal","갈아만든배(음료)","0kcal","배추김치","0kcal","","","2745.32kcal"
"2026-01-27(화)","","","깍두기(완제품)","0kcal","","","","","2745.32kcal"
"2026-01-28(수)","밥","373.89kcal","밥","373.89kcal","밥","373.89kcal","","","3744.01kcal"
"2026-01-28(수)","쇠고기탕국(02)(05)(06)(09)(15)(16)(18)","74.57kcal","해물짬뽕(05)(06)(09)(16)(17)","111.21kcal","우거지갈비탕(02)(05)(06)(10)(16)(18)","473.48kcal","","","3744.01kcal"
"2026-01-28(수)","비엔나메추리알조림(01)(02)(05)(06)(10)(15)(16)(18)","344.52kcal","불고기크로켓(05)(12)","608.51kcal","쇠고기육전(02)(05)(06)(16)","388.92kcal","","","3744.01kcal"
"2026-01-28(수)","두부양념장(05)(06)","89.08kcal","피자오믈렛","149kcal","청포묵무침(01)(05)(16)","59.05kcal","","","3744.01kcal"
"2026-01-28(수)","배추김치","0kcal","백색우유(02)","135kcal","바나나","189kcal","","","3744.01kcal"
"2026-01-28(수)","","","배추김치","0kcal","배추김치","0kcal","","","3744.01kcal"
"2026-01-29(목)","밥","373.89kcal","밥","373.89kcal","밥","373.89kcal","","","2762.95kcal"
"2026-01-29(목)","황태해장국(완)(05)","78.58kcal","쇠고기버섯전골(02)(05)(06)(09)(15)(16)(18)","104.29kcal","유부장국(02)(05)(06)(15)(16)(18)","13.26kcal","","","2762.95kcal"
"2026-01-29(목)","가지볶음(05)(06)","37.31kcal","버섯잡채(05)(06)(10)(16)(18)","116.05kcal","양념치킨vs후라이드치킨(05)(06)(12)(15)(18)","830.74kcal","","","2762.95kcal"
"2026-01-29(목)","치즈함박스테이크(01)(02)(05)(06)(10)(12)(15)(16)","246.05kcal","밥싸먹는훈제오리(15)","184kcal","제로콜라2","1kcal","","","2762.95kcal"
"2026-01-29(목)","배추김치","0kcal","배추김치","0kcal","무&비트피클(완)","30kcal","","","2762.95kcal"
"2026-01-29(목)","","","","","배추김치","0kcal","","","2762.95kcal"
"2026-01-30(금)","밥","373.89kcal","밥","373.89kcal","비빔밥(05)(16)","755.02kcal","","","3589.57kcal"
"2026-01-30(금)","사골우거지국(02)(05)(06)(15)(16)(18)","174.88kcal","치즈돈가스(02)(05)(06)(10)(12)(16)(18)","435.5kcal","감자국(02)(05)(06)(15)(16)(18)","52.01kcal","","","3589.57kcal"
"2026-01-30(금)","돼지고기부추볶음(02)(05)(06)(10)(15)(16)(18)","307.77kcal","양송이스프(02)(05)(06)(15)","250kcal","닭꼬치(완)(05)(06)(15)","400kcal","","","3589.57kcal"
"2026-01-30(금)","시금치무침","29.46kcal","코울슬로샐러드(01)(05)","119.7kcal","계란후라이(완제품)(01)(02)(06)(10)","102.5kcal","","","3589.57kcal"
"2026-01-30(금)","배추김치","0kcal","백색우유(02)","135kcal","한라봉","79.95kcal","","","3589.57kcal"
"2026-01-30(금)","","","배추김치","0kcal","열무김치","0kcal","","","3589.57kcal"
"2026-01-31(토)","햄치즈버거(01)(02)(05)(06)(10)(15)(16)","319kcal","돼지국밥(05)(06)(10)","322.46kcal","닭고기덮밥(05)(06)(15)(18)","685.26kcal","","","3450.67kcal"
"2026-01-31(토)","계란후라이(완제품)(01)(02)(06)(10)","102.5kcal","밥","373.89kcal","수제비국(02)(05)(06)(15)(16)(18)","90.87kcal","","","3450.67kcal"
"2026-01-31(토)","백색우유(02)","135kcal","고기만두찜","400.4kcal","언양식바싹불고기(01)(02)(05)(06)(10)(12)(15)(16)","317.7kcal","","","3450.67kcal"
"2026-01-31(토)","단호박샐러드(완)","160.2kcal","오징어젓무침(17)","62.16kcal","스크램블에그(01)(05)","86.43kcal","","","3450.67kcal"
"2026-01-31(토)","콘푸로스트(05)","229.8kcal","가공우유(딸기맛)(02)","165kcal","배추김치","0kcal","","","3450.67kcal"
"2026-01-31(토)","","","깍두기(완제품)","0kcal","","","","","3450.67kcal"
"2026-02-01(일)","밥","373.89kcal","밥","373.89kcal","밥","373.89kcal","","","3142.61kcal"
"2026-02-01(일)","닭고기육개장(01)(02)(05)(06)(15)(16)","85.99kcal","감자호박국(02)(05)(06)(16)","41.78kcal","참치김치찌개(05)(09)","128.55kcal","","","3142.61kcal"
"2026-02-01(일)","부들어묵볶음(05)(06)","213.91kcal","낙지삼겹살새우볶음(02)(05)(06)(09)(10)(16)(17)(18)","603.04kcal","고추장돼지불고기(완제품)(05)(06)(10)","440.67kcal","","","3142.61kcal"
"2026-02-01(일)","계란말이(완)(01)(05)","156.08kcal","진미채고추장조림(05)(06)(17)","139kcal","새송이버섯야채볶음(05)(06)(10)(18)","56.02kcal","","","3142.61kcal"
"2026-02-01(일)","배추김치","0kcal","백색우유(02)","135kcal","깍두기(수의)(09)","20.9kcal","","","3142.61kcal"
"2026-02-01(일)","","","배추김치","0kcal","","","","","3142.61kcal"
"2026-02-02(월)","밥","373.89kcal","찰현미밥","392.04kcal","자장밥(05)(06)(10)","717.09kcal","","","2794.11kcal"
"2026-02-02(월)","순두부찌개(02)(05)(06)(16)(18)","52.3kcal","들깨무채국(02)(05)(06)(16)","16.49kcal","해물짬뽕(05)(06)(09)(10)(15)(16)(17)(18)","142.91kcal","","","2794.11kcal"
"2026-02-02(월)","투움바함박스테이크(01)(02)(05)(06)(10)(12)(15)(16)(18)","133kcal","오리불고기(05)","30.68kcal","탕수육(05)(06)(10)","491.53kcal","","","2794.11kcal"
"2026-02-02(월)","계란장조림","296kcal","애호박나물(05)(09)","33.68kcal","계란후라이(완제품)(01)(02)(06)(10)","102.5kcal","","","2794.11kcal"
"2026-02-02(월)","배추김치","0kcal","무쌈(13)","12kcal","배추김치","0kcal","","","2794.11kcal"
"2026-02-02(월)","","","배추김치","0kcal","","","","","2794.11kcal"
"2026-02-03(화)","밥","373.89kcal","밥","373.89kcal","밥","373.89kcal","","","2979.24kcal"
"2026-02-03(화)","콩나물김치국(02)(05)(06)(16)","23.72kcal","두부된장찌개(05)(09)","111.65kcal","유부장국(02)(05)(06)(16)","13.26kcal","","","2979.24kcal"
"2026-02-03(화)","불고기오믈렛(완)(01)(02)(05)(06)(10)(16)(18)","275kcal","사천식캐슈넛멸치볶음(04)(05)","92.1kcal","가츠동(01)(02)(05)(06)(10)","480.43kcal","","","2979.24kcal"
"2026-02-03(화)","야채고기말이(01)(02)(05)(06)(10)(15)(16)(18)","111.23kcal","닭순살김치볶음(05)(15)","360.85kcal","딸기","36kcal","","","2979.24kcal"
"2026-02-03(화)","깍두기(수의)(09)","20.9kcal","백색우유(02)","135kcal","참치샐러드(01)(05)(06)(12)(16)(18)","176.53kcal","","","2979.24kcal"
"2026-02-03(화)","","","깍두기(수의)(09)","20.9kcal","배추김치","0kcal","","","2979.24kcal"
"2026-02-04(수)","밥","373.89kcal","비빔밥(05)(16)","756.15kcal","찰수수밥","384.18kcal","","","3471.32kcal"
"2026-01-07(수)","열무김치","0kcal","백김치","23.1kcal","배추김치","0kcal","","","2975.20kcal"
"2026-01-08(목)","밥","373.89kcal","밥","373.89kcal","찰수수밥","384.18kcal","","","4049.80kcal"
"2026-01-08(목)","순두부찌개(02)(05)(06)(15)(16)(18)","52.3kcal","참치고추장찌개(02)(05)(06)(09)(15)(16)(18)","188.92kcal","어묵탕(05)(06)","697.5kcal","","","4049.80kcal"
"2026-01-08(목)","불고기오믈렛(완)(01)(02)(05)(06)(10)(16)(18)","275kcal","동파육","801.5kcal","돼지갈비찜(05)(06)(10)(12)","467.77kcal","","","4049.80kcal"
"2026-01-08(목)","미트볼조림(02)(05)(06)(10)(12)(15)(16)","222.46kcal","브로콜리&초고추장(05)","40.29kcal","오이나물(05)(06)","37.1kcal","","","4049.80kcal"
"2026-01-08(목)","배추김치","0kcal","백색우유(02)","135kcal","배추김치","0kcal","","","4049.80kcal"
"2026-01-08(목)","","","배추김치","0kcal","","","","","4049.80kcal"
"2026-01-09(금)","밥","373.89kcal","찰현미밥","392.04kcal","밥","373.89kcal","","","2716.08kcal"
"2026-01-09(금)","김치찌개(05)(09)(10)","105.91kcal","꽃게탕(05)(06)(08)(17)","93.24kcal","감자호박국(02)(05)(06)(15)(16)(18)","41.78kcal","","","2716.08kcal"
"2026-01-09(금)","돼지고기무볶음(05)(06)(10)","461.23kcal","닭볶음탕(05)(15)","356.73kcal","파채&간장돼지불백(02)(05)(06)(10)(15)(16)(18)","289.84kcal","","","2716.08kcal"
"2026-01-09(금)","연두부&양념장(05)(06)","69.15kcal","무나물","21.15kcal","가지볶음(05)(06)","37.31kcal","","","2716.08kcal"
"2026-01-09(금)","깍두기(수의)(09)","20.9kcal","파김치(09)","23.6kcal","사과(후지)","55.42kcal","","","2716.08kcal"
"2026-01-09(금)","","","","","배추김치","0kcal","","","2716.08kcal"
"2026-01-10(토)","핫도그빵(01)(02)(05)(06)","534.6kcal","삼각주먹밥(완)(01)(02)(05)(06)(16)(18)","195kcal","치킨마요덮밥(01)(02)(05)(06)(10)(12)(15)(16)(18)","930.47kcal","","","3807.84kcal"
"2026-01-10(토)","스크램블에그(01)(05)","86.43kcal","밥1","326.7kcal","아욱된장국(02)(05)(06)(15)(16)(18)","60.01kcal","","","3807.84kcal"
"2026-01-10(토)","감자샐러드(완)(01)(02)(05)(06)","144kcal","소떡소떡","0kcal","메밀전병(03)(05)(06)(10)","752.63kcal","","","3807.84kcal"
"2026-01-10(토)","백색우유(02)","135kcal","포테이토크림스프(02)(05)(06)(10)(15)(16)","220kcal","배추김치","0kcal","","","3807.84kcal"
"2026-01-10(토)","아몬드후레이크(05)","258kcal","가공우유(딸기맛)(02)","165kcal","","","","","3807.84kcal"
"2026-01-10(토)","","","배추김치","0kcal","","","","","3807.84kcal"
"2026-01-11(일)","쇠고기죽(완)(02)(05)(06)(16)","530kcal","밥","373.89kcal","밥","373.89kcal","","","3230.37kcal"
"2026-01-11(일)","계란장조림","296kcal","얼큰계란국(01)(16)","91.1kcal","두부된장찌개(05)(09)","111.65kcal","","","3230.37kcal"
"2026-01-11(일)","동그랑땡(05)(06)(10)","392.33kcal","새송이버섯야채볶음(05)(06)(10)(18)","56.02kcal","양배추베이컨볶음(05)(06)","33.31kcal","","","3230.37kcal"
"2026-01-11(일)","배추김치","0kcal","낙지삼겹살새우볶음(02)(05)(06)(09)(10)(16)(17)(18)","483.04kcal","들깨백불고기(02)(05)(06)(10)(15)(16)(18)","444.14kcal","","","3230.37kcal"
"2026-01-11(일)","","","샤인머스켓주스","45kcal","배추김치","0kcal","","","3230.37kcal"
"2026-01-11(일)","","","배추김치","0kcal","","","","","3230.37kcal"
"2026-01-12(월)","밥","373.89kcal","밥","373.89kcal","밥","373.89kcal","","","3092.52kcal"
"2026-01-12(월)","조갯살시금치된장국(02)(05)(06)(15)(16)(18)","60.18kcal","돼지고기고추장찌개(02)(05)(06)(10)(15)(16)(18)","139.56kcal","황태해장국(완)(05)","78.58kcal","","","3092.52kcal"
"2026-01-12(월)","애호박나물(05)(09)","33.68kcal","어묵볶음(05)(06)","253.23kcal","닭순살치킨가스(01)(05)(06)(10)(12)(15)(16)","600.25kcal","","","3092.52kcal"
"2026-01-12(월)","투움바함박스테이크(01)(02)(05)(06)(10)(12)(15)(16)(18)","133kcal","순살안동찜닭(05)(06)(15)","358.47kcal","파인애플스틱","50kcal","","","3092.52kcal"
"2026-01-12(월)","배추김치","0kcal","백색우유(02)","135kcal","감자에그샐러드(완)","108kcal","","","3092.52kcal"
"2026-01-12(월)","","","배추김치","0kcal","깍두기(수의)(09)","20.9kcal","","","3092.52kcal"
"2026-01-13(화)","밥","373.89kcal","잡곡밥","423.11kcal","찹쌀밥","393.89kcal","","","2959.09kcal"
"2026-01-13(화)","닭고기육개장(01)(02)(05)(06)(15)(16)(18)","85.99kcal","순두부찌개(02)(05)(06)(15)(16)(18)","52.3kcal","쇠고기미역국(02)(05)(06)(15)(16)(18)","59.41kcal","","","2959.09kcal"
"2026-01-13(화)","부들어묵볶음(05)(06)","213.91kcal","생선구이(05)(06)","324.16kcal","훈제삼겹살(05)(06)(07)(10)(13)(16)","731kcal","","","2959.09kcal"
"2026-01-13(화)","계란말이(완)(01)(05)","156.08kcal","콩나물무침(05)(06)","24.46kcal","양념깻잎지(09)","46kcal","","","2959.09kcal"
"2026-01-13(화)","배추김치","0kcal","식혜","49kcal","저염쌈장(05)(06)","25.89kcal","","","2959.09kcal"
"2026-01-13(화)","","","배추김치","0kcal","보쌈김치","0kcal","","","2959.09kcal"
"2026-01-14(수)","밥","373.89kcal","밥","373.89kcal","밥","373.89kcal","","","3789.44kcal"
"2026-01-14(수)","얼큰수제비국(02)(05)(06)(15)(16)(18)","106.66kcal","마라탕(06)(09)(16)","155.33kcal","꼬치어묵국(05)(06)","175.53kcal","","","3789.44kcal"
"2026-01-14(수)","김자반","88.4kcal","비엔나소시지감자조림(02)(05)(06)(10)(15)(16)(18)","333.98kcal","차돌로제떡볶이(01)(02)(05)(06)(10)(12)(15)(16)","689.43kcal","","","3789.44kcal"
"2026-01-14(수)","쇠고기감자조림(05)(06)(16)","407.06kcal","오미산적(완)(01)(02)(05)(06)(08)(10)(12)(13)(16)","195.63kcal","회오리감자(05)","293.1kcal","","","3789.44kcal"
"2026-01-14(수)","무나물","21.15kcal","백색우유(02)","135kcal","반달단무지(13)","8kcal","","","3789.44kcal"
"2026-01-14(수)","배추김치","0kcal","배추김치","0kcal","샤인머스켓","58.5kcal","","","3789.44kcal"
"2026-01-15(목)","밥","373.89kcal","밥","373.89kcal","밥","373.89kcal","","","3056.07kcal"
"2026-01-15(목)","얼큰쇠고기무국(02)(05)(06)(15)(16)(18)","80.22kcal","사골우거지국(02)(05)(06)(15)(16)(18)","174.88kcal","햄짜글이(02)(05)(06)(10)(15)(16)(18)","176.03kcal","","","3056.07kcal"
"2026-01-15(목)","남도떡갈비(01)(02)(05)","437kcal","돼지삼겹야채볶음(02)(05)(06)(10)(16)(18)","441.08kcal","에그카츠(01)(05)(06)(10)(12)(16)(18)","396.75kcal","","","3056.07kcal"
"2026-01-15(목)","브로콜리&초고추장(05)","40.29kcal","도토리묵&양념장(05)(06)","46.15kcal","양배추피클","92kcal","","","3056.07kcal"
"2026-01-15(목)","배추김치","0kcal","배추김치","0kcal","드링킹요거트","50kcal","","","3056.07kcal"
"2026-01-15(목)","","","","","배추김치","0kcal","","","3056.07kcal"
"2026-01-16(금)","밥","373.89kcal","밥","373.89kcal","중화식덮밥(05)(09)(10)(17)","647.85kcal","","","4133.10kcal"
"2026-01-16(금)","황태채국(01)(02)(05)(06)(15)(16)(18)","78.45kcal","돼지고기애호박찌개(02)(05)(06)(10)(15)(16)(18)","120.65kcal","물만두국(01)(02)(05)(06)(09)(10)(15)(16)(18)","98.05kcal","","","4133.10kcal"
"2026-01-16(금)","맛밤송송함박스테이크(05)(10)(12)(13)(16)","559.25kcal","느타리버섯볶음(05)(06)","28.36kcal","타코야끼(05)(06)(15)(18)","221.25kcal","","","4133.10kcal"
"2026-01-16(금)","두부양념장(05)(06)","89.08kcal","소불고기(완제품)(02)(05)(06)(13)(16)","304.92kcal","감귤","70.36kcal","","","4133.10kcal"
"2026-01-16(금)","김","28kcal","백색우유(02)","135kcal","배추김치","0kcal","","","4133.10kcal"
"2026-01-16(금)","백김치","23.1kcal","배추김치","0kcal","참조은에스에프 블루베리크림치즈찰떡,1.8kg(60g*30개)","981kcal","","","4133.10kcal"
"2026-01-17(토)","불고기버거(01)(02)(05)(06)(10)(13)(16)(18)","476.32kcal","밥","373.89kcal","쇠고기덮밥(05)(16)","843.27kcal","","","3292.98kcal"
"2026-01-17(토)","계란후라이(완제품)(01)(02)(06)(10)","102.5kcal","닭볶음탕(05)(15)","356.73kcal","유부장국(02)(05)(06)(15)(16)(18)","13.26kcal","","","3292.98kcal"
"2026-01-17(토)","고구마샐러드(완)(01)","189.99kcal","해물짬뽕(05)(06)(09)(16)(17)","111.21kcal","깻잎전(완)(01)(05)(06)(10)","193.13kcal","","","3292.98kcal"
"2026-01-17(토)","첵스초코시리얼(05)(06)","236.4kcal","감자채볶음(02)(05)(06)(10)(16)(18)","96.28kcal","배추김치","0kcal","","","3292.98kcal"
"2026-01-17(토)","백색우유(02)","135kcal","가공우유(바나나맛)(02)","165kcal","","","","","3292.98kcal"
"2026-01-17(토)","","","배추김치","0kcal","","","","","3292.98kcal"
"2026-01-18(일)","밥","373.89kcal","김치덮밥(05)(06)(10)","607.1kcal","밥","373.89kcal","","","2445.56kcal"
"2026-01-18(일)","사골미역국(16)","52.86kcal","팽이버섯된장국(02)(05)(06)(09)(15)(16)(18)","110.24kcal","쇠고기육개장(01)(02)(05)(06)(15)(16)(18)","83.95kcal","","","2445.56kcal"
"2026-01-18(일)","두부스테이크(12)","10kcal","김말이튀김(05)(06)","42.6kcal","간장돼지불고기(완제품)(05)(06)(10)","456.22kcal","","","2445.56kcal"
"2026-01-18(일)","진미채고추장조림(05)(06)(17)","139kcal","계란후라이(완제품)(01)(02)(06)(10)","102.5kcal","양배추베이컨볶음(05)(06)","33.31kcal","","","2445.56kcal"
"2026-01-18(일)","배추김치","0kcal","오렌지주스","60kcal","배추김치","0kcal","","","2445.56kcal"
"2026-01-18(일)","","","열무김치","0kcal","","","","","2445.56kcal"
"2026-01-19(월)","밥","373.89kcal","밥","373.89kcal","새우튀김덮밥(에비동)(05)(06)(09)(15)(18)","613.24kcal","","","3372.64kcal"
"2026-01-19(월)","닭곰탕(15)","83.68kcal","부대찌개(02)(05)(06)(10)(12)(15)(16)(18)","132.72kcal","미소장국(05)","42.89kcal","","","3372.64kcal"
"2026-01-19(월)","비엔나소시지케찹볶음(02)(05)(06)(10)(12)(16)(18)","356.28kcal","오삼불고기(05)(06)(10)(17)","473.68kcal","닭강정(01)(02)(05)(06)(12)(15)(18)","330kcal","","","3372.64kcal"
"2026-01-19(월)","어묵볶음(05)(06)","253.23kcal","옥수수계란찜(09)","15.14kcal","바나나","189kcal","","","3372.64kcal"
"2026-01-19(월)","배추김치","0kcal","백색우유(02)","135kcal","배추김치","0kcal","","","3372.64kcal"
"2026-01-19(월)","","","깍두기(완제품)","0kcal","","","","","3372.64kcal"
"2026-01-20(화)","밥","373.89kcal","밥","373.89kcal","카레밥(06)(15)","985.89kcal","","","3579.70kcal"
"2026-01-20(화)","콩나물국(02)(05)(06)(15)(16)(18)","29.85kcal","쇠고기탕국(02)(05)(06)(09)(15)(16)(18)","74.57kcal","짬뽕찌개(굴)(02)(05)(06)(09)(10)(15)(16)(17)(18)","140.79kcal","","","3579.70kcal"
"2026-01-20(화)","치즈함박스테이크(01)(02)(05)(06)(10)(12)(15)(16)","246.05kcal","훈제오리볶음(01)(05)(06)(18)","532.02kcal","생선가스(01)(05)(06)","406.25kcal","","","3579.70kcal"
"2026-01-20(화)","메추리알장조림(완)(01)(05)(06)","277.5kcal","무쌈(13)","12kcal","딸기","36kcal","","","3579.70kcal"
"2026-01-20(화)","배추김치","0kcal","무말랭이무침(13)","91kcal","배추김치","0kcal","","","3579.70kcal"
"2026-01-20(화)","","","배추김치","0kcal","","","","","3579.70kcal"
"2026-01-21(수)","밥","373.89kcal","밥","373.89kcal","찹쌀밥","393.89kcal","","","3186.13kcal"
"2026-01-21(수)","황태채국(01)(02)(05)(06)(15)(16)(18)","78.45kcal","수제비국(02)(05)(06)(15)(16)(18)","90.87kcal","순대국밥(05)(06)(10)","411.19kcal","","","3186.13kcal"
"2026-01-21(수)","닭바베큐소스조림(05)(06)(12)(15)","334.11kcal","낙지삼겹살새우볶음(02)(05)(06)(09)(10)(16)(17)(18)","483.04kcal","깐쇼새우(05)(06)(09)(12)(16)","304.13kcal","","","3186.13kcal"
"2026-01-21(수)","연두부&양념장(05)(06)","69.15kcal","오이나물(05)(06)","37.1kcal","양념깻잎지(09)","46kcal","","","3186.13kcal"
"2025-12-24(수)","배추김치","0kcal","감귤","70.36kcal","제로콜라2","1kcal","","","4671.54kcal"
"2025-12-24(수)","","","깍두기(완제품)","0kcal","배추김치","0kcal","","","4671.54kcal"
"2025-12-25(목)","밥","376.03kcal","밥","376.03kcal","밥","376.03kcal","","","3718.81kcal"
"2025-12-25(목)","쇠고기무국(02)(05)(06)(16)","75.18kcal","유부장국(02)(05)(06)(16)","13.76kcal","바베큐폭립(완제품)(05)(06)(10)(12)","259.21kcal","","","3718.81kcal"
"2025-12-25(목)","동그랑땡(05)(06)(10)","392.33kcal","왕돈가스(05)(06)(12)(16)(18)","257.5kcal","포테이토크림스프(02)(05)(06)(10)(15)(16)","220kcal","","","3718.81kcal"
"2025-12-25(목)","오이나물(05)","37.96kcal","반달단무지(13)","8kcal","단호박샐러드(완)","160.2kcal","","","3718.81kcal"
"2025-12-25(목)","배추김치","0kcal","오렌지주스","60kcal","배추김치","0kcal","","","3718.81kcal"
"2025-12-25(목)","","","푸실리파스타(02)(05)(06)(12)(15)(16)(18)","106.58kcal","케이크또는파이또는패스트리, (주문자상표부착)에스피씨삼립, 초코무스케익, 62g(01)(02)(05)(06)","1000kcal","","","3718.81kcal"
"2025-12-26(금)","밥","376.03kcal","찰현미밥","394.18kcal","밥","376.03kcal","","","3327.34kcal"
"2025-12-26(금)","조갯살시금치된장국(02)(05)(06)(16)(18)","52.88kcal","부대찌개(02)(05)(06)(10)(12)(15)(16)(18)","146.12kcal","해물탕(05)(06)(09)(17)(18)","103.21kcal","","","3327.34kcal"
"2025-12-26(금)","들깨백불고기(02)(05)(06)(10)(16)(18)","444.91kcal","주꾸미볶음(05)","403.08kcal","꽈리고추멸치볶음(05)","63.89kcal","","","3327.34kcal"
"2025-12-26(금)","계란말이(완)(01)(05)","156.08kcal","콩나물무침(05)","24.93kcal","너비아니꼬지치즈맛(02)(05)(06)(10)(15)(16)","462kcal","","","3327.34kcal"
"2025-12-26(금)","배추김치","0kcal","백색우유(02)","135kcal","바나나","189kcal","","","3327.34kcal"
"2025-12-26(금)","","","배추김치","0kcal","배추김치","0kcal","","","3327.34kcal"
"2025-12-27(토)","핫도그빵(01)(02)(05)(06)","534.6kcal","밥1","326.7kcal","쇠고기덮밥(05)(16)","845.61kcal","","","3674.65kcal"
"2025-12-27(토)","스크램블에그(01)(05)","86.43kcal","치킨스테이크(02)(05)(15)","851.08kcal","얼큰계란국(01)(16)","95.22kcal","","","3674.65kcal"
"2025-12-27(토)","시리얼(2)(05)","244kcal","양송이스프(02)(05)(06)(15)","250kcal","돼지고기육전(01)(05)(06)(10)","138.41kcal","","","3674.65kcal"
"2025-12-27(토)","백색우유(02)","135kcal","가공우유(딸기맛)(02)","94.7kcal","배추김치","0kcal","","","3674.65kcal"
"2025-12-27(토)","오이피클","72.9kcal","배추김치","0kcal","","","","","3674.65kcal"
"2025-12-28(일)","전복죽(05)(06)(16)(17)(18)","480kcal","찹쌀밥","396.03kcal","밥","376.03kcal","","","3551.53kcal"
"2025-12-28(일)","남도떡갈비(01)(02)(05)","437kcal","사골곰탕(05)(06)","168.79kcal","쇠고기육개장(01)(02)(05)(06)(16)","96.72kcal","","","3551.53kcal"
"2025-12-28(일)","메추리알장조림(완)(01)(05)(06)","277.5kcal","메밀전병(03)(05)(06)(10)","752.63kcal","간장돼지불고기(완제품)(05)(06)(10)","456.22kcal","","","3551.53kcal"
"2025-12-28(일)","배추김치","0kcal","시금치고추장무침(05)","36.07kcal","감자채볶음(02)(05)(10)(15)(16)","74.54kcal","","","3551.53kcal"
"2025-12-28(일)","","","깍두기(완제품)","0kcal","배추김치","0kcal","","","3551.53kcal"
"2025-12-29(월)","밥","376.03kcal","밥","376.03kcal","밥","376.03kcal","","","2752.19kcal"
"2025-12-29(월)","아욱된장국(02)(05)(06)(16)","52.71kcal","수제비국(02)(05)(06)(16)","91.56kcal","황태해장국(완)(05)","78.58kcal","","","2752.19kcal"
"2025-12-29(월)","양배추베이컨볶음(05)","34.31kcal","오리불고기(05)","31.03kcal","볼카츠(02)(05)(06)(10)(12)(16)(18)","568.75kcal","","","2752.19kcal"
"2025-12-29(월)","순살안동찜닭(05)(06)(15)","358.54kcal","양념깻잎지(09)","46kcal","단호박샐러드(완)","160.2kcal","","","2752.19kcal"
"2025-12-29(월)","배추김치","0kcal","백색우유(02)","135kcal","사과(후지)","55.42kcal","","","2752.19kcal"
"2025-12-29(월)","","","무쌈(13)","12kcal","배추김치","0kcal","","","2752.19kcal"
"2025-12-29(월)","","","배추김치","0kcal","","","","","2752.19kcal"
"2025-12-30(화)","밥","376.03kcal","밥","376.03kcal","새우튀김덮밥(에비동)(05)(06)(09)(15)(18)","609.64kcal","","","2739.82kcal"
"2025-12-30(화)","콩나물김치국(02)(05)(06)(16)","25.88kcal","두부된장찌개(05)(09)","113.45kcal","미소장국(05)","42.89kcal","","","2739.82kcal"
"2025-12-30(화)","비엔나소시지케찹볶음(02)(05)(06)(10)(12)(16)(18)","356.28kcal","파채&간장돼지불백(02)(05)(06)(10)(16)(18)","364.16kcal","김말이튀김(05)","42.99kcal","","","2739.82kcal"
"2025-12-30(화)","불고기오믈렛(완)(01)(02)(05)(06)(10)(16)(18)","275kcal","근대무침(05)(06)","22.47kcal","배추김치","0kcal","","","2739.82kcal"
"2025-12-30(화)","깍두기(완제품)","0kcal","백색우유(02)","135kcal","","","","","2739.82kcal"
"2025-12-30(화)","","","배추김치","0kcal","","","","","2739.82kcal"
"2025-12-31(수)","밥","376.03kcal","김치덮밥(05)(10)","658.84kcal","밥","376.03kcal","","","3157.13kcal"
"2025-12-31(수)","쇠고기탕국(02)(05)(06)(09)(16)","75.07kcal","물만두국(01)(02)(05)(06)(09)(10)(16)","98.55kcal","유부장국(02)(05)(06)(16)","13.76kcal","","","3157.13kcal"
"2025-12-31(수)","마파두부(05)(06)(10)(15)(18)","259.63kcal","회오리감자(05)","293.1kcal","양념치킨vs후라이드치킨(05)(06)(12)(15)(18)","706.59kcal","","","3157.13kcal"
"2025-12-31(수)","애호박나물(05)(09)","34.03kcal","계란후라이(완제품)(01)(02)(06)(10)","102.5kcal","제로콜라","5kcal","","","3157.13kcal"
"2025-12-31(수)","김","28kcal","두유(05)","100kcal","무&비트피클(완)","30kcal","","","3157.13kcal"
"2025-12-31(수)","깍두기(완제품)","0kcal","열무김치","0kcal","배추김치","0kcal","","","3157.13kcal"
"","","","","","","","","","3157.13kcal"
"2026-01-01(목)","찹쌀밥","393.89kcal","밥","373.89kcal","흑미밥","392.64kcal","","","4201.27kcal"
"2026-01-01(목)","쇠고기떡국(01)(02)(05)(06)(15)(16)(18)","297.61kcal","어묵탕(05)(06)","697.5kcal","감자호박국(02)(05)(06)(15)(16)(18)","41.78kcal","","","4201.27kcal"
"2026-01-01(목)","새우교자만두(05)(06)(09)","784kcal","훈제닭다리(완)(01)(02)(05)","300.6kcal","순살족발(02)(05)(06)(10)(16)","536.5kcal","","","4201.27kcal"
"2026-01-01(목)","무조림(05)(06)","26.03kcal","두부양념장(05)(06)","89.08kcal","오이나물(05)(06)","37.1kcal","","","4201.27kcal"
"2026-01-01(목)","배추김치","0kcal","비요뜨초코링(02)(05)(06)","200kcal","모듬쌈(05)(06)","30.65kcal","","","4201.27kcal"
"2026-01-01(목)","","","배추김치","0kcal","보쌈김치","0kcal","","","4201.27kcal"
"2026-01-02(금)","밥","373.89kcal","현미밥","392.04kcal","밥","373.89kcal","","","2705.56kcal"
"2026-01-02(금)","감자양파찌개(02)(05)(06)(10)(15)(16)(18)","145.62kcal","쇠고기육개장(01)(02)(05)(06)(15)(16)(18)","83.95kcal","해물탕(05)(06)(09)(17)(18)","103.01kcal","","","2705.56kcal"
"2026-01-02(금)","부들어묵볶음(05)(06)","213.91kcal","궁중떡볶이(02)(05)(06)(10)(15)(16)(18)","289.09kcal","백순대볶음(05)(06)(10)","163.96kcal","","","2705.56kcal"
"2026-01-02(금)","치킨너겟(01)(02)(05)(06)(12)(15)(16)(18)","164.84kcal","가자미구이(05)(06)","160.53kcal","배추나물(05)(06)","26.43kcal","","","2705.56kcal"
"2026-01-02(금)","배추김치","0kcal","백색우유(02)","135kcal","샤인머스켓","58.5kcal","","","2705.56kcal"
"2026-01-02(금)","","","배추김치","0kcal","깍두기(수의)(09)","20.9kcal","","","2705.56kcal"
"2026-01-03(토)","햄치즈버거(01)(02)(05)(06)(10)(15)(16)","319kcal","밥","373.89kcal","밥","373.89kcal","","","3009.68kcal"
"2026-01-03(토)","계란후라이(완제품)(01)(02)(06)(10)","102.5kcal","장터국(16)","70.94kcal","참치김치찌개(05)(09)","128.55kcal","","","3009.68kcal"
"2026-01-03(토)","오곡코코볼","178.2kcal","주꾸미볶음(05)(06)","164.16kcal","고추장돼지불고기(완제품)(05)(06)(10)","416.67kcal","","","3009.68kcal"
"2026-01-03(토)","에그샐러드(완)","171kcal","계란장조림","296kcal","감자채볶음(02)(05)(06)(10)(16)(18)","96.28kcal","","","3009.68kcal"
"2026-01-03(토)","백색우유(02)","135kcal","가공우유(초코맛)(02)","160kcal","파김치(09)","23.6kcal","","","3009.68kcal"
"2026-01-03(토)","","","배추김치","0kcal","","","","","3009.68kcal"
"2026-01-04(일)","밥","373.89kcal","밥","373.89kcal","오징어덮밥(05)(06)(17)","575.18kcal","","","2158.75kcal"
"2026-01-04(일)","들깨무채국(02)(05)(06)(15)(16)(18)","16.49kcal","사골곰탕(05)(06)","168.79kcal","감자국(02)(05)(06)(15)(16)(18)","52.01kcal","","","2158.75kcal"
"2026-01-04(일)","호박새우볶음(05)(06)(09)","34.62kcal","언양식바싹불고기(01)(02)(05)(06)(10)(12)(15)(16)","317.7kcal","모짜렐라핫도그(01)(02)(05)(06)(10)(12)(16)","192.08kcal","","","2158.75kcal"
"2026-01-04(일)","두부스테이크(12)","10kcal","근대무침(05)(06)","23.2kcal","배추김치","0kcal","","","2158.75kcal"
"2026-01-04(일)","배추김치","0kcal","마시는발효유","0kcal","","","","","2158.75kcal"
"2026-01-04(일)","","","깍두기(수의)(09)","20.9kcal","","","","","2158.75kcal"
"2026-01-05(월)","밥","373.89kcal","잡곡밥","423.11kcal","밥","373.89kcal","","","3032.41kcal"
"2026-01-05(월)","키조개미역국(02)(05)(06)(15)(16)(18)","37.85kcal","두부된장찌개(05)(09)","111.65kcal","팽이버섯된장국(02)(05)(06)(09)(15)(16)(18)","110.24kcal","","","3032.41kcal"
"2026-01-05(월)","비엔나소시지케찹볶음(02)(05)(06)(10)(12)(16)(18)","356.28kcal","고추잡채(05)(06)(10)(18)","323.93kcal","가츠동(01)(02)(05)(06)(10)","480.43kcal","","","3032.41kcal"
"2026-01-05(월)","멸치볶음(05)","61.61kcal","계란찜(09)","4.64kcal","감귤","70.36kcal","","","3032.41kcal"
"2026-01-05(월)","배추김치","0kcal","백색우유(02)","135kcal","참치샐러드(01)(05)(06)(12)(16)(18)","169.53kcal","","","3032.41kcal"
"2026-01-05(월)","","","배추김치","0kcal","배추김치","0kcal","","","3032.41kcal"
"2026-01-06(화)","밥","373.89kcal","현미밥","392.04kcal","유산슬덮밥(05)(06)(09)(10)(17)(18)","596.32kcal","","","3373.45kcal"
"2026-01-06(화)","감자국(02)(05)(06)(15)(16)(18)","52.01kcal","부대찌개(02)(05)(06)(10)(12)(15)(16)(18)","132.72kcal","순두부백탕(01)(02)(05)(06)(09)(15)(16)(18)","76.7kcal","","","3373.45kcal"
"2026-01-06(화)","소고기꽈리고추조림(05)(16)","304.26kcal","느타리버섯볶음(05)(06)","28.36kcal","유린기(05)(06)","139.58kcal","","","3373.45kcal"
"2026-01-06(화)","시금치무침","29.46kcal","닭고기야채조림(05)(06)(15)","397.11kcal","딸기","36kcal","","","3373.45kcal"
"2026-01-06(화)","김","28kcal","백색우유(02)","135kcal","배추김치","0kcal","","","3373.45kcal"
"2026-01-06(화)","배추김치","0kcal","붕어빵(팥)(06)","207kcal","농심,육개장사발면,86g","","","","3373.45kcal"
"2026-01-06(화)","","","배추김치","0kcal","삼양식품,큰컵나가사끼짬뽕,105g","445kcal","","","3373.45kcal"
"2026-01-07(수)","밥","373.89kcal","흑미밥","392.64kcal","나가사끼짬뽕(05)(06)(10)(17)(18)","114.05kcal","","","2975.20kcal"
"2026-01-07(수)","얼갈이된장국(05)(06)","41.12kcal","돼지고기애호박찌개(02)(05)(06)(10)(15)(16)(18)","120.65kcal","자장밥(05)(06)(10)","717.09kcal","","","2975.20kcal"
"2026-01-07(수)","마파두부(05)(06)(10)(15)(18)","216.63kcal","순살고등어구이(05)(06)(07)(15)(18)","166.93kcal","오징어튀김(05)(06)(17)","375.52kcal","","","2975.20kcal"
"2026-01-07(수)","메추리알장조림(완)(01)(05)(06)","277.5kcal","계란말이(완)(01)(05)","156.08kcal","게토레이","0kcal","","","2975.20kcal"
"2025-12-10(수)","배추김치","0kcal","백색우유(02)","135kcal","샤인머스켓","58.5kcal","","","2884.89kcal"
"2025-12-10(수)","","","배추김치","0kcal","열무김치","0kcal","","","2884.89kcal"
"2025-12-11(목)","밥","376.03kcal","밥","376.03kcal","자장밥(05)(06)(10)","719.23kcal","","","3295.97kcal"
"2025-12-11(목)","쇠고기무국(02)(05)(06)(16)","75.18kcal","김치찌개(05)(09)(10)","105.91kcal","물만두국(01)(02)(05)(06)(09)(10)(16)","98.55kcal","","","3295.97kcal"
"2025-12-11(목)","꽈리고추멸치볶음(05)","63.89kcal","훈제오리볶음(01)(05)(06)(18)","532.02kcal","탕수육(05)(06)(10)","491.53kcal","","","3295.97kcal"
"2025-12-11(목)","동그랑땡(05)(06)(10)","392.33kcal","시금치무침","29.67kcal","배추김치","0kcal","","","3295.97kcal"
"2025-12-11(목)","배추김치","0kcal","무쌈(13)","12kcal","","","","","3295.97kcal"
"2025-12-11(목)","","","파김치(09)","23.6kcal","","","","","3295.97kcal"
"2025-12-12(금)","밥","376.03kcal","밥","376.03kcal","밥","376.03kcal","","","2645.20kcal"
"2025-12-12(금)","수제비국(02)(05)(06)(16)","91.56kcal","닭볶음탕(05)(15)","319.48kcal","쇠고기탕국(02)(05)(06)(09)(16)","75.07kcal","","","2645.20kcal"
"2025-12-12(금)","돼지불고기(05)(10)","363.35kcal","해물짬뽕(05)(06)(09)(16)(17)","111.28kcal","가지볶음(05)","37.78kcal","","","2645.20kcal"
"2025-12-12(금)","콩나물무침(05)","24.93kcal","애호박나물(05)(09)","34.03kcal","마파두부(05)(06)(10)(15)(18)","259.63kcal","","","2645.20kcal"
"2025-12-12(금)","배추김치","0kcal","백색우유(02)","135kcal","토핑형발효유(02)(05)(06)","65kcal","","","2645.20kcal"
"2025-12-12(금)","","","배추김치","0kcal","배추김치","0kcal","","","2645.20kcal"
"2025-12-13(토)","핫도그빵(01)(02)(05)(06)","534.6kcal","삼각주먹밥(완)(01)(02)(05)(06)(16)(18)","195kcal","치킨마요덮밥(01)(02)(05)(06)(10)(12)(15)(16)(18)","947.15kcal","","","3182.67kcal"
"2025-12-13(토)","스크램블에그(01)(05)","86.43kcal","밥1","326.7kcal","어묵탕(05)(06)","101.1kcal","","","3182.67kcal"
"2025-12-13(토)","시리얼(휴일)(02)(05)(06)(10)","309kcal","소떡소떡","0kcal","김말이튀김(05)","42.99kcal","","","3182.67kcal"
"2025-12-13(토)","백색우유(02)","135kcal","포테이토크림스프(02)(05)(06)(10)(15)(16)","220kcal","배추김치","0kcal","","","3182.67kcal"
"2025-12-13(토)","코울슬로샐러드(01)(05)","119.7kcal","가공우유(바나나맛)(02)","165kcal","","","","","3182.67kcal"
"2025-12-13(토)","","","배추김치","0kcal","","","","","3182.67kcal"
"2025-12-14(일)","밥","376.03kcal","밥","376.03kcal","찰현미밥","394.18kcal","","","2810.76kcal"
"2025-12-14(일)","들깨무채국(02)(05)(06)(16)","16.74kcal","계란국(01)(02)(05)(06)(09)(16)","55.87kcal","쇠고기육개장(01)(02)(05)(06)(16)","96.72kcal","","","2810.76kcal"
"2025-12-14(일)","언양식바싹불고기(01)(02)(05)(06)(10)(12)(15)(16)","317.7kcal","고추장돼지불고기(완제품)(05)(06)(10)","416.67kcal","주꾸미볶음(05)","403.08kcal","","","2810.76kcal"
"2025-12-14(일)","두부양념장(05)","89.73kcal","무조림","27.08kcal","콩나물무침(05)","24.93kcal","","","2810.76kcal"
"2025-12-14(일)","배추김치","0kcal","백색우유(02)","135kcal","복숭아주스(11)","81kcal","","","2810.76kcal"
"2025-12-14(일)","","","배추김치","0kcal","배추김치","0kcal","","","2810.76kcal"
"2025-12-15(월)","밥","376.03kcal","밥","376.03kcal","밥","376.03kcal","","","3101.41kcal"
"2025-12-15(월)","돼지고기고추장찌개(02)(05)(06)(10)(16)","139.68kcal","순두부백탕(01)(02)(05)(06)(09)(16)(18)","76.95kcal","감자호박국(02)(05)(06)(16)","42.28kcal","","","3101.41kcal"
"2025-12-15(월)","메추리알장조림(완)(01)(05)(06)","277.5kcal","감자채볶음(02)(05)(10)(15)(16)","74.54kcal","돼지고기가지볶음(02)(05)(06)(10)(16)(18)","460.01kcal","","","3101.41kcal"
"2025-12-15(월)","비엔나소시지감자조림(02)(05)(06)(10)(15)(16)(18)","327.98kcal","볼케이노치킨(02)(05)(06)(12)(15)(16)(18)","334.14kcal","계란찜(09)","4.64kcal","","","3101.41kcal"
"2025-12-15(월)","배추김치","0kcal","마시는발효유(01)(02)(05)","100.6kcal","백색우유(02)","135kcal","","","3101.41kcal"
"2025-12-15(월)","","","배추김치","0kcal","깍두기(완제품)","0kcal","","","3101.41kcal"
"2025-12-16(화)","밥","376.03kcal","현미밥","394.18kcal","밥","376.03kcal","","","2903.47kcal"
"2025-12-16(화)","아욱된장국(02)(05)(06)(16)","52.71kcal","쇠고기미역국(02)(05)(06)(16)","59.91kcal","꼬치어묵국(05)(06)","175.53kcal","","","2903.47kcal"
"2025-12-16(화)","치킨너겟(01)(02)(05)(06)(12)(15)(16)(18)","164.84kcal","순살족발(02)(05)(06)(10)(16)","536.5kcal","누들떡볶이(01)(05)(06)","297.65kcal","","","2903.47kcal"
"2025-12-16(화)","연두부&양념장(05)","70.66kcal","모듬쌈(05)(06)","28.45kcal","김자반","88.4kcal","","","2903.47kcal"
"2025-12-16(화)","배추김치","0kcal","무말랭이무침(13)","91kcal","유린기(05)(06)","139.58kcal","","","2903.47kcal"
"2025-12-16(화)","","","보쌈김치","0kcal","반달단무지(13)","8kcal","","","2903.47kcal"
"2025-12-16(화)","","","","","감귤주스","44kcal","","","2903.47kcal"
"2025-12-17(수)","밥","376.03kcal","흑미밥","394.78kcal","밥","376.03kcal","","","2524.12kcal"
"2025-12-17(수)","닭고기육개장(01)(02)(05)(06)(15)(16)","98.76kcal","햄짜글이(02)(05)(06)(10)(16)(18)","188.14kcal","꽃게탕(05)(06)(08)(17)","88.04kcal","","","2524.12kcal"
"2025-12-17(수)","부들어묵볶음(05)(06)","214.77kcal","사천식캐슈넛멸치볶음(04)(05)","92.31kcal","애호박나물(05)(09)","34.03kcal","","","2524.12kcal"
"2025-12-17(수)","계란말이(완)(01)(05)","156.08kcal","생선구이(05)(06)","198.08kcal","버섯잡채(05)(06)(10)(16)(18)","116.65kcal","","","2524.12kcal"
"2025-12-17(수)","배추김치","0kcal","백색우유(02)","135kcal","사과(후지)","55.42kcal","","","2524.12kcal"
"2025-12-17(수)","","","열무김치","0kcal","배추김치","0kcal","","","2524.12kcal"
"2025-12-18(목)","밥","376.03kcal","찹쌀밥","396.03kcal","밥","376.03kcal","","","2812.54kcal"
"2025-12-18(목)","얼큰쇠고기무국(02)(05)(06)(16)","70.42kcal","돼지국밥(05)(06)(10)","322.53kcal","계란국(01)(02)(05)(06)(09)(16)","55.87kcal","","","2812.54kcal"
"2025-12-18(목)","스팸튀김(완)(01)(02)(05)(06)(10)","50kcal","야채고기말이(01)(02)(05)(06)(10)(15)(16)(18)","351.23kcal","새우가스(01)(05)","376.65kcal","","","2812.54kcal"
"2025-12-18(목)","미역초무침","20.87kcal","오징어젓무침(17)","62.37kcal","마카로니샐러드(01)(05)(06)","219.51kcal","","","2812.54kcal"
"2025-12-18(목)","배추김치","0kcal","백색우유(02)","135kcal","배추김치","0kcal","","","2812.54kcal"
"2025-12-18(목)","","","깍두기(완제품)","0kcal","","","","","2812.54kcal"
"2025-12-19(금)","밥","376.03kcal","밥","376.03kcal","잡곡밥","425.25kcal","","","2973.44kcal"
"2025-12-19(금)","순두부찌개(02)(05)(06)(16)(18)","52.48kcal","얼큰수제비국(02)(05)(06)(16)","106.73kcal","해물짬뽕(05)(06)(09)(16)(17)","111.28kcal","","","2973.44kcal"
"2025-12-19(금)","쇠고기감자조림(05)(16)","407.59kcal","양배추베이컨볶음(05)","34.31kcal","닭고기야채조림(05)(15)","361.52kcal","","","2973.44kcal"
"2025-12-19(금)","무나물","21.36kcal","돼지삼겹야채볶음(02)(05)(06)(10)(16)(18)","541.44kcal","오이나물(05)","37.96kcal","","","2973.44kcal"
"2025-12-19(금)","배추김치","0kcal","김","28kcal","감귤","70.36kcal","","","2973.44kcal"
"2025-12-19(금)","","","백김치","23.1kcal","배추김치","0kcal","","","2973.44kcal"
"2025-12-19(금)","","","","","떡, 참조은에스에프, 생일엔우유크림떡, 1.8kg(60g30개)","","","","2973.44kcal"
"2025-12-20(토)","불고기버거(01)(02)(05)(06)(10)(12)(13)(16)(18)","461.41kcal","밥","376.03kcal","제육덮밥(05)(10)","769.24kcal","","","3223.05kcal"
"2025-12-20(토)","계란후라이(완제품)(01)(02)(06)(10)","102.5kcal","돼지고기애호박찌개(02)(05)(06)(10)(16)","120.77kcal","사골미역국(16)","46.68kcal","","","3223.05kcal"
"2025-12-20(토)","백색우유(02)","135kcal","느타리버섯볶음(05)","28.83kcal","모짜렐라핫도그(01)(02)(05)(06)(10)(12)(16)","192.08kcal","","","3223.05kcal"
"2025-12-20(토)","시리얼(증)(05)(06)","233.1kcal","소불고기(완제품)(02)(05)(06)(13)(16)","304.92kcal","계란후라이(완제품)(01)(02)(06)(10)","102.5kcal","","","3223.05kcal"
"2025-12-20(토)","고구마샐러드(완)(01)","189.99kcal","가공우유(초코맛)(02)","160kcal","배추김치","0kcal","","","3223.05kcal"
"2025-12-20(토)","","","배추김치","0kcal","","","","","3223.05kcal"
"2025-12-21(일)","밥","376.03kcal","밥","376.03kcal","흑미밥","394.78kcal","","","3180.23kcal"
"2025-12-21(일)","두부된장찌개(05)(09)","113.45kcal","어묵탕(05)(06)","101.1kcal","들깨무채국(02)(05)(06)(16)","16.74kcal","","","3180.23kcal"
"2025-12-21(일)","새송이버섯야채볶음(05)(06)(10)(18)","56.49kcal","낙지삼겹살새우볶음(02)(05)(06)(09)(10)(16)(17)(18)","567.44kcal","부들어묵볶음(05)(06)","214.77kcal","","","3180.23kcal"
"2025-12-21(일)","순살안동찜닭(05)(06)(15)","358.54kcal","감자채볶음(02)(05)(10)(15)(16)","74.54kcal","돼지고기자장볶음(05)(10)","395.32kcal","","","3180.23kcal"
"2025-12-21(일)","배추김치","0kcal","백색우유(02)","135kcal","배추김치","0kcal","","","3180.23kcal"
"2025-12-21(일)","","","배추김치","0kcal","","","","","3180.23kcal"
"2025-12-22(월)","밥","376.03kcal","밥","376.03kcal","잡곡밥","425.25kcal","","","3180.97kcal"
"2025-12-22(월)","콩나물국(02)(05)(06)(16)","30.35kcal","감자양파찌개(02)(05)(06)(10)(15)(16)","115.28kcal","사골미역국(16)","46.68kcal","","","3180.97kcal"
"2025-12-22(월)","맛밤송송함박스테이크(05)(10)(12)(13)(16)","559.25kcal","닭순살김치볶음(05)(15)","360.85kcal","훈제삼겹살(05)(06)(07)(10)(13)(16)","645kcal","","","3180.97kcal"
"2025-12-22(월)","연두부&양념장(05)","70.66kcal","도토리묵&양념장","47.4kcal","양념깻잎지(09)","46kcal","","","3180.97kcal"
"2025-12-22(월)","배추김치","0kcal","깍두기(완제품)","0kcal","저염쌈장(05)(06)","23.69kcal","","","3180.97kcal"
"2025-12-22(월)","","","","","샤인머스켓","58.5kcal","","","3180.97kcal"
"2025-12-22(월)","","","","","보쌈김치","0kcal","","","3180.97kcal"
"2025-12-23(화)","밥","376.03kcal","밥","376.03kcal","밥","376.03kcal","","","3532.93kcal"
"2025-12-23(화)","사골우거지국(02)(05)(06)(16)(18)","175.38kcal","짬뽕찌개(굴)(02)(05)(06)(09)(10)(16)(17)(18)","140.94kcal","참치김치찌개(05)(09)","128.55kcal","","","3532.93kcal"
"2025-12-23(화)","비엔나소시지케찹볶음(02)(05)(06)(10)(12)(16)(18)","356.28kcal","언양식바싹불고기(01)(02)(05)(06)(10)(12)(15)(16)","317.7kcal","닭순살치킨가스(01)(05)(06)(10)(12)(15)(16)","600.25kcal","","","3532.93kcal"
"2025-12-23(화)","호박새우볶음(05)(09)","35.23kcal","계란장조림","296kcal","마카로니샐러드(01)(05)(06)","219.51kcal","","","3532.93kcal"
"2025-12-23(화)","배추김치","0kcal","백색우유(02)","135kcal","깍두기(완제품)","0kcal","","","3532.93kcal"
"2025-12-23(화)","","","배추김치","0kcal","","","","","3532.93kcal"
"2025-12-24(수)","밥","376.03kcal","밥","376.03kcal","밥","376.03kcal","","","4671.54kcal"
"2025-12-24(수)","황태채국(01)(02)(05)(06)(16)","78.95kcal","우거지갈비탕(02)(05)(06)(10)(16)(18)","506.46kcal","감자국(02)(05)(06)(16)","52.51kcal","","","4671.54kcal"
"2025-12-24(수)","투움바함박스테이크(02)(05)(06)(10)(15)(16)(18)","605kcal","새송이버섯야채볶음(05)(06)(10)(18)","56.49kcal","닭다리튀김(05)(06)(15)","1571.5kcal","","","4671.54kcal"
"2025-12-24(수)","브로콜리&초고추장(05)","40.43kcal","치즈볼(05)","421.75kcal","진미채고추장조림(06)(17)","139kcal","","","4671.54kcal"
"2025-04-06(일)","소고기꽈리고추조림(05)(16)","304.26kcal","오이무침(05)","22.31kcal","무나물","22.09kcal","","","2381.42kcal"
"2025-04-06(일)","배추김치(수의계약)","15kcal","볶음김치(05)","18.2kcal","배추김치","0kcal","","","2381.42kcal"
"2025-04-07(월)","밥","371.74kcal","찰현미밥","388.98kcal","밥","371.74kcal","","","2765.29kcal"
"2025-04-07(월)","닭고기육개장(01)(05)(06)(15)(16)","103.3kcal","짬뽕찌개(굴)(05)(06)(08)(09)(10)(16)(17)(18)","164.85kcal","부대찌개(02)(05)(06)(10)(15)(16)(18)","155.37kcal","","","2765.29kcal"
"2025-04-07(월)","언양식바싹불고기(01)(02)(05)(06)(10)(12)(15)(16)","317.7kcal","돼지고기고추장볶음(05)(10)","441.39kcal","감자채볶음(02)(05)(10)(15)(16)","83.69kcal","","","2765.29kcal"
"2025-04-07(월)","상추겉절이","12.81kcal","멸치볶음(05)","71.57kcal","순살고등어구이(05)(07)","185.15kcal","","","2765.29kcal"
"2025-04-07(월)","백색우유(02)","65kcal","깍두기(완제품)","0kcal","대추방울토마토(12)","17kcal","","","2765.29kcal"
"2025-04-07(월)","깍두기(완제품)","0kcal","","","배추김치(수의계약)","15kcal","","","2765.29kcal"
"2025-04-08(화)","밥","371.74kcal","밥","371.74kcal","흑미밥","390.49kcal","","","3272.28kcal"
"2025-04-08(화)","어묵탕(05)(06)","101.41kcal","참치고추장찌개(05)(06)(09)(16)","156.92kcal","마라탕(09)(16)","90.43kcal","","","3272.28kcal"
"2025-04-08(화)","애호박나물(05)(09)","43.78kcal","느타리버섯볶음(05)","37.98kcal","갑오징어튀김(05)(06)(17)","622.1kcal","","","3272.28kcal"
"2025-04-08(화)","돼지고기무볶음(05)(10)","436.22kcal","닭순살야채조림(15)","291.47kcal","감자에그샐러드(완)","315kcal","","","3272.28kcal"
"2025-04-08(화)","김","28kcal","배추김치","0kcal","배추김치(수의계약)","15kcal","","","3272.28kcal"
"2025-04-08(화)","배추김치","0kcal","","","농심,육개장사발면,86g","","","","3272.28kcal"
"2025-04-09(수)","밥","371.74kcal","찰수수밥","381.02kcal","통모짜핫도그","0kcal","","","2466.80kcal"
"2025-04-09(수)","황태해장국(완)(05)","18.58kcal","미역국(05)(06)(16)","29.58kcal","카레밥","371.74kcal","","","2466.80kcal"
"2025-04-09(수)","닭간장소스찜(15)","299.52kcal","낙지삼겹살새우볶음(05)(09)(10)(17)","519.46kcal","팽이버섯된장국(05)(06)(09)(16)","103.35kcal","","","2466.80kcal"
"2025-04-09(수)","메추리알장조림(완)(01)(05)(06)","232.5kcal","계란찜(09)","3.89kcal","사과(후지)","55.42kcal","","","2466.80kcal"
"2025-04-09(수)","배추김치","0kcal","백색우유(02)","65kcal","열무김치","0kcal","","","2466.80kcal"
"2025-04-09(수)","","","배추김치(수의계약)","15kcal","","","","","2466.80kcal"
"2025-04-10(목)","밥","371.74kcal","밥","371.74kcal","밥","371.74kcal","","","3639.46kcal"
"2025-04-10(목)","들깨무채국(05)(06)(16)","17.06kcal","꼬리곰탕(05)(06)(09)","401.06kcal","사골우거지국(02)(05)(06)(16)(18)","197.58kcal","","","3639.46kcal"
"2025-04-10(목)","비엔나소시지케찹볶음(02)(05)(06)(10)(12)(16)(18)","379.15kcal","김자반","88.4kcal","찐새우만두(05)(06)(09)","588kcal","","","3639.46kcal"
"2025-04-10(목)","계란장조림","251.6kcal","닭바베큐소스조림(05)(15)","410.93kcal","오징어젓무침(17)","60.72kcal","","","3639.46kcal"
"2025-04-10(목)","배추김치","0kcal","부추양파무침","6.74kcal","탄산음료(콜라)","108kcal","","","3639.46kcal"
"2025-04-10(목)","","","깍두기(완제품)","0kcal","배추김치(수의계약)","15kcal","","","3639.46kcal"
"2025-04-11(금)","밥","371.74kcal","현미밥","389.89kcal","밥","371.74kcal","","","2801.29kcal"
"2025-04-11(금)","근대된장국(05)(06)","34.25kcal","순두부백탕(01)(05)(06)(09)(16)(18)","76.7kcal","꽃게탕(05)(06)(08)(09)(17)","98.06kcal","","","2801.29kcal"
"2025-04-11(금)","치즈함박스테이크(01)(02)(05)(06)(10)(12)(15)(16)","339.8kcal","오삼불고기(05)(10)(17)","558.45kcal","닭강정(01)(02)(05)(06)(15)","430kcal","","","2801.29kcal"
"2025-04-11(금)","무생채","15.15kcal","시금치무침","26.84kcal","양배추샐러드(01)(05)(06)(12)(16)(18)","23.67kcal","","","2801.29kcal"
"2025-04-11(금)","백색우유(02)","65kcal","깍두기(완제품)","0kcal","배추김치","0kcal","","","2801.29kcal"
"2025-04-11(금)","열무김치","0kcal","","","","","","","2801.29kcal"
"2025-04-12(토)","핫도그빵(01)(02)(05)(06)","665.2kcal","밥1","319.7kcal","제육덮밥(05)(10)","793.25kcal","","","3186.48kcal"
"2025-04-12(토)","스크램블에그(01)(05)","206kcal","바베큐폭립(완제품)(05)(06)(10)(12)","281.75kcal","콩나물무침(05)","24.48kcal","","","3186.48kcal"
"2025-04-12(토)","시리얼(2)(05)","258kcal","단호박샐러드(완)","160.2kcal","열무김치","0kcal","","","3186.48kcal"
"2025-04-12(토)","백색우유(02)","65kcal","양송이스프(02)(05)(06)(15)","175kcal","","","","","3186.48kcal"
"2025-04-12(토)","오이피클","72.9kcal","가공우유(딸기맛)(02)(05)","165kcal","","","","","3186.48kcal"
"2025-04-12(토)","","","배추김치","0kcal","","","","","3186.48kcal"
"2025-04-13(일)","밥","371.74kcal","밥","371.74kcal","밥","371.74kcal","","","2643.42kcal"
"2025-04-13(일)","감자호박국(05)(06)(16)","41.78kcal","해물짬뽕(05)(06)(09)(17)","104.98kcal","닭볶음탕(05)(15)","333.36kcal","","","2643.42kcal"
"2025-04-13(일)","새송이버섯야채볶음(05)(06)(10)(18)","77.79kcal","소불고기(완제품)(05)(16)","398.67kcal","황태해장국(완)(05)","18.58kcal","","","2643.42kcal"
"2025-04-13(일)","비엔나소시지감자조림(02)(05)(06)(10)(16)(18)","344.86kcal","멸치볶음(05)","71.57kcal","무조림","23.61kcal","","","2643.42kcal"
"2025-04-13(일)","김","28kcal","열무김치","0kcal","이온음료(포카리)","85kcal","","","2643.42kcal"
"2025-04-13(일)","배추김치","0kcal","","","배추김치","0kcal","","","2643.42kcal"
"2025-04-14(월)","밥","371.74kcal","밥","371.74kcal","잡곡밥","420.74kcal","","","2694.17kcal"
"2025-04-14(월)","쇠고기미역국(05)(06)(16)","81.27kcal","순두부찌개(05)(09)","107.01kcal","콩나물김치국(05)(06)(16)","25.38kcal","","","2694.17kcal"
"2025-04-14(월)","애호박나물(05)(09)","43.78kcal","돼지고기청경채볶음(05)(06)(10)(18)","399.57kcal","순살삼치구이(05)(06)(07)","133.14kcal","","","2694.17kcal"
"2025-04-14(월)","오삼불고기(05)(10)(17)","558.45kcal","부추양파무침","6.74kcal","옥수수계란찜(02)(09)","54.19kcal","","","2694.17kcal"
"2025-04-14(월)","백색우유(02)","65kcal","열무김치","0kcal","사과(후지)","55.42kcal","","","2694.17kcal"
"2025-04-14(월)","배추김치","0kcal","","","배추김치","0kcal","","","2694.17kcal"
"2025-04-15(화)","밥","371.74kcal","찹쌀밥","391.74kcal","자장밥(05)(06)(10)","714.94kcal","","","2874.80kcal"
"2025-04-15(화)","어묵탕(05)(06)","101.41kcal","부대찌개(02)(05)(06)(10)(15)(16)(18)","155.37kcal","계란국(01)(09)(16)","55.37kcal","","","2874.80kcal"
"2025-04-15(화)","닭간장소스찜(15)","299.52kcal","주꾸미볶음(05)","180.26kcal","유린기(05)(06)(15)(16)","548.79kcal","","","2874.80kcal"
"2025-04-15(화)","무생채","15.15kcal","오이무침(05)","22.31kcal","배추김치","0kcal","","","2874.80kcal"
"2025-04-15(화)","열무김치","0kcal","볶음김치(05)","18.2kcal","","","","","2874.80kcal"
"2025-04-16(수)","밥","371.74kcal","밥","371.74kcal","찰현미밥","388.98kcal","","","2944.67kcal"
"2025-04-16(수)","근대된장국(05)(06)","34.25kcal","감자국(05)(06)(16)","44.31kcal","햄감자찌개(05)(06)(16)","53.19kcal","","","2944.67kcal"
"2025-04-16(수)","언양식바싹불고기(01)(02)(05)(06)(10)(12)(15)(16)","317.7kcal","마파두부(05)(06)(10)(15)(18)","280.03kcal","고추잡채(05)(06)(10)(18)","391.48kcal","","","2944.67kcal"
"2025-04-16(수)","연두부&양념장(05)","70.66kcal","오징어채무침(05)(17)","213.25kcal","김말이튀김(05)","271.74kcal","","","2944.67kcal"
"2025-04-16(수)","백색우유(02)","65kcal","배추김치","0kcal","마시는발효유(02)","70.6kcal","","","2944.67kcal"
"2025-04-16(수)","배추김치","0kcal","","","열무김치","0kcal","","","2944.67kcal"
"2025-04-16(수)","","","","","케이크또는파이또는패스트리, 참조은에스에프, 쿠키앤크림스틱치즈케익, 400g(50g8개)상자","","","","2944.67kcal"
"2025-04-16(수)","","","","","케이크또는파이또는패스트리, (주문자상표부착)에스피씨삼립, 초코티라미스케익, 60g","","","","2944.67kcal"
"2025-04-17(목)","밥","371.74kcal","흑미밥","390.49kcal","새우튀김덮밥(에비동)(05)(06)(09)(18)","793kcal","","","3153.47kcal"
"2025-04-17(목)","쇠고기무국(05)(06)(16)","93.68kcal","감자양파찌개(02)(05)(06)(10)(15)(16)","111.56kcal","미소장국","61.03kcal","","","3153.47kcal"
"2025-04-17(목)","한입떡갈비(02)(05)(06)(10)(16)","434.2kcal","낙지삼겹살새우볶음(05)(09)(10)(17)","519.46kcal","닭꼬치(완)","0kcal","","","3153.47kcal"
"2025-04-17(목)","닭순살야채조림(15)","291.47kcal","시금치무침","26.84kcal","꼬들단무지","0kcal","","","3153.47kcal"
"2025-04-17(목)","배추김치","0kcal","카프리썬(오렌지망고)","60kcal","","","","","3153.47kcal"
"2025-04-17(목)","","","배추김치","0kcal","","","","","3153.47kcal"
"2025-04-18(금)","밥","371.74kcal","밥","371.74kcal","밥","371.74kcal","","","2889.80kcal"
"2025-04-18(금)","닭곰탕(15)","100.79kcal","콩나물무채국(05)(06)","29.72kcal","꼬치어묵국","175.74kcal","","","2889.80kcal"
"2025-04-18(금)","돼지고기부추볶음(05)(06)(10)(18)","403.93kcal","훈제오리볶음(01)(05)(06)(18)","532.02kcal","떡볶이(01)(05)(06)","264.27kcal","","","2889.80kcal"
"2025-04-18(금)","상추겉절이","12.81kcal","부추겉절이","14.3kcal","찰순대찜(06)(10)","136kcal","","","2889.80kcal"
"2025-04-18(금)","깍두기(완제품)","0kcal","무쌈","40kcal","반달단무지","0kcal","","","2889.80kcal"
"2025-04-18(금)","","","백색우유(02)","65kcal","짜먹는발효유","0kcal","","","2889.80kcal"
"2025-04-18(금)","","","배추김치","0kcal","","","","","2889.80kcal"
"2025-04-19(토)","불고기버거(01)(02)(05)(06)(10)(12)(16)","360.16kcal","밥","371.74kcal","삼색도리덮밥(01)(05)(15)","884.23kcal","","","2999.13kcal"
"2025-04-19(토)","계란후라이(완제품)(01)(02)(06)(10)","102.5kcal","순대국밥(05)(06)(10)","452.69kcal","무나물","22.09kcal","","","2999.13kcal"
"2025-04-19(토)","백색우유(02)","65kcal","왕교자만두찜(06)(10)","288.75kcal","배추김치","0kcal","","","2999.13kcal"
"2025-04-19(토)","시리얼(증)(05)(06)","236.4kcal","풋고추된장무침(05)(06)","30.57kcal","","","","","2999.13kcal"
"2025-04-19(토)","가공우유(쿠키앤크림)(02)","185kcal","깍두기(완제품)","0kcal","","","","","2999.13kcal"
"2025-04-20(일)","밥","371.74kcal","밥","371.74kcal","밥","371.74kcal","","","2811.96kcal"
"2025-04-20(일)","시금치된장국(05)(06)(09)(16)","45.38kcal","닭볶음탕(05)(15)","333.36kcal","황태해장국(완)(05)","18.58kcal","","","2811.96kcal"
