????,???,????,???,????,???????????
"1","2016-01-02","??1","?????","??","2016-02-01"
"2","2016-01-02","?????????","???????ýß","??????","2016-02-01"
"3","2016-01-02","????????????????","??????","?¥ê¥á??","2016-02-01"
"4","2016-01-02","????","??????(12~2??)","??????©¤","2016-02-01"
"5","2016-01-02","??????(12~2??)","","??????(12~2??)","2016-02-01"
"6","2016-01-03","??1","??????????","????","2016-02-01"
"7","2016-01-03","?????????","?????","???????????","2016-02-01"
"8","2016-01-03","??????????","????","???","2016-02-01"
"9","2016-01-03","????????","??????(12~2??)","???????????","2016-02-01"
"10","2016-01-03","??????(12~2??)","","??????(12~2??)","2016-02-01"
"11","2016-01-04","??1","????????","????","2016-02-01"
"12","2016-01-04","???????????","?????????","?????","2016-02-01"
"13","2016-01-04","????","??¢®??????©¤","???(????????)","2016-02-01"
"14","2016-01-04","?????©¤","??????(12~2??)","???¥ê¥î????","2016-02-01"
"15","2016-01-04","??????(12~2??)","","??????(12~2??)","2016-02-01"
"16","2016-01-05","????????(??????)","????","???????","2016-02-01"
"17","2016-01-05","","??????????","?¥ê¥è?????","2016-02-01"
"18","2016-01-05","","????????","??¢®?????","2016-02-01"
"19","2016-01-05","","??????©¤","??????(12~2??)","2016-02-01"
"20","2016-01-05","","??????(12~2??)","","2016-02-01"
"21","2016-01-06","??1","???????","?????","2016-02-01"
"22","2016-01-06","???????","????????","?????","2016-02-01"
"23","2016-01-06","??????????","????¥ê?","?????","2016-02-01"
"24","2016-01-06","????","???¨ù???????","??????(12~2??)","2016-02-01"
"25","2016-01-06","??????(12~2??)","??????(12~2??)","","2016-02-01"
"26","2016-01-07","??1","?????","????","2016-02-01"
"27","2016-01-07","??????","????????","???¥ê???","2016-02-01"
"28","2016-01-07","????????????????","????????","???????????","2016-02-01"
"29","2016-01-07","??¢®?????©¤","??????(12~2??)","?????","2016-02-01"
"30","2016-01-07","??????(12~2??)","","??????(12~2??)","2016-02-01"
"31","2016-01-08","??1","????","??","2016-02-01"
"32","2016-01-08","??????","?????????","?????","2016-02-01"
"33","2016-01-08","??????????????","???????","??????????","2016-02-01"
"34","2016-01-08","????","?????","?????©¤","2016-02-01"
"35","2016-01-08","??????(12~2??)","??????(12~2??)","??????(12~2??)","2016-02-01"
"36","2016-01-09","????????","???????","??","2016-02-01"
"37","2016-01-09","","????????","?????","2016-02-01"
"38","2016-01-09","","???????©¤","??????","2016-02-01"
"39","2016-01-09","","??????(12~2??)","???????","2016-02-01"
"40","2016-01-09","","","??????(12~2??)","2016-02-01"
"41","2016-01-10","??1","??","??","2016-02-01"
"42","2016-01-10","???????????","???????????","???©ö???","2016-02-01"
"43","2016-01-10","??¢®???????","???","??????","2016-02-01"
"44","2016-01-10","????","?¥ê?????","?????","2016-02-01"
"45","2016-01-10","??????(12~2??)","??????(12~2??)","??????(12~2??)","2016-02-01"
"46","2016-01-11","????????","????","??","2016-02-01"
"47","2016-01-11","????????","??????ýß","?¥ê¥è?????","2016-02-01"
"48","2016-01-11","???????????","????????","?????????","2016-02-01"
"49","2016-01-11","??????(12~2??)","????????????","??????","2016-02-01"
"50","2016-01-11","","??????(12~2??)","??????(12~2??)","2016-02-01"
"51","2016-01-12","??1","????","???????","2016-02-01"
"52","2016-01-12","??¢®????","???¥ê???","?????","2016-02-01"
"53","2016-01-12","????????????????","?????","??????","2016-02-01"
"54","2016-01-12","????","????????","??????(12~2??)","2016-02-01"
"55","2016-01-12","??????(12~2??)","??????(12~2??)","","2016-02-01"
"56","2016-01-13","??1","???????","????","2016-02-01"
"57","2016-01-13","????????","????????","??????????","2016-02-01"
"58","2016-01-13","???????????????","???????","????????","2016-02-01"
"59","2016-01-13","????","??¢®??????©¤","??????©¤","2016-02-01"
"60","2016-01-13","??????(12~2??)","??????(12~2??)","??????(12~2??)","2016-02-01"
"61","2016-01-14","???????","????","??","2016-02-01"
"62","2016-01-14","","???????????","???©ö???","2016-02-01"
"63","2016-01-14","","??????","????????????????","2016-02-01"
"64","2016-01-14","","?????????","????????©¤","2016-02-01"
"65","2016-01-14","","??????(12~2??)","??????(12~2??)","2016-02-01"
"66","2016-01-15","??1","????","?????","2016-02-01"
"67","2016-01-15","??????????","???????ýß","?????","2016-02-01"
"68","2016-01-15","??????????????","???????????","???????©¤","2016-02-01"
"69","2016-01-15","????","?????","??????(12~2??)","2016-02-01"
"70","2016-01-15","??????(12~2??)","?????","","2016-02-01"
"71","2016-01-15","","??????(12~2??)","","2016-02-01"
"72","2016-01-16","??1","?????????","???????","2016-02-01"
"73","2016-01-16","?????????","?????","?????","2016-02-01"
"74","2016-01-16","???????????????","?????©¤","??????????","2016-02-01"
"75","2016-01-16","????????","??????(12~2??)","???¥ê¥î????","2016-02-01"
"76","2016-01-16","??????(12~2??)","","??????(12~2??)","2016-02-01"
"77","2016-01-17","??1","????","??","2016-02-01"
"78","2016-01-17","???????","????????","???????ýß","2016-02-01"
"79","2016-01-17","??????????????","????°Z??","?¥ê¥á??","2016-02-01"
"80","2016-01-17","????","??????©¤","???????","2016-02-01"
"81","2016-01-17","??????(12~2??)","??????(12~2??)","??????(12~2??)","2016-02-01"
"82","2016-01-18","??1","????","??","2016-02-01"
"83","2016-01-18","????????1??","????????","????????","2016-02-01"
"84","2016-01-18","??¢®??????©¤","?????????","?????????????????","2016-02-01"
"85","2016-01-18","??????(12~2??)","??????","??????????????","2016-02-01"
"86","2016-01-18","","??????(12~2??)","??????(12~2??)","2016-02-01"
"87","2016-01-19","????????(??????)","????","????","2016-02-01"
"88","2016-01-19","","?????","???¥ê???","2016-02-01"
"89","2016-01-19","","???¨ù???????","????????","2016-02-01"
"90","2016-01-19","","???????????©¤","??????©¤","2016-02-01"
"91","2016-01-19","","??????(12~2??)","??????(12~2??)","2016-02-01"
"92","2016-01-20","??1","??¢®????","????","2016-02-01"
"93","2016-01-20","?????","??????","??????????","2016-02-01"
"94","2016-01-20","?????","?¥ê?????","???ª…??","2016-02-01"
"95","2016-01-20","????","??????(12~2??)","????????","2016-02-01"
"96","2016-01-20","??????(12~2??)","","??????(12~2??)","2016-02-01"
"97","2016-01-21","??1","????","?????","2016-02-01"
"98","2016-01-21","???????","?????????","?¥ê¥è?????","2016-02-01"
"99","2016-01-21","??????????????","?????????????","????????","2016-02-01"
"100","2016-01-21","????????","?????","??????(12~2??)","2016-02-01"
"101","2016-01-21","??????(12~2??)","??????(12~2??)","","2016-02-01"
"102","2016-01-22","??1","????","??","2016-02-01"
"103","2016-01-22","?????????","???????????","??¢®????","2016-02-01"
"104","2016-01-22","????????????","??????","????????????????","2016-02-01"
"105","2016-01-22","?????????????","?????©¤","???????????","2016-02-01"
"106","2016-01-22","??????(12~2??)","??????(12~2??)","??????(12~2??)","2016-02-01"
"107","2016-01-23","????????","???????????","?????","2016-02-01"
"108","2016-01-23","","????????","??????????","2016-02-01"
"109","2016-01-23","","??????????","?????????","2016-02-01"
"110","2016-01-23","","??????(12~2??)","??????(12~2??)","2016-02-01"
"111","2016-01-24","????","????","???????","2016-02-01"
"112","2016-01-24","????????????","?????????","????????","2016-02-01"
"113","2016-01-24","??????(12~2??)","????????","????????","2016-02-01"
"114","2016-01-24","","??????©¤","??????(12~2??)","2016-02-01"
"115","2016-01-24","","??????(12~2??)","","2016-02-01"
"116","2016-01-25","???????","????","?????","2016-02-01"
"117","2016-01-25","????°Z??","?????","?????","2016-02-01"
"118","2016-01-25","????????","?¥ê¥á??","??????????","2016-02-01"
"119","2016-01-25","??????(12~2??)","??¢®??????©¤","??????(12~2??)","2016-02-01"
"120","2016-01-25","","??????(12~2??)","","2016-02-01"
"121","2016-01-26","??1","????","????","2016-02-01"
"122","2016-01-26","????????","????? ????","?????","2016-02-01"
"123","2016-01-26","?????????????","?????????????","??¢®????","2016-02-01"
"124","2016-01-26","????","???????????","???¥ê¥î????","2016-02-01"
"125","2016-01-26","??????(12~2??)","??????(12~2??)","??????(12~2??)","2016-02-01"
"126","2016-01-27","??1","???????","????????","2016-02-01"
"127","2016-01-27","???????????","????????","??¢®???????","2016-02-01"
"128","2016-01-27","?????","???","?????","2016-02-01"
"129","2016-01-27","????","??????????","??????(12~2??)","2016-02-01"
"130","2016-01-27","??????(12~2??)","??????(12~2??)","","2016-02-01"
"131","2016-01-28","??????","?????","??","2016-02-01"
"132","2016-01-28","","???¥ê???","???????????","2016-02-01"
"133","2016-01-28","","????????","?????????","2016-02-01"
"134","2016-01-28","","??????(12~2??)","????????????","2016-02-01"
"135","2016-01-28","","","??????(12~2??)","2016-02-01"
"136","2016-01-29","??1","????","??","2016-02-01"
"137","2016-01-29","?????????","??????(???)","?????","2016-02-01"
"138","2016-01-29","????¥ê?","????????©¤","????????","2016-02-01"
"139","2016-01-29","????","??????(12~2??)","?????","2016-02-01"
"140","2016-01-29","??????(12~2??)","","??????(12~2??)","2016-02-01"
"141","2016-01-30","??1","???­Y","????","2016-02-01"
"142","2016-01-30","??????","??????","?¥ê¥è?????","2016-02-01"
"143","2016-01-30","??????????????","??????(12~2??)","???????????","2016-02-01"
"144","2016-01-30","????","","???????????","2016-02-01"
"145","2016-01-30","??????(12~2??)","","??????(12~2??)","2016-02-01"
"146","2016-01-31","?????¥á?","????","??","2016-02-01"
"147","2016-01-31","?????????","???????????","?????????","2016-02-01"
"148","2016-01-31","??????(12~2??)","??????????","???????????????","2016-02-01"
"149","2016-01-31","","?????????","?????","2016-02-01"
"150","2016-01-31","","??????(12~2??)","??????(12~2??)","2016-02-01"
"151","2016-02-01","??1","????","?????","2016-03-01"
"152","2016-02-01","?????????","?????","?????","2016-03-01"
"153","2016-02-01","????°Z??","???¨ù???????","??????","2016-03-01"
"154","2016-02-01","?¥ê?????","???????©¤","??????(12~2??)","2016-03-01"
"155","2016-02-01","??????(12~2??)","??????(12~2??)","","2016-03-01"
"156","2016-02-02","????????","????","????","2016-03-01"
"157","2016-02-02","","??????????","???¥ê???","2016-03-01"
"158","2016-02-02","","?????????","???????????","2016-03-01"
"159","2016-02-02","","?????©¤","????????","2016-03-01"
"160","2016-02-02","","??????(12~2??)","??????(12~2??)","2016-03-01"
"161","2016-02-03","??1","????","?????","2016-03-01"
"162","2016-02-03","?????","??????ýß","????????","2016-03-01"
"163","2016-02-03","?????","??¢®????","????????","2016-03-01"
"164","2016-02-03","????","??????","??????(12~2??)","2016-03-01"
"165","2016-02-03","??????(12~2??)","??????(12~2??)","","2016-03-01"
"166","2016-02-04","??1","????","????","2016-03-01"
"167","2016-02-04","?????????","???????","?????????","2016-03-01"
"168","2016-02-04","????????????????","?????????????","????¥ê?","2016-03-01"
"169","2016-02-04","????","???????????","???????","2016-03-01"
"170","2016-02-04","??????(12~2??)","??????(12~2??)","??????(12~2??)","2016-03-01"
"171","2016-02-05","??1","???????","???????","2016-03-01"
"172","2016-02-05","?????????","????????","?????","2016-03-01"
"173","2016-02-05","???????????","???","????","2016-03-01"
"174","2016-02-05","??¢®?????©¤","???¨ù???????","??????(12~2??)","2016-03-01"
"175","2016-02-05","??????(12~2??)","??????(12~2??)","","2016-03-01"
"176","2016-02-06","????????","??","??","2016-03-01"
"177","2016-02-06","","???????????","???¥ê???","2016-03-01"
"178","2016-02-06","","??????????????","??????","2016-03-01"
"179","2016-02-06","","????????©¤","???????????","2016-03-01"
"180","2016-02-06","","??????(12~2??)","??????(12~2??)","2016-03-01"
"181","2016-02-07","???????","??","?????","2016-03-01"
"182","2016-02-07","????????","?????","?????","2016-03-01"
"183","2016-02-07","?????","??????????","???????©¤","2016-03-01"
"184","2016-02-07","??????(12~2??)","??????©¤","??????(12~2??)","2016-03-01"
"185","2016-02-07","","??????(12~2??)","","2016-03-01"
"186","2016-02-08","?????¥á?","????","??","2016-03-01"
"187","2016-02-08","??¢®??????©¤","????????","???????????","2016-03-01"
"188","2016-02-08","??????(12~2??)","????????","??????????","2016-03-01"
"189","2016-02-08","","??????","???¥ê¥î????","2016-03-01"
"190","2016-02-08","","??????(12~2??)","??????(12~2??)","2016-03-01"
"191","2016-02-09","??1","????","????","2016-03-01"
"192","2016-02-09","??¢®????","???¥ê???","???????????","2016-03-01"
"193","2016-02-09","???????????????","?????","??????????","2016-03-01"
"194","2016-02-09","????","????????????","?????","2016-03-01"
"195","2016-02-09","??????(12~2??)","??????(12~2??)","??????(12~2??)","2016-03-01"
"196","2016-02-10","??1","????","????","2016-03-01"
"197","2016-02-10","?????????","????????","????????","2016-03-01"
"198","2016-02-10","???????????????","????????","??????","2016-03-01"
"199","2016-02-10","????","?????©¤","??????","2016-03-01"
"200","2016-02-10","??????(12~2??)","??????(12~2??)","??????(12~2??)","2016-03-01"
"201","2016-02-11","??1","?????","????","2016-03-01"
"202","2016-02-11","???????","??????","??????(???)","2016-03-01"
"203","2016-02-11","??????????????","????????","????????","2016-03-01"
"204","2016-02-11","????","??????(12~2??)","??????(12~2??)","2016-03-01"
"205","2016-02-11","??????(12~2??)","","","2016-03-01"
"206","2016-02-11","","","","2016-03-01"
"207","2016-02-12","??1","???????","????","2016-03-01"
"208","2016-02-12","?¥ê¥è?????","???????????","???????????","2016-03-01"
"209","2016-02-12","????°Z??","????????","????????????","2016-03-01"
"210","2016-02-12","??¢®?????©¤","?????????","????????????","2016-03-01"
"211","2016-02-12","??????(12~2??)","??????(12~2??)","??????(12~2??)","2016-03-01"
"212","2016-02-13","????????","????","??","2016-03-01"
"213","2016-02-13","","?????","?????","2016-03-01"
"214","2016-02-13","","??????????","?????????????","2016-03-01"
"215","2016-02-13","","?????","???¥ê¥î????","2016-03-01"
"216","2016-02-13","","??????(12~2??)","??????(12~2??)","2016-03-01"
"217","2016-02-14","??1","???????????","??","2016-03-01"
"218","2016-02-14","???????ýß","????????","???¥ê???","2016-03-01"
"219","2016-02-14","??????????????","????????","????????","2016-03-01"
"220","2016-02-14","????","??????(12~2??)","?????©¤","2016-03-01"
"221","2016-02-14","??????(12~2??)","","??????(12~2??)","2016-03-01"
"222","2016-02-15","??1","??","??","2016-03-01"
"223","2016-02-15","?????????","?????","??????????","2016-03-01"
"224","2016-02-15","????????????????","????????????????","??????????","2016-03-01"
"225","2016-02-15","????","??¢®??????©¤","?????","2016-03-01"
"226","2016-02-15","??????(12~2??)","??????(12~2??)","??????(12~2??)","2016-03-01"
"227","2016-02-16","??????","????","???????","2016-03-01"
"228","2016-02-16","","?????","?????????","2016-03-01"
"229","2016-02-16","","?????","?????????????","2016-03-01"
"230","2016-02-16","","??¢®??????©¤","??????(12~2??)","2016-03-01"
"231","2016-02-16","","??????(12~2??)","","2016-03-01"
"232","2016-02-17","??1","????","????","2016-03-01"
"233","2016-02-17","???????????","??¢®????","????????","2016-03-01"
"234","2016-02-17","?????????","?¥ê?????","?????????","2016-03-01"
"235","2016-02-17","????","????????","??????","2016-03-01"
"236","2016-02-17","??????(12~2??)","??????(12~2??)","??????(12~2??)","2016-03-01"
"237","2016-02-18","???????","????","????","2016-03-01"
"238","2016-02-18","","?????????","???????ýß","2016-03-01"
"239","2016-02-18","","?¥ê¥á??","?????","2016-03-01"
"240","2016-02-18","","????????","????????","2016-03-01"
"241","2016-02-18","","??????(12~2??)","??????(12~2??)","2016-03-01"
"242","2016-02-19","??1","???????","?????","2016-03-01"
"243","2016-02-19","??????","???????????","?????","2016-03-01"
"244","2016-02-19","????????????????","???","??????????","2016-03-01"
"245","2016-02-19","???¥ê¥î????","?????","??????(12~2??)","2016-03-01"
"246","2016-02-19","??????(12~2??)","??????(12~2??)","","2016-03-01"
"247","2016-02-20","????","???????","?????","2016-03-01"
"248","2016-02-20","????????????","????????","????????","2016-03-01"
"249","2016-02-20","??????(12~2??)","?????????","??????©¤","2016-03-01"
"250","2016-02-20","","???????","??????(12~2??)","2016-03-01"
"251","2016-02-20","","??????(12~2??)","","2016-03-01"
"252","2016-02-21","?????¥á?","????","??????????","2016-03-01"
"253","2016-02-21","??¢®???????","?????","?????","2016-03-01"
"254","2016-02-21","??????(12~2??)","????¥ê?","????","2016-03-01"
"255","2016-02-21","","?????","??????(12~2??)","2016-03-01"
"256","2016-02-21","","??????(12~2??)","","2016-03-01"
"257","2016-02-22","??1","??","??","2016-03-01"
"258","2016-02-22","????????1??","??????????","?¥ê¥è?????","2016-03-01"
"259","2016-02-22","????","???????????","?????????????????","2016-03-01"
"260","2016-02-22","??¢®??????©¤","?????/?????","???????????","2016-03-01"
"261","2016-02-22","??????(12~2??)","??????(12~2??)","??????(12~2??)","2016-03-01"
"262","2016-02-23","??1","????","??¢®????","2016-03-01"
"263","2016-02-23","????????","????? ????","????????","2016-03-01"
"264","2016-02-23","????????","?????","???","2016-03-01"
"265","2016-02-23","???????????©¤","?????©¤","??????(12~2??)","2016-03-01"
"266","2016-02-23","??????(12~2??)","??????(12~2??)","","2016-03-01"
"267","2016-02-24","??1","????????","????","2016-03-01"
"268","2016-02-24","?¥ê¥è?????","???????????????","????????","2016-03-01"
"269","2016-02-24","??????????","??¢®?????","???ª…??","2016-03-01"
"270","2016-02-24","????","??????(12~2??)","??????","2016-03-01"
"271","2016-02-24","??????(12~2??)","","??????(12~2??)","2016-03-01"
"272","2016-02-25","???????","????","????","2016-03-01"
"273","2016-02-25","","??????","?????","2016-03-01"
"274","2016-02-25","","?¥ê¥á??","????????????????","2016-03-01"
"275","2016-02-25","","??????¢®?????©¤","????????©¤","2016-03-01"
"276","2016-02-25","","??????(12~2??)","??????(12~2??)","2016-03-01"
"277","2016-02-26","??1","?????","????????","2016-03-01"
"278","2016-02-26","??????","????????","???????","2016-03-01"
"279","2016-02-26","????","???????????","???????????","2016-03-01"
"280","2016-02-26","???????©¤","??????(12~2??)","??????(12~2??)","2016-03-01"
"281","2016-02-26","??????(12~2??)","","","2016-03-01"
"282","2016-02-27","??1","???­Y","????","2016-03-01"
"283","2016-02-27","???????????","??????","???¥ê???","2016-03-01"
"284","2016-02-27","?????????????","??????(12~2??)","?????????","2016-03-01"
"285","2016-02-27","????","","??????©¤","2016-03-01"
"286","2016-02-27","??????(12~2??)","","??????(12~2??)","2016-03-01"
"287","2016-02-28","??1","?????????","??","2016-03-01"
"288","2016-02-28","??????","?????","???????","2016-03-01"
"289","2016-02-28","??????????","?????","??????????????","2016-03-01"
"290","2016-02-28","????","??????(12~2??)","???????????","2016-03-01"
"291","2016-02-28","??????(12~2??)","","??????(12~2??)","2016-03-01"
"292","2016-02-29","?????","??","??","2016-03-01"
"293","2016-02-29","??????????","??????????","???©ö???","2016-03-01"
"294","2016-02-29","???????????","?????????????","??????","2016-03-01"
"295","2016-02-29","??????(12~2??)","???(????????)","?????????","2016-03-01"
"296","2016-02-29","","??????(12~2??)","??????(12~2??)","2016-03-01"
"297","2016-03-01","??1","?????","????","2016-04-01"
"298","2016-03-01","??¢®????","????????","????????","2016-04-01"
"299","2016-03-01","??????????????","????????","?????????","2016-04-01"
"300","2016-03-01","????","??????(3~4??)","??????","2016-04-01"
"301","2016-03-01","??¥á?(?????)","","??????(3~4??)","2016-04-01"
"302","2016-03-02","??1","???????","????","2016-04-01"
"303","2016-03-02","?????????","?????","???¥ê???","2016-04-01"
"304","2016-03-02","?????","??¢®??????©¤","??????","2016-04-01"
"305","2016-03-02","?????","??¥á?(?????)","??????©¤","2016-04-01"
"306","2016-03-02","??????(3~4??)","","??????(3~4??)","2016-04-01"
"307","2016-03-03","????????","????","??","2016-04-01"
"308","2016-03-03","","??????ýß","???????????","2016-04-01"
"309","2016-03-03","","???????????","???????????","2016-04-01"
"310","2016-03-03","","?????©¤","??????©¤","2016-04-01"
"311","2016-03-03","","??¥á?(?????)","??????(3~4??)","2016-04-01"
"312","2016-03-04","?????","???????","??","2016-04-01"
"313","2016-03-04","???????????","?????","????????","2016-04-01"
"314","2016-03-04","????","????????","????????","2016-04-01"
"315","2016-03-04","??????(3~4??)","?????©¤","?????????","2016-04-01"
"316","2016-03-04","","??????(3~4??)","??¥á?(?????)","2016-04-01"
"317","2016-03-05","??1","??","??????????","2016-04-01"
"318","2016-03-05","?¥ê¥è?????","?????????","??????","2016-04-01"
"319","2016-03-05","?????????????","????°Z??","?????????","2016-04-01"
"320","2016-03-05","??¢®?????©¤","???????????","??????(3~4??)","2016-04-01"
"321","2016-03-05","??????(3~4??)","??????(3~4??)","","2016-04-01"
"322","2016-03-06","????","?????","??","2016-04-01"
"323","2016-03-06","????????????","?????","?????","2016-04-01"
"324","2016-03-06","??????(3~4??)","???????©¤","????????????????","2016-04-01"
"325","2016-03-06","","??????(3~4??)","???????????","2016-04-01"
"326","2016-03-06","","","??¥á?(?????)","2016-04-01"
"327","2016-03-07","??1","??","????","2016-04-01"
"328","2016-03-07","?????????","??????ýß","?????????","2016-04-01"
"329","2016-03-07","???????????????","?????????","????¥ê?","2016-04-01"
"330","2016-03-07","????","?????©¤","???????????","2016-04-01"
"331","2016-03-07","??¥á?(?????)","??????(3~4??)","??????(3~4??)","2016-04-01"
"332","2016-03-08","????????","????","??","2016-04-01"
"333","2016-03-08","","??????(???)","?????","2016-04-01"
"334","2016-03-08","","???","??????????","2016-04-01"
"335","2016-03-08","","??¥á?(?????)","??¢®??????©¤","2016-04-01"
"336","2016-03-08","","","??????(3~4??)","2016-04-01"
"337","2016-03-09","??1","????","????","2016-04-01"
"338","2016-03-09","?????????","???????","???¥ê???","2016-04-01"
"339","2016-03-09","??????????????","?????","?????????","2016-04-01"
"340","2016-03-09","????","???????????©¤","??????","2016-04-01"
"341","2016-03-09","??¥á?(?????)","??????(3~4??)","??????(3~4??)","2016-04-01"
"342","2016-03-10","????????","????","??","2016-04-01"
"343","2016-03-10","??¢®???????","?????????","???¢¬????","2016-04-01"
"344","2016-03-10","????????","????????","????????????????","2016-04-01"
"345","2016-03-10","??????(3~4??)","?????","??????","2016-04-01"
"346","2016-03-10","","??????(3~4??)","??????(3~4??)","2016-04-01"
"347","2016-03-11","??1","????","?????","2016-04-01"
"348","2016-03-11","??????","?????","?????","2016-04-01"
"349","2016-03-11","????????????????","??????","??????????","2016-04-01"
"350","2016-03-11","????","?????????","??????(3~4??)","2016-04-01"
"351","2016-03-11","??????(3~4??)","??¥á?(?????)","","2016-04-01"
"352","2016-03-12","????????(??????)","??","??","2016-04-01"
"353","2016-03-12","","???????????","??????????","2016-04-01"
"354","2016-03-12","","????°Z??","??????????????","2016-04-01"
"355","2016-03-12","","????????","????????","2016-04-01"
"356","2016-03-12","","??????(3~4??)","??????(3~4??)","2016-04-01"
"357","2016-03-13","?????¥á?","??¢®????","????????","2016-04-01"
"358","2016-03-13","??¢®?????©¤","?????","??????????","2016-04-01"
"359","2016-03-13","??????(3~4??)","???¥ê¥î????","??????????????","2016-04-01"
"360","2016-03-13","","??????(3~4??)","??¥á?(?????)","2016-04-01"
"361","2016-03-14","??1","????","????","2016-04-01"
"362","2016-03-14","??????????","????????","???¥ê???","2016-04-01"
"363","2016-03-14","??????????????","???","??¢®?????","2016-04-01"
"364","2016-03-14","????","???¨ù???????","???????©¤","2016-04-01"
"365","2016-03-14","??¥á?(?????)","??????(3~4??)","??¥á?(?????)","2016-04-01"
"366","2016-03-15","??1","????","?????","2016-04-01"
"367","2016-03-15","??????","??????????","?????","2016-04-01"
"368","2016-03-15","???????????????","?????????","???????","2016-04-01"
"369","2016-03-15","????","??????","??????(3~4??)","2016-04-01"
"370","2016-03-15","??????(3~4??)","??????(3~4??)","","2016-04-01"
"371","2016-03-16","???????","????","??","2016-04-01"
"372","2016-03-16","?????????","???©ö???","???????????","2016-04-01"
"373","2016-03-16","?????","????????????????","???????","2016-04-01"
"374","2016-03-16","??????(3~4??)","??????/???????","?¥ê?????","2016-04-01"
"375","2016-03-16","","????","??????(3~4??)","2016-04-01"
"376","2016-03-17","???????","????","??","2016-04-01"
"377","2016-03-17","","????????","?????????","2016-04-01"
"378","2016-03-17","","????????","?¥ê¥á??","2016-04-01"
"379","2016-03-17","","????????©¤","????????","2016-04-01"
"380","2016-03-17","","??????(3~4??)","??¥á?(?????)","2016-04-01"
"381","2016-03-18","??1","????","??","2016-04-01"
"382","2016-03-18","??¢®????","?????","???¥ê???","2016-04-01"
"383","2016-03-18","?????","?????????????","??????","2016-04-01"
"384","2016-03-18","????","??¢®??????©¤","?????????","2016-04-01"
"385","2016-03-18","??????(3~4??)","??¥á?(?????)","??????(3~4??)","2016-04-01"
"386","2016-03-19","??1","?????","?????????","2016-04-01"
"387","2016-03-19","?¥ê¥è?????","??????","????????","2016-04-01"
"388","2016-03-19","??????????????","???????©¤","?????©¤","2016-04-01"
"389","2016-03-19","????","??????(3~4??)","??????(3~4??)","2016-04-01"
"390","2016-03-19","??¥á?(?????)","","","2016-04-01"
"391","2016-03-20","??1","???????","????","2016-04-01"
"392","2016-03-20","???????ýß","????????","????????","2016-04-01"
"393","2016-03-20","????????????","?????","??¢®????","2016-04-01"
"394","2016-03-20","????","??¥á?(?????)","???¥ê¥î????","2016-04-01"
"395","2016-03-20","??????(3~4??)","","??¥á?(?????)","2016-04-01"
"396","2016-03-21","??1","????","???????","2016-04-01"
"397","2016-03-21","????????1??","???????????","????????","2016-04-01"
"398","2016-03-21","??????????","????????","???????????","2016-04-01"
"399","2016-03-21","??????(3~4??)","??????©¤","?????","2016-04-01"
"400","2016-03-21","","????","?????","2016-04-01"
"401","2016-03-21","","","??????(3~4??)","2016-04-01"
"402","2016-03-22","??????","???????","????","2016-04-01"
"403","2016-03-22","","??????","???¥ê???","2016-04-01"
"404","2016-03-22","","?????","?????","2016-04-01"
"405","2016-03-22","","?¥ê?????","????????","2016-04-01"
"406","2016-03-22","","??¥á?(?????)","??????(3~4??)","2016-04-01"
"407","2016-03-23","??1","????","??","2016-04-01"
"408","2016-03-23","????????","?????","??????????","2016-04-01"
"409","2016-03-23","???????????????","??????????","???ª…??","2016-04-01"
"410","2016-03-23","????","???¨ù???????","?????","2016-04-01"
"411","2016-03-23","??????(3~4??)","?©¥??","??????(3~4??)","2016-04-01"
"412","2016-03-24","??1","????","?????","2016-04-01"
"413","2016-03-24","???????????","????????","????????","2016-04-01"
"414","2016-03-24","????","????????????????","??????????","2016-04-01"
"415","2016-03-24","???¥ê¥î????","????????©¤","??????(3~4??)","2016-04-01"
"416","2016-03-24","??????(3~4??)","??????(3~4??)","","2016-04-01"
"417","2016-03-25","?????","????","???????","2016-04-01"
"418","2016-03-25","??????","?????","???????","2016-04-01"
"419","2016-03-25","???????????","????????","????????","2016-04-01"
"420","2016-03-25","??????(3~4??)","??????©¤","??¥á?(?????)","2016-04-01"
"421","2016-03-25","","??????(3~4??)","","2016-04-01"
"422","2016-03-26","????????(??????)","??","???????????","2016-04-01"
"423","2016-03-26","","???????????","??????","2016-04-01"
"424","2016-03-26","","?????????????","???????????","2016-04-01"
"425","2016-03-26","","????????????","??¥á?(?????)","2016-04-01"
"426","2016-03-26","","??????(3~4??)","","2016-04-01"
"427","2016-03-27","?????¥á?","?????","????","2016-04-01"
"428","2016-03-27","??¢®??????©¤","?¥ê¥è?????","??????????","2016-04-01"
"429","2016-03-27","??????(3~4??)","????????","????????","2016-04-01"
"430","2016-03-27","","??????(3~4??)","??????©¤","2016-04-01"
"431","2016-03-27","","","??????(3~4??)","2016-04-01"
"432","2016-03-28","??1","???????","??????????????","2016-04-01"
"433","2016-03-28","??????","???????","???????ýß","2016-04-01"
"434","2016-03-28","????????","??¢®?????????","????","2016-04-01"
"435","2016-03-28","?????©¤","?????","??????(3~4??)","2016-04-01"
"436","2016-03-28","??¥á?(?????)","?©¥??","","2016-04-01"
"437","2016-03-29","??1","??","????","2016-04-01"
"438","2016-03-29","????????","????????","?¥ä“ž??","2016-04-01"
"439","2016-03-29","?¥ê¥á??","???(????????)","???","2016-04-01"
"440","2016-03-29","????","??¢®??????????","?????????????","2016-04-01"
"441","2016-03-29","??¥á?(?????)","??????(3~4??)","??????(3~4??)","2016-04-01"
"442","2016-03-30","??1","????","??","2016-04-01"
"443","2016-03-30","???????","?????","?????","2016-04-01"
"444","2016-03-30","?????????????","??????","????¥ê?","2016-04-01"
"445","2016-03-30","????","?????©¤","???????????©¤","2016-04-01"
"446","2016-03-30","??????(3~4??)","??¥á?(?????)","??????(3~4??)","2016-04-01"
"447","2016-03-31","??1","???????????","????","2016-04-01"
"448","2016-03-31","????????","???????????","?????","2016-04-01"
"449","2016-03-31","??????????","??????/???????","?????","2016-04-01"
"450","2016-03-31","??¥á?(?????)","??????(3~4??)","?????????","2016-04-01"
"451","2016-03-31","","","??????(3~4??)","2016-04-01"
"452","2016-04-01","??1","????","?????","2016-05-01"
"453","2016-04-01","?????????","????????","??????","2016-05-01"
"454","2016-04-01","????????????","????????","???(????????)","2016-05-01"
"455","2016-04-01","???????©¤","??????","??????(3~4??)","2016-05-01"
"456","2016-04-01","??????(3~4??)","??????(3~4??)","","2016-05-01"
"457","2016-04-02","??????","??","?????????","2016-05-01"
"458","2016-04-02","","?????","?¥ê¥è?????","2016-05-01"
"459","2016-04-02","","????????????????","?????©¤","2016-05-01"
"460","2016-04-02","","?????","??????(3~4??)","2016-05-01"
"461","2016-04-02","","??¥á?(?????)","","2016-05-01"
"462","2016-04-03","??1","?????","??","2016-05-01"
"463","2016-04-03","??¢®????","?????","??????","2016-05-01"
"464","2016-04-03","????????????????","??????????","?????","2016-05-01"
"465","2016-04-03","????","??????(3~4??)","????????","2016-05-01"
"466","2016-04-03","??????(3~4??)","","??????(3~4??)","2016-05-01"
"467","2016-04-04","??1","????","????","2016-05-01"
"468","2016-04-04","??????????","?????????????","???¥ê???","2016-05-01"
"469","2016-04-04","??????????????","??????","????????????????","2016-05-01"
"470","2016-04-04","????","???????????©¤","???????","2016-05-01"
"471","2016-04-04","??¥á?(?????)","??????(3~4??)","??????(3~4??)","2016-05-01"
"472","2016-04-05","??1","???????","??¢®????","2016-05-01"
"473","2016-04-05","?????","?????","??????","2016-05-01"
"474","2016-04-05","??????????????","????????????????","??????","2016-05-01"
"475","2016-04-05","????","?¥ê?????","??????(3~4??)","2016-05-01"
"476","2016-04-05","??????(3~4??)","??¥á?(?????)","","2016-05-01"
"477","2016-04-06","??1","????","????","2016-05-01"
"478","2016-04-06","???????","???©ö???","????????","2016-05-01"
"479","2016-04-06","????","??????/???????","?????????","2016-05-01"
"480","2016-04-06","??????????????","????????","????????©¤","2016-05-01"
"481","2016-04-06","??????(3~4??)","??????(3~4??)","??????(3~4??)","2016-05-01"
"482","2016-04-07","????????","????","????","2016-05-01"
"483","2016-04-07","","????????","?????","2016-05-01"
"484","2016-04-07","","??????????????","????????","2016-05-01"
"485","2016-04-07","","????????©¤","??¢®??????©¤","2016-05-01"
"486","2016-04-07","","??¥á?(?????)","??????(3~4??)","2016-05-01"
"487","2016-04-08","??1","????","???????","2016-05-01"
"488","2016-04-08","?????????","??¢®????","???¥ê???","2016-05-01"
"489","2016-04-08","??????????","??????","???????","2016-05-01"
"490","2016-04-08","??¢®?????©¤","???????©¤","??????(3~4??)","2016-05-01"
"491","2016-04-08","??????(3~4??)","??????(3~4??)","","2016-05-01"
"492","2016-04-09","?????¥á?","??","?????","2016-05-01"
"493","2016-04-09","??¢®?????????","?????????","?¥ê¥è?????","2016-05-01"
"494","2016-04-09","??????(3~4??)","??????????","????????","2016-05-01"
"495","2016-04-09","","???????????","??????(3~4??)","2016-05-01"
"496","2016-04-09","","??????(3~4??)","","2016-05-01"
"497","2016-04-10","????????","?????","??","2016-05-01"
"498","2016-04-10","???????????","?????","???????????","2016-05-01"
"499","2016-04-10","?????","??¢®??????????","?????????","2016-05-01"
"500","2016-04-10","??????(3~4??)","??????(3~4??)","?????","2016-05-01"
"501","2016-04-10","","","??????(3~4??)","2016-05-01"
"502","2016-04-11","??1","????","????","2016-05-01"
"503","2016-04-11","????????1??","??????ýß","???¥ê???","2016-05-01"
"504","2016-04-11","?????©¤","???","?????????","2016-05-01"
"505","2016-04-11","??¥á?(?????)","?????????","????????","2016-05-01"
"506","2016-04-11","","?©¥??","??????(3~4??)","2016-05-01"
"507","2016-04-12","???????","???????","??","2016-05-01"
"508","2016-04-12","","????????","?????????","2016-05-01"
"509","2016-04-12","","???????????","????¥ê?","2016-05-01"
"510","2016-04-12","","????","???????????","2016-05-01"
"511","2016-04-12","","??????(3~4??)","??¥á?(?????)","2016-05-01"
"512","2016-04-13","??1","?????","????","2016-05-01"
"513","2016-04-13","????????","?????","???????????","2016-05-01"
"514","2016-04-13","?????","?????","??¢®????","2016-05-01"
"515","2016-04-13","????","??¥á?(?????)","???¥ê¥î????","2016-05-01"
"516","2016-04-13","??????(3~4??)","","??????(3~4??)","2016-05-01"
"517","2016-04-14","??1","?????","????","2016-05-01"
"518","2016-04-14","????????","????????","?¥ê¥á??","2016-05-01"
"519","2016-04-14","??¢®??????©¤","????????","??????","2016-05-01"
"520","2016-04-14","??????©¤","??????(3~4??)","?????????","2016-05-01"
"521","2016-04-14","??????(3~4??)","","??¥á?(?????)","2016-05-01"
"522","2016-04-15","??1","????","??","2016-05-01"
"523","2016-04-15","???????????","????????","???¥ê???","2016-05-01"
"524","2016-04-15","????","?????????","???","2016-05-01"
"525","2016-04-15","????????","??????","???????????","2016-05-01"
"526","2016-04-15","??????(3~4??)","??????(3~4??)","??????(3~4??)","2016-05-01"
"527","2016-04-16","????????(??????)","???????","??","2016-05-01"
"528","2016-04-16","","?¥ê¥è?????","????????","2016-05-01"
"529","2016-04-16","","???????????","????????","2016-05-01"
"530","2016-04-16","","??¥á?(?????)","????????©¤","2016-05-01"
"531","2016-04-16","","","??????(3~4??)","2016-05-01"
"532","2016-04-17","??1","?????","??","2016-05-01"
"533","2016-04-17","???????ýß","???????©¤","???????????","2016-05-01"
"534","2016-04-17","??????????????","?????????","?????","2016-05-01"
"535","2016-04-17","????","??????(3~4??)","????????????","2016-05-01"
"536","2016-04-17","??????(3~4??)","","??????(3~4??)","2016-05-01"
"537","2016-04-18","??1","????","????","2016-05-01"
"538","2016-04-18","?????????","?????","???¥ê???","2016-05-01"
"539","2016-04-18","???????????????","?????????????","??¢®?????","2016-05-01"
"540","2016-04-18","????????","?????","??????©¤","2016-05-01"
"541","2016-04-18","??????(3~4??)","??¥á?(?????)","??????(3~4??)","2016-05-01"
"542","2016-04-19","????????","???????","??","2016-05-01"
"543","2016-04-19","","??????","????????","2016-05-01"
"544","2016-04-19","","??????","?????","2016-05-01"
"545","2016-04-19","","?¥ê?????","??????©¤","2016-05-01"
"546","2016-04-19","","??????(3~4??)","??????(3~4??)","2016-05-01"
"547","2016-04-20","??1","????","????","2016-05-01"
"548","2016-04-20","???????","????????","??????????","2016-05-01"
"549","2016-04-20","??¢®???????","???","???ª…??","2016-05-01"
"550","2016-04-20","????","?????©¤","?????","2016-05-01"
"551","2016-04-20","??????(3~4??)","????","??????(3~4??)","2016-05-01"
"552","2016-04-21","???????","????","??","2016-05-01"
"553","2016-04-21","","?????","?????????","2016-05-01"
"554","2016-04-21","","???¨ù???????","???????????","2016-05-01"
"555","2016-04-21","","??????/???????","?????","2016-05-01"
"556","2016-04-21","","??????(3~4??)","?????","2016-05-01"
"557","2016-04-21","","","??¥á?(?????)","2016-05-01"
"558","2016-04-22","??1","????","??","2016-05-01"
"559","2016-04-22","???????????","????????","??????????","2016-05-01"
"560","2016-04-22","????????????????","????????","????????","2016-05-01"
"561","2016-04-22","????","?????","???????????","2016-05-01"
"562","2016-04-22","??????(3~4??)","??????(3~4??)","??¥á?(?????)","2016-05-01"
"563","2016-04-23","?????¥á?","?????","??????????","2016-05-01"
"564","2016-04-23","??¢®?????©¤","?????","????????","2016-05-01"
"565","2016-04-23","??????(3~4??)","?????©¤","????","2016-05-01"
"566","2016-04-23","","??????(3~4??)","??????(3~4??)","2016-05-01"
"567","2016-04-24","??1","??????","???????????","2016-05-01"
"568","2016-04-24","????????","?????????","??????","2016-05-01"
"569","2016-04-24","??????????????","??????(3~4??)","????????","2016-05-01"
"570","2016-04-24","????","","??????(3~4??)","2016-05-01"
"571","2016-04-24","??¥á?(?????)","","","2016-05-01"
"572","2016-04-25","???????","????","????","2016-05-01"
"573","2016-04-25","?????????","?¥ä“ž??","??????ýß","2016-05-01"
"574","2016-04-25","?????","????????","??????????","2016-05-01"
"575","2016-04-25","??????(3~4??)","?????","????","2016-05-01"
"576","2016-04-25","","??????(3~4??)","??¥á?(?????)","2016-05-01"
"577","2016-04-26","??1","???????","??","2016-05-01"
"578","2016-04-26","???????ýß","???????","??????(???)","2016-05-01"
"579","2016-04-26","???????????????","?¥ê¥á??","???????","2016-05-01"
"580","2016-04-26","???¥ê¥î????","???¨ù???????","??????(3~4??)","2016-05-01"
"581","2016-04-26","??¥á?(?????)","????","","2016-05-01"
"582","2016-04-27","??1","????","????","2016-05-01"
"583","2016-04-27","??????","?????","???????????","2016-05-01"
"584","2016-04-27","?????¬Ú??????","???????????????","????¥ê?","2016-05-01"
"585","2016-04-27","???????©¤","???????????©¤","???????????","2016-05-01"
"586","2016-04-27","??????(3~4??)","??????(3~4??)","??????(3~4??)","2016-05-01"
"587","2016-04-28","??1","????","????","2016-05-01"
"588","2016-04-28","???????????","??????????","?????????","2016-05-01"
"589","2016-04-28","????","?????????","?????????????","2016-05-01"
"590","2016-04-28","???¥ê¥î????","?????","??¢®??????©¤","2016-05-01"
"591","2016-04-28","??????(3~4??)","??????(3~4??)","??????(3~4??)","2016-05-01"
"592","2016-04-29","??1","??","??","2016-05-01"
"593","2016-04-29","??????","?????????","???¢¬????","2016-05-01"
"594","2016-04-29","????","?????????????","??????????","2016-05-01"
"595","2016-04-29","???????????","??¢®??????©¤","?????©¤","2016-05-01"
"596","2016-04-29","??????(3~4??)","?©¥??","??????(3~4??)","2016-05-01"
"597","2016-04-30","????","???????","??????????????","2016-05-01"
"598","2016-04-30","????????????","?????","???????????","2016-05-01"
"599","2016-04-30","??????(3~4??)","????°Z??","??????©¤","2016-05-01"
"600","2016-04-30","","??¥á?(?????)","??????(3~4??)","2016-05-01"
"601","2016-05-01","??1","?????","??","2016-06-01"
"602","2016-05-01","??¢®????","?????","??????ýß","2016-06-01"
"603","2016-05-01","?????","???????©¤","????????????????","2016-06-01"
"604","2016-05-01","????","??????(5~6??)","????????","2016-06-01"
"605","2016-05-01","??¥á?(?????)","","??????(5~6??)","2016-06-01"
"606","2016-05-02","??1","??","????","2016-06-01"
"607","2016-05-02","??????????","???????????","???¥ê???","2016-06-01"
"608","2016-05-02","??????????????","?????????????","???????????","2016-06-01"
"609","2016-05-02","????????","????????","???????","2016-06-01"
"610","2016-05-02","??¥á?(?????)","??????(5~6??)","??¥á?(?????)","2016-06-01"
"611","2016-05-03","????????(??????)","????","??","2016-06-01"
"612","2016-05-03","","????????","????????","2016-06-01"
"613","2016-05-03","","????????","??????","2016-06-01"
"614","2016-05-03","","???????????©¤","?????","2016-06-01"
"615","2016-05-03","","??????(5~6??)","??¥á?(?????)","2016-06-01"
"616","2016-05-04","??1","??¢®????","????","2016-06-01"
"617","2016-05-04","??????","??????","??????(???)","2016-06-01"
"618","2016-05-04","????????????????","??????","??????©¤","2016-06-01"
"619","2016-05-04","????","??????(5~6??)","??¥á?(?????)","2016-06-01"
"620","2016-05-04","??????(5~6??)","","","2016-06-01"
"621","2016-05-05","????????","????","??","2016-06-01"
"622","2016-05-05","?????????","?????","?????","2016-06-01"
"623","2016-05-05","??¢®??????©¤","???","?¥ê?????","2016-06-01"
"624","2016-05-05","??????(5~6??)","??????","????????©¤","2016-06-01"
"625","2016-05-05","","??????(5~6??)","??¥á?(?????)","2016-06-01"
"626","2016-05-06","??1","????","??","2016-06-01"
"627","2016-05-06","????????","???©ö???","??????????","2016-06-01"
"628","2016-05-06","??????????????","?????","?????????","2016-06-01"
"629","2016-05-06","????","?????©¤","?????","2016-06-01"
"630","2016-05-06","??¥á?(?????)","??????(5~6??)","??????(5~6??)","2016-06-01"
"631","2016-05-07","??1","??","?????","2016-06-01"
"632","2016-05-07","?????","??????","?????","2016-06-01"
"633","2016-05-07","????°Z??","????????","?????????","2016-06-01"
"634","2016-05-07","????","???¥ê¥î????","??????(5~6??)","2016-06-01"
"635","2016-05-07","??¥á?(?????)","??????(5~6??)","","2016-06-01"
"636","2016-05-08","????","???????","??","2016-06-01"
"637","2016-05-08","????????????","???????","?????????","2016-06-01"
"638","2016-05-08","??????(5~6??)","?????????????","???????????????","2016-06-01"
"639","2016-05-08","","??¥á?(?????)","???????????","2016-06-01"
"640","2016-05-08","","","??????(5~6??)","2016-06-01"
"641","2016-05-09","??1","????","????","2016-06-01"
"642","2016-05-09","?????????","?¥ä“ž??","??¢®????","2016-06-01"
"643","2016-05-09","??¢®???????","?????","??????","2016-06-01"
"644","2016-05-09","?????","?????©¤","?????????","2016-06-01"
"645","2016-05-09","??????(5~6??)","??????(5~6??)","??¥á?(?????)","2016-06-01"
"646","2016-05-10","????????","??","????","2016-06-01"
"647","2016-05-10","","????????","???¥ê???","2016-06-01"
"648","2016-05-10","","?????????","??????????????","2016-06-01"
"649","2016-05-10","","?????","???????","2016-06-01"
"650","2016-05-10","","??????(5~6??)","??¥á?(?????)","2016-06-01"
"651","2016-05-11","???????","???????","??????????????","2016-06-01"
"652","2016-05-11","??¢®?????????","???????????","???????ýß","2016-06-01"
"653","2016-05-11","????????","???","????????","2016-06-01"
"654","2016-05-11","??????(5~6??)","???????????©¤","??¥á?(?????)","2016-06-01"
"655","2016-05-11","","??????(5~6??)","","2016-06-01"
"656","2016-05-12","???????","????","????","2016-06-01"
"657","2016-05-12","","?¥ê¥á??","????????","2016-06-01"
"658","2016-05-12","","????????","????????????","2016-06-01"
"659","2016-05-12","","?????????","??????©¤","2016-06-01"
"660","2016-05-12","","??¥á?(?????)","??¥á?(?????)","2016-06-01"
"661","2016-05-13","??1","????","??","2016-06-01"
"662","2016-05-13","?????????","?????????","???¥ê???","2016-06-01"
"663","2016-05-13","?????????????","???????","??????????","2016-06-01"
"664","2016-05-13","????","?????","?????","2016-06-01"
"665","2016-05-13","??¥á?(?????)","??????(5~6??)","??????(5~6??)","2016-06-01"
"666","2016-05-14","?????¥á?","?????","??","2016-06-01"
"667","2016-05-14","??¢®?????©¤","????????","????????","2016-06-01"
"668","2016-05-14","??????(5~6??)","????????","?????????","2016-06-01"
"669","2016-05-14","","??????(5~6??)","?????©¤","2016-06-01"
"670","2016-05-14","","","??????(5~6??)","2016-06-01"
"671","2016-05-15","??1","?????","??","2016-06-01"
"672","2016-05-15","?¥ê¥è?????","?????","??¢®????","2016-06-01"
"673","2016-05-15","????????????????","????????????????","???????????","2016-06-01"
"674","2016-05-15","????","??¥á?(?????)","?????©¤","2016-06-01"
"675","2016-05-15","??????(5~6??)","","??????(5~6??)","2016-06-01"
"676","2016-05-16","??1","????","????","2016-06-01"
"677","2016-05-16","?????????","??????ýß","???¢¬????","2016-06-01"
"678","2016-05-16","??????????","???","?¥ê¥á??","2016-06-01"
"679","2016-05-16","???????©¤","??¢®??????©¤","????????","2016-06-01"
"680","2016-05-16","??????(5~6??)","??¥á?(?????)","??¥á?(?????)","2016-06-01"
"681","2016-05-17","????????","???????","?????","2016-06-01"
"682","2016-05-17","??????????","??????","?????","2016-06-01"
"683","2016-05-17","????????","??¢®??????©¤","???????","2016-06-01"
"684","2016-05-17","??????(5~6??)","??¥á?(?????)","??????(5~6??)","2016-06-01"
"685","2016-05-18","??1","???????","????","2016-06-01"
"686","2016-05-18","??????","???????????","???¥ê???","2016-06-01"
"687","2016-05-18","??????????????","??????","??????","2016-06-01"
"688","2016-05-18","????","????????©¤","????????©¤","2016-06-01"
"689","2016-05-18","??¥á?(?????)","??????(5~6??)","??¥á?(?????)","2016-06-01"
"690","2016-05-19","??1","????","????","2016-06-01"
"691","2016-05-19","???????ýß","????????","?????","2016-06-01"
"692","2016-05-19","???????????????","????¥ê?","??????????","2016-06-01"
"693","2016-05-19","????","????¢®????","??????©¤","2016-06-01"
"694","2016-05-19","??????(5~6??)","??????(5~6??)","??¥á?(?????)","2016-06-01"
"695","2016-05-20","??1","????","??","2016-06-01"
"696","2016-05-20","?????????","???????????","???????????","2016-06-01"
"697","2016-05-20","????","????????????????","???????????","2016-06-01"
"698","2016-05-20","???????????","?¥ê?????","???¥ê¥î????","2016-06-01"
"699","2016-05-20","??????(5~6??)","??????(5~6??)","??????(5~6??)","2016-06-01"
"700","2016-05-21","????????(??????)","??","??????????","2016-06-01"
"701","2016-05-21","","?¥ê¥è?????","????????","2016-06-01"
"702","2016-05-21","","?????","????","2016-06-01"
"703","2016-05-21","","????????","??¥á?(?????)","2016-06-01"
"704","2016-05-21","","??????(5~6??)","","2016-06-01"
"705","2016-05-22","??1","???","???????","2016-06-01"
"706","2016-05-22","?????????","?????????","??????????","2016-06-01"
"707","2016-05-22","??????????","??????(5~6??)","???¥ê¥î????","2016-06-01"
"708","2016-05-22","????","","??????(5~6??)","2016-06-01"
"709","2016-05-22","??¥á?(?????)","","","2016-06-01"
"710","2016-05-23","??1","????","???????","2016-06-01"
"711","2016-05-23","????????1??","???????????","???????????","2016-06-01"
"712","2016-05-23","?????©¤","???¨ù???????","??¢®?????","2016-06-01"
"713","2016-05-23","??¥á?(?????)","???????©¤","??¥á?(?????)","2016-06-01"
"714","2016-05-23","","??????(5~6??)","","2016-06-01"
"715","2016-05-24","??????","????","????","2016-06-01"
"716","2016-05-24","","?????","??????","2016-06-01"
"717","2016-05-24","","???????????","?????????","2016-06-01"
"718","2016-05-24","","????????©¤","??????","2016-06-01"
"719","2016-05-24","","??¥á?(?????)","??????(5~6??)","2016-06-01"
"720","2016-05-25","??1","???????","????","2016-06-01"
"721","2016-05-25","???????????","??????????","????????","2016-06-01"
"722","2016-05-25","?????????????","??????","???ª…??","2016-06-01"
"723","2016-05-25","????","??¢®??????????","?????","2016-06-01"
"724","2016-05-25","??????(5~6??)","??¥á?(?????)","??????(5~6??)","2016-06-01"
"725","2016-05-26","????????","?????","????","2016-06-01"
"726","2016-05-26","","?¥ê¥è?????","?????","2016-06-01"
"727","2016-05-26","","???????????","????¥ê?","2016-06-01"
"728","2016-05-26","","??????(5~6??)","?????????","2016-06-01"
"729","2016-05-26","","","??¥á?(?????)","2016-06-01"
"730","2016-05-27","??1","????","??","2016-06-01"
"731","2016-05-27","?????????","??????????","???¥ê???","2016-06-01"
"732","2016-05-27","?????","?????????","?????","2016-06-01"
"733","2016-05-27","????","?????","?????????????","2016-06-01"
"734","2016-05-27","??????(5~6??)","??????(5~6??)","??¥á?(?????)","2016-06-01"
"735","2016-05-28","?????¥á?","??","???????????","2016-06-01"
"736","2016-05-28","??????????????","?????","???????","2016-06-01"
"737","2016-05-28","??????(5~6??)","???¨ù???????","???????????","2016-06-01"
"738","2016-05-28","","??¢®??????©¤","??¥á?(?????)","2016-06-01"
"739","2016-05-28","","??¥á?(?????)","","2016-06-01"
"740","2016-05-29","??1","?????","?????????","2016-06-01"
"741","2016-05-29","?????????","?????","?????????","2016-06-01"
"742","2016-05-29","???????????????","?????©¤","????????","2016-06-01"
"743","2016-05-29","????","??????(5~6??)","??¥á?(?????)","2016-06-01"
"744","2016-05-29","??????(5~6??)","","","2016-06-01"
"745","2016-05-30","??1","??","????","2016-06-01"
"746","2016-05-30","??????","????????","????????","2016-06-01"
"747","2016-05-30","??????????????","???(????????)","????????","2016-06-01"
"748","2016-05-30","????","??????/???????","??????","2016-06-01"
"749","2016-05-30","??¥á?(?????)","??¥á?(?????)","??????(5~6??)","2016-06-01"
"750","2016-05-31","??1","?????","????","2016-06-01"
"751","2016-05-31","????????","????????","?????????","2016-06-01"
"752","2016-05-31","??¢®?????©¤","????????","???????????","2016-06-01"
"753","2016-05-31","??????(5~6??)","??????(5~6??)","?????","2016-06-01"
"754","2016-05-31","","","?????","2016-06-01"
"755","2016-05-31","","","??????(5~6??)","2016-06-01"
"756","2016-06-01","??1","????","??","2016-07-01"
"757","2016-06-01","?????????","?????","???¥ê???","2016-07-01"
"758","2016-06-01","????????","???¨ù???????","??????????????","2016-07-01"
"759","2016-06-01","??¢®?????©¤","?????©¤","??????","2016-07-01"
"760","2016-06-01","??????(5~6??)","??????(5~6??)","??????(5~6??)","2016-07-01"
"761","2016-06-02","???????","???????","?????","2016-07-01"
"762","2016-06-02","","??????????ýß","????????","2016-07-01"
"763","2016-06-02","","???????????","????????","2016-07-01"
"764","2016-06-02","","??????/???????","??????(5~6??)","2016-07-01"
"765","2016-06-02","","??????(5~6??)","","2016-07-01"
"766","2016-06-03","??1","????","??","2016-07-01"
"767","2016-06-03","???????????","???¢¬????","?????","2016-07-01"
"768","2016-06-03","?????","????????????????","??????????","2016-07-01"
"769","2016-06-03","????","?????","???????©¤","2016-07-01"
"770","2016-06-03","??????(5~6??)","??????(5~6??)","??????","2016-07-01"
"771","2016-06-04","??1","??¢®????","?????","2016-07-01"
"772","2016-06-04","??????","??????","?????","2016-07-01"
"773","2016-06-04","??????????????","?????????","?????©¤","2016-07-01"
"774","2016-06-04","????","??????(5~6??)","??????(5~6??)","2016-07-01"
"775","2016-06-04","??????","","","2016-07-01"
"776","2016-06-05","???????","???????","??","2016-07-01"
"777","2016-06-05","??????????","????????","???¥ê???","2016-07-01"
"778","2016-06-05","????????","?????","???????????","2016-07-01"
"779","2016-06-05","??????(5~6??)","??????","???????©¤","2016-07-01"
"780","2016-06-05","","","??????(5~6??)","2016-07-01"
"781","2016-06-06","??1","??","????","2016-07-01"
"782","2016-06-06","?????","???©ö???","?????????","2016-07-01"
"783","2016-06-06","??????????","??????","?¥ê¥á??","2016-07-01"
"784","2016-06-06","????","???????????©¤","????????","2016-07-01"
"785","2016-06-06","??????","??????(5~6??)","??????","2016-07-01"
"786","2016-06-07","????????(??????)","????","????","2016-07-01"
"787","2016-06-07","","??????????","????????","2016-07-01"
"788","2016-06-07","","?????????","????????????????","2016-07-01"
"789","2016-06-07","","?????","???????????","2016-07-01"
"790","2016-06-07","","??????(5~6??)","??????(5~6??)","2016-07-01"
"791","2016-06-08","??1","???????","????","2016-07-01"
"792","2016-06-08","??????????","??????(???)","??????","2016-07-01"
"793","2016-06-08","????????????????","??¢®??????©¤","????¥ê?","2016-07-01"
"794","2016-06-08","????","?©¥??","?????","2016-07-01"
"795","2016-06-08","??????(5~6??)","","??????(5~6??)","2016-07-01"
"796","2016-06-09","????","???????","?????","2016-07-01"
"797","2016-06-09","???????","??????????","??????","2016-07-01"
"798","2016-06-09","??????????????","????????","?????????","2016-07-01"
"799","2016-06-09","??¢®?????©¤","?????","??????","2016-07-01"
"800","2016-06-09","??????(5~6??)","??????(5~6??)","","2016-07-01"
"801","2016-06-10","??1","????","??","2016-07-01"
"802","2016-06-10","??????","???????????","???¥ê???","2016-07-01"
"803","2016-06-10","???????????","???????????","??????????","2016-07-01"
"804","2016-06-10","???????","??????/???????","?????","2016-07-01"
"805","2016-06-10","??????(5~6??)","??????","??????(5~6??)","2016-07-01"
"806","2016-06-11","????????","??","??","2016-07-01"
"807","2016-06-11","????????????","??????????","???????????","2016-07-01"
"808","2016-06-11","????????","????????","????????????","2016-07-01"
"809","2016-06-11","??????","??????","??????©¤","2016-07-01"
"810","2016-06-11","","??????(5~6??)","??????(5~6??)","2016-07-01"
"811","2016-06-12","??1","??????????","??","2016-07-01"
"812","2016-06-12","??????ýß","?????????","?????","2016-07-01"
"813","2016-06-12","??????????","????","????????????????","2016-07-01"
"814","2016-06-12","?????","??????","?????©¤","2016-07-01"
"815","2016-06-12","??????","","??????(5~6??)","2016-07-01"
"816","2016-06-13","??1","??","????","2016-07-01"
"817","2016-06-13","?????????","????????","???¥ê???","2016-07-01"
"818","2016-06-13","?????????????","???","?????","2016-07-01"
"819","2016-06-13","???????©¤","????¢®????","????????","2016-07-01"
"820","2016-06-13","??????(5~6??)","??????","??????(5~6??)","2016-07-01"
"821","2016-06-14","???????","????","?????","2016-07-01"
"822","2016-06-14","","?????","????????","2016-07-01"
"823","2016-06-14","","?????????????","????????","2016-07-01"
"824","2016-06-14","","??????©¤","??????(5~6??)","2016-07-01"
"825","2016-06-14","","??????","","2016-07-01"
"826","2016-06-15","??1","????","????","2016-07-01"
"827","2016-06-15","???????????","??¢®????","?????????","2016-07-01"
"828","2016-06-15","?????????","?????","???????????","2016-07-01"
"829","2016-06-15","????","???????????©¤","?????","2016-07-01"
"830","2016-06-15","??????(5~6??)","??????(5~6??)","??????","2016-07-01"
"831","2016-06-16","????????","???????","????","2016-07-01"
"832","2016-06-16","","????????1??","???????????","2016-07-01"
"833","2016-06-16","","????????","????¥ê?","2016-07-01"
"834","2016-06-16","","??????","????","2016-07-01"
"835","2016-06-16","","","??????(5~6??)","2016-07-01"
"836","2016-06-17","??1","???°Z????","????","2016-07-01"
"837","2016-06-17","????????","??????ýß","???????????","2016-07-01"
"838","2016-06-17","??????????????","??¢®?????","?¥ê¥á??","2016-07-01"
"839","2016-06-17","????","??????(5~6??)","???????????","2016-07-01"
"840","2016-06-17","??????(5~6??)","","??????","2016-07-01"
"841","2016-06-18","??1","????","??","2016-07-01"
"842","2016-06-18","?????","?¥ê¥è?????","????????","2016-07-01"
"843","2016-06-18","????","?????","???????????????","2016-07-01"
"844","2016-06-18","???????","???????????©¤","?????©¤","2016-07-01"
"845","2016-06-18","??????","??????(5~6??)","??????(5~6??)","2016-07-01"
"846","2016-06-19","????????","?????","???????","2016-07-01"
"847","2016-06-19","??¢®?????????","?????","????????","2016-07-01"
"848","2016-06-19","????????©¤","???????©¤","?????","2016-07-01"
"849","2016-06-19","??????","??????(5~6??)","??????(5~6??)","2016-07-01"
"850","2016-06-20","??1","??","????","2016-07-01"
"851","2016-06-20","?????????","????????","??????","2016-07-01"
"852","2016-06-20","??????????????","???(????????)","?????????","2016-07-01"
"853","2016-06-20","????","??¢®??????????","?????","2016-07-01"
"854","2016-06-20","??????","??????(5~6??)","??????(5~6??)","2016-07-01"
"855","2016-06-21","????????","????","???????","2016-07-01"
"856","2016-06-21","","?????","?¥ê¥è?????","2016-07-01"
"857","2016-06-21","","?????","?????????","2016-07-01"
"858","2016-06-21","","??????¢®?????©¤","??????","2016-07-01"
"859","2016-06-21","","??????","","2016-07-01"
"860","2016-06-22","??1","??","????","2016-07-01"
"861","2016-06-22","?????????","??????????","????????","2016-07-01"
"862","2016-06-22","?????","??????","???ª…??","2016-07-01"
"863","2016-06-22","?????©¤","???????????","?????","2016-07-01"
"864","2016-06-22","??????(5~6??)","?©¥??","??????(5~6??)","2016-07-01"
"865","2016-06-23","??????","????????","????","2016-07-01"
"866","2016-06-23","","?????????","???¥ê???","2016-07-01"
"867","2016-06-23","","?¥ê?????","????????","2016-07-01"
"868","2016-06-23","","??????(5~6??)","????????","2016-07-01"
"869","2016-06-23","","","??????(5~6??)","2016-07-01"
"870","2016-06-24","????","????","??????????????","2016-07-01"
"871","2016-06-24","?????????","???????????","??¢®????","2016-07-01"
"872","2016-06-24","?????????????","????????????????","?????????","2016-07-01"
"873","2016-06-24","?????©¤","???????","??????(5~6??)","2016-07-01"
"874","2016-06-24","??????(5~6??)","??????(5~6??)","","2016-07-01"
"875","2016-06-25","??1","??","?????","2016-07-01"
"876","2016-06-25","?????????","????????","?????","2016-07-01"
"877","2016-06-25","??????????????","?????????","?????????????","2016-07-01"
"878","2016-06-25","???¥ê¥î????","??????","??????(5~6??)","2016-07-01"
"879","2016-06-25","??????","??????(5~6??)","","2016-07-01"
"880","2016-06-26","????","??","??","2016-07-01"
"881","2016-06-26","????????????","???????","?¥ê¥è?????","2016-07-01"
"882","2016-06-26","??????(5~6??)","???","???????????","2016-07-01"
"883","2016-06-26","","??????????????","?????????","2016-07-01"
"884","2016-06-26","","??????(5~6??)","??????","2016-07-01"
"885","2016-06-27","??1","??","?????","2016-07-01"
"886","2016-06-27","????????1??","???????????","?????????","2016-07-01"
"887","2016-06-27","?????©¤","??¢®????","???¥ê¥î????","2016-07-01"
"888","2016-06-27","??????(5~6??)","???????","??????","2016-07-01"
"889","2016-06-27","","??????(5~6??)","","2016-07-01"
"890","2016-06-28","??1","????","???????????","2016-07-01"
"891","2016-06-28","?????????","????????","??????","2016-07-01"
"892","2016-06-28","???????????????","?????????","????????","2016-07-01"
"893","2016-06-28","????","?????","??????(5~6??)","2016-07-01"
"894","2016-06-28","??????(5~6??)","??????(5~6??)","","2016-07-01"
"895","2016-06-29","??1","????","????","2016-07-01"
"896","2016-06-29","?????","?????","??¢®???????","2016-07-01"
"897","2016-06-29","??????????????","???","????????","2016-07-01"
"898","2016-06-29","??????©¤","???¨ù???????","???????????","2016-07-01"
"899","2016-06-29","??????","??????","??????(5~6??)","2016-07-01"
"900","2016-06-30","????","?????????","?????????","2016-07-01"
"901","2016-06-30","?¥ê¥è?????","????????","?????????","2016-07-01"
"902","2016-06-30","???????????????","???????","????","2016-07-01"
"903","2016-06-30","??????©¤","??????(5~6??)","??????","2016-07-01"
"904","2016-06-30","??????(5~6??)","","","2016-07-01"
"905","2016-07-01","??","???????","??","2016-08-01"
"906","2016-07-01","???????????","??¢®????","???¥ê???","2016-08-01"
"907","2016-07-01","?????","??????????????????","?????????","2016-08-01"
"908","2016-07-01","??????","??????","??????©¤","2016-08-01"
"909","2016-07-01","","","??????","2016-08-01"
"910","2016-07-02","????????","??¢®????","??","2016-08-01"
"911","2016-07-02","","??????","?????","2016-08-01"
"912","2016-07-02","","?????????","????????????????","2016-08-01"
"913","2016-07-02","","??????","?????©¤","2016-08-01"
"914","2016-07-02","","","??????","2016-08-01"
"915","2016-07-03","???????","?????","??","2016-08-01"
"916","2016-07-03","??¢®???????","?????","??????ýß","2016-08-01"
"917","2016-07-03","??????","???????©¤","?????????","2016-08-01"
"918","2016-07-03","","??????","???????????","2016-08-01"
"919","2016-07-03","","","??????","2016-08-01"
"920","2016-07-04","??","????","????","2016-08-01"
"921","2016-07-04","??????","???¨ù?????","????????","2016-08-01"
"922","2016-07-04","???????????????","???","??????©¤","2016-08-01"
"923","2016-07-04","??????","???????????©¤","????????","2016-08-01"
"924","2016-07-04","","??????","??????","2016-08-01"
"925","2016-07-05","??","????","?????","2016-08-01"
"926","2016-07-05","?????????","??????????","??????","2016-08-01"
"927","2016-07-05","??????????????","?????????","????????","2016-08-01"
"928","2016-07-05","??????","?????","??????","2016-08-01"
"929","2016-07-05","","??????","","2016-08-01"
"930","2016-07-06","??","???????","????","2016-08-01"
"931","2016-07-06","???????????","??????(???)","???¥ê???","2016-08-01"
"932","2016-07-06","??????????","????¢®????","??????????????","2016-08-01"
"933","2016-07-06","?????©¤","????","?????","2016-08-01"
"934","2016-07-06","??????","","??????","2016-08-01"
"935","2016-07-07","????????","????","?????????","2016-08-01"
"936","2016-07-07","","???????????","?????????","2016-08-01"
"937","2016-07-07","","???????????","?????","2016-08-01"
"938","2016-07-07","","?????©¤","??????","2016-08-01"
"939","2016-07-07","","??????","","2016-08-01"
"940","2016-07-08","??","???????","???????","2016-08-01"
"941","2016-07-08","??????","????????","?????????","2016-08-01"
"942","2016-07-08","?????????????","??¢®????","???¥ê¥î????","2016-08-01"
"943","2016-07-08","???????","???????????©¤","??????","2016-08-01"
"944","2016-07-08","??????","??????","","2016-08-01"
"945","2016-07-09","????","??","??","2016-08-01"
"946","2016-07-09","????????????","????????","???????????","2016-08-01"
"947","2016-07-09","??????","????????","????????????","2016-08-01"
"948","2016-07-09","","??????","??????©¤","2016-08-01"
"949","2016-07-09","","??????","??????","2016-08-01"
"950","2016-07-10","??","?????","??","2016-08-01"
"951","2016-07-10","?¥ê¥è?????","?????","?????","2016-08-01"
"952","2016-07-10","????????????????","?????????","????????????????","2016-08-01"
"953","2016-07-10","??????","??????","?????","2016-08-01"
"954","2016-07-10","","","??????","2016-08-01"
"955","2016-07-11","??","????","????","2016-08-01"
"956","2016-07-11","??????????","??????ýß","??????","2016-08-01"
"957","2016-07-11","??????????????","???","?????","2016-08-01"
"958","2016-07-11","??????","??¢®??????????","?????©¤","2016-08-01"
"959","2016-07-11","","??????","??????","2016-08-01"
"960","2016-07-12","??????","?????","????","2016-08-01"
"961","2016-07-12","","??????","???????????","2016-08-01"
"962","2016-07-12","","????????","????¥ê?","2016-08-01"
"963","2016-07-12","","??????","???¨ù???????","2016-08-01"
"964","2016-07-12","","","??????","2016-08-01"
"965","2016-07-13","??","???????","????","2016-08-01"
"966","2016-07-13","???????","????????????","???¥ê???","2016-08-01"
"967","2016-07-13","?????????????","??¢®??????©¤","???????????","2016-08-01"
"968","2016-07-13","?????","??????","?????","2016-08-01"
"969","2016-07-13","??????","","??????","2016-08-01"
"970","2016-07-14","????????","????????","?????","2016-08-01"
"971","2016-07-14","","?????????","?????","2016-08-01"
"972","2016-07-14","","??????????????????","??????/???????","2016-08-01"
"973","2016-07-14","","??????","??????","2016-08-01"
"974","2016-07-15","????","?????????","?????","2016-08-01"
"975","2016-07-15","?????????","?????©¤","??????","2016-08-01"
"976","2016-07-15","????????????????","??????","???????","2016-08-01"
"977","2016-07-15","????????","","??????","2016-08-01"
"978","2016-07-15","??????","","","2016-08-01"
"979","2016-07-16","??","???°Z????","??","2016-08-01"
"980","2016-07-16","???????????","?????","?????????","2016-08-01"
"981","2016-07-16","??????????","??????","?????????","2016-08-01"
"982","2016-07-16","???¥ê¥î????","","??????","2016-08-01"
"983","2016-07-16","??????","","??????","2016-08-01"
"984","2016-07-17","??","???©ª?","??","2016-08-01"
"985","2016-07-17","???????????","????????","????????","2016-08-01"
"986","2016-07-17","??¢®?????©¤","?????????","?¥ê¥á??","2016-08-01"
"987","2016-07-17","??????","??????","??????©¤","2016-08-01"
"988","2016-07-17","","","??????","2016-08-01"
"989","2016-07-18","??","????","????","2016-08-01"
"990","2016-07-18","?????????","????????","?????","2016-08-01"
"991","2016-07-18","???????????????","??????","??????????","2016-08-01"
"992","2016-07-18","??????","???¨ù???????","????????©¤","2016-08-01"
"993","2016-07-18","","??????","??????","2016-08-01"
"994","2016-07-19","???????","????","???????","2016-08-01"
"995","2016-07-19","","?¥ê¥è?????","????????","2016-08-01"
"996","2016-07-19","","??????","?????????","2016-08-01"
"997","2016-07-19","","??????©¤","??¥á?(?????)","2016-08-01"
"998","2016-07-19","","??????","","2016-08-01"
"999","2016-07-20","??","???????","????","2016-08-01"
"1000","2016-07-20","?????????","???¢¬????","??????????","2016-08-01"
"1001","2016-07-20","?????","?????????????","???ª…??","2016-08-01"
"1002","2016-07-20","??????????????","?????","?????","2016-08-01"
"1003","2016-07-20","??????","??????","??????","2016-08-01"
"1004","2016-07-21","????????","?????","????","2016-08-01"
"1005","2016-07-21","","????????","?¥ê¥è?????","2016-08-01"
"1006","2016-07-21","","???©Ÿ????","??¢®????","2016-08-01"
"1007","2016-07-21","","??????","?????????????","2016-08-01"
"1008","2016-07-21","","","??????","2016-08-01"
"1009","2016-07-22","????","???????","??????????","2016-08-01"
"1010","2016-07-22","??¢®????","?¥ê¥á??","?????","2016-08-01"
"1011","2016-07-22","??????????????","??????","???????","2016-08-01"
"1012","2016-07-22","??????©¤","?????","??¥á?(?????)","2016-08-01"
"1013","2016-07-22","??????","??????","","2016-08-01"
"1014","2016-07-23","????????","???????????","??","2016-08-01"
"1015","2016-07-23","??¢®????????","????????","?????","2016-08-01"
"1016","2016-07-23","????????","???????????","??????????????","2016-08-01"
"1017","2016-07-23","??????","??????","?¥ê?????","2016-08-01"
"1018","2016-07-23","","","??¥á?(?????)","2016-08-01"
"1019","2016-07-24","??","?????","??","2016-08-01"
"1020","2016-07-24","????????","?????","?????","2016-08-01"
"1021","2016-07-24","???????????????","?????©¤","?????????","2016-08-01"
"1022","2016-07-24","??????","??????","???????©¤","2016-08-01"
"1023","2016-07-24","","","??¥á?(?????)","2016-08-01"
"1024","2016-07-25","??","????","????","2016-08-01"
"1025","2016-07-25","?????????","?????????","??????????????","2016-08-01"
"1026","2016-07-25","??????????","?????","????????","2016-08-01"
"1027","2016-07-25","???????????","??????¢®?????©¤","?????????","2016-08-01"
"1028","2016-07-25","??????","??¥á?(?????)","??????","2016-08-01"
"1029","2016-07-26","???????","????","????","2016-08-01"
"1030","2016-07-26","","?????????????","?????????","2016-08-01"
"1031","2016-07-26","","????????","??????????","2016-08-01"
"1032","2016-07-26","","?????","???????©¤","2016-08-01"
"1033","2016-07-26","","??????","??¥á?(?????)","2016-08-01"
"1034","2016-07-27","??","?????????","????","2016-08-01"
"1035","2016-07-27","????????","?????(????)","???¥ê???","2016-08-01"
"1036","2016-07-27","????????????","??????","???????????","2016-08-01"
"1037","2016-07-27","????????","","?????©¤","2016-08-01"
"1038","2016-07-27","??????","","??¥á?(?????)","2016-08-01"
"1039","2016-07-28","????????","????","????","2016-08-01"
"1040","2016-07-28","","????????","???????????","2016-08-01"
"1041","2016-07-28","","???????????","????¥ê?","2016-08-01"
"1042","2016-07-28","","?????","???????","2016-08-01"
"1043","2016-07-28","","??????","??????","2016-08-01"
"1044","2016-07-29","??","????","????","2016-08-01"
"1045","2016-07-29","?????????","?????","????????1??","2016-08-01"
"1046","2016-07-29","????????????????","???(????????)","????????","2016-08-01"
"1047","2016-07-29","??????","?????©¤","??????","2016-08-01"
"1048","2016-07-29","","??¥á?(?????)","","2016-08-01"
"1049","2016-07-30","??","????????????","??","2016-08-01"
"1050","2016-07-30","???????","??????????","???¥ê???","2016-08-01"
"1051","2016-07-30","??????????","?????","???","2016-08-01"
"1052","2016-07-30","?????","??????","????????????","2016-08-01"
"1053","2016-07-30","??????","","??¥á?(?????)","2016-08-01"
"1054","2016-07-31","????????","??????????","?????","2016-08-01"
"1055","2016-07-31","??????????????","?¥ê¥è?????","????????","2016-08-01"
"1056","2016-07-31","??¢®?????©¤","????????","????????","2016-08-01"
"1057","2016-07-31","??¥á?(?????)","??????","??????","2016-08-01"
"1058","2016-08-01","??","??","????","2016-09-01"
"1059","2016-08-01","?????????","?????????","???¥ê???","2016-09-01"
"1060","2016-08-01","????????????????","?????","??????????????","2016-09-01"
"1061","2016-08-01","????","????¢®????","???????????","2016-09-01"
"1062","2016-08-01","??????(7~9??)","??????(7~9??)","??¥á?(?????)","2016-09-01"
"1063","2016-08-02","???????","????","?????????","2016-09-01"
"1064","2016-08-02","","??????ýß","????????","2016-09-01"
"1065","2016-08-02","","????????????????","????????","2016-09-01"
"1066","2016-08-02","","?????©¤","??¥á?(?????)","2016-09-01"
"1067","2016-08-02","","??????(7~9??)","","2016-09-01"
"1068","2016-08-03","??","??¢®????","????","2016-09-01"
"1069","2016-08-03","?????????","?????????","?????","2016-09-01"
"1070","2016-08-03","?????????????","?????????????","??????????","2016-09-01"
"1071","2016-08-03","???¥ê¥î????","???????","??????©¤","2016-09-01"
"1072","2016-08-03","??????(7~9??)","","??¥á?(?????)","2016-09-01"
"1073","2016-08-04","???????","????","??","2016-09-01"
"1074","2016-08-04","??????????","??????(???)","??????????","2016-09-01"
"1075","2016-08-04","?????©¤","??¢®??????©¤","????????","2016-09-01"
"1076","2016-08-04","??????(7~9??)","??¥á?(?????)","???????","2016-09-01"
"1077","2016-08-04","","","??????(7~9??)","2016-09-01"
"1078","2016-08-05","??","????","????","2016-09-01"
"1079","2016-08-05","??????","??????????","?????????","2016-09-01"
"1080","2016-08-05","??????????????","?¥ê?????","??????????????","2016-09-01"
"1081","2016-08-05","????","??????????????????","???????©¤","2016-09-01"
"1082","2016-08-05","??¥á?(?????)","??????(7~9??)","??????(7~9??)","2016-09-01"
"1083","2016-08-06","??????","???????","??","2016-09-01"
"1084","2016-08-06","","?¥ê¥è?????","?????","2016-09-01"
"1085","2016-08-06","","?????©¤","???","2016-09-01"
"1086","2016-08-06","","??????(7~9??)","???¨ù???????","2016-09-01"
"1087","2016-08-06","","","???????","2016-09-01"
"1088","2016-08-07","???¥á?","?????","??????????","2016-09-01"
"1089","2016-08-07","??¢®?????©¤","?????","????????","2016-09-01"
"1090","2016-08-07","??????(7~9??)","???????©¤","????","2016-09-01"
"1091","2016-08-07","","??????(7~9??)","??¥á?(?????)","2016-09-01"
"1092","2016-08-08","??","??","????","2016-09-01"
"1093","2016-08-08","???????","??¢®????","???¥ê???","2016-09-01"
"1094","2016-08-08","??????????","????????????????","??????","2016-09-01"
"1095","2016-08-08","???????©¤","?????","???????????©¤","2016-09-01"
"1096","2016-08-08","??????(7~9??)","??¥á?(?????)","??????(7~9??)","2016-09-01"
"1097","2016-08-09","????????","?????","?????","2016-09-01"
"1098","2016-08-09","","??????????","?¥ê¥è?????","2016-09-01"
"1099","2016-08-09","","???©Ÿ????","????????","2016-09-01"
"1100","2016-08-09","","???????","??????(7~9??)","2016-09-01"
"1101","2016-08-10","????????","????","?????","2016-09-01"
"1102","2016-08-10","?????????????","????????","??????","2016-09-01"
"1103","2016-08-10","????????","???????","?????????","2016-09-01"
"1104","2016-08-10","??????(7~9??)","?????©¤","??????(7~9??)","2016-09-01"
"1105","2016-08-10","","??¥á?(?????)","","2016-09-01"
"1106","2016-08-11","????????","???????","????","2016-09-01"
"1107","2016-08-11","","???????????","???¥ê???","2016-09-01"
"1108","2016-08-11","","????¥ê?","??????????","2016-09-01"
"1109","2016-08-11","","???????????","?????","2016-09-01"
"1110","2016-08-11","","??????(7~9??)","???????","2016-09-01"
"1111","2016-08-12","??","???????","????","2016-09-01"
"1112","2016-08-12","?????????","????????????","????????","2016-09-01"
"1113","2016-08-12","????????????","?¥ê¥á??","?????????","2016-09-01"
"1114","2016-08-12","????","???????????","?????","2016-09-01"
"1115","2016-08-12","??¥á?(?????)","??¥á?(?????)","??????(7~9??)","2016-09-01"
"1116","2016-08-13","????","????????????","??","2016-09-01"
"1117","2016-08-13","????????????","?????","???????????","2016-09-01"
"1118","2016-08-13","??????(7~9??)","???????©¤","???","2016-09-01"
"1119","2016-08-13","","??¥á?(?????)","????????????","2016-09-01"
"1120","2016-08-13","","","??????(7~9??)","2016-09-01"
"1121","2016-08-14","??","???????","???????????","2016-09-01"
"1122","2016-08-14","????????","??????","????????","2016-09-01"
"1123","2016-08-14","???????????????","?????","?????????","2016-09-01"
"1124","2016-08-14","????","??¥á?(?????)","????","2016-09-01"
"1125","2016-08-14","??????(7~9??)","","","2016-09-01"
"1126","2016-08-15","??","??","????","2016-09-01"
"1127","2016-08-15","?????????","???¥ê??????","???????????","2016-09-01"
"1128","2016-08-15","????????????????","???¨ù???????","??¢®????","2016-09-01"
"1129","2016-08-15","????","????????","???????","2016-09-01"
"1130","2016-08-15","??????(7~9??)","??????(7~9??)","??????(7~9??)","2016-09-01"
"1131","2016-08-16","??","?????????","????","2016-09-01"
"1132","2016-08-16","??????","?????(????)","???¢¬????","2016-09-01"
"1133","2016-08-16","???????????????","??¥á?(?????)","????????????????","2016-09-01"
"1134","2016-08-16","????","","???¥ê¥î????","2016-09-01"
"1135","2016-08-16","??????(7~9??)","","??????(7~9??)","2016-09-01"
"1136","2016-08-17","??","???????","????","2016-09-01"
"1137","2016-08-17","?????","??????ýß","???????????","2016-09-01"
"1138","2016-08-17","????","???????????","?????????","2016-09-01"
"1139","2016-08-17","???????????","?????","??????/???????","2016-09-01"
"1140","2016-08-17","??¥á?(?????)","??????(7~9??)","??????(7~9??)","2016-09-01"
"1141","2016-08-18","???????","????","????","2016-09-01"
"1142","2016-08-18","","????????1??","?????","2016-09-01"
"1143","2016-08-18","","????????","?¥ê¥á??","2016-09-01"
"1144","2016-08-18","","??????(7~9??)","?????????","2016-09-01"
"1145","2016-08-18","","","??¥á?(?????)","2016-09-01"
"1146","2016-08-19","??","???????","????","2016-09-01"
"1147","2016-08-19","????????","????????","????????","2016-09-01"
"1148","2016-08-19","??¢®????????","???????????©¤","?????????","2016-09-01"
"1149","2016-08-19","????","??????????????????","??????","2016-09-01"
"1150","2016-08-19","??????(7~9??)","??¥á?(?????)","??????(7~9??)","2016-09-01"
"1151","2016-08-20","??","????©ª?","??","2016-09-01"
"1152","2016-08-20","?¥ê¥è?????","??????","?????","2016-09-01"
"1153","2016-08-20","??????????????","???????","?????????","2016-09-01"
"1154","2016-08-20","????","","???????","2016-09-01"
"1155","2016-08-20","??????(7~9??)","","??????(7~9??)","2016-09-01"
"1156","2016-08-21","????????","?????","??","2016-09-01"
"1157","2016-08-21","??????????","?????","??¢®????","2016-09-01"
"1158","2016-08-21","????????","?????©¤","???????????","2016-09-01"
"1159","2016-08-21","???????","??????(7~9??)","?????","2016-09-01"
"1160","2016-08-21","","","??????(7~9??)","2016-09-01"
"1161","2016-08-22","??","??????????","????????","2016-09-01"
"1162","2016-08-22","?????????","?????????????","???¥ê???","2016-09-01"
"1163","2016-08-22","??????????","???????","????????","2016-09-01"
"1164","2016-08-22","????","??????(7~9??)","??????(7~9??)","2016-09-01"
"1165","2016-08-22","???????","","","2016-09-01"
"1166","2016-08-23","????????","????","????","2016-09-01"
"1167","2016-08-23","","???¨ù?????","??¢®????","2016-09-01"
"1168","2016-08-23","","?????????","??????","2016-09-01"
"1169","2016-08-23","","????????©¤","?????????","2016-09-01"
"1170","2016-08-23","","??????(7~9??)","??????(7~9??)","2016-09-01"
"1171","2016-08-24","??","????","??","2016-09-01"
"1172","2016-08-24","???????","?????????","??????????","2016-09-01"
"1173","2016-08-24","??¢®???????","?????????????","???ª…??","2016-09-01"
"1174","2016-08-24","????","??????(???????)","?????","2016-09-01"
"1175","2016-08-24","??????(7~9??)","??????(7~9??)","??????(7~9??)","2016-09-01"
"1176","2016-08-25","???????","?????","??","2016-09-01"
"1177","2016-08-25","","????????","?????","2016-09-01"
"1178","2016-08-25","","????????","?????????","2016-09-01"
"1179","2016-08-25","","???????","??¢®??????????","2016-09-01"
"1180","2016-08-25","","","??????(7~9??)","2016-09-01"
"1181","2016-08-26","??","????","?????","2016-09-01"
"1182","2016-08-26","?????????","????????","????????","2016-09-01"
"1183","2016-08-26","??????????","?????","????????","2016-09-01"
"1184","2016-08-26","????","??????©¤","??????(7~9??)","2016-09-01"
"1185","2016-08-26","???????","??????(7~9??)","","2016-09-01"
"1186","2016-08-27","??","?????????","????","2016-09-01"
"1187","2016-08-27","????????","?????????","???????????","2016-09-01"
"1188","2016-08-27","???????????????","????","???","2016-09-01"
"1189","2016-08-27","?????©¤","???????","????????????","2016-09-01"
"1190","2016-08-27","??????(7~9??)","","??????(7~9??)","2016-09-01"
"1191","2016-08-28","??","??","??","2016-09-01"
"1192","2016-08-28","?????","???????????","?????","2016-09-01"
"1193","2016-08-28","????????","????????","????¥ê?","2016-09-01"
"1194","2016-08-28","???????????","??????","???????????","2016-09-01"
"1195","2016-08-28","??????(7~9??)","???????","??????(7~9??)","2016-09-01"
"1196","2016-08-29","??","???¥á?","????","2016-09-01"
"1197","2016-08-29","??????","?????????","???¥ê??????","2016-09-01"
"1198","2016-08-29","??????????????","?????©¤","???(????????)","2016-09-01"
"1199","2016-08-29","????","??????(7~9??)","??????©¤","2016-09-01"
"1200","2016-08-29","???????","","??????(7~9??)","2016-09-01"
"1201","2016-08-30","??","????","???????????","2016-09-01"
"1202","2016-08-30","???????????","????????","?¥ê¥è?????","2016-09-01"
"1203","2016-08-30","????","????????","?????","2016-09-01"
"1204","2016-08-30","??????????????","?????","??????(7~9??)","2016-09-01"
"1205","2016-08-30","??????(7~9??)","??????(7~9??)","","2016-09-01"
"1206","2016-08-31","??","????","????","2016-09-01"
"1207","2016-08-31","?????","???????????","??????","2016-09-01"
"1208","2016-08-31","??????????????","?????????????","???????????","2016-09-01"
"1209","2016-08-31","?????","??¢®?????©¤(???)","?????","2016-09-01"
"1210","2016-08-31","???????","??????(7~9??)","??????(7~9??)","2016-09-01"
"1211","2016-09-01","???????","????","????","2016-10-01"
"1212","2016-09-01","??????????","??????(???)","??????????","2016-10-01"
"1213","2016-09-01","?????©¤","??¢®??????©¤","????????","2016-10-01"
"1214","2016-09-01","??????(7~9??)","???????","???????","2016-10-01"
"1215","2016-09-01","","","??????(7~9??)","2016-10-01"
"1216","2016-09-02","??","????","???????","2016-10-01"
"1217","2016-09-02","?????????","????????","???????????","2016-10-01"
"1218","2016-09-02","?????????????","???????????©¤","???","2016-10-01"
"1219","2016-09-02","????","??????????????????","???????????","2016-10-01"
"1220","2016-09-02","??????(7~9??)","??????(7~9??)","???????","2016-10-01"
"1221","2016-09-03","????????","????????????","??","2016-10-01"
"1222","2016-09-03","","?????????","???¥ê???","2016-10-01"
"1223","2016-09-03","","?????","?????????","2016-10-01"
"1224","2016-09-03","","??????(7~9??)","??????","2016-10-01"
"1225","2016-09-03","","","???????","2016-10-01"
"1226","2016-09-04","???¥á?","?????","???????","2016-10-01"
"1227","2016-09-04","??¢®?????©¤","?????","??????","2016-10-01"
"1228","2016-09-04","??????(7~9??)","??????","????","2016-10-01"
"1229","2016-09-04","","??????(7~9??)","???????","2016-10-01"
"1230","2016-09-05","??","????","????","2016-10-01"
"1231","2016-09-05","?????????","??¢®????","?????","2016-10-01"
"1232","2016-09-05","??????????","????????????????","??????????????","2016-10-01"
"1233","2016-09-05","???????©¤","?????","????????????","2016-10-01"
"1234","2016-09-05","??????(7~9??)","??????(7~9??)","???????","2016-10-01"
"1235","2016-09-06","????????","?????","?????","2016-10-01"
"1236","2016-09-06","","????????","??????","2016-10-01"
"1237","2016-09-06","","??????(???????)","?????????","2016-10-01"
"1238","2016-09-06","","??????(7~9??)","???????","2016-10-01"
"1239","2016-09-07","????????","???????","????","2016-10-01"
"1240","2016-09-07","?????????????","????????","???¥ê???","2016-10-01"
"1241","2016-09-07","????????","??????????","????????????????","2016-10-01"
"1242","2016-09-07","??????(7~9??)","??¢®??????????","?????","2016-10-01"
"1243","2016-09-07","","??????(7~9??)","???????","2016-10-01"
"1244","2016-09-08","???????","????","?????","2016-10-01"
"1245","2016-09-08","","???????????","????????","2016-10-01"
"1246","2016-09-08","","????¥ê?","????????","2016-10-01"
"1247","2016-09-08","","???????????","???????","2016-10-01"
"1248","2016-09-08","","??????(7~9??)","","2016-10-01"
"1249","2016-09-09","??","????","???????","2016-10-01"
"1250","2016-09-09","?????????","??????","??????????","2016-10-01"
"1251","2016-09-09","????","?¥ê¥á??","?????????","2016-10-01"
"1252","2016-09-09","??¢®?????©¤","????????","?????","2016-10-01"
"1253","2016-09-09","???????","???????","??????(7~9??)","2016-10-01"
"1254","2016-09-10","??","??????????","??","2016-10-01"
"1255","2016-09-10","?¥ê¥è?????","???????","?????","2016-10-01"
"1256","2016-09-10","??????????????","????","?¥ê?????","2016-10-01"
"1257","2016-09-10","???????©¤","??????(7~9??)","??¢®??????©¤","2016-10-01"
"1258","2016-09-10","???????","","??????(7~9??)","2016-10-01"
"1259","2016-09-11","??","??¢®????","??","2016-10-01"
"1260","2016-09-11","?????","?????","????????","2016-10-01"
"1261","2016-09-11","????","???????????","????????","2016-10-01"
"1262","2016-09-11","???????????","??????(7~9??)","??????????????","2016-10-01"
"1263","2016-09-11","???????","","??????(7~9??)","2016-10-01"
"1264","2016-09-12","??","????","????","2016-10-01"
"1265","2016-09-12","?????????","?????????","???¥ê???","2016-10-01"
"1266","2016-09-12","????????????????","?????","????????????????","2016-10-01"
"1267","2016-09-12","????","????¢®????","?????????????","2016-10-01"
"1268","2016-09-12","??????(7~9??)","???????","??????(7~9??)","2016-10-01"
"1269","2016-09-13","????????","????","??","2016-10-01"
"1270","2016-09-13","","??????ýß","???¢¬????","2016-10-01"
"1271","2016-09-13","","?????","?????????????","2016-10-01"
"1272","2016-09-13","","??????©¤","???¥ê¥î????","2016-10-01"
"1273","2016-09-13","","???????","??????(7~9??)","2016-10-01"
"1274","2016-09-14","??","????","??","2016-10-01"
"1275","2016-09-14","???????????","????????","?????????","2016-10-01"
"1276","2016-09-14","?????","??????????????","?????(????)","2016-10-01"
"1277","2016-09-14","????","???","??????(7~9??)","2016-10-01"
"1278","2016-09-14","??????(7~9??)","???????","","2016-10-01"
"1279","2016-09-15","?????¥á?","????","????","2016-10-01"
"1280","2016-09-15","????????????","????????","?????","2016-10-01"
"1281","2016-09-15","??????(7~9??)","?????????","?????","2016-10-01"
"1282","2016-09-15","","??????","??????????????????","2016-10-01"
"1283","2016-09-15","","??????(7~9??)","???????","2016-10-01"
"1284","2016-09-16","??","?????","??","2016-10-01"
"1285","2016-09-16","????????1??","?????","???¥ê??????","2016-10-01"
"1286","2016-09-16","????","???????©¤","????????","2016-10-01"
"1287","2016-09-16","?????©¤","??????(7~9??)","??????/???????","2016-10-01"
"1288","2016-09-16","???????","","??????(7~9??)","2016-10-01"
"1289","2016-09-17","????????","??","?????????","2016-10-01"
"1290","2016-09-17","??¢®????????","???????????","?¥ê¥è?????","2016-10-01"
"1291","2016-09-17","????????","?????????","????","2016-10-01"
"1292","2016-09-17","??????(7~9??)","???????","??????(7~9??)","2016-10-01"
"1293","2016-09-17","","??????(7~9??)","","2016-10-01"
"1294","2016-09-18","??","???","???????","2016-10-01"
"1295","2016-09-18","????????","??????","????????","2016-10-01"
"1296","2016-09-18","??¢®????","?????????","?????©¤","2016-10-01"
"1297","2016-09-18","????","??????(7~9??)","??????(7~9??)","2016-10-01"
"1298","2016-09-18","??????(7~9??)","","","2016-10-01"
"1299","2016-09-19","??","????","?????","2016-10-01"
"1300","2016-09-19","??????????","?????","??????","2016-10-01"
"1301","2016-09-19","??????????????","???¨ù???????","?????","2016-10-01"
"1302","2016-09-19","????","??????©¤","??????(7~9??)","2016-10-01"
"1303","2016-09-19","??????(7~9??)","??????(7~9??)","","2016-10-01"
"1304","2016-09-20","????????","??","???????????","2016-10-01"
"1305","2016-09-20","","??????????","?????","2016-10-01"
"1306","2016-09-20","","????????","??????????","2016-10-01"
"1307","2016-09-20","","????????©¤","??¥á?(?????)","2016-10-01"
"1308","2016-09-20","","??????(7~9??)","","2016-10-01"
"1309","2016-09-21","??","????","??","2016-10-01"
"1310","2016-09-21","???????????","???¨ù?????","??????","2016-10-01"
"1311","2016-09-21","?????????","?????","???ª…??","2016-10-01"
"1312","2016-09-21","????","????????","?????","2016-10-01"
"1313","2016-09-21","??¥á?(?????)","??????(7~9??)","??????(7~9??)","2016-10-01"
"1314","2016-09-22","????????","?????","????","2016-10-01"
"1315","2016-09-22","","????????","????????1??","2016-10-01"
"1316","2016-09-22","","????????","??¢®??????","2016-10-01"
"1317","2016-09-22","","??????(7~9??)","??????(7~9??)","2016-10-01"
"1318","2016-09-23","??","????","??","2016-10-01"
"1319","2016-09-23","?¥ê¥è?????","??????","?????","2016-10-01"
"1320","2016-09-23","??????????????","???????????????","??¢®????","2016-10-01"
"1321","2016-09-23","????","?????","???????","2016-10-01"
"1322","2016-09-23","??¥á?(?????)","??????(7~9??)","??¥á?(?????)","2016-10-01"
"1323","2016-09-24","??????","????????","??","2016-10-01"
"1324","2016-09-24","","???¥ê??????","?????????","2016-10-01"
"1325","2016-09-24","","?????????","????¥ê?","2016-10-01"
"1326","2016-09-24","","??????(7~9??)","?????????","2016-10-01"
"1327","2016-09-24","","","??????(7~9??)","2016-10-01"
"1328","2016-09-25","??","????","??","2016-10-01"
"1329","2016-09-25","?????????","???????????","??¢®????","2016-10-01"
"1330","2016-09-25","???????????????","????????????","????????","2016-10-01"
"1331","2016-09-25","????","??¥á?(?????)","?????©¤","2016-10-01"
"1332","2016-09-25","??????(7~9??)","","??????(7~9??)","2016-10-01"
"1333","2016-09-26","??","????","????","2016-10-01"
"1334","2016-09-26","???????????","?????????","?????","2016-10-01"
"1335","2016-09-26","??????????","?????????","??????","2016-10-01"
"1336","2016-09-26","????","???¨ù???????","???????????","2016-10-01"
"1337","2016-09-26","??¥á?(?????)","??????(7~9??)","??????(7~9??)","2016-10-01"
"1338","2016-09-27","????????","???????","????","2016-10-01"
"1339","2016-09-27","","??????","?????","2016-10-01"
"1340","2016-09-27","","??¢®??????©¤","??????????????","2016-10-01"
"1341","2016-09-27","","??¥á?(?????)","????????????","2016-10-01"
"1342","2016-09-27","","","??¥á?(?????)","2016-10-01"
"1343","2016-09-28","??","????","??","2016-10-01"
"1344","2016-09-28","???????????","??????ýß","???¥ê???","2016-10-01"
"1345","2016-09-28","????","???","???????????","2016-10-01"
"1346","2016-09-28","???????????","??¢®??????©¤","?????","2016-10-01"
"1347","2016-09-28","??????(7~9??)","??¥á?(?????)","??????(7~9??)","2016-10-01"
"1348","2016-09-29","?????¥á?","????","????","2016-10-01"
"1349","2016-09-29","??¢®???????","????????","????????","2016-10-01"
"1350","2016-09-29","??????(7~9??)","???????????","?¥ê¥á??","2016-10-01"
"1351","2016-09-29","","???????????©¤","???????","2016-10-01"
"1352","2016-09-29","","?????","??¥á?(?????)","2016-10-01"
"1353","2016-09-30","??","????","??????","2016-10-01"
"1354","2016-09-30","????????","????????????","???(????????)","2016-10-01"
"1355","2016-09-30","??????????","?????????????","??????(7~9??)","2016-10-01"
"1356","2016-09-30","????","????????????????","","2016-10-01"
"1357","2016-09-30","??????(7~9??)","?©¥??","","2016-10-01"
"1358","2016-11-01","??","????","??¢®????","2016.11.01"
"1359","2016-11-01","?¥ê¥è?????","????????","?????","2016.11.01"
"1360","2016-11-01","??????????????","?????","??????????","2016.11.01"
"1361","2016-11-01","????","???????????","??????(10~11??)","2016.11.01"
"1362","2016-11-01","??¥á?(?????)","??????(10~11??)","","2016.11.01"
"1363","2016-11-02","??","???????","????","2016.11.01"
"1364","2016-11-02","?????????","???????????","???¥ê???","2016.11.01"
"1365","2016-11-02","?????","???","??????","2016.11.01"
"1366","2016-11-02","????????","???????????©¤","????????????","2016.11.01"
"1367","2016-11-02","??????(10~11??)","??????(10~11??)","??????(10~11??)","2016.11.01"
"1368","2016-11-03","????????","????","??","2016.11.01"
"1369","2016-11-03","","?¥ä“ž??","??????","2016.11.01"
"1370","2016-11-03","","?¥ê¥á??","??¢®??????©¤","2016.11.01"
"1371","2016-11-03","","????????©¤","??¥á?(?????)","2016.11.01"
"1372","2016-11-03","","??????(10~11??)","","2016.11.01"
"1373","2016-11-04","??","????????","???????","2016.11.01"
"1374","2016-11-04","?¥ê¥è?????","??????ýß","???????????","2016.11.01"
"1375","2016-11-04","??????????????","????????","????????","2016.11.01"
"1376","2016-11-04","????","??????(10~11??)","??¥á?(?????)","2016.11.01"
"1377","2016-11-04","??¥á?(?????)","","","2016.11.01"
"1378","2016-11-05","?????¥á?","?????????","??","2016.11.01"
"1379","2016-11-05","????????","?????????","????????","2016.11.01"
"1380","2016-11-05","??????(10~11??)","????","????????","2016.11.01"
"1381","2016-11-05","","??????(10~11??)","?????©¤","2016.11.01"
"1382","2016-11-05","","","??????(10~11??)","2016.11.01"
"1383","2016-11-06","????","?????","????????","2016.11.01"
"1384","2016-11-06","??¢®??????©¤","?????","?????????????","2016.11.01"
"1385","2016-11-06","??????(10~11??)","???","???¨ù???????","2016.11.01"
"1386","2016-11-06","","??????(10~11??)","??????(10~11??)","2016.11.01"
"1387","2016-11-07","??","????","????????????","2016.11.01"
"1388","2016-11-07","???????????","?????","???????ýß","2016.11.01"
"1389","2016-11-07","??????????","????????????????","???????????","2016.11.01"
"1390","2016-11-07","????","??????????","??????(10~11??)","2016.11.01"
"1391","2016-11-07","??????(10~11??)","??¥á?(?????)","","2016.11.01"
"1392","2016-11-08","????????","?????","????","2016.11.01"
"1393","2016-11-08","","????????","???¥ê???","2016.11.01"
"1394","2016-11-08","","????????","??????????","2016.11.01"
"1395","2016-11-08","","??????(10~11??)","?????????","2016.11.01"
"1396","2016-11-08","","","??????(10~11??)","2016.11.01"
"1397","2016-11-09","??","???????","????","2016.11.01"
"1398","2016-11-09","??????????","???????????","????????","2016.11.01"
"1399","2016-11-09","??????????????","??¢®????","?????????","2016.11.01"
"1400","2016-11-09","???????©¤","???????","??????","2016.11.01"
"1401","2016-11-09","??????(10~11??)","??????(10~11??)","??????(10~11??)","2016.11.01"
"1402","2016-11-10","??","????","????","2016.11.01"
"1403","2016-11-10","?????????","???¥ê???","???????ýß","2016.11.01"
"1404","2016-11-10","???????????????","?????","????????","2016.11.01"
"1405","2016-11-10","????","?????©¤","???????","2016.11.01"
"1406","2016-11-10","??????(10~11??)","??????(10~11??)","??¥á?(?????)","2016.11.01"
"1407","2016-11-11","??","????","????","2016.11.01"
"1408","2016-11-11","???????????","?????","??????????","2016.11.01"
"1409","2016-11-11","??¢®???????","???","??????(???????)","2016.11.01"
"1410","2016-11-11","????","???¨ù???????","?????","2016.11.01"
"1411","2016-11-11","??????(10~11??)","??????(10~11??)","??????(10~11??)","2016.11.01"
"1412","2016-11-12","????????","???????","??","2016.11.01"
"1413","2016-11-12","??????????","????????","????????","2016.11.01"
"1414","2016-11-12","????????","????¥ê?","??????????????","2016.11.01"
"1415","2016-11-12","??????(10~11??)","??????©¤","????????????","2016.11.01"
"1416","2016-11-12","","??????(10~11??)","??????(10~11??)","2016.11.01"
"1417","2016-11-13","??","??","?????","2016.11.01"
"1418","2016-11-13","???????????","?¥ê¥è?????","?????","2016.11.01"
"1419","2016-11-13","?????????????","?????????","???????©¤","2016.11.01"
"1420","2016-11-13","????","??¢®??????©¤","??????(10~11??)","2016.11.01"
"1421","2016-11-13","??????(10~11??)","??????(10~11??)","","2016.11.01"
"1422","2016-11-14","??","??","????","2016.11.01"
"1423","2016-11-14","?????????","??¢®????","???¥ê???","2016.11.01"
"1424","2016-11-14","?????????","?????","???????????","2016.11.01"
"1425","2016-11-14","???????©¤","??????","?????","2016.11.01"
"1426","2016-11-14","??????(10~11??)","??????(10~11??)","??????(10~11??)","2016.11.01"
"1427","2016-11-15","????????","??","????","2016.11.01"
"1428","2016-11-15","","??????","??????????","2016.11.01"
"1429","2016-11-15","","??????????????","?????????","2016.11.01"
"1430","2016-11-15","","?¥ê?????","??????","2016.11.01"
"1431","2016-11-15","","??¥á?(?????)","??????(10~11??)","2016.11.01"
"1432","2016-11-16","??","???????","?????","2016.11.01"
"1433","2016-11-16","????????","?????","??????","2016.11.01"
"1434","2016-11-16","????","??????????????","?????????","2016.11.01"
"1435","2016-11-16","???????????","???????????©¤","??????(10~11??)","2016.11.01"
"1436","2016-11-16","??????(10~11??)","??????(10~11??)","","2016.11.01"
"1437","2016-11-17","????????","????","????","2016.11.01"
"1438","2016-11-17","","??????","??????","2016.11.01"
"1439","2016-11-17","","?¥ê¥á??","???(????????)","2016.11.01"
"1440","2016-11-17","","???????????","?????","2016.11.01"
"1441","2016-11-17","","??¥á?(?????)","??????(10~11??)","2016.11.01"
"1442","2016-11-18","??","????","???????","2016.11.01"
"1443","2016-11-18","???????","????????","???¥ê???","2016.11.01"
"1444","2016-11-18","????????????","????????","?????????","2016.11.01"
"1445","2016-11-18","????","?????","??????(10~11??)","2016.11.01"
"1446","2016-11-18","??????(10~11??)","??????(10~11??)","","2016.11.01"
"1447","2016-11-19","?????¥á?","??????????","??","2016.11.01"
"1448","2016-11-19","??¢®?????©¤","?????","?????","2016.11.01"
"1449","2016-11-19","??????(10~11??)","????","?????????","2016.11.01"
"1450","2016-11-19","","??????(10~11??)","?????©¤","2016.11.01"
"1451","2016-11-19","","","??????(10~11??)","2016.11.01"
"1452","2016-11-20","??","??????","??","2016.11.01"
"1453","2016-11-20","??¢®????","?????????","??????","2016.11.01"
"1454","2016-11-20","????????????????","??????(10~11??)","??????","2016.11.01"
"1455","2016-11-20","???¥ê¥î????","","???????????","2016.11.01"
"1456","2016-11-20","??????(10~11??)","","??????(10~11??)","2016.11.01"
"1457","2016-11-21","??","??","????","2016.11.01"
"1458","2016-11-21","?????????","?????","??????(???)","2016.11.01"
"1459","2016-11-21","????????????????","?????????????","????","2016.11.01"
"1460","2016-11-21","????","???????????","????????©¤","2016.11.01"
"1461","2016-11-21","??????(10~11??)","??????(10~11??)","??¥á?(?????)","2016.11.01"
"1462","2016-11-22","???????","??","????","2016.11.01"
"1463","2016-11-22","","?????","????????1??","2016.11.01"
"1464","2016-11-22","","???ª…??","?????","2016.11.01"
"1465","2016-11-22","","?????(????)","??¢®??????","2016.11.01"
"1466","2016-11-22","","??¥á?(?????)","??¥á?(?????)","2016.11.01"
"1467","2016-11-23","??","????","?????","2016.11.01"
"1468","2016-11-23","???????","??????ýß","????????","2016.11.01"
"1469","2016-11-23","?????????","??????","????????","2016.11.01"
"1470","2016-11-23","????","??¢®??????©¤","??????(10~11??)","2016.11.01"
"1471","2016-11-23","??????(10~11??)","??????(10~11??)","","2016.11.01"
"1472","2016-11-24","?????¥á?","?????","????","2016.11.01"
"1473","2016-11-24","??¢®?????©¤","???¨ù?????","?????????","2016.11.01"
"1474","2016-11-24","??????(10~11??)","???????????","????????????????","2016.11.01"
"1475","2016-11-24","","??????(10~11??)","?????????","2016.11.01"
"1476","2016-11-24","","","??????(10~11??)","2016.11.01"
"1477","2016-11-25","??","????","????","2016.11.01"
"1478","2016-11-25","?????????","????????","???????????","2016.11.01"
"1479","2016-11-25","????????????????","??????????","????¥ê?","2016.11.01"
"1480","2016-11-25","????","?????","???????","2016.11.01"
"1481","2016-11-25","??????(10~11??)","??????(10~11??)","??????(10~11??)","2016.11.01"
"1482","2016-11-26","??????","????","??","2016.11.01"
"1483","2016-11-26","","?????","??????","2016.11.01"
"1484","2016-11-26","","????????","???????","2016.11.01"
"1485","2016-11-26","","????????????","???????????","2016.11.01"
"1486","2016-11-26","","??????(10~11??)","??????(10~11??)","2016.11.01"
"1487","2016-11-27","??","?????","??","2016.11.01"
"1488","2016-11-27","????????","???????????","??????????","2016.11.01"
"1489","2016-11-27","??¢®????","??????(10~11??)","?????????","2016.11.01"
"1490","2016-11-27","????","","?????©¤","2016.11.01"
"1491","2016-11-27","??????(10~11??)","","??????(10~11??)","2016.11.01"
"1492","2016-11-27","","","","2016.11.01"
"1493","2016-11-28","??","??","???????????","2016.11.01"
"1494","2016-11-28","?????????","????¡À???","???¥ê???","2016.11.01"
"1495","2016-11-28","???????????????","????????","?????","2016.11.01"
"1496","2016-11-28","????","??????©¤","??????(10~11??)","2016.11.01"
"1497","2016-11-28","??????(10~11??)","??????(10~11??)","","2016.11.01"
"1498","2016-11-28","","","","2016.11.01"
"1499","2016-11-29","?????","?????","????","2016.11.01"
"1500","2016-11-29","??????????????","??????","????????","2016.11.01"
"1501","2016-11-29","????","?????©¤","?????????","2016.11.01"
"1502","2016-11-29","??¥á?(?????)","??????(10~11??)","???????","2016.11.01"
"1503","2016-11-29","","","??????(10~11??)","2016.11.01"
"1504","2016-11-29","","","","2016.11.01"
"1505","2016-11-30","???????","????","????","2016.11.01"
"1506","2016-11-30","??¢®????????","??????","?????","2016.11.01"
"1507","2016-11-30","????????","?????????","??????????","2016.11.01"
"1508","2016-11-30","??????(10~11??)","?????","?????????","2016.11.01"
"1509","2016-11-30","","??????(10~11??)","??¥á?(?????)","2016.11.01"
"1510","2016.12.01","??","??","????","2016.12.01"
"1511","2016.12.01","?????????","???¥ê???","???????????","2016.12.01"
"1512","2016.12.01","??????????????","????????","?????????","2016.12.01"
"1513","2016.12.01","????","??????","???????","2016.12.01"
"1514","2016.12.01","??????(12~2??)","??????(12~2??)","??????(12~2??)","2016.12.01"
"1515","2016.12.02","??","??","????","2016.12.01"
"1516","2016.12.02","?????????","??????ýß","?????????","2016.12.01"
"1517","2016.12.02","???????????????","?????????????","???(????????)","2016.12.01"
"1518","2016.12.02","????","????????","?????","2016.12.01"
"1519","2016.12.02","??????(12~2??)","??????(12~2??)","??????(12~2??)","2016.12.01"
"1520","2016.12.03","?????¥á?","????","??????????","2016.12.01"
"1521","2016.12.03","????°Z??","???????????","????????","2016.12.01"
"1522","2016.12.03","??????(12~2??)","???¨ù???????","????","2016.12.01"
"1523","2016.12.03","","?????????","??????(12~2??)","2016.12.01"
"1524","2016.12.03","","??????(12~2??)","","2016.12.01"
"1525","2016.12.04","??","??","??","2016.12.01"
"1526","2016.12.04","??¢®????","??????????","?????","2016.12.01"
"1527","2016.12.04","????????????","????????","??????????","2016.12.01"
"1528","2016.12.04","????","?????©¤","???????©¤","2016.12.01"
"1529","2016.12.04","??????(12~2??)","??????(12~2??)","??????(12~2??)","2016.12.01"
"1530","2016.12.05","??","????","?????","2016.12.01"
"1531","2016.12.05","?????????","?????","?????","2016.12.01"
"1532","2016.12.05","????????????????","???","?????","2016.12.01"
"1533","2016.12.05","????","????????","??????(12~2??)","2016.12.01"
"1534","2016.12.05","??????(12~2??)","??????(12~2??)","","2016.12.01"
"1535","2016.12.06","??????","????","????","2016.12.01"
"1536","2016.12.06","","????????","???¥ê???","2016.12.01"
"1537","2016.12.06","","?????","?????????","2016.12.01"
"1538","2016.12.06","","?????©¤","???????????","2016.12.01"
"1539","2016.12.06","","??????(12~2??)","??????(12~2??)","2016.12.01"
"1540","2016.12.07","??","????","?????","2016.12.01"
"1541","2016.12.07","???????ýß","?¥ê¥è?????","????????","2016.12.01"
"1542","2016.12.07","??????????????","??????","??????","2016.12.01"
"1543","2016.12.07","????","??¢®??????©¤","??????(12~2??)","2016.12.01"
"1544","2016.12.07","??????(12~2??)","??????(12~2??)","","2016.12.01"
"1545","2016.12.08","??","????????","????","2016.12.01"
"1546","2016.12.08","???¥ê???","","????????","2016.12.01"
"1547","2016.12.08","????","","??????????????","2016.12.01"
"1548","2016.12.08","???????????","","??????","2016.12.01"
"1549","2016.12.08","??????(12~2??)","","??????(12~2??)","2016.12.01"
"1550","2016.12.09","??","??","????","2016.12.01"
"1551","2016.12.09","??????????","???????????","?????","2016.12.01"
"1552","2016.12.09","???????????????","?????????","??????????","2016.12.01"
"1553","2016.12.09","?¥ê?????","?????","??????????","2016.12.01"
"1554","2016.12.09","??????(12~2??)","??????(12~2??)","??????(12~2??)","2016.12.01"
"1555","2016.12.10","????????","??","????","2016.12.01"
"1556","2016.12.10","","?????","??????","2016.12.01"
"1557","2016.12.10","","??¢®????","?????????","2016.12.01"
"1558","2016.12.10","","??????©¤","?????©¤","2016.12.01"
"1559","2016.12.10","","??????(12~2??)","??????(12~2??)","2016.12.01"
"1560","2016.12.11","??","???­Y","???????","2016.12.01"
"1561","2016.12.11","????????","????????","?¥ê¥è?????","2016.12.01"
"1562","2016.12.11","????","??????(12~2??)","????????????????","2016.12.01"
"1563","2016.12.11","??????????????","","?????????","2016.12.01"
"1564","2016.12.11","??????(12~2??)","","??????(12~2??)","2016.12.01"
"1565","2016.12.12","??","????","???????????","2016.12.01"
"1566","2016.12.12","??????","???????????","?????","2016.12.01"
"1567","2016.12.12","????????????????","?????????","??????","2016.12.01"
"1568","2016.12.12","????","?????","??????(12~2??)","2016.12.01"
"1569","2016.12.12","??????(12~2??)","??????(12~2??)","","2016.12.01"
"1570","2016.12.13","????????","?????","????","2016.12.01"
"1571","2016.12.13","","????????","???¥ê???","2016.12.01"
"1572","2016.12.13","","????????","???????????","2016.12.01"
"1573","2016.12.13","","??????(12~2??)","????????????","2016.12.01"
"1574","2016.12.13","","","??????(12~2??)","2016.12.01"
"1575","2016.12.14","?????¥á?","????","????","2016.12.01"
"1576","2016.12.14","??¢®??????©¤","?????","?????????","2016.12.01"
"1577","2016.12.14","??????(12~2??)","???","????¥ê?","2016.12.01"
"1578","2016.12.14","","????©Ÿ????","?????????????","2016.12.01"
"1579","2016.12.14","","??????(12~2??)","??????(12~2??)","2016.12.01"
"1580","2016.12.15","???????","??","????","2016.12.01"
"1581","2016.12.15","","??????(???)","???????????","2016.12.01"
"1582","2016.12.15","","?????????","?????????","2016.12.01"
"1583","2016.12.15","","??????(12~2??)","??????©¤","2016.12.01"
"1584","2016.12.15","","","??????(12~2??)","2016.12.01"
"1585","2016.12.16","????????","??","????","2016.12.01"
"1586","2016.12.16","????°Z??","????????","????????","2016.12.01"
"1587","2016.12.16","????????","?????","????????????????","2016.12.01"
"1588","2016.12.16","??????(12~2??)","???????????©¤","?????????","2016.12.01"
"1589","2016.12.16","","??????(12~2??)","??????(12~2??)","2016.12.01"
"1590","2016.12.17","?????¥á?","??","?????","2016.12.01"
"1591","2016.12.17","??¢®???????","????????","???????","2016.12.01"
"1592","2016.12.17","??????(12~2??)","?????????","????????????","2016.12.01"
"1593","2016.12.17","","??????","??????(12~2??)","2016.12.01"
"1594","2016.12.17","","??????(12~2??)","","2016.12.01"
"1595","2016.12.18","??","???????","?????","2016.12.01"
"1596","2016.12.18","??¢®????","??????","?????","2016.12.01"
"1597","2016.12.18","?????","??????????????","???????©¤","2016.12.01"
"1598","2016.12.18","????","????????","??????(12~2??)","2016.12.01"
"1599","2016.12.18","??????(12~2??)","??????(12~2??)","","2016.12.01"
"1600","2016.12.19","??","????","?????","2016.12.01"
"1601","2016.12.19","?????????","?????","??????ýß","2016.12.01"
"1602","2016.12.19","?????????","?????????????","????????","2016.12.01"
"1603","2016.12.19","?¥ê¥á??","???????????","??????(12~2??)","2016.12.01"
"1604","2016.12.19","??????(12~2??)","??????(12~2??)","","2016.12.01"
"1605","2016.12.20","???????","????","????","2016.12.01"
"1606","2016.12.20","","??????","?????????","2016.12.01"
"1607","2016.12.20","","??¢®??????©¤","????¥ê?","2016.12.01"
"1608","2016.12.20","","??????(12~2??)","????????","2016.12.01"
"1609","2016.12.20","","","??????(12~2??)","2016.12.01"
"1610","2016.12.21","??","???????","?????","2016.12.01"
"1611","2016.12.21","????????","??????????","?????","2016.12.01"
"1612","2016.12.21","??????????","???ª…??","???????","2016.12.01"
"1613","2016.12.21","????","???????©¤","??????(12~2??)","2016.12.01"
"1614","2016.12.21","??????(12~2??)","??????(12~2??)","","2016.12.01"
"1615","2016.12.22","??","??","????","2016.12.01"
"1616","2016.12.22","??????","?????","???¥ê???","2016.12.01"
"1617","2016.12.22","??????????????","???????????©¤","??????????","2016.12.01"
"1618","2016.12.22","????","??????(12~2??)","???????????","2016.12.01"
"1619","2016.12.22","??????(12~2??)","","??????(12~2??)","2016.12.01"
"1620","2016.12.23","???????","??¢®????","????","2016.12.01"
"1621","2016.12.23","?????????","???????????","?¥ê¥è?????","2016.12.01"
"1622","2016.12.23","????","?????","??????????","2016.12.01"
"1623","2016.12.23","??????(12~2??)","??????(12~2??)","?????????","2016.12.01"
"1624","2016.12.23","","","??????(12~2??)","2016.12.01"
"1625","2016.12.24","????","????????????","????????","2016.12.01"
"1626","2016.12.24","??¢®??????©¤","???????ýß","????¥ê?","2016.12.01"
"1627","2016.12.24","??????(12~2??)","?????????","?????©¤","2016.12.01"
"1628","2016.12.24","","??????(12~2??)","??????(12~2??)","2016.12.01"
"1629","2016.12.25","??","??","??","2016.12.01"
"1630","2016.12.25","?????????","?????","?????????","2016.12.01"
"1631","2016.12.25","????????????????","?¥ê¥á??","?????????","2016.12.01"
"1632","2016.12.25","?????","???????????","????????????","2016.12.01"
"1633","2016.12.25","??????(12~2??)","??????(12~2??)","??????(12~2??)","2016.12.01"
"1634","2016.12.26","??","????","??","2016.12.01"
"1635","2016.12.26","??????","???????????","??????????","2016.12.01"
"1636","2016.12.26","?????????????","??¢®????","???????????","2016.12.01"
"1637","2016.12.26","????","???¨ù??????","?????","2016.12.01"
"1638","2016.12.26","??????(12~2??)","??????(12~2??)","??????(12~2??)","2016.12.01"
"1639","2016.12.27","??","???????","????","2016.12.01"
"1640","2016.12.27","???????","?¥ä“ž??","????????1??","2016.12.01"
"1641","2016.12.27","?????","?¥ê¥á??","??¢®??????","2016.12.01"
"1642","2016.12.27","????","????????","??????(12~2??)","2016.12.01"
"1643","2016.12.27","??????(12~2??)","??????(12~2??)","","2016.12.01"
"1644","2016.12.28","??","??","?????","2016.12.01"
"1645","2016.12.28","??????","???¨ù?????","?????","2016.12.01"
"1646","2016.12.28","????????","????????","??????????","2016.12.01"
"1647","2016.12.28","??¢®?????©¤","?????(????)","??????(12~2??)","2016.12.01"
"1648","2016.12.28","??????(12~2??)","??????(12~2??)","","2016.12.01"
"1649","2016.12.29","??","????","???????","2016.12.01"
"1650","2016.12.29","?????????","?? ??","???¥ê???","2016.12.01"
"1651","2016.12.29","??????????","????????©¤","???????","2016.12.01"
"1652","2016.12.29","???????????","??????(12~2??)","??????(12~2??)","2016.12.01"
"1653","2016.12.29","??????(12~2??)","","","2016.12.01"
"1654","2016.12.30","????????","??","????","2016.12.01"
"1655","2016.12.30","???????","???????????","??????????","2016.12.01"
"1656","2016.12.30","????","?????????","???ª…??","2016.12.01"
"1657","2016.12.30","??????(12~2??)","??????¢®?????©¤","??????©¤","2016.12.01"
"1658","2016.12.30","","??????(12~2??)","??????(12~2??)","2016.12.01"
"1659","2016.12.31","??","?????????","??","2016.12.01"
"1660","2016.12.31","?????","?????????","??????","2016.12.01"
"1661","2016.12.31","??¢®?????????","????","?????","2016.12.01"
"1662","2016.12.31","????????©¤","?????¥ê?","???????????","2016.12.01"
"1663","2016.12.31","??????(12~2??)","??????(12~2??)","??????(12~2??)","2016.12.01"
"1664","2017.01.01","?????¥á?","??","????????","2017.01.01"
"1665","2017.01.01","??¢®??????©¤","??????????","?????","2017.01.01"
"1666","2017.01.01","??????(12~2??)","????????","?????????","2017.01.01"
"1667","2017.01.01","","????????????","??????(12~2??)","2017.01.01"
"1668","2017.01.01","","??????(12~2??)","","2017.01.01"
"1669","2017.01.02","??","????????","??","2017.01.01"
"1670","2017.01.02","?????????","???","?????","2017.01.01"
"1671","2017.01.02","??????????","????????","??????????","2017.01.01"
"1672","2017.01.02","???????????","??????(12~2??)","?????","2017.01.01"
"1673","2017.01.02","??????(12~2??)","","??????(12~2??)","2017.01.01"
"1674","2017.01.03","??","????","?????","2017.01.01"
"1675","2017.01.03","???????????","????","?????????","2017.01.01"
"1676","2017.01.03","????","???????????","???¨ù??????","2017.01.01"
"1677","2017.01.03","???¥ê¥î????","??¢®????","??????(12~2??)","2017.01.01"
"1678","2017.01.03","??????(12~2??)","????????©¤","","2017.01.01"
"1679","2017.01.03","","??????(12~2??)","","2017.01.01"
"1680","2017.01.04","??","???????","?????","2017.01.01"
"1681","2017.01.04","???????","????????","?????","2017.01.01"
"1682","2017.01.04","??????????????","????¥ê?","??????","2017.01.01"
"1683","2017.01.04","?????©¤","?????","??????(12~2??)","2017.01.01"
"1684","2017.01.04","??????(12~2??)","??????(12~2??)","","2017.01.01"
"1685","2017.01.05","??????","?????","????","2017.01.01"
"1686","2017.01.05","","????????","???¥ê???","2017.01.01"
"1687","2017.01.05","","????????","?????","2017.01.01"
"1688","2017.01.05","","??????(12~2??)","????????????","2017.01.01"
"1689","2017.01.05","","","??????(12~2??)","2017.01.01"
"1690","2017.01.06","??","????","????","2017.01.01"
"1691","2017.01.06","??????","?????","?¥ê¥è?????","2017.01.01"
"1692","2017.01.06","??????????????","?????????","?????????","2017.01.01"
"1693","2017.01.06","????","??????????","?????©¤","2017.01.01"
"1694","2017.01.06","??????(12~2??)","??????(12~2??)","??????(12~2??)","2017.01.01"
"1695","2017.01.07","????????","???????","??","2017.01.01"
"1696","2017.01.07","","????????","?????","2017.01.01"
"1697","2017.01.07","","???????©¤","?¥ê?????","2017.01.01"
"1698","2017.01.07","","??????(12~2??)","??¢®??????©¤","2017.01.01"
"1699","2017.01.07","","","??????(12~2??)","2017.01.01"
"1700","2017.01.08","??","??","?????","2017.01.01"
"1701","2017.01.08","??¢®????","?¥ê¥è?????","?????????","2017.01.01"
"1702","2017.01.08","????????????","????????????????","???????????","2017.01.01"
"1703","2017.01.08","????","?????????","??????(12~2??)","2017.01.01"
"1704","2017.01.08","??????(12~2??)","??????(12~2??)","","2017.01.01"
"1705","2017.01.09","???????","????","??","2017.01.01"
"1706","2017.01.09","????°Z??","??????ýß","?????","2017.01.01"
"1707","2017.01.09","????????","?????????","????????","2017.01.01"
"1708","2017.01.09","??????(12~2??)","???????????©¤","?????????","2017.01.01"
"1709","2017.01.09","","??????(12~2??)","??????(12~2??)","2017.01.01"
"1710","2017.01.10","???????","????","???????","2017.01.01"
"1711","2017.01.10","","???¥ê???","????????","2017.01.01"
"1712","2017.01.10","","?????","????????","2017.01.01"
"1713","2017.01.10","","??????©¤","??????(12~2??)","2017.01.01"
"1714","2017.01.10","","??????(12~2??)","","2017.01.01"
"1715","2017.01.11","??","???????","?????","2017.01.01"
"1716","2017.01.11","??¢®????","????????","??????ýß","2017.01.01"
"1717","2017.01.11","??????????????","????¥ê?","???(????????)","2017.01.01"
"1718","2017.01.11","????","???¨ù???????","??????(12~2??)","2017.01.01"
"1719","2017.01.11","??????(12~2??)","??????(12~2??)","","2017.01.01"
"1720","2017.01.12","??","????","????","2017.01.01"
"1721","2017.01.12","??????","???????????","???¥ê???","2017.01.01"
"1722","2017.01.12","???????????????","???????","??????????????","2017.01.01"
"1723","2017.01.12","????","?????","?????????","2017.01.01"
"1724","2017.01.12","??????(12~2??)","??????(12~2??)","??????(12~2??)","2017.01.01"
"1725","2017.01.13","??","????","????","2017.01.01"
"1726","2017.01.13","????????1??","??????????","????????","2017.01.01"
"1727","2017.01.13","?????????","?????","??????","2017.01.01"
"1728","2017.01.13","??????(12~2??)","?????","??????","2017.01.01"
"1729","2017.01.13","","??????(12~2??)","??????(12~2??)","2017.01.01"
"1730","2017.01.14","?????","??????????","??","2017.01.01"
"1731","2017.01.14","????????","???????????","?????????","2017.01.01"
"1732","2017.01.14","??¢®???????","????","?????????","2017.01.01"
"1733","2017.01.14","??????(12~2??)","??????(12~2??)","?????","2017.01.01"
"1734","2017.01.14","","","??????(12~2??)","2017.01.01"
"1735","2017.01.15","????????","???????","??","2017.01.01"
"1736","2017.01.15","??????","?¥ê¥è?????","??????????","2017.01.01"
"1737","2017.01.15","??¢®??????©¤","????????","?????????","2017.01.01"
"1738","2017.01.15","??????(12~2??)","??????(12~2??)","?????©¤","2017.01.01"
"1739","2017.01.15","","","??????(12~2??)","2017.01.01"
"1740","2017.01.16","??","????","??","2017.01.01"
"1741","2017.01.16","?????????","?????","?????","2017.01.01"
"1742","2017.01.16","????????????????","?¥ê¥á??","??¢®????","2017.01.01"
"1743","2017.01.16","????","???????©¤","??????","2017.01.01"
"1744","2017.01.16","??????(12~2??)","??????(12~2??)","??????(12~2??)","2017.01.01"
"1745","2017.01.17","????????","????","????","2017.01.01"
"1746","2017.01.17","","????????","???¥ê???","2017.01.01"
"1747","2017.01.17","","???ª…??","????????????????","2017.01.01"
"1748","2017.01.17","","?????(????)","???????","2017.01.01"
"1749","2017.01.17","","??????(12~2??)","??????(12~2??)","2017.01.01"
"1750","2017.01.18","??","???????","????","2017.01.01"
"1751","2017.01.18","?????????","???????","?????????","2017.01.01"
"1752","2017.01.18","??????????","??????","??????????","2017.01.01"
"1753","2017.01.18","????","??¢®??????©¤","?????","2017.01.01"
"1754","2017.01.18","??????(12~2??)","??????(12~2??)","??????(12~2??)","2017.01.01"
"1755","2017.01.19","????????","????","?????","2017.01.01"
"1756","2017.01.19","","??????(???)","????????","2017.01.01"
"1757","2017.01.19","","?????????????","????????","2017.01.01"
"1758","2017.01.19","","??????(12~2??)","??????(12~2??)","2017.01.01"
"1759","2017.01.20","??","????","???????????","2017.01.01"
"1760","2017.01.20","???????????","???????ýß","??????","2017.01.01"
"1761","2017.01.20","????°Z??","???????????","??????????","2017.01.01"
"1762","2017.01.20","????","?????","??????(12~2??)","2017.01.01"
"1763","2017.01.20","??????(12~2??)","??????(12~2??)","","2017.01.01"
"1764","2017.01.21","????","?????????","??","2017.01.01"
"1765","2017.01.21","??¢®?????©¤","?????","???¥ê???","2017.01.01"
"1766","2017.01.21","??????(12~2??)","????","?????????????","2017.01.01"
"1767","2017.01.21","","??????(12~2??)","????????????","2017.01.01"
"1768","2017.01.21","","","??????(12~2??)","2017.01.01"
"1769","2017.01.22","??","???­Y","??","2017.01.01"
"1770","2017.01.22","????????","?????????","??????????","2017.01.01"
"1771","2017.01.22","??????????","??????(12~2??)","???????????","2017.01.01"
"1772","2017.01.22","????","","????????©¤","2017.01.01"
"1773","2017.01.22","??????(12~2??)","","??????(12~2??)","2017.01.01"
"1774","2017.01.23","??","????","?????","2017.01.01"
"1775","2017.01.23","?????????","???©ö???","?????????","2017.01.01"
"1776","2017.01.23","??????????","??????????????","??????","2017.01.01"
"1777","2017.01.23","????????","?????","??????(12~2??)","2017.01.01"
"1778","2017.01.23","??????(12~2??)","??????(12~2??)","","2017.01.01"
"1779","2017.01.24","????????","????","??????????????","2017.01.01"
"1780","2017.01.24","","???¥ê???","???????ýß","2017.01.01"
"1781","2017.01.24","","????????","???????","2017.01.01"
"1782","2017.01.24","","???????????","??????(12~2??)","2017.01.01"
"1783","2017.01.24","","??????(12~2??)","","2017.01.01"
"1784","2017.01.25","??","??¢®????","???????","2017.01.01"
"1785","2017.01.25","???????????","??????","??????","2017.01.01"
"1786","2017.01.25","?????????","?????????????","????????","2017.01.01"
"1787","2017.01.25","????","??????(12~2??)","???????????","2017.01.01"
"1788","2017.01.25","??????(12~2??)","","??????(12~2??)","2017.01.01"
"1789","2017.01.26","??","????","???°Z????","2017.01.01"
"1790","2017.01.26","?????????","??????","?????","2017.01.01"
"1791","2017.01.26","???????????????","???????????","???????©¤","2017.01.01"
"1792","2017.01.26","??????©¤","?????©¤","??????(12~2??)","2017.01.01"
"1793","2017.01.26","??????(12~2??)","??????(12~2??)","","2017.01.01"
"1794","2017.01.27","??","????","????","2017.01.01"
"1795","2017.01.27","??????","??????????","????????","2017.01.01"
"1796","2017.01.27","??????????????","????????","????¥ê?","2017.01.01"
"1797","2017.01.27","????","??????","?????????","2017.01.01"
"1798","2017.01.27","??????(12~2??)","??????(12~2??)","??????(12~2??)","2017.01.01"
"1799","2017.01.28","?????¥á?","??","??","2017.01.01"
"1800","2017.01.28","??¢®?????©¤","???????","?????","2017.01.01"
"1801","2017.01.28","??????(12~2??)","?????","???","2017.01.01"
"1802","2017.01.28","","???????????©¤","??????©¤","2017.01.01"
"1803","2017.01.28","","??????(12~2??)","??????(12~2??)","2017.01.01"
"1804","2017.01.29","??","??","??","2017.01.01"
"1805","2017.01.29","?????????","?????????","???????????","2017.01.01"
"1806","2017.01.29","?????????????","????????","??¢®?????????","2017.01.01"
"1807","2017.01.29","????","?????","?????","2017.01.01"
"1808","2017.01.29","??????(12~2??)","??????(12~2??)","??????(12~2??)","2017.01.01"
"1809","2017.01.30","??","????","??","2017.01.01"
"1810","2017.01.30","????????","????????","?????","2017.01.01"
"1811","2017.01.30","????????????????","?????????","?¥ê¥á??","2017.01.01"
"1812","2017.01.30","????????","??????","??????","2017.01.01"
"1813","2017.01.30","??????(12~2??)","??????(12~2??)","??????(12~2??)","2017.01.01"
"1814","2017.01.31","??","????","????","2017.01.01"
"1815","2017.01.31","???????????","?????(??)","???¥ê???","2017.01.01"
"1816","2017.01.31","????","????????????????","??¢®??????","2017.01.01"
"1817","2017.01.31","???????????","????????","??????(12~2??)","2017.01.01"
"1818","20170201","??","????","????","2017-02-01"
"1819","20170201","?????????","?????","??????ýß","2017-02-01"
"1820","20170201","?????","??????","?????????","2017-02-01"
"1821","20170201","????","?????????","??????","2017-01-01"
"1822","20170201","??????","??????","??????","2017-01-01"
"1823","20170202","???????","?????","????","2017-02-01"
"1824","20170202","","????????","?????????","2017-02-01"
"1825","20170202","","????????","??????????","2017-02-01"
"1826","20170202","","??????","?????©¤","2017-02-01"
"1827","20170202","","","??????","2017-02-01"
"1828","20170203","??","????","?????","2017-02-01"
"1829","20170203","??????","????????","?????","2017-02-01"
"1830","20170203","??????????????","?????????????","?????????????","2017-02-01"
"1831","20170203","????","???","??????","2017-02-01"
"1832","20170203","??????","??????","","2017-02-01"
"1833","20170204","????????","??","??","2017-02-01"
"1834","20170204","","???????ýß","???¥ê???","2017-02-01"
"1835","20170204","","?????","?????????","2017-02-01"
"1836","20170204","","?????©¤","?????","2017-02-01"
"1837","20170204","","??????","??????","2017-02-01"
"1838","20170205","????????","???????","??","2017-02-01"
"1839","20170205","???????????????","?????","?????????","2017-02-01"
"1840","20170205","??¢®??????©¤","????","?????????????","2017-02-01"
"1841","20170205","??????","??????","?????????","2017-02-01"
"1842","20170205","","","??????","2017-02-01"
"1843","20170206","??","???????","?????","2017-02-01"
"1844","20170206","?????????","???????????","?????","2017-02-01"
"1845","20170206","?????????","?¥ê¥á??","????????","2017-02-01"
"1846","20170206","??¢®?????©¤","??????©¤","??????","2017-02-01"
"1847","20170206","??????","??????","","2017-02-01"
"1848","20170207","??","????","???????","2017-02-01"
"1849","20170207","??????","???¥ê???","????????","2017-02-01"
"1850","20170207","????????????????","?????","???????????","2017-02-01"
"1851","20170207","????","????????©¤","??????","2017-02-01"
"1852","20170207","??????","??????","","2017-02-01"
"1853","20170208","??","????","????","2017-02-01"
"1854","20170208","??¢®????","?????","?????","2017-02-01"
"1855","20170208","??????????????","?¥ê?????","????????????????","2017-02-01"
"1856","20170208","????","????????©¤","???????","2017-02-01"
"1857","20170208","??????","??????","??????","2017-02-01"
"1858","20170209","??????","????","???????","2017-02-01"
"1859","20170209","","?????(??)","???????????","2017-02-01"
"1860","20170209","","???(????????)","????????????","2017-02-01"
"1861","20170209","","?????©¤","???????????©¤","2017-02-01"
"1862","20170209","","??????","??????","2017-02-01"
"1863","20170210","??","????","????????","2017-02-01"
"1864","20170210","?¥ê¥è?????","???????????","?????","2017-02-01"
"1865","20170210","????","???","?????","2017-02-01"
"1866","20170210","??????????????","?????","??????","2017-02-01"
"1867","20170210","??????","??????","","2017-02-01"
"1868","20170211","?????¥á?","?????","??","2017-02-01"
"1869","20170211","??¢®??????©¤","????????","???¥ê???","2017-02-01"
"1870","20170211","??????","????????","????????","2017-02-01"
"1871","20170211","","??????","??????","2017-02-01"
"1872","20170211","","","??????","2017-02-01"
"1873","20170212","????","???????","??","2017-02-01"
"1874","20170212","??¢®?????©¤","?????????","?????????","2017-02-01"
"1875","20170212","??????","????°Z??","???????????????","2017-02-01"
"1876","20170212","","??????","?????????","2017-02-01"
"1877","20170212","","","??????","2017-02-01"
"1878","20170213","??","????","??","2017-02-01"
"1879","20170213","?????????","???????","??????????","2017-02-01"
"1880","20170213","?????","?¥ê¥á??","??¢®????","2017-02-01"
"1881","20170213","????","??????©¤","??????????","2017-02-01"
"1882","20170213","??????","??????","??????","2017-02-01"
"1883","20170214","????????","????","??","2017-02-01"
"1884","20170214","","???????????","????????","2017-02-01"
"1885","20170214","","????????","??????","2017-02-01"
"1886","20170214","","??????©¤","??????","2017-02-01"
"1887","20170214","","??????","??????","2017-02-01"
"1888","20170215","??","????","?????","2017-02-01"
"1889","20170215","??¢®????","?¥ê¥è?????","?????","2017-02-01"
"1890","20170215","??????????????","????????","???????©¤","2017-02-01"
"1891","20170215","????","???????????","??????","2017-02-01"
"1892","20170215","??????","??????","","2017-02-01"
"1893","20170216","???????","???????","????","2017-02-01"
"1894","20170216","????????","???????????","??????????","2017-02-01"
"1895","20170216","???????????","??????","???????????????????","2017-02-01"
"1896","20170216","??????","???????????","?????","2017-02-01"
"1897","20170216","","??????","?????","2017-02-01"
"1898","20170216","","","??????","2017-02-01"
"1899","20170217","??","????","????","2017-02-01"
"1900","20170217","?????????","?????","???©ö???","2017-02-01"
"1901","20170217","????????????","????????","????????????????","2017-02-01"
"1902","20170217","????","??¢®??????©¤","??????","2017-02-01"
"1903","20170217","??????","??????","??????","2017-02-01"
"1904","20170218","??","??????????","??","2017-02-01"
"1905","20170218","?????","????????","????????","2017-02-01"
"1906","20170218","??????????","????","????¥ê?","2017-02-01"
"1907","20170218","???¥ê¥î????","??????","????????????","2017-02-01"
"1908","20170218","??????","","??????","2017-02-01"
"1909","20170219","??","???­Y","???????????","2017-02-01"
"1910","20170219","??????","???????????","?????????","2017-02-01"
"1911","20170219","??????????????","??????","????????","2017-02-01"
"1912","20170219","????","","??????","2017-02-01"
"1913","20170219","??????","","","2017-02-01"
"1914","20170220","??","????","????","2017-02-01"
"1915","20170220","????????1??","??????????","?????","2017-02-01"
"1916","20170220","??¢®??????©¤","?????","????????","2017-02-01"
"1917","20170220","??????","???¨ù??????","????????????","2017-02-01"
"1918","20170220","","??????","??????","2017-02-01"
"1919","20170221","????????","??","????","2017-02-01"
"1920","20170221","","???¥ê???","???????ýß","2017-02-01"
"1921","20170221","","?????????","????????","2017-02-01"
"1922","20170221","","???????????","?????","2017-02-01"
"1923","20170221","","??????","??????","2017-02-01"
"1924","20170222","??","?????","????","2017-02-01"
"1925","20170222","??????????","?????","?????","2017-02-01"
"1926","20170222","????????????????","??????????","??????????","2017-02-01"
"1927","20170222","????","??????¢®?????©¤","???????????","2017-02-01"
"1928","20170222","??????","??????","??????","2017-02-01"
"1929","20170223","???????","????","????","2017-02-01"
"1930","20170223","","????????","????????","2017-02-01"
"1931","20170223","","???ª…??","????¥ê?","2017-02-01"
"1932","20170223","","?????(????)","???????","2017-02-01"
"1933","20170223","","??????","??????","2017-02-01"
"1934","20170224","??","????","????","2017-02-01"
"1935","20170224","??????","??????ýß","???????????","2017-02-01"
"1936","20170224","??????????????","??¢®????","??????????","2017-02-01"
"1937","20170224","????","??????","?????","2017-02-01"
"1938","20170224","??????","??????","??????","2017-02-01"
"1939","20170225","?????¥á?","?????????","????","2017-02-01"
"1940","20170225","??¢®???????","?¥ê¥è?????","????????","2017-02-01"
"1941","20170225","??????","?????????","?????????","2017-02-01"
"1942","20170225","","??????","???????????©¤","2017-02-01"
"1943","20170225","","","??????","2017-02-01"
"1944","20170226","??","??????????????","?????","2017-02-01"
"1945","20170226","???????","?????????","???¥ê???","2017-02-01"
"1946","20170226","????°Z??","?????","????????","2017-02-01"
"1947","20170226","????","??????","??????","2017-02-01"
"1948","20170226","??????","","","2017-02-01"
"1949","20170227","??","???????","??","2017-02-01"
"1950","20170227","??????","????????","???????????","2017-02-01"
"1951","20170227","??¢®?????????","?????????????","????????????????","2017-02-01"
"1952","20170227","??????","???????????","????????","2017-02-01"
"1953","20170227","","??????","??????","2017-02-01"
"1954","20170228","??","?????","????","2017-02-01"
"1955","20170228","??????","???¥ê???","????????","2017-02-01"
"1956","20170228","????","??????????","?????????","2017-02-01"
"1957","20170228","???????????","??????","???????©¤","2017-02-01"
"1958","20170228","??????","","??????","2017-02-01"
"1959","20170301","??","????","??","2017-03-01"
"1960","20170301","?????????","?????","?????","2017-03-01"
"1961","20170301","????°Z??","???","??????????","2017-03-01"
"1962","20170301","????????","????????©¤","?????","2017-03-01"
"1963","20170301","??????","??????","??????","2017-03-01"
"1964","20170302","????????","???????","????","2017-03-01"
"1965","20170302","","????????","??????ýß","2017-03-01"
"1966","20170302","","????????","?????????","2017-03-01"
"1967","20170302","","??????","?¥ê?????","2017-03-01"
"1968","20170302","","","??????","2017-03-01"
"1969","20170303","??","????","??","2017-03-01"
"1970","20170303","??¢®????","???©ö???","???¥ê???","2017-03-01"
"1971","20170303","??????????????","?????","????????","2017-03-01"
"1972","20170303","????","?????©¤","?????©¤","2017-03-01"
"1973","20170303","??¥á?","??????","??¥á?","2017-03-01"
"1974","20170304","??","?????","???????","2017-03-01"
"1975","20170304","???????????","??????????","???????","2017-03-01"
"1976","20170304","????","??????","?????????","2017-03-01"
"1977","20170304","????????","","??¥á?","2017-03-01"
"1978","20170304","??????","","","2017-03-01"
"1979","20170305","????","??","?????","2017-03-01"
"1980","20170305","??¢®??????©¤","????????","?????","2017-03-01"
"1981","20170305","??????","????????","????????????????","2017-03-01"
"1982","20170305","","??????","??????","2017-03-01"
"1983","20170305","","??????","","2017-03-01"
"1984","20170306","??","????","????","2017-03-01"
"1985","20170306","?????????","?????","?????????","2017-03-01"
"1986","20170306","??????????????","??¢®????","????¥ê?","2017-03-01"
"1987","20170306","????","???????????©¤","???????????","2017-03-01"
"1988","20170306","??¥á?","??????","??????","2017-03-01"
"1989","20170307","???????","????","??","2017-03-01"
"1990","20170307","","??????ýß","????????","2017-03-01"
"1991","20170307","","?????????","??????","2017-03-01"
"1992","20170307","","????????©¤","??????","2017-03-01"
"1993","20170307","","??¥á?","??¥á?","2017-03-01"
"1994","20170308","??","????","????","2017-03-01"
"1995","20170308","????????","?????(??)","???¥ê???","2017-03-01"
"1996","20170308","?????????","???????????","?????????","2017-03-01"
"1997","20170308","?????©¤","?????","??????","2017-03-01"
"1998","20170308","??????","??????","??????","2017-03-01"
"1999","20170309","??","????","??","2017-03-01"
"2000","20170309","???????ýß","????????","????¥ê?","2017-03-01"
"2001","20170309","???????????????","????????","????????","2017-03-01"
"2002","20170309","????","?????","?????????","2017-03-01"
"2003","20170309","??????","??????","??????","2017-03-01"
"2004","20170310","??","????","?????","2017-03-01"
"2005","20170310","??¢®????","???¢¬????","?????????","2017-03-01"
"2006","20170310","??????????","????????????????","??????????","2017-03-01"
"2007","20170310","????","???????????©¤","??????","2017-03-01"
"2008","20170310","??????","??????","","2017-03-01"
"2009","20170311","??????","??","???????","2017-03-01"
"2010","20170311","","???¥ê???","??????????","2017-03-01"
"2011","20170311","","??????????????","??????","2017-03-01"
"2012","20170311","","?????©¤","??????","2017-03-01"
"2013","20170311","","??????","","2017-03-01"
"2014","20170312","?????¥á?","?????","??","2017-03-01"
"2015","20170312","??¢®??????©¤","?????","????????","2017-03-01"
"2016","20170312","??????","???????©¤","?¥ê¥á??","2017-03-01"
"2017","20170312","","??????","?????????","2017-03-01"
"2018","20170312","","","??¥á?","2017-03-01"
"2019","20170313","??","????","????","2017-03-01"
"2020","20170313","??????????","?????","???????ýß","2017-03-01"
"2021","20170313","???????????????","?????","????????","2017-03-01"
"2022","20170313","????","????????","??????","2017-03-01"
"2023","20170313","??????","??????","??¥á?","2017-03-01"
"2024","20170314","????????","????","??","2017-03-01"
"2025","20170314","","???????????","???????????","2017-03-01"
"2026","20170314","","??????????????","??¢®???????","2017-03-01"
"2027","20170314","","??????©¤","???????","2017-03-01"
"2028","20170314","","??????","??¥á?","2017-03-01"
"2029","20170315","??","????","????","2017-03-01"
"2030","20170315","????????","??????","??????????","2017-03-01"
"2031","20170315","??????????","??????","???????????????????","2017-03-01"
"2032","20170315","????","?????","?????","2017-03-01"
"2033","20170315","??¥á?","??¥á?","?????","2017-03-01"
"2034","20170315","","","??????","2017-03-01"
"2035","20170316","????????","????","??","2017-03-01"
"2036","20170316","","?????","????????","2017-03-01"
"2037","20170316","","?????????","??????","2017-03-01"
"2038","20170316","","?????","???¥ê¥î????","2017-03-01"
"2039","20170316","","??¥á?","??¥á?","2017-03-01"
"2040","20170317","??","????","???????","2017-03-01"
"2041","20170317","??????","????????","???¥ê???","2017-03-01"
"2042","20170317","??¢®?????©¤","??????????","???????","2017-03-01"
"2043","20170317","??????","?????","??????","2017-03-01"
"2044","20170317","","??????","","2017-03-01"
"2045","20170318","???????","??","?????","2017-03-01"
"2046","20170318","???????","?¥ê¥è?????","?????????","2017-03-01"
"2047","20170318","????????????","?????????????","?????©¤","2017-03-01"
"2048","20170318","????","???????????","??????","2017-03-01"
"2049","20170318","??????","??????","","2017-03-01"
"2050","20170319","??","???????","??????????","2017-03-01"
"2051","20170319","?????","???????????","?????","2017-03-01"
"2052","20170319","??¢®?????????","????????????","????","2017-03-01"
"2053","20170319","?????","??????©¤","??????","2017-03-01"
"2054","20170319","??¥á?","??????","","2017-03-01"
"2055","20170320","??","????","??????????????","2017-03-01"
"2056","20170320","?????????","????????","???¥ê???","2017-03-01"
"2057","20170320","????","?????????????","???????©¤","2017-03-01"
"2058","20170320","????????","??????????????","??¥á?","2017-03-01"
"2059","20170320","??????","??????","","2017-03-01"
"2060","20170321","????????","????","???????????","2017-03-01"
"2061","20170321","","??????????","?¥ê¥è?????","2017-03-01"
"2062","20170321","","???ª…??","?????","2017-03-01"
"2063","20170321","","?????(????)","??¥á?","2017-03-01"
"2064","20170321","","??????","","2017-03-01"
"2065","20170322","??","????","????","2017-03-01"
"2066","20170322","????????1??","??????","??????","2017-03-01"
"2067","20170322","?????©¤","??¢®????","???????©¤","2017-03-01"
"2068","20170322","??¥á?","???????????","?????????","2017-03-01"
"2069","20170322","","??????","??????","2017-03-01"
"2070","20170323","??","?????","????","2017-03-01"
"2071","20170323","???????????","?????","?????","2017-03-01"
"2072","20170323","????°Z??","????????","????¥ê?","2017-03-01"
"2073","20170323","????","??????","???????","2017-03-01"
"2074","20170323","??????","","??¥á?","2017-03-01"
"2075","20170324","??","???????","??","2017-03-01"
"2076","20170324","?????????","???????","????????","2017-03-01"
"2077","20170324","?????","???","?????????","2017-03-01"
"2078","20170324","????","???????©¤","??????","2017-03-01"
"2079","20170324","??????","??????","??????","2017-03-01"
"2080","20170325","?????¥á?","?????????","??","2017-03-01"
"2081","20170325","??¢®?????©¤","?????????","?????????","2017-03-01"
"2082","20170325","??????","????","????????","2017-03-01"
"2083","20170325","","??¥á?","??????©¤","2017-03-01"
"2084","20170325","","","??????","2017-03-01"
"2085","20170326","????????","?????","?????","2017-03-01"
"2086","20170326","?????????????","?????","??????????","2017-03-01"
"2087","20170326","?????","????????????????","????????","2017-03-01"
"2088","20170326","??????","??????","??¥á?","2017-03-01"
"2089","20170327","??","????","??","2017-03-01"
"2090","20170327","?????????","?????","??????","2017-03-01"
"2091","20170327","????????????????","?????","?????????????","2017-03-01"
"2092","20170327","????","??????????","?????????","2017-03-01"
"2093","20170327","??????","??¥á?","??????","2017-03-01"
"2094","20170328","??","????","??","2017-03-01"
"2095","20170328","????????","???????????","???¥ê???","2017-03-01"
"2096","20170328","????????","?¥ê¥á??","????????????????","2017-03-01"
"2097","20170328","???????????","???¨ù??????","?????","2017-03-01"
"2098","20170328","??????","??¥á?","??????","2017-03-01"
"2099","20170329","??","????????","???°Z????","2017-03-01"
"2100","20170329","??????","???(????????)","????????","2017-03-01"
"2101","20170329","??????????????","??¢®??????©¤","??????","2017-03-01"
"2102","20170329","????","??????","","2017-03-01"
"2103","20170329","??¥á?","","","2017-03-01"
"2104","20170330","??","????","??","2017-03-01"
"2105","20170330","??????","??????","??????","2017-03-01"
"2106","20170330","??¢®???????","??¢®??????©¤","????????","2017-03-01"
"2107","20170330","?????","??????","????????????","2017-03-01"
"2108","20170330","??????","","??????","2017-03-01"
"2109","20170331","?????","???????","??","2017-03-01"
"2110","20170331","?¥ê¥è?????","???????????","?????","2017-03-01"
"2111","20170331","???????????","???????","????????????","2017-03-01"
"2112","20170331","??????","?????©¤","??????©¤","2017-03-01"
"2113","20170331","","??????","??¥á?","2017-03-01"
"2114","20170401","??","??","???°Z????","2017-04-01"
"2115","20170401","?????????","????????","?????????","2017-04-01"
"2116","20170401","????????????????","????????","????","2017-04-01"
"2117","20170401","?????©¤","??????","??¥á?","2017-04-01"
"2118","20170401","??????","??????","","2017-04-01"
"2119","20170402","??","?????","??","2017-04-01"
"2120","20170402","??¢®????","??????","?????","2017-04-01"
"2121","20170402","????°Z??","?????????","?????","2017-04-01"
"2122","20170402","?????","??????","??????©¤","2017-04-01"
"2123","20170402","??????","","??????","2017-04-01"
"2124","20170403","??","??","????","2017-04-01"
"2125","20170403","??????","???????????","???¥ê???","2017-04-01"
"2126","20170403","???????????????","?????????????","???????????????????","2017-04-01"
"2127","20170403","????????","???????????","?????","2017-04-01"
"2128","20170403","??¥á?","??????","??????","2017-04-01"
"2129","20170404","??","???????","????","2017-04-01"
"2130","20170404","??????","?????","?¥ê¥è?????","2017-04-01"
"2131","20170404","??????????????","????????????????","??¢®????","2017-04-01"
"2132","20170404","????","???????","???????????","2017-04-01"
"2133","20170404","??¥á?","??¥á?","??????","2017-04-01"
"2134","20170405","??","????","????","2017-04-01"
"2135","20170405","???????ýß","??????","????????","2017-04-01"
"2136","20170405","?????????","??¢®????","??????","2017-04-01"
"2137","20170405","????","??¥á?","??????","2017-04-01"
"2138","20170405","??????","","??????","2017-04-01"
"2139","20170406","???????","????","????","2017-04-01"
"2140","20170406","?????©¤","??????????","???¥ê???","2017-04-01"
"2141","20170406","??¢®??????©¤","?????????","??????????","2017-04-01"
"2142","20170406","??????","?????","?????","2017-04-01"
"2143","20170406","","??????","??????","2017-04-01"
"2144","20170407","??","???????","????","2017-04-01"
"2145","20170407","????????","??????ýß","?????","2017-04-01"
"2146","20170407","??????????????","????????©¤","???¨ù??????","2017-04-01"
"2147","20170407","????","??????","??????©¤","2017-04-01"
"2148","20170407","??????","","??¥á?","2017-04-01"
"2149","20170408","??????","??????????","????","2017-04-01"
"2150","20170408","","?????????","???????????","2017-04-01"
"2151","20170408","","????","?????????????","2017-04-01"
"2152","20170408","","??????","?????©¤","2017-04-01"
"2153","20170408","","","??????","2017-04-01"
"2154","20170409","????","??","?????????","2017-04-01"
"2155","20170409","??¢®??????©¤","???¥ê???","????????","2017-04-01"
"2156","20170409","??????","????????????????","????????","2017-04-01"
"2157","20170409","","??????????","??¥á?","2017-04-01"
"2158","20170409","","??????","","2017-04-01"
"2159","20170410","??","??","????","2017-04-01"
"2160","20170410","?????????","???©ö???","?????","2017-04-01"
"2161","20170410","??????????","???","????????","2017-04-01"
"2162","20170410","????","?????","??¢®?????©¤","2017-04-01"
"2163","20170410","??¥á?","??????","??????","2017-04-01"
"2164","20170411","???????","???????","??¢®????","2017-04-01"
"2165","20170411","","????????","?????","2017-04-01"
"2166","20170411","","????????","????¥ê?","2017-04-01"
"2167","20170411","","?????","??????","2017-04-01"
"2168","20170411","","??????","","2017-04-01"
"2169","20170412","??","????","????","2017-04-01"
"2170","20170412","?????????","??????","???¥ê???","2017-04-01"
"2171","20170412","??????????????","??????????","????????????","2017-04-01"
"2172","20170412","????????","???(????????)","??????©¤","2017-04-01"
"2173","20170412","??¥á?","??????","??????","2017-04-01"
"2174","20170413","????????","?????","????","2017-04-01"
"2175","20170413","??¢®??????©¤","????????","???????????","2017-04-01"
"2176","20170413","??????","????????","?¥ê¥á??","2017-04-01"
"2177","20170413","","??????","?????","2017-04-01"
"2178","20170413","","","??¥á?","2017-04-01"
"2179","20170414","??","????","???????","2017-04-01"
"2180","20170414","??????","????????","?????","2017-04-01"
"2181","20170414","????????????????","????????","?????","2017-04-01"
"2182","20170414","????","????????©¤","???¥ê¥î????","2017-04-01"
"2183","20170414","??????","??????","??????","2017-04-01"
"2184","20170415","????????","??","??","2017-04-01"
"2185","20170415","","?¥ê¥è?????","?????????","2017-04-01"
"2186","20170415","","?????????","??????????????","2017-04-01"
"2187","20170415","","??????","?????","2017-04-01"
"2188","20170415","","??????","??????","2017-04-01"
"2189","20170416","??","?????","??","2017-04-01"
"2190","20170416","?????","?????","???????","2017-04-01"
"2191","20170416","??????????????","???????©¤","????????????","2017-04-01"
"2192","20170416","????","??????","??????©¤","2017-04-01"
"2193","20170416","??¥á?","","??????","2017-04-01"
"2194","20170417","??","??","????","2017-04-01"
"2195","20170417","?????????","????????","???¢¬????","2017-04-01"
"2196","20170417","?????","???","?¥ê¥á??","2017-04-01"
"2197","20170417","????????","???????????©¤","?????","2017-04-01"
"2198","20170417","??????","??????","??¥á?","2017-04-01"
"2199","20170418","???????","?????????","????????","2017-04-01"
"2200","20170418","","??????","???????????????","2017-04-01"
"2201","20170418","","??¢®??????©¤","?¥ê?????","2017-04-01"
"2202","20170418","","??????","??????","2017-04-01"
"2203","20170419","??????","????","????","2017-04-01"
"2204","20170419","????????","??????ýß","???¥ê???","2017-04-01"
"2205","20170419","???????©¤","?????????","??????????","2017-04-01"
"2206","20170419","??????","?????(????)","?????","2017-04-01"
"2207","20170419","","??????","??????","2017-04-01"
"2208","20170420","????????","????","????","2017-04-01"
"2209","20170420","","????????","???????????","2017-04-01"
"2210","20170420","","?????????????","??????","2017-04-01"
"2211","20170420","","???????????","??¢®?????©¤","2017-04-01"
"2212","20170420","","??¥á?","??????","2017-04-01"
"2213","20170421","????","?????","???????","2017-04-01"
"2214","20170421","????????1??","?????","?????????","2017-04-01"
"2215","20170421","?????©¤","??????¢®?????©¤","??????????","2017-04-01"
"2216","20170421","??????","??????","????","2017-04-01"
"2217","20170421","","","??????","2017-04-01"
"2218","20170422","?????¥á?","?????","????","2017-04-01"
"2219","20170422","??????????????","????????","??????????","2017-04-01"
"2220","20170422","??????","?????©¤","?????????","2017-04-01"
"2221","20170422","","??????","????????????","2017-04-01"
"2222","20170422","","","??????","2017-04-01"
"2223","20170423","??","?????","???????","2017-04-01"
"2224","20170423","?????????","???????","??","2017-04-01"
"2225","20170423","????????????????","??????","???????????","2017-04-01"
"2226","20170423","????","","????¥ê?","2017-04-01"
"2227","20170423","??¥á?","","??????","2017-04-01"
"2228","20170424","??","??","????","2017-04-01"
"2229","20170424","?????????","??¢®????","?????????","2017-04-01"
"2230","20170424","????","?????","????????","2017-04-01"
"2231","20170424","???????????","?????","?????????","2017-04-01"
"2232","20170424","??????","??????","??????","2017-04-01"
"2233","20170425","????????","????","???????????","2017-04-01"
"2234","20170425","","????????","???¥ê???","2017-04-01"
"2235","20170425","","???ª…??","?????????","2017-04-01"
"2236","20170425","","?????","??????","2017-04-01"
"2237","20170425","","??????","","2017-04-01"
"2238","20170426","??","????","???????","2017-04-01"
"2239","20170426","???????","???????????","??????","2017-04-01"
"2240","20170426","????°Z??","?????????","?????????","2017-04-01"
"2241","20170426","????","???????????©¤","??¥á?","2017-04-01"
"2242","20170426","??????","??????","","2017-04-01"
"2243","20170427","??","????","?????","2017-04-01"
"2244","20170427","?¥ê¥è?????","??????????","????????","2017-04-01"
"2245","20170427","????","????????","????????","2017-04-01"
"2246","20170427","?????(?)???????","?????","??????","2017-04-01"
"2247","20170427","??????","??????","","2017-04-01"
"2248","20170428","????????","????","??","2017-04-01"
"2249","20170428","??¢®???????","?????","???????????","2017-04-01"
"2250","20170428","?????","?????¬Ý??°Z??","????¥ê?","2017-04-01"
"2251","20170428","??????","??????????","???????????","2017-04-01"
"2252","20170428","","??????","??????","2017-04-01"
"2253","20170429","??","??????","?????","2017-04-01"
"2254","20170429","??????????","????????","?????","2017-04-01"
"2255","20170429","?????????????","??????","?????©¤","2017-04-01"
"2256","20170429","????","","??????","2017-04-01"
"2257","20170429","??????","","","2017-04-01"
"2258","20170430","??","??????????????","?????","2017-04-01"
"2259","20170430","???????????","?????????","????????","2017-04-01"
"2260","20170430","????????????","????????©¤","??¢®?????????","2017-04-01"
"2261","20170430","????","??¥á?","??????","2017-04-01"
"2262","20170430","??????","","","2017-04-01"
"2263","20170501","??","???????","????","2017-05-01"
"2264","20170501","??¢®????","?????????","???¥ê???","2017-05-01"
"2265","20170501","?????","?????©¤","?????","2017-05-01"
"2266","20170501","????","??¥á?","??????","2017-05-01"
"2267","20170501","??????","","??????","2017-05-01"
"2268","20170502","????????","????","????","2017-05-01"
"2269","20170502","","????????","????????","2017-05-01"
"2270","20170502","","?????????","??????","2017-05-01"
"2271","20170502","","?????","??????","2017-05-01"
"2272","20170502","","??????","??????","2017-05-01"
"2273","20170503","??","????","????","2017-05-01"
"2274","20170503","?????????","??????","?????","2017-05-01"
"2275","20170503","????????????????","??????????","?????","2017-05-01"
"2276","20170503","????????","?????","??????©¤","2017-05-01"
"2277","20170503","??????","??????","??¥á?","2017-05-01"
"2278","20170504","????????","????","????","2017-05-01"
"2279","20170504","?????????","????????","?????","2017-05-01"
"2280","20170504","??¢®??????©¤","????????","?¥ê?????","2017-05-01"
"2281","20170504","??¥á?","?????","?????©¤","2017-05-01"
"2282","20170504","","??¥á?","??????","2017-05-01"
"2283","20170505","??","??","??","2017-05-01"
"2284","20170505","??????","????????","?????????","2017-05-01"
"2285","20170505","??????????????","??????????","??????","2017-05-01"
"2286","20170505","????","???????©¤","???¥ê¥î????","2017-05-01"
"2287","20170505","??¥á?","??¥á?","??????","2017-05-01"
"2288","20170506","??????","???????","??","2017-05-01"
"2289","20170506","","???????","??????????","2017-05-01"
"2290","20170506","","???????????","??????????","2017-05-01"
"2291","20170506","","??¥á?","????????©¤","2017-05-01"
"2292","20170506","","","??????","2017-05-01"
"2293","20170507","??","??","?????","2017-05-01"
"2294","20170507","?????","???????????","??????","2017-05-01"
"2295","20170507","??????????","????¥ê?","???????©¤","2017-05-01"
"2296","20170507","????","????????©¤","??????","2017-05-01"
"2297","20170507","??¥á?","??????","","2017-05-01"
"2298","20170508","??","?????","????","2017-05-01"
"2299","20170508","????????1??","?????","????????","2017-05-01"
"2300","20170508","????????","?????","?????????","2017-05-01"
"2301","20170508","?????©¤","??????","?????","2017-05-01"
"2302","20170508","??????","","??¥á?","2017-05-01"
"2303","20170509","????????","????","??","2017-05-01"
"2304","20170509","","???©ö???","???¥ê???","2017-05-01"
"2305","20170509","","?????","????????????????","2017-05-01"
"2306","20170509","","????????©¤","????","2017-05-01"
"2307","20170509","","??¥á?","??????","2017-05-01"
"2308","20170510","???????","????","??????????????","2017-05-01"
"2309","20170510","??¢®???????","???????????","?????????","2017-05-01"
"2310","20170510","?????","???","?????©¤","2017-05-01"
"2311","20170510","??????","???????","??¥á?","2017-05-01"
"2312","20170510","","??????","","2017-05-01"
"2313","20170511","????????","????","??","2017-05-01"
"2314","20170511","","?¥ê¥á??","??????ýß","2017-05-01"
"2315","20170511","","????????","??????????","2017-05-01"
"2316","20170511","","?????????","??¢®??????©¤","2017-05-01"
"2317","20170511","","??¥á?","??????","2017-05-01"
"2318","20170512","??","????","??","2017-05-01"
"2319","20170512","?????????","?????????","???¥ê???","2017-05-01"
"2320","20170512","?????????????","????¥ê?","??????????????","2017-05-01"
"2321","20170512","????????","?????","?????????","2017-05-01"
"2322","20170512","??¥á?","??????","??????","2017-05-01"
"2323","20170513","?????¥á?","??","?????","2017-05-01"
"2324","20170513","??¢®??????©¤","????????","????????","2017-05-01"
"2325","20170513","??????","????????","????????","2017-05-01"
"2326","20170513","","????????","??¥á?","2017-05-01"
"2327","20170513","","??????","","2017-05-01"
"2328","20170514","????","??¢®????","?????","2017-05-01"
"2329","20170514","??¢®???????","?¥ê¥è?????","?????","2017-05-01"
"2330","20170514","????????©¤","????","???????©¤","2017-05-01"
"2331","20170514","??????","??¥á?","??????","2017-05-01"
"2332","20170515","??","???????","????","2017-05-01"
"2333","20170515","?????????","???????????","???¥ê???","2017-05-01"
"2334","20170515","????????????","???","????????????","2017-05-01"
"2335","20170515","????","???¨ù??????","????????","2017-05-01"
"2336","20170515","??????","??¥á?","??????","2017-05-01"
"2337","20170516","????????","????","???????????","2017-05-01"
"2338","20170516","","???????????","???????ýß","2017-05-01"
"2339","20170516","","?????????","????????","2017-05-01"
"2340","20170516","","??????/???????","??????","2017-05-01"
"2341","20170516","","??¥á?","","2017-05-01"
"2342","20170517","??","????","????","2017-05-01"
"2343","20170517","??????","?????","?¥ê¥è?????","2017-05-01"
"2344","20170517","??????????????","????????????????","???????????","2017-05-01"
"2345","20170517","????","?????????","???????????©¤","2017-05-01"
"2346","20170517","??¥á?","??¥á?","??????","2017-05-01"
"2347","20170518","??","??","????","2017-05-01"
"2348","20170518","?????????","???????????","?????????","2017-05-01"
"2349","20170518","???????????????","??¢®????","????°Z??","2017-05-01"
"2350","20170518","????","?????","?????","2017-05-01"
"2351","20170518","??¥á?","??????","??????","2017-05-01"
"2352","20170519","??","??","????","2017-05-01"
"2353","20170519","????????","????????","???????","2017-05-01"
"2354","20170519","??¢®???????","?????????????","???????????","2017-05-01"
"2355","20170519","?????©¤","?¥ê?????","??????©¤","2017-05-01"
"2356","20170519","??????","??¥á?","??????","2017-05-01"
"2357","20170520","??","??","??","2017-05-01"
"2358","20170520","??????","??????????","??¢®????","2017-05-01"
"2359","20170520","??????????????","?????????","????¥ê?","2017-05-01"
"2360","20170520","????","?????","???????","2017-05-01"
"2361","20170520","??¥á?","??????","??????","2017-05-01"
"2362","20170521","??","??????????","??","2017-05-01"
"2363","20170521","???????????","?????","?¥ê¥è?????","2017-05-01"
"2364","20170521","??¢®???????","????","????????","2017-05-01"
"2365","20170521","????","??¥á?","?????","2017-05-01"
"2366","20170521","??????","","??????","2017-05-01"
"2367","20170522","??","???????","????","2017-05-01"
"2368","20170522","?????????","?????","???¥ê???","2017-05-01"
"2369","20170522","??????????","?????????????","???(????????)","2017-05-01"
"2370","20170522","???????©¤","????????????","????????????","2017-05-01"
"2371","20170522","??????","??¥á?","??¥á?","2017-05-01"
"2372","20170523","???????","???????","????","2017-05-01"
"2373","20170523","","??????????","???????????","2017-05-01"
"2374","20170523","","???ª…??","?????????","2017-05-01"
"2375","20170523","","?????","??????/???????","2017-05-01"
"2376","20170523","","??????","??¥á?","2017-05-01"
"2377","20170524","?????","????","????","2017-05-01"
"2378","20170524","???????????","?????","?????????","2017-05-01"
"2379","20170524","???????????????","?????????","???????????","2017-05-01"
"2380","20170524","??????","?????","???????","2017-05-01"
"2381","20170524","","??????","??¥á?","2017-05-01"
"2382","20170525","????????","????","?????????","2017-05-01"
"2383","20170525","??????????????","?????","?????","2017-05-01"
"2384","20170525","?????©¤","???????????©¤","????","2017-05-01"
"2385","20170525","??¥á?","??¥á?","??????","2017-05-01"
"2386","20170526","??","???????","?????","2017-05-01"
"2387","20170526","??????????","????????","??????","2017-05-01"
"2388","20170526","??????????????","??????","???????????","2017-05-01"
"2389","20170526","??????©¤","??¥á?","??????","2017-05-01"
"2390","20170526","??¥á?","","","2017-05-01"
"2391","20170527","??","???","??","2017-05-01"
"2392","20170527","???????","?????????","??????????","2017-05-01"
"2393","20170527","??¢®?????????","??????","?????","2017-05-01"
"2394","20170527","????","","??????","2017-05-01"
"2395","20170527","??????","","??????","2017-05-01"
"2396","20170528","??","?????","??","2017-05-01"
"2397","20170528","??????","?????","????????","2017-05-01"
"2398","20170528","??????????","?¥ê¥á??","????????","2017-05-01"
"2399","20170528","?????","??????","??????©¤","2017-05-01"
"2400","20170528","??¥á?","","??????","2017-05-01"
"2401","20170529","??","???????","????","2017-05-01"
"2402","20170529","?????????","??????","???¥ê???","2017-05-01"
"2403","20170529","????????????????","??¢®????","???????????????????","2017-05-01"
"2404","20170529","????","?????????????","?????","2017-05-01"
"2405","20170529","??????","??????","??¥á?","2017-05-01"
"2406","20170530","??","????","?????","2017-05-01"
"2407","20170530","????????","??????","??????ýß","2017-05-01"
"2408","20170530","????????","??¢®??????©¤","????????","2017-05-01"
"2409","20170530","??????©¤","??????","??¥á?","2017-05-01"
"2410","20170530","??????","","","2017-05-01"
"2411","20170531","??","??","?????????","2017-05-01"
"2412","20170531","????????","???¢¬????","????????","2017-05-01"
"2413","20170531","??????????????","????????????????","???????©¤","2017-05-01"
"2414","20170531","????","??????/???????","??????","2017-05-01"
"2415","20170531","??¥á?","??????","","2017-05-01"
"2416","20170601","??","????","?????","2017-06-01"
"2417","20170601","?¥ê¥è?????","??????????","?????","2017-06-01"
"2418","20170601","????????????????","????????","????????","2017-06-01"
"2419","20170601","?????©¤","?????","??????","2017-06-01"
"2420","20170601","??????","??????","","2017-06-01"
"2421","20170602","????????","???????","??","2017-06-01"
"2422","20170602","??????????","???????????","???¥ê???","2017-06-01"
"2423","20170602","??¢®??????©¤","??????????","???","2017-06-01"
"2424","20170602","??????","????????©¤","??????????????","2017-06-01"
"2425","20170602","","??????","??????","2017-06-01"
"2426","20170603","??","??","??","2017-06-01"
"2427","20170603","??????","????????","???????????","2017-06-01"
"2428","20170603","??????????????","?????????","????????????","2017-06-01"
"2429","20170603","????","??????","??????©¤","2017-06-01"
"2430","20170603","??????","??????","??????","2017-06-01"
"2431","20170604","??","??????????","??","2017-06-01"
"2432","20170604","??????ýß","?????????","?????","2017-06-01"
"2433","20170604","?????","????","????????????????","2017-06-01"
"2434","20170604","?????©¤","??????","?????","2017-06-01"
"2435","20170604","??????","","??????","2017-06-01"
"2436","20170605","??","????","?????","2017-06-01"
"2437","20170605","?????????","?????","?¥ê¥è?????","2017-06-01"
"2438","20170605","??¢®???????","?????????","????????","2017-06-01"
"2439","20170605","??????©¤","???????","??????","2017-06-01"
"2440","20170605","??????","??????","","2017-06-01"
"2441","20170606","??","????","??","2017-06-01"
"2442","20170606","???????????","?????","?????????","2017-06-01"
"2443","20170606","????","????¥ê?","??????????","2017-06-01"
"2444","20170606","????????","??????/???????","????????©¤","2017-06-01"
"2445","20170606","??????","??????","??????","2017-06-01"
"2446","20170607","??","????","????","2017-06-01"
"2447","20170607","??????????","???????????","???¥ê???","2017-06-01"
"2448","20170607","??????????????","??????","????????????????","2017-06-01"
"2449","20170607","???????©¤","??¢®??????©¤","???????????","2017-06-01"
"2450","20170607","??????","??????","??????","2017-06-01"
"2451","20170608","??","????","?????","2017-06-01"
"2452","20170608","????????","??????????","?????","2017-06-01"
"2453","20170608","?????????????","?????????","??????","2017-06-01"
"2454","20170608","?¥ê?????","?????","??????","2017-06-01"
"2455","20170608","??????","??????","","2017-06-01"
"2456","20170609","??","???????","??","2017-06-01"
"2457","20170609","??????","???????????","?????????","2017-06-01"
"2458","20170609","?????????????","???¨ù??????","?¥ê¥á??","2017-06-01"
"2459","20170609","?????©¤","??????/???????","??????©¤","2017-06-01"
"2460","20170609","??????","??????","??????","2017-06-01"
"2461","20170610","??","???????","??","2017-06-01"
"2462","20170610","???????","????????","????????","2017-06-01"
"2463","20170610","???????????????","????????","?????","2017-06-01"
"2464","20170610","????","??????","????????????","2017-06-01"
"2465","20170610","??????","","??????","2017-06-01"
"2466","20170611","????","???????","??","2017-06-01"
"2467","20170611","??¢®???????","?????","?????","2017-06-01"
"2468","20170611","????????©¤","?????","????????????????","2017-06-01"
"2469","20170611","??????","??????","????????????","2017-06-01"
"2470","20170611","","","??????","2017-06-01"
"2471","20170612","??","????","????","2017-06-01"
"2472","20170612","?????????","???¢¬????","??????","2017-06-01"
"2473","20170612","??????????????","???(????????)","?????????","2017-06-01"
"2474","20170612","????","???????©¤","?????","2017-06-01"
"2475","20170612","??????","??????","??????","2017-06-01"
"2476","20170613","??","????","??","2017-06-01"
"2477","20170613","????????1??","?????","??¢®????","2017-06-01"
"2478","20170613","?????©¤","?????","????¥ê?","2017-06-01"
"2479","20170613","??????","????????©¤","???????","2017-06-01"
"2480","20170613","","??????","??????","2017-06-01"
"2481","20170614","??","????","????","2017-06-01"
"2482","20170614","?????????","???????","???¥ê???","2017-06-01"
"2483","20170614","??¢®???????","????¢®????????","??????????????","2017-06-01"
"2484","20170614","????","?????©¤","???????","2017-06-01"
"2485","20170614","??????","??????","??????","2017-06-01"
"2486","20170615","??","????","?????","2017-06-01"
"2487","20170615","???????","????????","??????????","2017-06-01"
"2488","20170615","????????????????","????????","????????","2017-06-01"
"2489","20170615","??????©¤","?????","??????","2017-06-01"
"2490","20170615","??????","??????","","2017-06-01"
"2491","20170616","????????","???????","??","2017-06-01"
"2492","20170616","?¥ê¥á??","????????","?????","2017-06-01"
"2493","20170616","????????","??????","??????","2017-06-01"
"2494","20170616","??????","???????????","?????","2017-06-01"
"2495","20170616","","??????","??????","2017-06-01"
"2496","20170617","??","??¢®????","??????????????","2017-06-01"
"2497","20170617","?¥ê¥è?????","?????","?????","2017-06-01"
"2498","20170617","??????????????","?????????","???¥ê¥î????","2017-06-01"
"2499","20170617","????","??????","??????","2017-06-01"
"2500","20170617","??????","","","2017-06-01"
"2501","20170618","????","?????","??","2017-06-01"
"2502","20170618","??¢®???????","?????","??????","2017-06-01"
"2503","20170618","????????©¤","???????©¤","??????????","2017-06-01"
"2504","20170618","??????","??????","?????","2017-06-01"
"2505","20170618","","","??????","2017-06-01"
"2506","20170619","??","????","????","2017-06-01"
"2507","20170619","?????????","??????","?????????","2017-06-01"
"2508","20170619","?????","??¢®????","?????????","2017-06-01"
"2509","20170619","????","???????????","?¥ê?????","2017-06-01"
"2510","20170619","??????","??????","??????","2017-06-01"
"2511","20170620","???????","????","???????","2017-06-01"
"2512","20170620","????????","????????","?¥ê¥è?????","2017-06-01"
"2513","20170620","??????©¤","???ª…??","?????","2017-06-01"
"2514","20170620","??????","?????","??????","2017-06-01"
"2515","20170620","","??????","","2017-06-01"
"2516","20170621","??","????","????","2017-06-01"
"2517","20170621","????????1??","??¢®????","???¥ê???","2017-06-01"
"2518","20170621","?????©¤","???????????","??????????????","2017-06-01"
"2519","20170621","??????","?????©¤","?????????","2017-06-01"
"2520","20170621","","??????","??????","2017-06-01"
"2521","20170622","??","????","??","2017-06-01"
"2522","20170622","????????","??????","???????ýß","2017-06-01"
"2523","20170622","???????????????","????????","????¥ê?","2017-06-01"
"2524","20170622","????","??¢®??????©¤","????????","2017-06-01"
"2525","20170622","??????","??????","??????","2017-06-01"
"2526","20170623","??","????","?????","2017-06-01"
"2527","20170623","??????","?????","????????","2017-06-01"
"2528","20170623","??????????????","?????????","??????","2017-06-01"
"2529","20170623","?????©¤","?????","??????","2017-06-01"
"2530","20170623","??????","??????","","2017-06-01"
"2531","20170624","??","??","??","2017-06-01"
"2532","20170624","????????","?????","???????????","2017-06-01"
"2533","20170624","?????","????????","???????????","2017-06-01"
"2534","20170624","????","?????????","?????????","2017-06-01"
"2535","20170624","??????","??????","??????","2017-06-01"
"2536","20170625","??","?????????","?????????","2017-06-01"
"2537","20170625","???????","?????????","?????","2017-06-01"
"2538","20170625","????°Z??","????","???","2017-06-01"
"2539","20170625","?????©¤","??????","??????","2017-06-01"
"2540","20170625","??????","","","2017-06-01"
"2541","20170626","?????","????","????","2017-06-01"
"2542","20170626","?????????","???©ö???","???¥ê???","2017-06-01"
"2543","20170626","??????????????","?????????????","?????????","2017-06-01"
"2544","20170626","??????","??????????","??????©¤","2017-06-01"
"2545","20170626","","??????","??????","2017-06-01"
"2546","20170627","??","??","????","2017-06-01"
"2547","20170627","????????","?????????","???????????","2017-06-01"
"2548","20170627","?????","????????©¤","?????????","2017-06-01"
"2549","20170627","????","??????","???????????","2017-06-01"
"2550","20170627","??????","","??????","2017-06-01"
"2551","20170628","??","???????","????","2017-06-01"
"2552","20170628","?????????","?????????","????????","2017-06-01"
"2553","20170628","?¥ê?????","?????","???????????","2017-06-01"
"2554","20170628","??¢®??????©¤","??¢®??????©¤","?????","2017-06-01"
"2555","20170628","??????","??????","??????","2017-06-01"
"2556","20170629","??","????","?????","2017-06-01"
"2557","20170629","?????","??????????","?????????","2017-06-01"
"2558","20170629","??????????","????????","????????","2017-06-01"
"2559","20170629","??????©¤","?????","??????","2017-06-01"
"2560","20170629","??????","??????","","2017-06-01"
"2561","20170630","??","????","??","2017-06-01"
"2562","20170630","?????????","???????????","???¥ê???","2017-06-01"
"2563","20170630","???????????????","??¢®????","?????????","2017-06-01"
"2564","20170630","????????","???????","??????","2017-06-01"
"2565","20170630","??????","??????","??????","2017-06-01"
"2566","20170701","????","??????????????","??","2017-07-01"
"2567","20170701","?????©¤","?????????","????????","2017-07-01"
"2568","20170701","??????","?????","?????????","2017-07-01"
"2569","20170701","","??????","??????©¤","2017-07-01"
"2570","20170701","","","??????","2017-07-01"
"2571","20170702","???????","??????????","???????","2017-07-01"
"2572","20170702","??¢®???????","?????","??????ýß","2017-07-01"
"2573","20170702","????????","????","???????????","2017-07-01"
"2574","20170702","??????","??????","???????","2017-07-01"
"2575","20170702","","","??????","2017-07-01"
"2576","20170703","??","??","?????","2017-07-01"
"2577","20170703","?????????","???©ö???","??????","2017-07-01"
"2578","20170703","???????????????","???????????","????????","2017-07-01"
"2579","20170703","????","?????","??????","2017-07-01"
"2580","20170703","??????","??????","","2017-07-01"
"2581","20170704","??","????","????","2017-07-01"
"2582","20170704","?????","??????????","????????","2017-07-01"
"2583","20170704","??¢®????","????????","??????????","2017-07-01"
"2584","20170704","????????","?????","???????©¤","2017-07-01"
"2585","20170704","??????","????????","??????","2017-07-01"
"2586","20170705","??","????","????","2017-07-01"
"2587","20170705","???????????","?????","?????","2017-07-01"
"2588","20170705","??????????","?????????????","????????????????","2017-07-01"
"2589","20170705","????","?????©¤","???????","2017-07-01"
"2590","20170705","??????","??????","??????","2017-07-01"
"2591","20170706","????????","????","????","2017-07-01"
"2592","20170706","","????????","???¥ê???","2017-07-01"
"2593","20170706","","?????????","???????????","2017-07-01"
"2594","20170706","","?????","????????????","2017-07-01"
"2595","20170706","","??????","??????","2017-07-01"
"2596","20170707","??","????","????????","2017-07-01"
"2597","20170707","?????","???????????","?????????????","2017-07-01"
"2598","20170707","??????????","?????","?????©¤","2017-07-01"
"2599","20170707","????","?????©¤","??????","2017-07-01"
"2600","20170707","??????","??????","","2017-07-01"
"2601","20170708","??","??","??","2017-07-01"
"2602","20170708","??????","??¢®????","????????","2017-07-01"
"2603","20170708","??????????????","?????","???¨ù??????","2017-07-01"
"2604","20170708","???¥ê¥î????","??????©¤","????????","2017-07-01"
"2605","20170708","??????","??????","??????","2017-07-01"
"2606","20170709","??","????","???????","2017-07-01"
"2607","20170709","???????","??????","?????????","2017-07-01"
"2608","20170709","????????????","??????????????","???????????","2017-07-01"
"2609","20170709","????","?????©¤","??????","2017-07-01"
"2610","20170709","??????","??????","","2017-07-01"
"2611","20170710","??","??¢®????","?????","2017-07-01"
"2612","20170710","?????????","??????????","?????","2017-07-01"
"2613","20170710","????????????????","?????","?????","2017-07-01"
"2614","20170710","????","??????","??????","2017-07-01"
"2615","20170710","??????","","","2017-07-01"
"2616","20170711","???????","?????","????","2017-07-01"
"2617","20170711","","???¥ê???","???????????","2017-07-01"
"2618","20170711","","????????","??????","2017-07-01"
"2619","20170711","","??????","????????????","2017-07-01"
"2620","20170711","","","??????","2017-07-01"
"2621","20170712","??","????","???????","2017-07-01"
"2622","20170712","???????","?????????","?????","2017-07-01"
"2623","20170712","?????????????","?????©¤","??????","2017-07-01"
"2624","20170712","????????","??????","??????","2017-07-01"
"2625","20170712","??????","","","2017-07-01"
"2626","20170713","??","????","????","2017-07-01"
"2627","20170713","?¥ê¥è?????","??????","?????????","2017-07-01"
"2628","20170713","?????","?¥ê¥á??","???????????","2017-07-01"
"2629","20170713","???????©¤","??¢®??????©¤","??????????","2017-07-01"
"2630","20170713","??????","??????","??????","2017-07-01"
"2631","20170714","??","????","????","2017-07-01"
"2632","20170714","?????????","?????????","???????????","2017-07-01"
"2633","20170714","????????????????","?????","????°Z??","2017-07-01"
"2634","20170714","????","?????","???????","2017-07-01"
"2635","20170714","??????","??????","??????","2017-07-01"
"2636","20170715","??????","????????","??","2017-07-01"
"2637","20170715","","???????????","???¥ê???","2017-07-01"
"2638","20170715","","?¥ê?????","????????","2017-07-01"
"2639","20170715","","??????","??????","2017-07-01"
"2640","20170715","","","??????","2017-07-01"
"2641","20170716","??","???????","???????","2017-07-01"
"2642","20170716","???????????","?????????","????????","2017-07-01"
"2643","20170716","??¢®???????","?????","????????????????","2017-07-01"
"2644","20170716","????","??????","?????©¤","2017-07-01"
"2645","20170716","??????","","??????","2017-07-01"
"2646","20170717","??","??","?????","2017-07-01"
"2647","20170717","?????????","????????","?????","2017-07-01"
"2648","20170717","??????????????","???????????","???????©¤","2017-07-01"
"2649","20170717","??????©¤","??????","??????","2017-07-01"
"2650","20170717","??????","?©¥??","","2017-07-01"
"2651","20170718","????????","?????????","????","2017-07-01"
"2652","20170718","","??????ýß","???¥ê???","2017-07-01"
"2653","20170718","","??????","?????????","2017-07-01"
"2654","20170718","","??????","?????","2017-07-01"
"2655","20170718","","","??????","2017-07-01"
"2656","20170719","??","???????","????","2017-07-01"
"2657","20170719","????????","????????","?????????","2017-07-01"
"2658","20170719","??????????????","??¢®????","?????","2017-07-01"
"2659","20170719","????","?????","???????©¤","2017-07-01"
"2660","20170719","??????","????","??????","2017-07-01"
"2661","20170720","????????","????","?????????","2017-07-01"
"2662","20170720","","??????????","?¥ê¥è?????","2017-07-01"
"2663","20170720","","???ª…??","????","2017-07-01"
"2664","20170720","","?????","??????","2017-07-01"
"2665","20170720","","??????","","2017-07-01"
"2666","20170721","??","????","???????","2017-07-01"
"2667","20170721","?????????","?????????","???????","2017-07-01"
"2668","20170721","??????????","??????©¤","????????","2017-07-01"
"2669","20170721","????????","??????","??????","2017-07-01"
"2670","20170721","??????","","","2017-07-01"
"2671","20170722","??","??","??","2017-07-01"
"2672","20170722","????????","???????","?????","2017-07-01"
"2673","20170722","??¢®???????","????°Z??","????¥ê?","2017-07-01"
"2674","20170722","?????©¤","?????","?????????","2017-07-01"
"2675","20170722","??????","??????","??????","2017-07-01"
"2676","20170723","??","??","????","2017-07-01"
"2677","20170723","?????????","????????","???????????","2017-07-01"
"2678","20170723","??????????????","?????????","?????????","2017-07-01"
"2679","20170723","?¥ê?????","??????","??????????","2017-07-01"
"2680","20170723","??¥á?","??????","??????","2017-07-01"
"2681","20170724","??","??","?????","2017-07-01"
"2682","20170724","????????1??","???¢¬????","??????","2017-07-01"
"2683","20170724","??????????","??????????????","????????","2017-07-01"
"2684","20170724","??¥á?","??¢®??????©¤","??????","2017-07-01"
"2685","20170724","","??¥á?","","2017-07-01"
"2686","20170725","????????","????","????","2017-07-01"
"2687","20170725","","????????","???¥ê???","2017-07-01"
"2688","20170725","","????¢®????????","???????????","2017-07-01"
"2689","20170725","","?????©¤","?????????","2017-07-01"
"2690","20170725","","??¥á?","??????","2017-07-01"
"2691","20170726","??","???????","????","2017-07-01"
"2692","20170726","??????????","?????","???????????","2017-07-01"
"2693","20170726","???????????????","??????????","?????????","2017-07-01"
"2694","20170726","????","????????©¤","?¥ê?????","2017-07-01"
"2695","20170726","??????","??¥á?","??????","2017-07-01"
"2696","20170727","???????","????","????","2017-07-01"
"2697","20170727","","?????","??????????","2017-07-01"
"2698","20170727","","??????????","?????????","2017-07-01"
"2699","20170727","","?????","????????????","2017-07-01"
"2700","20170727","","??¥á?","??????","2017-07-01"
"2701","20170728","??","???©ª?","?????","2017-07-01"
"2702","20170728","?????????","?????????","????¥ê?","2017-07-01"
"2703","20170728","??¢®???????","??¥á?","????????","2017-07-01"
"2704","20170728","????????","","??????","2017-07-01"
"2705","20170728","??????","","","2017-07-01"
"2706","20170729","????","??","???????????","2017-07-01"
"2707","20170729","????????©¤","????????","??????","2017-07-01"
"2708","20170729","??????","????????","????????","2017-07-01"
"2709","20170729","","?????","??¥á?","2017-07-01"
"2710","20170729","","??????","","2017-07-01"
"2711","20170730","?????","????","??","2017-07-01"
"2712","20170730","??????","????????","?????","2017-07-01"
"2713","20170730","??????????????","????????????????","???????????","2017-07-01"
"2714","20170730","??¥á?","????????©¤","??????","2017-07-01"
"2715","20170730","","??????","??????","2017-07-01"
"2716","20170731","??","??","?????","2017-07-01"
"2717","20170731","??????","?????????","?????","2017-07-01"
"2718","20170731","?????????????","???(????????)","????????","2017-07-01"
"2719","20170731","????","??????¢®?????©¤","??¥á?","2017-07-01"
"2720","20170731","??????","??????","","2017-07-01"
"2721","20170801","??","????","??","2017-08-01"
"2722","20170801","?¥ê¥è?????","????????","?????","2017-08-01"
"2723","20170801","??????????????","????????","???????","2017-08-01"
"2724","20170801","????","?????","???¥ê¥î????","2017-08-01"
"2725","20170801","??¥á?","??????","??????","2017-08-01"
"2726","20170802","??","????","????","2017-08-01"
"2727","20170802","???????","????????","????????","2017-08-01"
"2728","20170802","?????????????","????????????????","????¥ê?","2017-08-01"
"2729","20170802","???????©¤","?????","????????","2017-08-01"
"2730","20170802","??????","??¥á?","??????","2017-08-01"
"2731","20170803","??","????","???????","2017-08-01"
"2732","20170803","?????","??????","??????","2017-08-01"
"2733","20170803","?????????????","?????","?????©¤","2017-08-01"
"2734","20170803","????","?????????","??????","2017-08-01"
"2735","20170803","??¥á?","??????","","2017-08-01"
"2736","20170804","??","??¢®????","??","2017-08-01"
"2737","20170804","???????????","??????","???¥ê???","2017-08-01"
"2738","20170804","??¢®???????","?????©¤","?????????","2017-08-01"
"2739","20170804","????????","??????","??????","2017-08-01"
"2740","20170804","??????","","??¥á?","2017-08-01"
"2741","20170805","??????","??","????????","2017-08-01"
"2742","20170805","","??????????","???????????","2017-08-01"
"2743","20170805","","?¥ê¥á??","???????","2017-08-01"
"2744","20170805","","?????????","??????","2017-08-01"
"2745","20170805","","??¥á?","","2017-08-01"
"2746","20170806","????","??","?????","2017-08-01"
"2747","20170806","??????????","??¢®????","?????","2017-08-01"
"2748","20170806","????????©¤","????????????????","???????©¤","2017-08-01"
"2749","20170806","??????","?????","??????","2017-08-01"
"2750","20170806","","??????","","2017-08-01"
"2751","20170807","??","???????","??????????????","2017-08-01"
"2752","20170807","?????????","???©ö???","???¥ê???","2017-08-01"
"2753","20170807","??????????","???????????","????????","2017-08-01"
"2754","20170807","???????©¤","?????","??????","2017-08-01"
"2755","20170807","??????","??????","","2017-08-01"
"2756","20170808","????????","????","??","2017-08-01"
"2757","20170808","","?????????","???????","2017-08-01"
"2758","20170808","","?????????","?¥ê?????","2017-08-01"
"2759","20170808","","?????","??????©¤","2017-08-01"
"2760","20170808","","??¥á?","??????","2017-08-01"
"2761","20170809","??","???????","???????","2017-08-01"
"2762","20170809","????????","?????????","????????","2017-08-01"
"2763","20170809","????????????????","?????????????","????????","2017-08-01"
"2764","20170809","????","??????????","??¥á?","2017-08-01"
"2765","20170809","??????","??????","","2017-08-01"
"2766","20170810","???????","????","????","2017-08-01"
"2767","20170810","","???????????","?????","2017-08-01"
"2768","20170810","","??¢®????","??????????????","2017-08-01"
"2769","20170810","","?????","???????","2017-08-01"
"2770","20170810","","??????","??¥á?","2017-08-01"
"2771","20170811","??","??","????","2017-08-01"
"2772","20170811","?????????","?????????","???¥ê???","2017-08-01"
"2773","20170811","????????????","????????©¤","???????????","2017-08-01"
"2774","20170811","????????","??????","???????????","2017-08-01"
"2775","20170811","??????","","??¥á?","2017-08-01"
"2776","20170812","??","?????","???????????","2017-08-01"
"2777","20170812","????????","????????","??????","2017-08-01"
"2778","20170812","??????????????","???","??????","2017-08-01"
"2779","20170812","????","??????","??????","2017-08-01"
"2780","20170812","??????","","","2017-08-01"
"2781","20170813","??","??","??","2017-08-01"
"2782","20170813","???????","?????","??????????","2017-08-01"
"2783","20170813","????°Z??","?????","????????","2017-08-01"
"2784","20170813","????","??????©¤","??????","2017-08-01"
"2785","20170813","??????","??????","??????","2017-08-01"
"2786","20170814","??","?????????","????","2017-08-01"
"2787","20170814","????????1??","?????????","?????","2017-08-01"
"2788","20170814","?????©¤","?????","????¥ê?","2017-08-01"
"2789","20170814","??¥á?","??????","??????????","2017-08-01"
"2790","20170814","","","??¥á?","2017-08-01"
"2791","20170815","????????","?????","?????","2017-08-01"
"2792","20170815","","????????","??????","2017-08-01"
"2793","20170815","","????????","????????","2017-08-01"
"2794","20170815","","??????","??????","2017-08-01"
"2795","20170816","??","???????","????","2017-08-01"
"2796","20170816","???????????","????????","?¥ê¥è?????","2017-08-01"
"2797","20170816","??????????????","?????????","?????","2017-08-01"
"2798","20170816","????","?????©¤","????????©¤","2017-08-01"
"2799","20170816","??¥á?","????","??????","2017-08-01"
"2800","20170817","????????","????","????","2017-08-01"
"2801","20170817","","????????","?????????","2017-08-01"
"2802","20170817","","?¥ê¥á??","???????????","2017-08-01"
"2803","20170817","","??????","?????????","2017-08-01"
"2804","20170817","","??¥á?","??????","2017-08-01"
"2805","20170818","??","????","??","2017-08-01"
"2806","20170818","?????????","?¥ä“ž??","???¥ê???","2017-08-01"
"2807","20170818","??????????","???","???????????","2017-08-01"
"2808","20170818","????????","?????","????????","2017-08-01"
"2809","20170818","??¥á?","??????","??¥á?","2017-08-01"
"2810","20170819","????","??","?????","2017-08-01"
"2811","20170819","??¢®???????","??????????","?????","2017-08-01"
"2812","20170819","?????©¤","?????????","???¨ù??????","2017-08-01"
"2813","20170819","??????","???????©¤","??????","2017-08-01"
"2814","20170819","","??????","","2017-08-01"
"2815","20170820","??","?????????","??","2017-08-01"
"2816","20170820","????????","?????????","??????","2017-08-01"
"2817","20170820","????","????????","???????????","2017-08-01"
"2818","20170820","?¥ê?????","??¥á?","?????","2017-08-01"
"2819","20170820","??????","","??????","2017-08-01"
"2820","20170821","??","???????????","????","2017-08-01"
"2821","20170821","?????????","??????ýß","???¥ê???","2017-08-01"
"2822","20170821","????????????????","????????","???????????","2017-08-01"
"2823","20170821","????","???????","??¢®??????©¤","2017-08-01"
"2824","20170821","??????","","???????","2017-08-01"
"2825","20170822","????????","????","????","2017-08-01"
"2826","20170822","","????????","?????","2017-08-01"
"2827","20170822","","???ª…??","??????????","2017-08-01"
"2828","20170822","","?????","?????","2017-08-01"
"2829","20170822","","??????","??????","2017-08-01"
"2830","20170823","???????","??????????","????","2017-08-01"
"2831","20170823","??¢®???????","?????","?????","2017-08-01"
"2832","20170823","???????©¤","????¢®????????","???(????????)","2017-08-01"
"2833","20170823","??????","??????","?????©¤","2017-08-01"
"2834","20170823","","","???????","2017-08-01"
"2835","20170824","???????","????","????","2017-08-01"
"2836","20170824","","???????????","?????????","2017-08-01"
"2837","20170824","","???","????????","2017-08-01"
"2838","20170824","","????????????","????????","2017-08-01"
"2839","20170824","","??????","??????","2017-08-01"
"2840","20170825","??","????©ª?","??","2017-08-01"
"2841","20170825","????????","???????????","?????????","2017-08-01"
"2842","20170825","??????????????","???????","???????????","2017-08-01"
"2843","20170825","????","","?????","2017-08-01"
"2844","20170825","???????","","??????","2017-08-01"
"2845","20170826","????????","??","??","2017-08-01"
"2846","20170826","???????????????","?????","?????????","2017-08-01"
"2847","20170826","?????","????????????????","??????????","2017-08-01"
"2848","20170826","??????","????","???????????","2017-08-01"
"2849","20170826","","???????","???????","2017-08-01"
"2850","20170827","??","??","?????","2017-08-01"
"2851","20170827","???????","???????????","?????","2017-08-01"
"2852","20170827","?????????","????°Z??","?????????????","2017-08-01"
"2853","20170827","?????©¤","?¥ê?????","??????","2017-08-01"
"2854","20170827","??????","???????","","2017-08-01"
"2855","20170828","??","???????","????","2017-08-01"
"2856","20170828","?????????","??????","?????","2017-08-01"
"2857","20170828","??????????????","?????","???????","2017-08-01"
"2858","20170828","????","????????????","????????????","2017-08-01"
"2859","20170828","???????","??????","???????","2017-08-01"
"2860","20170829","??","????","????","2017-08-01"
"2861","20170829","???????????","??????","??????????","2017-08-01"
"2862","20170829","??¢®???????","??????????","?????????","2017-08-01"
"2863","20170829","?????","?????","?????©¤","2017-08-01"
"2864","20170829","??????","??????","???????","2017-08-01"
"2865","20170830","??","????","????","2017-08-01"
"2866","20170830","?????????","?????","???¥ê???","2017-08-01"
"2867","20170830","???????????????","??????????","?????????","2017-08-01"
"2868","20170830","????","??¢®??????©¤","????????","2017-08-01"
"2869","20170830","??????","??????","???????","2017-08-01"
"2870","20170831","??","?????","????","2017-08-01"
"2871","20170831","??????????","??????ýß","???????????","2017-08-01"
"2872","20170831","??????????????","????????","??¢®????","2017-08-01"
"2873","20170831","??????©¤","???????","??????????","2017-08-01"
"2874","20170831","??????","","??????","2017-08-01"
"2875","20170901","??","???????","????","2017-09-01"
"2876","20170901","?????","??????","??????????","2017-09-01"
"2877","20170901","??????????????","?????","?????????","2017-09-01"
"2878","20170901","????","???????","?????","2017-09-01"
"2879","20170901","??¥á?","??????","??????","2017-09-01"
"2880","20170902","??","??????????","??","2017-09-01"
"2881","20170902","?¥ê¥è?????","???????","?????","2017-09-01"
"2882","20170902","??????????????","????????","??¢®???????","2017-09-01"
"2883","20170902","?????©¤","??????","?¥ê?????","2017-09-01"
"2884","20170902","??????","","??????","2017-09-01"
"2885","20170903","??","?????","??","2017-09-01"
"2886","20170903","?????????","?????","????????","2017-09-01"
"2887","20170903","?????","???????©¤","????????","2017-09-01"
"2888","20170903","????","??????","?????","2017-09-01"
"2889","20170903","??¥á?","","??????","2017-09-01"
"2890","20170904","??","????","????","2017-09-01"
"2891","20170904","?????????","?????","??????????","2017-09-01"
"2892","20170904","????????????????","????¢®????????","??????","2017-09-01"
"2893","20170904","????","??????","????????©¤","2017-09-01"
"2894","20170904","??????","??¥á?","??????","2017-09-01"
"2895","20170905","????????","????","??","2017-09-01"
"2896","20170905","","???¥ê???","?¥ä“ž??","2017-09-01"
"2897","20170905","","?????????","???(????????)","2017-09-01"
"2898","20170905","","?????","????????","2017-09-01"
"2899","20170905","","??¥á?","??????","2017-09-01"
"2900","20170906","??","???????","????","2017-09-01"
"2901","20170906","???????????","????????","??????????","2017-09-01"
"2902","20170906","????","??????????????","?????????","2017-09-01"
"2903","20170906","???????????","???","??????","2017-09-01"
"2904","20170906","??????","??¥á?","??????","2017-09-01"
"2905","20170907","???????","????","??","2017-09-01"
"2906","20170907","","????????","??????","2017-09-01"
"2907","20170907","","?????????","????¥ê?","2017-09-01"
"2908","20170907","","??????©¤","????????????","2017-09-01"
"2909","20170907","","??????","??????","2017-09-01"
"2910","20170908","??","?????","????","2017-09-01"
"2911","20170908","?????????","????????©¤","?????","2017-09-01"
"2912","20170908","?????????????","??????","????????","2017-09-01"
"2913","20170908","????","","???¥ê¥î????","2017-09-01"
"2914","20170908","??????","","??¥á?","2017-09-01"
"2915","20170909","?????¥á?","??????????????","??","2017-09-01"
"2916","20170909","??¢®???????","?¥ê¥è?????","???????????","2017-09-01"
"2917","20170909","??????","??????©¤","?????????","2017-09-01"
"2918","20170909","","??????","???????","2017-09-01"
"2919","20170909","","","??????","2017-09-01"
"2920","20170910","??","?????","??","2017-09-01"
"2921","20170910","?????","?????","??¢®????","2017-09-01"
"2922","20170910","??????????????","??????","???????????","2017-09-01"
"2923","20170910","????","??????","???????©¤","2017-09-01"
"2924","20170910","??¥á?","","??????","2017-09-01"
"2925","20170911","??","????","????","2017-09-01"
"2926","20170911","????????1??","?????????","???¥ê???","2017-09-01"
"2927","20170911","??¢®??????©¤","????????????????","????????????????","2017-09-01"
"2928","20170911","??¥á?","???????????","????????????","2017-09-01"
"2929","20170911","","??????","??¥á?","2017-09-01"
"2930","20170912","??","?????","????","2017-09-01"
"2931","20170912","?????????","????????","?????????","2017-09-01"
"2932","20170912","??????????????","????????","??????????","2017-09-01"
"2933","20170912","????","??????","??????????","2017-09-01"
"2934","20170912","??????","","??¥á?","2017-09-01"
"2935","20170913","??","??¢®????","???????","2017-09-01"
"2936","20170913","???????????","??????","?????","2017-09-01"
"2937","20170913","?????????","?????©¤","???????????","2017-09-01"
"2938","20170913","?????","??????","?????????","2017-09-01"
"2939","20170913","??????","","???????","2017-09-01"
"2940","20170914","????????","????","???????????","2017-09-01"
"2941","20170914","","????????","????????","2017-09-01"
"2942","20170914","","??????????????","???","2017-09-01"
"2943","20170914","","????????","??????","2017-09-01"
"2944","20170914","","???????","","2017-09-01"
"2945","20170915","??","????","????","2017-09-01"
"2946","20170915","???????","???????????","?????????","2017-09-01"
"2947","20170915","????????????","?¥ê¥á??","?????????","2017-09-01"
"2948","20170915","????","??¢®??????©¤","?????","2017-09-01"
"2949","20170915","??????","???????","???????","2017-09-01"
"2950","20170916","??????","??","????","2017-09-01"
"2951","20170916","","?????","??????","2017-09-01"
"2952","20170916","","?¥ê?????","?????????????","2017-09-01"
"2953","20170916","","????????©¤","?????????","2017-09-01"
"2954","20170916","","??????","???????","2017-09-01"
"2955","20170917","????","?????","??","2017-09-01"
"2956","20170917","??????????","?????","?????????","2017-09-01"
"2957","20170917","?????","????????????????","????°Z??","2017-09-01"
"2958","20170917","??????","??????","????????","2017-09-01"
"2959","20170917","","","???????","2017-09-01"
"2960","20170918","??","????","????","2017-09-01"
"2961","20170918","?????????","????????","???¥ê???","2017-09-01"
"2962","20170918","???????????????","???","??????","2017-09-01"
"2963","20170918","????","??¢®??????©¤","????????","2017-09-01"
"2964","20170918","??????","??????","???????","2017-09-01"
"2965","20170919","????????","????","???????","2017-09-01"
"2966","20170919","","???????","??????","2017-09-01"
"2967","20170919","","???????????","??????","2017-09-01"
"2968","20170919","","???????","???????","2017-09-01"
"2969","20170919","","??????","","2017-09-01"
"2970","20170920","????????","????","????","2017-09-01"
"2971","20170920","???????????????","???????????","????????","2017-09-01"
"2972","20170920","????????","?????","???????","2017-09-01"
"2973","20170920","???????","??????¢®?????©¤","?????","2017-09-01"
"2974","20170920","","??????","??????","2017-09-01"
"2975","20170921","????????","????","??","2017-09-01"
"2976","20170921","","??????","????????","2017-09-01"
"2977","20170921","","?¥ê¥á??","???????????","2017-09-01"
"2978","20170921","","???????©¤","???????????","2017-09-01"
"2979","20170921","","????????","??????","2017-09-01"
"2980","20170922","????????1??","???","????","2017-09-01"
"2981","20170922","??¢®????","???????","???¥ê???","2017-09-01"
"2982","20170922","????","???????","?????","2017-09-01"
"2983","20170922","??????","","???????????","2017-09-01"
"2984","20170922","","","???????","2017-09-01"
"2985","20170923","??","?????????","??","2017-09-01"
"2986","20170923","?????","??????????","??????????","2017-09-01"
"2987","20170923","?????????????","????","?????????","2017-09-01"
"2988","20170923","?????©¤","??????","????????????","2017-09-01"
"2989","20170923","???????","","??????","2017-09-01"
"2990","20170924","??","??","?????","2017-09-01"
"2991","20170924","????????","??????ýß","?????","2017-09-01"
"2992","20170924","??¢®???????","????????????????","????°Z??","2017-09-01"
"2993","20170924","????","??????????","??????","2017-09-01"
"2994","20170924","??????","??????","","2017-09-01"
"2995","20170925","??","????","????","2017-09-01"
"2996","20170925","?????????","????????","???©ö???","2017-09-01"
"2997","20170925","??????????","????????","??????????","2017-09-01"
"2998","20170925","????","?????","?????©¤","2017-09-01"
"2999","20170925","??????","??????","??????","2017-09-01"
"3000","20170926","???????","?????","???????","2017-09-01"
"3001","20170926","??¢®??????©¤","????????","?????","2017-09-01"
"3002","20170926","??????©¤","????????","???¨ù??????","2017-09-01"
"3003","20170926","??????","??????","???????","2017-09-01"
"3004","20170927","??","????","?????","2017-09-01"
"3005","20170927","??????","??????(???)","?????????????","2017-09-01"
"3006","20170927","??????????????","?????©¤","??????","2017-09-01"
"3007","20170927","????","?????","??????","2017-09-01"
"3008","20170927","???????","","","2017-09-01"
"3009","20170928","??????","????","???????????","2017-09-01"
"3010","20170928","","????????","?????","2017-09-01"
"3011","20170928","","???ª…??","?????","2017-09-01"
"3012","20170928","","?????","??????","2017-09-01"
"3013","20170928","","??????","","2017-09-01"
"3014","20170929","??","??????","?????????","2017-09-01"
"3015","20170929","?????????","??????????","???¥ê???","2017-09-01"
"3016","20170929","????????????????","??????","??????","2017-09-01"
"3017","20170929","????","","???????","2017-09-01"
"3018","20170929","???????","","","2017-09-01"
"3019","20170930","?????¥á?","???????","??","2017-09-01"
"3020","20170930","??¢®??????©¤","????¥ê?","??????????","2017-09-01"
"3021","20170930","??????","????????","?????????","2017-09-01"
"3022","20170930","","?????©¤","??????","2017-09-01"
"3023","20170930","","???????","??????","2017-09-01"
"3024","20171001","??","???????","?????","2017-10-01"
"3025","20171001","?????????","?????????","?????","2017-10-01"
"3026","20171001","??????????????","?????????","???????©¤","2017-10-01"
"3027","20171001","????","??????©¤","??¥á?","2017-10-01"
"3028","20171001","??¥á?","??¥á?","","2017-10-01"
"3029","20171002","????????","???°Z????","????","2017-10-01"
"3030","20171002","??¢®???????","????????","???¥ê???","2017-10-01"
"3031","20171002","????????","????????","?????","2017-10-01"
"3032","20171002","??¥á?","??¥á?","????????","2017-10-01"
"3033","20171002","","","??¥á?","2017-10-01"
"3034","20171003","??","???????","??","2017-10-01"
"3035","20171003","?¥ê¥è?????","????????","?????","2017-10-01"
"3036","20171003","????????????????","????????","????????????????","2017-10-01"
"3037","20171003","????","?????","???????","2017-10-01"
"3038","20171003","??¥á?","??¥á?","??¥á?","2017-10-01"
"3039","20171004","?????¥á?","????","??","2017-10-01"
"3040","20171004","??¢®??????©¤","?????????","???©ö???","2017-10-01"
"3041","20171004","??¥á?","????????","???","2017-10-01"
"3042","20171004","","??????©¤","?????","2017-10-01"
"3043","20171004","","??¥á?","??¥á?","2017-10-01"
"3044","20171005","??","??","??","2017-10-01"
"3045","20171005","???????","????????","???¥ê???","2017-10-01"
"3046","20171005","??????????","??¢®????","???????","2017-10-01"
"3047","20171005","????","?????","??????","2017-10-01"
"3048","20171005","??¥á?","??¥á?","??¥á?","2017-10-01"
"3049","20171006","??","?????????","????","2017-10-01"
"3050","20171006","?????????","?????","?¥ê¥è?????","2017-10-01"
"3051","20171006","????????????????","????","??????????????","2017-10-01"
"3052","20171006","????????","??¥á?","???????©¤","2017-10-01"
"3053","20171006","??¥á?","","??¥á?","2017-10-01"
"3054","20171007","??","??","??","2017-10-01"
"3055","20171007","??????","??????ýß","???????????","2017-10-01"
"3056","20171007","??????????????","???????????","???????????","2017-10-01"
"3057","20171007","????","???????","?????????????","2017-10-01"
"3058","20171007","??¥á?","??¥á?","??¥á?","2017-10-01"
"3059","20171008","??","???????","??","2017-10-01"
"3060","20171008","????????1??","?????","??????????","2017-10-01"
"3061","20171008","?????©¤","??????????","??????????","2017-10-01"
"3062","20171008","??¥á?","??????","???????????","2017-10-01"
"3063","20171008","","","??¥á?","2017-10-01"
"3064","20171009","??","??","?????","2017-10-01"
"3065","20171009","?????????","?????","???????","2017-10-01"
"3066","20171009","???????????????","????????????????","??¥á?","2017-10-01"
"3067","20171009","????","??¢®??????©¤","","2017-10-01"
"3068","20171009","??¥á?","??¥á?","","2017-10-01"
"3069","20171010","??","???????","?????","2017-10-01"
"3070","20171010","?????????","??????","??????","2017-10-01"
"3071","20171010","?????","?????","?????©¤","2017-10-01"
"3072","20171010","????","?????","??¥á?","2017-10-01"
"3073","20171010","??¥á?","??????","","2017-10-01"
"3074","20171011","???????????","????","?????","2017-10-01"
"3075","20171011","????????","????????","????????","2017-10-01"
"3076","20171011","????°Z??","?????????????","????????","2017-10-01"
"3077","20171011","??¥á?","??????","??¥á?","2017-10-01"
"3078","20171011","","??¥á?","","2017-10-01"
"3079","20171012","???????","????","????","2017-10-01"
"3080","20171012","","?????","?¥ä“ž??","2017-10-01"
"3081","20171012","","?????????","???","2017-10-01"
"3082","20171012","","?????","???????©¤","2017-10-01"
"3083","20171012","","??¥á?","??????","2017-10-01"
"3084","20171013","???????","????","????","2017-10-01"
"3085","20171013","?????????","??????","??????????","2017-10-01"
"3086","20171013","?????©¤","?¥ê¥á??","??????","2017-10-01"
"3087","20171013","??????","?????©¤","???(????????)","2017-10-01"
"3088","20171013","","??¥á?","??¥á?","2017-10-01"
"3089","20171014","??????","??","????","2017-10-01"
"3090","20171014","","?????????","??¢®???????","2017-10-01"
"3091","20171014","","?????????","???????©¤","2017-10-01"
"3092","20171014","","???????????","??¥á?","2017-10-01"
"3093","20171014","","??¥á?","","2017-10-01"
"3094","20171015","??","???????","????","2017-10-01"
"3095","20171015","??????","?????","????????","2017-10-01"
"3096","20171015","????????????","??????","?????????","2017-10-01"
"3097","20171015","????","??¥á?","????????©¤","2017-10-01"
"3098","20171015","??¥á?","","??????","2017-10-01"
"3099","20171016","??","????","????","2017-10-01"
"3100","20171016","???????","?????","???¥ê???","2017-10-01"
"3101","20171016","?????","??????????","?????????????","2017-10-01"
"3102","20171016","????","??¢®??????©¤","??????","2017-10-01"
"3103","20171016","??????","??¥á?","??¥á?","2017-10-01"
"3104","20171017","????????","???????","????","2017-10-01"
"3105","20171017","","????????","??¢®????","2017-10-01"
"3106","20171017","","???ª…??","????¥ê?","2017-10-01"
"3107","20171017","","?????","????????????","2017-10-01"
"3108","20171017","","??????","??¥á?","2017-10-01"
"3109","20171018","??","????","?????","2017-10-01"
"3110","20171018","???????????","????????","??????","2017-10-01"
"3111","20171018","??????????????","?????","?????","2017-10-01"
"3112","20171018","???¥ê¥î????","????????©¤","??????","2017-10-01"
"3113","20171018","??¥á?","??????","","2017-10-01"
"3114","20171019","????????","??","????","2017-10-01"
"3115","20171019","","????????","?????","2017-10-01"
"3116","20171019","","?¥ê¥á??","?????????????","2017-10-01"
"3117","20171019","","????????????","??????????","2017-10-01"
"3118","20171019","","??¥á?","??????","2017-10-01"
"3119","20171020","????","??¢®????","????","2017-10-01"
"3120","20171020","????????","??????ýß","???¥ê???","2017-10-01"
"3121","20171020","?????©¤","?????????","???????????","2017-10-01"
"3122","20171020","??????","??¥á?","?????????","2017-10-01"
"3123","20171020","","","??????","2017-10-01"
"3124","20171021","?????¥á?","??","??","2017-10-01"
"3125","20171021","??¢®???????","????????","?????????","2017-10-01"
"3126","20171021","??????","?????????","???????????","2017-10-01"
"3127","20171021","","??????","????????????","2017-10-01"
"3128","20171021","","??????","??¥á?","2017-10-01"
"3129","20171022","??","?????","????","2017-10-01"
"3130","20171022","?????????","???¨ù??????","?????","2017-10-01"
"3131","20171022","???????????????","????????©¤","????°Z??","2017-10-01"
"3132","20171022","????","??????","?¥ê?????","2017-10-01"
"3133","20171022","??????","","??¥á?","2017-10-01"
"3134","20171023","??","????","??????????????","2017-10-01"
"3135","20171023","???????????","????????","?????","2017-10-01"
"3136","20171023","??????????","????????????????","????????","2017-10-01"
"3137","20171023","????","??¢®??????©¤","??????","2017-10-01"
"3138","20171023","??????","??????","","2017-10-01"
"3139","20171024","????????","?????","????","2017-10-01"
"3140","20171024","","????????","???????","2017-10-01"
"3141","20171024","","????????","????¥ê?","2017-10-01"
"3142","20171024","","??????","??????????","2017-10-01"
"3143","20171024","","","??????","2017-10-01"
"3144","20171025","??","????????","????","2017-10-01"
"3145","20171025","?????????","?????","??????","2017-10-01"
"3146","20171025","??????????????","??????????","????????","2017-10-01"
"3147","20171025","????","??????","???¥ê¥î????","2017-10-01"
"3148","20171025","??¥á?","","??????","2017-10-01"
"3149","20171026","??","??","????","2017-10-01"
"3150","20171026","??????","???????????","?¥ê¥è?????","2017-10-01"
"3151","20171026","??¢®??????©¤","????¢®????????","??????????","2017-10-01"
"3152","20171026","??¥á?","???????","?????????","2017-10-01"
"3153","20171026","","??????","??????","2017-10-01"
"3154","20171027","??","????","????","2017-10-01"
"3155","20171027","???????????","??????","???¥ê???","2017-10-01"
"3156","20171027","????","???????????????","????????","2017-10-01"
"3157","20171027","???????????","??????¢®?????©¤","??????©¤","2017-10-01"
"3158","20171027","??????","??????","??¥á?","2017-10-01"
"3159","20171028","?????","???????","??","2017-10-01"
"3160","20171028","????????","","??????????","2017-10-01"
"3161","20171028","????????????????","","????????","2017-10-01"
"3162","20171028","??????","","????????????","2017-10-01"
"3163","20171028","","","??????","2017-10-01"
"3164","20171029","??","??????","??????????","2017-10-01"
"3165","20171029","???????????","??????????","?????","2017-10-01"
"3166","20171029","???????????","??????","????","2017-10-01"
"3167","20171029","????????","","??????","2017-10-01"
"3168","20171029","??¥á?","","","2017-10-01"
"3169","20171030","??","????","????","2017-10-01"
"3170","20171030","??????????","????¡À???","???¥ê???","2017-10-01"
"3171","20171030","??????????????","???","?????????","2017-10-01"
"3172","20171030","????","?????????","??????","2017-10-01"
"3173","20171030","??¥á?","??????","??????","2017-10-01"
"3174","20171031","??","????????","????","2017-10-01"
"3175","20171031","??????","","???????","2017-10-01"
"3176","20171031","???????????","","?????????","2017-10-01"
"3177","20171031","???????????","","????????©¤","2017-10-01"
"3178","20171031","??????","","??????","2017-10-01"
"3179","20171123","??","????","?????","2017-11-01"
"3180","20171123","??????","?????","?????","2017-11-01"
"3181","20171123","???????????","?????????","???????????????","2017-11-01"
"3182","20171123","????????©¤","??????","??????","2017-11-01"
"3183","20171123","??¥á?","??????","","2017-11-01"
"3184","20171124","??","????","??","2017-11-01"
"3185","20171124","?????????","????????","????????","2017-11-01"
"3186","20171124","????????????????","???","?????????","2017-11-01"
"3187","20171124","????","????????","???¥ê¥î????","2017-11-01"
"3188","20171124","??????","??????","??????","2017-11-01"
"3189","20171125","??????","??","??","2017-11-01"
"3190","20171125","","?????","?????????","2017-11-01"
"3191","20171125","","????","????°Z??","2017-11-01"
"3192","20171125","","??¢®??????©¤","????????","2017-11-01"
"3193","20171125","","??¥á?","??????","2017-11-01"
"3194","20171126","???????","???­Y","??????????????","2017-11-01"
"3195","20171126","??????????","??????","???????ýß","2017-11-01"
"3196","20171126","????????????????","??????","????????????","2017-11-01"
"3197","20171126","??????","","??????","2017-11-01"
"3198","20171127","??","????","????","2017-11-01"
"3199","20171127","????????","????????","???¥ê???","2017-11-01"
"3200","20171127","??????????????","?????????????","????????","2017-11-01"
"3201","20171127","????","???????????","??????","2017-11-01"
"3202","20171127","??¥á?","??????","??????","2017-11-01"
"3203","20171128","???????","????","?????","2017-11-01"
"3204","20171128","","???????????","??????","2017-11-01"
"3205","20171128","","?????????","????????©¤","2017-11-01"
"3206","20171128","","????????????","??????","2017-11-01"
"3207","20171128","","??????","","2017-11-01"
"3208","20171129","?????","???????","????","2017-11-01"
"3209","20171129","????????1??","????¡À???","???????","2017-11-01"
"3210","20171129","???????????","??????????","??????????","2017-11-01"
"3211","20171129","??¥á?","??¢®??????©¤","???????©¤","2017-11-01"
"3212","20171129","","??????","??????","2017-11-01"
"3213","20171130","?????¥á?","????","??","2017-11-01"
"3214","20171130","??¢®???????","????????","?????????","2017-11-01"
"3215","20171130","????????","???????","??????????","2017-11-01"
"3216","20171130","??????","?????","???????????","2017-11-01"
"3217","20171130","","??????","??????","2017-11-01"
"3218","20171201","??","???????","????","2017-12-01"
"3219","20171201","?????????","??????ýß","???¥ê???","2017-12-01"
"3220","20171201","??????????????","?????????","???????????????","2017-12-01"
"3221","20171201","????","?????","???????????","2017-12-01"
"3222","20171201","??????","??????","??????","2017-12-01"
"3223","20171202","???????","??","??","2017-12-01"
"3224","20171202","","??¢®????","?????????","2017-12-01"
"3225","20171202","","????????????","????????","2017-12-01"
"3226","20171202","","????","??????","2017-12-01"
"3227","20171202","","??????","??????","2017-12-01"
"3228","20171203","?????¥á?","??","?????","2017-12-01"
"3229","20171203","??¢®???????","???????????","????????","2017-12-01"
"3230","20171203","??????","?????????????","??????","2017-12-01"
"3231","20171203","","?????????","??????","2017-12-01"
"3232","20171203","","??????","","2017-12-01"
"3233","20171204","??","????","?????","2017-12-01"
"3234","20171204","???????????","?????","?????","2017-12-01"
"3235","20171204","????°Z??","?????","???????©¤","2017-12-01"
"3236","20171204","????","???????©¤","??????","2017-12-01"
"3237","20171204","??????","??????","","2017-12-01"
"3238","20171205","????????","????","??","2017-12-01"
"3239","20171205","","????????","???????ýß","2017-12-01"
"3240","20171205","","???","????????????????","2017-12-01"
"3241","20171205","","?????©¤","???????","2017-12-01"
"3242","20171205","","??????","??????","2017-12-01"
"3243","20171206","??","????","????","2017-12-01"
"3244","20171206","?¥ê¥è?????","???????","???ýß(?????)","2017-12-01"
"3245","20171206","??????????????","?????????????","??????","2017-12-01"
"3246","20171206","????","??¢®??????©¤","??????","2017-12-01"
"3247","20171206","??????","??????","??????","2017-12-01"
"3248","20171207","??","????","????","2017-12-01"
"3249","20171207","???¥ê???","????????","?????","2017-12-01"
"3250","20171207","???????????????","????????","?¥ê¥á??","2017-12-01"
"3251","20171207","??????©¤","?????","????????","2017-12-01"
"3252","20171207","??????","??????","??????","2017-12-01"
"3253","20171208","??","???????","????","2017-12-01"
"3254","20171208","??????????","???????????","?????","2017-12-01"
"3255","20171208","????????????????","????????","??????????","2017-12-01"
"3256","20171208","????","????????????","??????????","2017-12-01"
"3257","20171208","??????","??????","??????","2017-12-01"
"3258","20171209","??????","??","??","2017-12-01"
"3259","20171209","","???????????","??????","2017-12-01"
"3260","20171209","","????????????","????????","2017-12-01"
"3261","20171209","","?????","?????©¤","2017-12-01"
"3262","20171209","","??????","??????","2017-12-01"
"3263","20171210","??","??","??","2017-12-01"
"3264","20171210","??????","?????","?????????","2017-12-01"
"3265","20171210","????????????????","??¢®????","??????????????","2017-12-01"
"3266","20171210","????","??????©¤","?????????","2017-12-01"
"3267","20171210","??????","??????","??????","2017-12-01"
"3268","20171211","??","????","???????","2017-12-01"
"3269","20171211","?????????","???????????","?????","2017-12-01"
"3270","20171211","??????????","????????????","?????","2017-12-01"
"3271","20171211","????????","?????©¤","??????","2017-12-01"
"3272","20171211","??????","??????","","2017-12-01"
"3273","20171212","????????","?????","????","2017-12-01"
"3274","20171212","","????????","???¥ê???","2017-12-01"
"3275","20171212","","????????","????","2017-12-01"
"3276","20171212","","??????","???????????","2017-12-01"
"3277","20171212","","","??????","2017-12-01"
"3278","20171213","?????¥á?","????","????","2017-12-01"
"3279","20171213","??¢®???????","?????","?????????","2017-12-01"
"3280","20171213","??????","???","????¥ê?","2017-12-01"
"3281","20171213","","??????????","?????","2017-12-01"
"3282","20171213","","??????","??????","2017-12-01"
"3283","20171214","??","????","????","2017-12-01"
"3284","20171214","?¥ê¥è?????","???©ö???","???????ýß","2017-12-01"
"3285","20171214","??????????????","???????????????","??????©¤","2017-12-01"
"3286","20171214","????","???????????","???????©¤","2017-12-01"
"3287","20171214","??????","??????","??????","2017-12-01"
"3288","20171215","???????","????","?????","2017-12-01"
"3289","20171215","??????????","??????","?????","2017-12-01"
"3290","20171215","????????","?????","???????","2017-12-01"
"3291","20171215","??????","??¢®??????©¤","??????","2017-12-01"
"3292","20171215","","??????","","2017-12-01"
"3293","20171216","????????","??","??","2017-12-01"
"3294","20171216","","????????1??","???¥ê???","2017-12-01"
"3295","20171216","","????????©¤","?????????","2017-12-01"
"3296","20171216","","??????","????????","2017-12-01"
"3297","20171216","","","??????","2017-12-01"
"3298","20171217","??","???­Y","??","2017-12-01"
"3299","20171217","??????","??????","??????????","2017-12-01"
"3300","20171217","????°Z??","??????","?????????","2017-12-01"
"3301","20171217","????????","","??????","2017-12-01"
"3302","20171217","??????","","??????","2017-12-01"
"3303","20171218","?????¥á?","??","?????","2017-12-01"
"3304","20171218","?????©¤","???????????","????????","2017-12-01"
"3305","20171218","??????","???","??????","2017-12-01"
"3306","20171218","","???¨ù???????","??????","2017-12-01"
"3307","20171218","","??????","","2017-12-01"
"3308","20171219","??","???????","????","2017-12-01"
"3309","20171219","?????????","????¡À???","????????","2017-12-01"
"3310","20171219","????????????????","???ª…??","??????","2017-12-01"
"3311","20171219","???¥ê¥î????","?????","??????????","2017-12-01"
"3312","20171219","??????","??????","??????","2017-12-01"
"3313","20171220","??","??¢®????","????","2017-12-01"
"3314","20171220","??????ýß","???????","????????","2017-12-01"
"3315","20171220","????","?¥ê?????","????????????????","2017-12-01"
"3316","20171220","???????????","??????","????????","2017-12-01"
"3317","20171220","??????","","??????","2017-12-01"
"3318","20171221","????????","????????","????","2017-12-01"
"3319","20171221","","??","????????","2017-12-01"
"3320","20171221","","??????????","?????????","2017-12-01"
"3321","20171221","","?????","????????©¤","2017-12-01"
"3322","20171221","","??????","??????","2017-12-01"
"3323","20171222","??","????","??","2017-12-01"
"3324","20171222","?????????","??????","????????","2017-12-01"
"3325","20171222","??????????????","??¢®??????©¤","?????????","2017-12-01"
"3326","20171222","????","??????","???????©¤","2017-12-01"
"3327","20171222","??????","","??????","2017-12-01"
"3328","20171223","?????????","??????????????","??","2017-12-01"
"3329","20171223","??????","?????","????????","2017-12-01"
"3330","20171223","????","???????","????¥ê?","2017-12-01"
"3331","20171223","??????","??????","????????????","2017-12-01"
"3332","20171223","","","??????","2017-12-01"
"3333","20171224","?????","???°Z????","??","2017-12-01"
"3334","20171224","????????","?????","???¥ê???","2017-12-01"
"3335","20171224","???????????","????","??????????","2017-12-01"
"3336","20171224","??????","??????","???????????","2017-12-01"
"3337","20171224","","","??????","2017-12-01"
"3338","20171225","??","????","??","2017-12-01"
"3339","20171225","?????????","???????","??????????","2017-12-01"
"3340","20171225","??????????????","????????","?????????","2017-12-01"
"3341","20171225","????","?????","??????","2017-12-01"
"3342","20171225","??????","??????","??????","2017-12-01"
"3343","20171226","???????????","???????","????","2017-12-01"
"3344","20171226","???????","???¢¬????","??????","2017-12-01"
"3345","20171226","???????????","?¥ê¥á??","????????©¤","2017-12-01"
"3346","20171226","??????","?????","??????","2017-12-01"
"3347","20171226","","??????","","2017-12-01"
"3348","20171227","??","????","?????","2017-12-01"
"3349","20171227","???????????","????????","?????","2017-12-01"
"3350","20171227","???¥ê¥î????","????????????????","??????????","2017-12-01"
"3351","20171227","??¢®??????©¤","?????????","??????","2017-12-01"
"3352","20171227","??????","??????","","2017-12-01"
"3353","20171228","???????","????","????","2017-12-01"
"3354","20171228","","?????","??????????","2017-12-01"
"3355","20171228","","????¢®????????","???????????","2017-12-01"
"3356","20171228","","????????©¤","?????","2017-12-01"
"3357","20171228","","??????","??????","2017-12-01"
"3358","20171229","??","????","????","2017-12-01"
"3359","20171229","??????","?¥ä“ž??","???¥ê???","2017-12-01"
"3360","20171229","?????????????","??????????","???(????????)","2017-12-01"
"3361","20171229","????","?????","????????????","2017-12-01"
"3362","20171229","??????","??????","??????","2017-12-01"
"3363","20171230","??","?????","??","2017-12-01"
"3364","20171230","?????????","????????","?¥ê¥è?????","2017-12-01"
"3365","20171230","?????????","????????","??¢®???????","2017-12-01"
"3366","20171230","????","??????","?????","2017-12-01"
"3367","20171230","??????","","??????","2017-12-01"
"3368","20171231","????????","???????","??","2017-12-01"
"3369","20171231","?????????????","?????","?????","2017-12-01"
"3370","20171231","??¢®??????©¤","????????????","?????????","2017-12-01"
"3371","20171231","??????","??????","?????©¤","2017-12-01"
"3372","20180101","?????¥á? (1)(5)(6)(10)(16)","??","???????","2019-03-22"
"3373","20180101","??¢®??????? (5)(6)(17)","?????????? (5)(6)(9)","??????? (6)(15)","2019-03-22"
"3374","20180101","??????©¤ (5)(6)","????????? (5)(6)(10)","??? (5)(6)(16)","2019-03-22"
"3375","20180101","??????(12~2??)","?????? (5)(6)","????? (5)(6)","2019-03-22"
"3376","20180101","","??????(12~2??)","??????(12~2??)","2019-03-22"
"3377","20180102","??1","????","????","2019-03-22"
"3378","20180102","????????? (5)(16)","??????????? (5)(16)","????????? (5)","2019-03-22"
"3379","20180102","?????????? (5)(6)","??¢®???? (5)(6)(17)","??????????? (5)(6)(7)","2019-03-22"
"3380","20180102","?????©¤ (5)(6)","????? (1)","???????? (5)(6)","2019-03-22"
"3381","20180102","??????(12~2??)","??????(12~2??)","??????(12~2??)","2019-03-22"
"3382","20180103","??1","????","????? (5)(6)(10)","2019-03-22"
"3383","20180103","??????????? (5)(15)","???????? (1)(5)(6)(10)","????? (1)(9)(17)(18)","2019-03-22"
"3384","20180103","????","?????????? (5)(6)","?????? (1)(6)","2019-03-22"
"3385","20180103","???¥ê¥î???? (5)(6)","?¥ê????? (5)(6)","??????(12~2??)","2019-03-22"
"3386","20180103","??????(12~2??)","??????(12~2??)","","2019-03-22"
"3387","20180104","???????? (1)(2)(6)(10)(12)","????? (5)(6)(16)","????","2019-03-22"
"3388","20180104","","???????? (5)(6)(9)","???¥ê??? (1)(5)(10)(18)","2019-03-22"
"3389","20180104","","???????? (1)","?????","2019-03-22"
"3390","20180104","","??????(12~2??)","????????? (5)(6)","2019-03-22"
"3391","20180104","","","??????(12~2??)","2019-03-22"
"3392","20180105","??1","??","????","2019-03-22"
"3393","20180105","?????? (5)","????? (5)(6)(10)","?¥ê¥è????? (1)(5)","2019-03-22"
"3394","20180105","?????????????? (6)(10)","????????? (5)(6)","????????? (5)(6)","2019-03-22"
"3395","20180105","????","?????????? (5)(6)","????? (5)(6)","2019-03-22"
"3396","20180105","??????(12~2??)","??????(12~2??)","??????(12~2??)","2019-03-22"
"3397","20180106","??1","??????? (1)(5)(6)(16)","??","2019-03-22"
"3398","20180106","?????????? (5)(9)(18)","????? (1)(5)(9)","????? (15)","2019-03-22"
"3399","20180106","????¥ê? (5)(6)(10)","???????©¤ (5)","??????????","2019-03-22"
"3400","20180106","????????©¤ (6)","??????(12~2??)","??¢®??????©¤ (17)","2019-03-22"
"3401","20180106","??????(12~2??)","","??????(12~2??)","2019-03-22"
"3402","20180107","??1","??","??","2019-03-22"
"3403","20180107","????????? (5)(6)(10)","????? (5)(6)(10)","???ýß(?????) (5)(6)","2019-03-22"
"3404","20180107","???????????? (10)","???????????????? (5)(6)(10)","?????? (6)(10)","2019-03-22"
"3405","20180107","????","???????????? (5)(6)(7)","????????? (1)","2019-03-22"
"3406","20180107","??????(12~2??)","??????(12~2??)","??????(12~2??)","2019-03-22"
"3407","20180108","??????? (5)(16)","???????","??","2019-03-22"
"3408","20180108","????°Z?? (5)(6)","??????ýß (5)(6)(9)","????? (1)(5)(9)","2019-03-22"
"3409","20180108","???????? (5)(6)","?????????? (5)(6)(10)","?????? (5)(6)","2019-03-22"
"3410","20180108","??????(12~2??)","?????©¤ (5)(6)","????????? (1)(6)","2019-03-22"
"3411","20180108","","??????(12~2??)","??????(12~2??)","2019-03-22"
"3412","20180109","???????? (1)(6)(10)(12)","????","??????? (10)","2019-03-22"
"3413","20180109","","???¥ê??? (1)(5)(10)(18)","???????? (5)(6)(9)","2019-03-22"
"3414","20180109","","????? (1)(5)(6)(15)","??????????? (1)(12)","2019-03-22"
"3415","20180109","","????????©¤ (5)(6)","??????(12~2??)","2019-03-22"
"3416","20180109","","??????(12~2??)","","2019-03-22"
"3417","20180110","??1","??","????","2019-03-22"
"3418","20180110","??¢®???? (5)(17)","???????? (5)(18)","?????? (5)","2019-03-22"
"3419","20180110","??????????????? (5)(6)(10)","??? (5)(6)(16)","???(????????) (1)(5)(6)(15)","2019-03-22"
"3420","20180110","????","???¨ù??????? (5)(6)","????? (5)(6)","2019-03-22"
"3421","20180110","??????(12~2??)","??????(12~2??)","??????(12~2??)","2019-03-22"
"3422","20180111","?????? (1)(6)(10)(12)","????","????","2019-03-22"
"3423","20180111","","??????????? (1)(5)(16)","????? (5)(6)(10)","2019-03-22"
"3424","20180111","","?????????????","?????????????? (5)(6)(10)","2019-03-22"
"3425","20180111","","??????? (1)(6)","???¥ê¥î???? (5)(6)","2019-03-22"
"3426","20180111","","??????(12~2??)","??????(12~2??)","2019-03-22"
"3427","20180112","??1","???????? (1)(5)(6)(16)","????","2019-03-22"
"3428","20180112","????????1??","????? (5)(6)(15)","???????? (5)(6)(9)","2019-03-22"
"3429","20180112","??????????????? (10)","?????©¤ (5)(6)","????¥ê? (5)(6)(10)","2019-03-22"
"3430","20180112","??????(12~2??)","??????(12~2??)","?????????? (1)(5)(6)","2019-03-22"
"3431","20180112","","","??????(12~2??)","2019-03-22"
"3432","20180113","?????","???°Z???? (9)(12)","??","2019-03-22"
"3433","20180113","???????? (5)(6)(9)","??????? (5)(16)","?????????? (5)(6)(9)","2019-03-22"
"3434","20180113","?????????????? (6)(10)","????","???????? (5)(6)(10)","2019-03-22"
"3435","20180113","??????(12~2??)","??????(12~2??)","????? (5)(6)","2019-03-22"
"3436","20180113","","","??????(12~2??)","2019-03-22"
"3437","20180114","??1","???? (15)","????? (6)(10)","2019-03-22"
"3438","20180114","???????? (5)(9)(16)","????????????? (1)(5)(6)(10)(12)","???¥ê??? (1)(5)(10)(18)","2019-03-22"
"3439","20180114","??????????? (1)(12)","??????(12~2??)","????????? (1)","2019-03-22"
"3440","20180114","??¢®??????©¤ (1)(5)(6)(17)","","??????(12~2??)","2019-03-22"
"3441","20180114","??????(12~2??)","","","2019-03-22"
"3442","20180115","??1","???????","??","2019-03-22"
"3443","20180115","????????? (5)(16)","????? (5)(6)(10)","????? (15)","2019-03-22"
"3444","20180115","???????????????? (5)(6)(10)(12)","????¢®???????? (5)(6)(17)","?¥ê¥á?? (5)(10)","2019-03-22"
"3445","20180115","????","?????? (6)(10)","???????©¤ (5)","2019-03-22"
"3446","20180115","??????(12~2??)","??????(12~2??)","??????(12~2??)","2019-03-22"
"3447","20180116","???????? (1)(6)(10)(12)","????","????","2019-03-22"
"3448","20180116","","???????? (5)(6)(9)","???¥ê??? (1)(5)(10)(18)","2019-03-22"
"3449","20180116","","???ª…?? (10)","????????? (5)(6)","2019-03-22"
"3450","20180116","","??????? (5)(6)","???????????? (5)(6)(7)","2019-03-22"
"3451","20180116","","??????(12~2??)","??????(12~2??)","2019-03-22"
"3452","20180117","??1","????","????","2019-03-22"
"3453","20180117","????????? (5)","?????(??) (5)(6)(10)(17)(18)","????????? (5)(6)(10)","2019-03-22"
"3454","20180117","?????????? (5)(6)","??? (5)(6)(16)","?????????? (1)(5)(6)(15)","2019-03-22"
"3455","20180117","????","??¢®???? (5)(6)(17)","???????????? (5)(6)","2019-03-22"
"3456","20180117","??????(12~2??)","??????(12~2??)","??????(12~2??)","2019-03-22"
"3457","20180118","??????? (1)(6)(9)(12)","????","??????????? (6)","2019-03-22"
"3458","20180118","","??????ýß (5)(6)(9)","?¥ê¥è????? (1)(5)","2019-03-22"
"3459","20180118","","????????? (5)(6)(16)","???????? (1)","2019-03-22"
"3460","20180118","","?????? (5)(6)","??????(12~2??)","2019-03-22"
"3461","20180118","","??????(12~2??)","","2019-03-22"
"3462","20180119","??1","????","????? (5)(6)(10)","2019-03-22"
"3463","20180119","??????????? (5)(15)","?¥ä“ž?? (5)(6)(9)","????? (1)(9)(17)(18)","2019-03-22"
"3464","20180119","????°Z?? (5)(6)","?????????????","???????©¤","2019-03-22"
"3465","20180119","????","???????? (5)(6)","??????(12~2??)","2019-03-22"
"3466","20180119","??????(12~2??)","??????(12~2??)","","2019-03-22"
"3467","20180120","?????¥á? (1)(5)(6)(10)(16)","????????? (5)(6)(16)","??","2019-03-22"
"3468","20180120","??¢®??????? (5)(6)(17)","???????ýß (5)(6)","???¥ê??? (1)(5)(10)(18)","2019-03-22"
"3469","20180120","??????(12~2??)","????","????????????? (5)(6)(16)","2019-03-22"
"3470","20180120","","??????(12~2??)","??????? (6)","2019-03-22"
"3471","20180120","","","??????(12~2??)","2019-03-22"
"3472","20180121","??1","??","????","2019-03-22"
"3473","20180121","???????? (5)(9)(16)","????????? (5)","??????????? (5)(15)","2019-03-22"
"3474","20180121","?????????????? (6)(10)","???????? (5)(6)(10)","????????? (5)(6)(16)","2019-03-22"
"3475","20180121","????","?????©¤ (5)(6)","?????? (1)(6)","2019-03-22"
"3476","20180121","??????(12~2??)","??????(12~2??)","??????(12~2??)","2019-03-22"
"3477","20180122","??1","???????","????? (6)(10)","2019-03-22"
"3478","20180122","????????? (5)(16)","???©ö??? (5)(6)","???ýß(?????) (5)(6)","2019-03-22"
"3479","20180122","??????????????? (10)","?????","?????? (6)(10)","2019-03-22"
"3480","20180122","????? (1)","??????????? (5)(6)(15)","??????(12~2??)","2019-03-22"
"3481","20180122","??????(12~2??)","??????(12~2??)","","2019-03-22"
"3482","20180123","??1","????","?????????????? (1)(5)(6)(10)","2019-03-22"
"3483","20180123","?????? (5)","???????? (5)(15)","???????ýß (5)(6)","2019-03-22"
"3484","20180123","????°Z?? (5)(6)","?¥ê¥á?? (5)(10)","???????? (6)(12)","2019-03-22"
"3485","20180123","??¢®??????©¤ (17)","?????©¤ (5)(6)","??????(12~2??)","2019-03-22"
"3486","20180123","??????(12~2??)","??????(12~2??)","","2019-03-22"
"3487","20180124","??1","????","????? (5)(6)(16)","2019-03-22"
"3488","20180124","??????????? (1)(5)(16)","?????? (1)(5)(9)","???????? (5)(6)(9)","2019-03-22"
"3489","20180124","?????????","???????????????? (5)(6)(16)","???????? (1)","2019-03-22"
"3490","20180124","????","???????? (5)(6)","??????(12~2??)","2019-03-22"
"3491","20180124","??????(12~2??)","??????(12~2??)","","2019-03-22"
"3492","20180125","???????? (1)(2)(6)(10)(12)","??","????","2019-03-22"
"3493","20180125","","?????????? (5)(6)(9)","??????? (5)(16)","2019-03-22"
"3494","20180125","","???????? (5)(6)(10)(17)","????? (5)(6)(15)","2019-03-22"
"3495","20180125","","????? (5)(6)","??????©¤ (5)(6)","2019-03-22"
"3496","20180125","","??????(12~2??)","??????(12~2??)","2019-03-22"
"3497","20180126","??1","????","????","2019-03-22"
"3498","20180126","????????? (5)(16)","???¢¬???? (5)(6)","????????? (5)(6)(10)","2019-03-22"
"3499","20180126","?????????????? (6)(10)","??????????? (1)(5)(6)(15)","??????????? (1)(12)","2019-03-22"
"3500","20180126","????","????? (5)(6)","??¢®??????©¤ (5)(6)(17)","2019-03-22"
"3501","20180126","??????(12~2??)","??????(12~2??)","??????(12~2??)","2019-03-22"
"3502","20180127","??1","????? (1)(5)(9)","??","2019-03-22"
"3503","20180127","?????? (5)","????????©¤ (6)","??????????? (5)(16)","2019-03-22"
"3504","20180127","??¢®??????? (5)(6)(17)","???????? (1)(5)(6)","?????? (5)(6)","2019-03-22"
"3505","20180127","???????? (5)(6)","??????(12~2??)","???????????? (1)","2019-03-22"
"3506","20180127","??????(12~2??)","","??????(12~2??)","2019-03-22"
"3507","20180128","??1","???­Y (1)(5)(6)(9)","??¢®???? (6)(17)","2019-03-22"
"3508","20180128","???????? (5)(6)(9)","?????? (1)(6)","??????? (5)(16)","2019-03-22"
"3509","20180128","?¥ê¥á?? (5)(10)","??????(12~2??)","????°Z?? (5)(6)","2019-03-22"
"3510","20180128","????","","??????(12~2??)","2019-03-22"
"3511","20180128","??????(12~2??)","","","2019-03-22"
"3512","20180129","??1","??","??","2019-03-22"
"3513","20180129","????????? (5)(16)","?????????? (5)(6)(9)","?¥ê¥è????? (1)(5)","2019-03-22"
"3514","20180129","?????????????? (6)(10)","??????????? (5)(6)(9)(10)","?????????? (1)(5)(6)(15)","2019-03-22"
"3515","20180129","????","?????????? (5)(6)","???????©¤ (5)","2019-03-22"
"3516","20180129","??????(12~2??)","??????(12~2??)","??????(12~2??)","2019-03-22"
"3517","20180130","??1","????","????","2019-03-22"
"3518","20180130","?¥ê¥è????? (1)(5)","?????? (5)","???¥ê??? (1)(5)(10)(18)","2019-03-22"
"3519","20180130","???????????????? (5)(6)(10)(12)","?????????? (5)(6)","???????? (1)(6)","2019-03-22"
"3520","20180130","???????? (5)(6)","??¢®??????©¤ (17)","?????? (5)(6)","2019-03-22"
"3521","20180130","??????(12~2??)","??????(12~2??)","??????(12~2??)","2019-03-22"
"3522","20180131","??1","??","????","2019-03-22"
"3523","20180131","?????? (1)(5)(9)","???????? (1)(5)(6)(10)","???????? (5)(6)(9)","2019-03-22"
"3524","20180131","???????????????? (5)(6)(10)","??????(???????) (5)(6)(10)(12)","????????? (5)(6)(16)","2019-03-22"
"3525","20180131","????","????????©¤ (6)","?????? (5)(6)","2019-03-22"
"3526","20180131","??????(12~2??)","??????(12~2??)","??????(12~2??)","2019-03-22"
"3527","20180201","??????? (1)(6)(9)(12)","????? (5)(6)(16)","????","2019-03-22"
"3528","20180201","","???????? (5)(6)(9)","?¥ê¥è????? (1)(5)","2019-03-22"
"3529","20180201","","???????? (1)","????????? (5)(6)","2019-03-22"
"3530","20180201","","??????(12~2??)","????? (5)(6)","2019-03-22"
"3531","20180201","","","??????(12~2??)","2019-03-22"
"3532","20180202","??1","???????","????","2019-03-22"
"3533","20180202","?????? (5)","???¥ê??? (1)(5)(10)(18)","???????? (5)(6)(9)","2019-03-22"
"3534","20180202","?????????????? (6)(10)","????????? (5)(6)","???(????????) (1)(5)(6)(15)","2019-03-22"
"3535","20180202","????","???????????? (1)","???????????? (5)(6)(7)","2019-03-22"
"3536","20180202","??????(12~2??)","??????(12~2??)","??????(12~2??)","2019-03-22"
"3537","20180203","?????","??????? (1)(5)(6)(16)","??","2019-03-22"
"3538","20180203","??????????? (5)(16)","????? (1)(5)(9)","????? (15)","2019-03-22"
"3539","20180203","????? (1)(9)","?????©¤ (5)(6)","?¥ê????? (5)(6)","2019-03-22"
"3540","20180203","??????(12~2??)","??????(12~2??)","??¢®??????©¤ (17)","2019-03-22"
"3541","20180203","","","??????(12~2??)","2019-03-22"
"3542","20180204","??1","????","????? (6)(10)","2019-03-22"
"3543","20180204","????????? (5)(16)","????? (5)(6)(10)","????????? (5)(6)(10)","2019-03-22"
"3544","20180204","???????????? (10)","???????????????? (5)(6)(10)","?????????? (5)(6)","2019-03-22"
"3545","20180204","????","??????©¤ (5)(6)","??????(12~2??)","2019-03-22"
"3546","20180204","??????(12~2??)","??????(12~2??)","","2019-03-22"
"3547","20180205","??????? (5)(16)","????","??¢®???? (6)(17)","2019-03-22"
"3548","20180205","????°Z?? (5)(6)","??????ýß (5)(6)(9)","???????? (5)(6)(9)","2019-03-22"
"3549","20180205","???????? (5)(6)","??? (5)(6)(16)","???????? (6)(12)","2019-03-22"
"3550","20180205","??????(12~2??)","???¨ù??????? (5)(6)","??????(12~2??)","2019-03-22"
"3551","20180205","","??????(12~2??)","","2019-03-22"
"3552","20180206","???????? (1)(6)(10)(12)","???????? (5)(6)","????","2019-03-22"
"3553","20180206","","?????????? (5)(6)(9)","?????? (5)","2019-03-22"
"3554","20180206","","????? (1)(5)(6)(15)","?????????????? (5)(6)(10)","2019-03-22"
"3555","20180206","","??????(12~2??)","????????? (5)(6)","2019-03-22"
"3556","20180206","","","??????(12~2??)","2019-03-22"
"3557","20180207","??1","??","????? (5)(6)(10)","2019-03-22"
"3558","20180207","????????? (5)(16)","?¥ä“ž?? (5)(6)(9)","????? (1)(9)(17)(18)","2019-03-22"
"3559","20180207","???????????????? (5)(6)(10)(12)","???????????????? (5)(6)(16)","????????????? (1)(5)(6)(10)(12)","2019-03-22"
"3560","20180207","????","?¥ê????? (5)(6)","??????(12~2??)","2019-03-22"
"3561","20180207","??????(12~2??)","??????(12~2??)","","2019-03-22"
"3562","20180208","??1","??????? (10)","????","2019-03-22"
"3563","20180208","??¢®???? (5)(17)","????? (1)(5)(9)","??????????? (5)(15)","2019-03-22"
"3564","20180208","?????????????? (6)(10)","?????? (1)(6)","?????? (5)(6)","2019-03-22"
"3565","20180208","????","??????(12~2??)","????? (1)(9)","2019-03-22"
"3566","20180208","??????(12~2??)","","??????(12~2??)","2019-03-22"
"3567","20180209","??1","???????","????","2019-03-22"
"3568","20180209","????????1??","???????ýß (5)(6)","???¥ê??? (1)(5)(10)(18)","2019-03-22"
"3569","20180209","?????????","???????? (5)(6)(10)(17)","??????????","2019-03-22"
"3570","20180209","?????","?????? (5)(6)","????????? (1)(6)","2019-03-22"
"3571","20180209","??????(12~2??)","??????(12~2??)","??????(12~2??)","2019-03-22"
"3572","20180210","?????¥á? (1)(5)(6)(10)(16)","??","??","2019-03-22"
"3573","20180210","??¢®??????©¤ (17)","?????????? (5)(6)(9)","????? (5)(6)(10)","2019-03-22"
"3574","20180210","??????(12~2??)","???????? (5)(6)(10)","???????? (1)(6)","2019-03-22"
"3575","20180210","","????????©¤ (6)","????????? (1)","2019-03-22"
"3576","20180210","","??????(12~2??)","??????(12~2??)","2019-03-22"
"3577","20180211","??1","????????? (5)(6)(16)","??","2019-03-22"
"3578","20180211","????????? (5)(6)(10)","????????? (5)","??????ýß (5)(6)(9)","2019-03-22"
"3579","20180211","?????????? (5)(6)","????","????°Z?? (5)(6)","2019-03-22"
"3580","20180211","??¢®??????©¤ (1)(5)(6)(17)","??????(12~2??)","????? (1)(6)","2019-03-22"
"3581","20180211","??????(12~2??)","","??????(12~2??)","2019-03-22"
"3582","20180212","??1","????","??","2019-03-22"
"3583","20180212","????????? (5)(16)","????? (15)","???ýß(?????) (5)(6)","2019-03-22"
"3584","20180212","??????????????? (10)","?¥ê¥á?? (5)(10)","??¢®???? (5)(6)(17)","2019-03-22"
"3585","20180212","????","??????©¤ (5)(6)","?????? (6)(10)","2019-03-22"
"3586","20180212","??????(12~2??)","??????(12~2??)","??????(12~2??)","2019-03-22"
"3587","20180213","??????? (1)(6)(9)(12)","????","????","2019-03-22"
"3588","20180213","","?????? (1)(5)(9)","???¥ê??? (1)(5)(10)(18)","2019-03-22"
"3589","20180213","","?????????????","?????????????? (6)(10)","2019-03-22"
"3590","20180213","","?????????? (5)(6)(10)","???????????? (5)(6)(7)","2019-03-22"
"3591","20180213","","??????(12~2??)","??????(12~2??)","2019-03-22"
"3592","20180214","??1","????","????","2019-03-22"
"3593","20180214","????????? (5)","???????? (5)(9)(16)","????? (5)(6)(10)","2019-03-22"
"3594","20180214","??????????????? (5)(6)(10)","????¢®???????? (5)(6)(17)","?????????? (1)(5)(6)(15)","2019-03-22"
"3595","20180214","????","????????©¤ (6)","????? (5)(6)","2019-03-22"
"3596","20180214","??????(12~2??)","??????(12~2??)","??????(12~2??)","2019-03-22"
"3597","20180215","?????? (1)(6)(10)(12)","??","????","2019-03-22"
"3598","20180215","","???????? (5)(6)(9)","??????????? (5)(16)","2019-03-22"
"3599","20180215","","????????? (5)(6)(16)","????¥ê? (5)(6)(10)","2019-03-22"
"3600","20180215","","?????? (5)(6)","??????? (6)","2019-03-22"
"3601","20180215","","??????(12~2??)","??????(12~2??)","2019-03-22"
"3602","20180216","?????¥á? (1)(5)(6)(10)(16)","???????","????","2019-03-22"
"3603","20180216","??¢®??????? (5)(6)(17)","???¢¬???? (5)(6)","???????? (1)(5)(6)(10)","2019-03-22"
"3604","20180216","?????©¤ (5)(6)","????? (5)(6)(15)","??? (5)(6)(16)","2019-03-22"
"3605","20180216","??????(12~2??)","??????©¤ (5)(6)","????","2019-03-22"
"3606","20180216","","??????(12~2??)","??????(12~2??)","2019-03-22"
"3607","20180217","??1","??","??","2019-03-22"
"3608","20180217","?????????? (5)(9)(18)","?¥ê¥è????? (1)(5)","??????????? (1)(5)(16)","2019-03-22"
"3609","20180217","???????????????? (5)(6)(10)","???????? (5)(6)(10)","????°Z?? (5)(6)","2019-03-22"
"3610","20180217","????","????? (5)(6)","??????????? (5)(6)(7)","2019-03-22"
"3611","20180217","??????(12~2??)","??????(12~2??)","??????(12~2??)","2019-03-22"
"3612","20180218","??1","?????????????? (1)(5)(6)(10)","??","2019-03-22"
"3613","20180218","?????? (1)(5)(9)","????????? (5)","???????? (5)(6)(9)","2019-03-22"
"3614","20180218","?????????????","????","????????? (5)(6)(16)","2019-03-22"
"3615","20180218","??????????? (1)(12)","??????(12~2??)","?????? (1)(6)","2019-03-22"
"3616","20180218","??????(12~2??)","","??????(12~2??)","2019-03-22"
"3617","20180219","??1","????","????? (6)(10)","2019-03-22"
"3618","20180219","??????","??????????? (5)(15)","???ýß(?????) (5)(6)","2019-03-22"
"3619","20180219","??¢®??????? (5)(6)(17)","?????","?????? (6)(10)","2019-03-22"
"3620","20180219","?????©¤ (5)(6)","?????? (5)(6)","??????(12~2??)","2019-03-22"
"3621","20180219","??????(12~2??)","??????(12~2??)","","2019-03-22"
"3622","20180220","??1","??","????","2019-03-22"
"3623","20180220","??????? (5)(16)","?????(??) (5)(6)(17)(18)","???¥ê??? (1)(5)(10)(18)","2019-03-22"
"3624","20180220","?????????? (5)(6)","??????????? (1)(5)(6)(15)","??????????? (5)(6)(9)(10)","2019-03-22"
"3625","20180220","????","???????©¤ (5)","????? (5)(6)","2019-03-22"
"3626","20180220","??????(12~2??)","??????(12~2??)","?????? (5)(6)","2019-03-22"
"3627","20180220","","","??????(12~2??)","2019-03-22"
"3628","20180221","??1","????","????? (5)(6)(10)","2019-03-22"
"3629","20180221","??????????? (1)(5)(16)","???©ö??? (5)(6)","????? (1)(9)(17)(18)","2019-03-22"
"3630","20180221","???????????????? (5)(6)(10)(12)","????? (5)(6)(15)","???????©¤","2019-03-22"
"3631","20180221","????","???????????? (5)(6)","??????(12~2??)","2019-03-22"
"3632","20180221","??????(12~2??)","??????(12~2??)","","2019-03-22"
"3633","20180222","???????? (1)(2)(6)(10)(12)","????","??????????? (6)","2019-03-22"
"3634","20180222","","?????????? (5)(6)(9)","?¥ê¥è????? (1)(5)","2019-03-22"
"3635","20180222","","????????? (5)(6)(16)","?????? (5)(6)","2019-03-22"
"3636","20180222","","????? (5)(6)","??????(12~2??)","2019-03-22"
"3637","20180222","","??????(12~2??)","","2019-03-22"
"3638","20180223","??1","???????? (5)(15)","????","2019-03-22"
"3639","20180223","??????? (5)(16)","???????","???¥ê??? (1)(5)(10)(18)","2019-03-22"
"3640","20180223","????????????? (5)(6)(16)","?¥ê¥á?? (5)(10)","?????????? (1)(5)(6)","2019-03-22"
"3641","20180223","????","?????©¤ (5)(6)","???????©¤ (5)","2019-03-22"
"3642","20180223","??????(12~2??)","??????(12~2??)","??????(12~2??)","2019-03-22"
"3643","20180224","??1","???­Y (1)(5)(6)(9)","??","2019-03-22"
"3644","20180224","???????? (5)(6)(9)","??????? (1)(5)(6)(10)","????? (5)(6)(10)","2019-03-22"
"3645","20180224","??????????????? (10)","??????(12~2??)","?????","2019-03-22"
"3646","20180224","???????? (5)(6)","","??????????? (5)(6)(15)","2019-03-22"
"3647","20180224","??????(12~2??)","","??????(12~2??)","2019-03-22"
"3648","20180225","???? (15)","??","????","2019-03-22"
"3649","20180225","??¢®??????? (5)(6)(17)","????? (1)(5)(9)","???¥ê??? (1)(5)(10)(18)","2019-03-22"
"3650","20180225","????????©¤ (6)","?????????? (5)(6)","????????? (5)(6)(10)","2019-03-22"
"3651","20180225","??????(12~2??)","??????????? (6)(10)","?????? (5)(6)","2019-03-22"
"3652","20180225","","??????(12~2??)","??????(12~2??)","2019-03-22"
"3653","20180226","??1","????","?????? (5)","2019-03-22"
"3654","20180226","????????? (5)(16)","?????? (5)(18)","???????? (1)","2019-03-22"
"3655","20180226","?????????????? (6)(10)","??¢®??????©¤ (5)(6)(17)","???????? (1)(5)(6)","2019-03-22"
"3656","20180226","????","??????(12~2??)","??????(12~2??)","2019-03-22"
"3657","20180226","??????(12~2??)","","","2019-03-22"
"3658","20180227","???????? (1)(2)(6)(10)(12)","??","????","2019-03-22"
"3659","20180227","","???????? (5)(6)(9)","??????? (6)(15)","2019-03-22"
"3660","20180227","","???ª…?? (10)","???¥ê¥î???? (5)(6)","2019-03-22"
"3661","20180227","","????? (5)(6)","????????©¤ (5)(6)","2019-03-22"
"3662","20180227","","??????(12~2??)","??????(12~2??)","2019-03-22"
"3663","20180228","???????? (1)(5)(6)(16)","????","????","2019-03-22"
"3664","20180228","??????????? (1)(12)","????? (5)(10)","???????? (1)(5)(6)(10)","2019-03-22"
"3665","20180228","??¢®??????©¤ (17)","????","?????????????","2019-03-22"
"3666","20180228","??????(12~2??)","??????©¤ (6)","?????????? (1)(5)(6)(15)","2019-03-22"
"3667","20180228","","??????(12~2??)","??????(12~2??)","2019-03-22"
"3668","20180301","??1","??","????","2019-03-22"
"3669","20180301","????????? (5)(16)","???©ö??? (5)(6)","???¥ê??? (1)(5)(10)(18)","2019-03-22"
"3670","20180301","???????????????? (5)(6)(10)(12)","????? (5)(6)(15)","??????????? (5)(6)(9)(10)","2019-03-22"
"3671","20180301","????","?????©¤ (5)(6)","????? (5)(6)","2019-03-22"
"3672","20180301","??????(3~4??)","??????(3~4??)","????? (5)(6)","2019-03-22"
"3673","20180301","","","??????(3~4??)","2019-03-22"
"3674","20180302","???????? (1)(5)(6)(16)","????? (5)(6)(16)","????","2019-03-22"
"3675","20180302","????°Z?? (5)(6)","??????ýß (5)(6)(9)","????? (5)(6)(10)","2019-03-22"
"3676","20180302","??¢®??????©¤ (17)","???????? (1)","?????? (5)(6)(10)(12)","2019-03-22"
"3677","20180302","??????(3~4??)","??????(3~4??)","????????©¤ (6)","2019-03-22"
"3678","20180302","","","??¥á?(?????)","2019-03-22"
"3679","20180303","??1","??¢®???? (6)(17)","??","2019-03-22"
"3680","20180303","???????? (5)(6)(8)(9)","??????? (5)(16)","????? (15)","2019-03-22"
"3681","20180303","?????????","?????","?¥ê????? (5)(6)","2019-03-22"
"3682","20180303","????","??????(3~4??)","????? (5)(6)","2019-03-22"
"3683","20180303","??????(3~4??)","","??????(3~4??)","2019-03-22"
"3684","20180304","?????¥á? (1)(5)(6)(10)(16)","??","????? (6)(10)","2019-03-22"
"3685","20180304","??¢®??????? (5)(6)(17)","??????????? (5)(16)","????? (1)(5)(9)","2019-03-22"
"3686","20180304","??????(3~4??)","????????? (5)(6)(16)","??? (5)(6)(16)","2019-03-22"
"3687","20180304","","???¥ê¥î???? (5)(6)","??????(3~4??)","2019-03-22"
"3688","20180304","","??¥á?(?????)","","2019-03-22"
"3689","20180305","??1","??","????? (5)(6)(10)","2019-03-22"
"3690","20180305","??????????? (1)(5)(16)","????? (5)(6)(10)","????? (1)(9)(17)(18)","2019-03-22"
"3691","20180305","????","????? (1)(5)(6)(15)","?????????? (5)(6)","2019-03-22"
"3692","20180305","???????? (5)(6)","??????©¤ (5)(6)","??????(3~4??)","2019-03-22"
"3693","20180305","??????(3~4??)","??¥á?(?????)","","2019-03-22"
"3694","20180306","???????? (1)(6)(10)(12)","????","????","2019-03-22"
"3695","20180306","","???????? (1)(5)(6)(10)","??????ýß (5)(6)(9)","2019-03-22"
"3696","20180306","","??¢®???? (5)(6)(17)","???????????????? (5)(6)(10)","2019-03-22"
"3697","20180306","","????????©¤ (5)(6)","??????? (6)","2019-03-22"
"3698","20180306","","??????(3~4??)","??¥á?(?????)","2019-03-22"
"3699","20180307","??????? (1)(5)(6)(16)","????","????","2019-03-22"
"3700","20180307","?¥ê¥è????? (1)(5)","??????? (5)(16)","???ýß(?????) (5)(6)","2019-03-22"
"3701","20180307","?????©¤ (5)(6)","?????????????","?????? (1)(5)(6)","2019-03-22"
"3702","20180307","??????(3~4??)","??????????? (5)(6)(15)","?????? (6)(10)","2019-03-22"
"3703","20180307","","??????(3~4??)","??????(3~4??)","2019-03-22"
"3704","20180308","??1","????","????","2019-03-22"
"3705","20180308","????? (1)(5)(9)","???????? (5)(6)(9)","???¥ê??? (1)(5)(10)(18)","2019-03-22"
"3706","20180308","?????????????? (6)(10)","???????? (5)(6)(10)(17)","????????????? (1)(5)(6)(10)(12)","2019-03-22"
"3707","20180308","???????©¤ (5)","????? (5)(6)","????????? (1)","2019-03-22"
"3708","20180308","??¥á?(?????)","??????(3~4??)","??????(3~4??)","2019-03-22"
"3709","20180309","??1","???????","????","2019-03-22"
"3710","20180309","?????????? (5)(9)(18)","??????????? (1)(5)(16)","????? (5)(6)(10)","2019-03-22"
"3711","20180309","????","???????? (1)(6)","?????????? (1)(5)(6)(15)","2019-03-22"
"3712","20180309","??????????? (1)(12)","???????????? (1)","????????","2019-03-22"
"3713","20180309","??????(3~4??)","??????(3~4??)","??????(3~4??)","2019-03-22"
"3714","20180310","??1","??","??","2019-03-22"
"3715","20180310","????? (1)(5)(9)","??????????? (5)(16)","???????? (5)(6)(9)","2019-03-22"
"3716","20180310","?????????? (5)(6)","???????????? (5)(6)(7)","???????? (5)(6)(10)","2019-03-22"
"3717","20180310","???????? (5)(6)","??????©¤ (5)(6)","?????©¤ (5)(6)","2019-03-22"
"3718","20180310","??????(3~4??)","??????(3~4??)","??????(3~4??)","2019-03-22"
"3719","20180311","??1","??","??","2019-03-22"
"3720","20180311","?????? (1)(5)(9)","?????? (5)","????????? (5)(6)(10)","2019-03-22"
"3721","20180311","???????????????? (5)(6)(10)","????? (5)(6)(15)","?????????????? (5)(6)(10)","2019-03-22"
"3722","20180311","????","??????©¤ (5)(6)","????????? (5)(6)","2019-03-22"
"3723","20180311","??????(3~4??)","??????(3~4??)","??¥á?(?????)","2019-03-22"
"3724","20180312","??1","??","??","2019-03-22"
"3725","20180312","????????? (5)(16)","???????? (5)(6)","???ýß(?????) (5)(6)","2019-03-22"
"3726","20180312","??????????????? (5)(6)(10)","??? (5)(6)(16)","?????? (6)(10)","2019-03-22"
"3727","20180312","????","????? (5)(6)","????????? (1)(5)(6)(12)","2019-03-22"
"3728","20180312","??????(3~4??)","??????(3~4??)","??????(3~4??)","2019-03-22"
"3729","20180313","???????? (1)(2)(6)(10)(12)","????","?????????????? (1)(5)(6)(10)","2019-03-22"
"3730","20180313","","??????????? (5)(15)","???¥ê??? (1)(5)(10)(18)","2019-03-22"
"3731","20180313","","????¢®???????? (5)(6)(17)","?????? (1)(6)","2019-03-22"
"3732","20180313","","??????©¤ (5)(6)","??¥á?(?????)","2019-03-22"
"3733","20180313","","??????(3~4??)","","2019-03-22"
"3734","20180314","??1","????","??","2019-03-22"
"3735","20180314","?????? (5)","??????????? (5)(16)","????? (5)(6)(10)","2019-03-22"
"3736","20180314","?????????????? (6)(10)","?????? (1)(5)(6)","????¥ê? (5)(6)(10)","2019-03-22"
"3737","20180314","????","????? (1)(6)","?????????? (1)(5)(6)","2019-03-22"
"3738","20180314","??¥á?(?????)","??????(3~4??)","??¥á?(?????)","2019-03-22"
"3739","20180315","??????? (1)(6)(9)(12)","????","????","2019-03-22"
"3740","20180315","","?¥ê¥è????? (1)(5)","???????ýß (5)(6)","2019-03-22"
"3741","20180315","","??????????? (1)(5)(6)(15)","????????? (5)(6)(10)","2019-03-22"
"3742","20180315","","??¢®??????©¤ (5)(6)(17)","???????©¤ (5)","2019-03-22"
"3743","20180315","","??????(3~4??)","??????(3~4??)","2019-03-22"
"3744","20180316","??????? (5)(16)","???????","????? (5)(6)(10)","2019-03-22"
"3745","20180316","?????????? (5)(6)","?????? (1)(5)(9)","????? (1)(9)(17)(18)","2019-03-22"
"3746","20180316","???????? (5)(6)","???????????????? (5)(6)(16)","???????? (6)(12)","2019-03-22"
"3747","20180316","??????(3~4??)","?????©¤ (5)(6)","??????(3~4??)","2019-03-22"
"3748","20180316","","??????(3~4??)","","2019-03-22"
"3749","20180317","??1","??","??","2019-03-22"
"3750","20180317","?¥ê¥è????? (1)(5)","???????? (1)(5)(6)(10)","????? (15)","2019-03-22"
"3751","20180317","?????????????? (6)(10)","?????????????","????????????? (5)(6)(16)","2019-03-22"
"3752","20180317","????","???¥ê¥î???? (5)(6)","??¢®??????©¤ (17)","2019-03-22"
"3753","20180317","??¥á?(?????)","??????(3~4??)","??????(3~4??)","2019-03-22"
"3754","20180318","?????¥á? (1)(5)(6)(10)(16)","??????????? (6)","??","2019-03-22"
"3755","20180318","??¢®??????? (5)(6)(17)","?????? (5)","?????????? (5)(6)(9)","2019-03-22"
"3756","20180318","??????(3~4??)","???????? (1)","????????? (5)(6)(16)","2019-03-22"
"3757","20180318","","??¥á?(?????)","?????? (5)(6)","2019-03-22"
"3758","20180318","","","??????(3~4??)","2019-03-22"
"3759","20180319","??1","??","????? (6)(10)","2019-03-22"
"3760","20180319","????????1??","??????????? (5)(15)","???????? (5)(6)(8)(9)","2019-03-22"
"3761","20180319","?????©¤ (5)(6)","??? (5)(6)(16)","?????? (6)(10)","2019-03-22"
"3762","20180319","??¥á?(?????)","???¨ù??????? (5)(6)","??????(3~4??)","2019-03-22"
"3763","20180319","","??????(3~4??)","","2019-03-22"
"3764","20180320","??1","????","????","2019-03-22"
"3765","20180320","????????? (5)","???????? (5)(6)(9)","????????? (5)(16)","2019-03-22"
"3766","20180320","???????????????? (5)(6)(10)(12)","???ª…?? (10)","?¥ê¥á?? (5)(10)","2019-03-22"
"3767","20180320","????","????? (5)(6)","??????????? (5)(6)(7)","2019-03-22"
"3768","20180320","??¥á?(?????)","??????(3~4??)","??¥á?(?????)","2019-03-22"
"3769","20180321","??1","????","????","2019-03-22"
"3770","20180321","????????? (5)(6)(10)","??????? (5)(16)","???¥ê??? (1)(5)(10)(18)","2019-03-22"
"3771","20180321","????","????????? (5)(6)","?????????? (1)(5)(6)(15)","2019-03-22"
"3772","20180321","??¢®??????©¤ (1)(5)(6)(17)","????? (1)(9)","????? (5)(6)","2019-03-22"
"3773","20180321","??????(3~4??)","??????(3~4??)","??????(3~4??)","2019-03-22"
"3774","20180322","???????? (1)(2)(6)(10)(12)","????? (5)(6)(16)","????","2019-03-22"
"3775","20180322","","????? (5)(6)","???????? (5)(15)","2019-03-22"
"3776","20180322","","???????? (1)","??????????","2019-03-22"
"3777","20180322","","??????(3~4??)","????????©¤ (6)","2019-03-22"
"3778","20180322","","","??¥á?(?????)","2019-03-22"
"3779","20180323","??1","???????","????","2019-03-22"
"3780","20180323","????????? (5)(16)","?????? (5)","?¥ä“ž?? (5)(6)(9)","2019-03-22"
"3781","20180323","?????????????? (6)(10)","????? (5)(6)","????????? (5)(6)","2019-03-22"
"3782","20180323","????","??????©¤","???????????? (5)(6)","2019-03-22"
"3783","20180323","??¥á?(?????)","??????(3~4??)","??????(3~4??)","2019-03-22"
"3784","20180324","??1","????? (5)(6)(10)","??","2019-03-22"
"3785","20180324","????? (5)(6)(10)","??????? (1)","???????? (5)(9)(16)","2019-03-22"
"3786","20180324","??????????????? (10)","???????©¤","????¥ê? (5)(6)(10)","2019-03-22"
"3787","20180324","????","??????(3~4??)","???????????? (5)(6)(7)","2019-03-22"
"3788","20180324","??¥á?(?????)","","??????(3~4??)","2019-03-22"
"3789","20180325","?????","????????? (5)(6)(16)","??","2019-03-22"
"3790","20180325","??¢®???? (5)(8)(17)","???????? (5)(6)(8)(9)","???¥ê??? (1)(5)(10)(18)","2019-03-22"
"3791","20180325","????? (1)(9)","????","???????? (5)(6)(10)","2019-03-22"
"3792","20180325","??????(3~4??)","??????(3~4??)","????????©¤ (6)","2019-03-22"
"3793","20180325","","","??¥á?(?????)","2019-03-22"
"3794","20180326","??1","??","??","2019-03-22"
"3795","20180326","??????","???¢¬???? (5)(6)","??????? (6)(15)","2019-03-22"
"3796","20180326","????°Z?? (5)(6)","?¥ê¥á?? (5)(10)","?????? (1)(6)","2019-03-22"
"3797","20180326","??¥á?(?????)","?????????????","???????©¤ (5)","2019-03-22"
"3798","20180326","","??¥á?(?????)","??????(3~4??)","2019-03-22"
"3799","20180327","???????? (1)(6)(10)(12)","????","???? (15)","2019-03-22"
"3800","20180327","","?????????? (5)(6)(9)","??¢®??????? (5)(6)(17)","2019-03-22"
"3801","20180327","","????????? (5)(6)(16)","???????? (6)(12)","2019-03-22"
"3802","20180327","","????? (5)(6)","??????(3~4??)","2019-03-22"
"3803","20180327","","??????(3~4??)","","2019-03-22"
"3804","20180328","??1","????","??","2019-03-22"
"3805","20180328","??????????? (1)(5)(16)","?????? (1)(5)(9)","????????? (5)","2019-03-22"
"3806","20180328","???????????? (10)","?????????????? (6)(10)","??????? (1)(5)(6)(10)","2019-03-22"
"3807","20180328","???????? (5)(6)","?????","????????? (6)(9)","2019-03-22"
"3808","20180328","??????(3~4??)","??¥á?(?????)","??¥á?(?????)","2019-03-22"
"3809","20180329","?????? (1)(6)(10)(12)","????","????","2019-03-22"
"3810","20180329","","?????(??) (5)(6)(17)(18)","???¥ê??? (1)(5)(10)(18)","2019-03-22"
"3811","20180329","","??????????????? (10)","???(????????) (1)(5)(6)(15)","2019-03-22"
"3812","20180329","","????????©¤ (5)(6)","????????","2019-03-22"
"3813","20180329","","??????(3~4??)","??????(3~4??)","2019-03-22"
"3814","20180330","??????? (10)","???????","????","2019-03-22"
"3815","20180330","???????? (5)(6)(8)(9)","????????? (5)(16)","????????? (5)(6)(10)","2019-03-22"
"3816","20180330","????","?????????? (5)(6)(10)","????°Z?? (5)(6)","2019-03-22"
"3817","20180330","??¥á?(?????)","????????©¤ (6)","????????? (1)(6)","2019-03-22"
"3818","20180330","","?????","??????(3~4??)","2019-03-22"
"3819","20180331","??1","??","??","2019-03-22"
"3820","20180331","???????? (5)(6)(9)","??????????? (5)(15)","????????? (5)","2019-03-22"
"3821","20180331","????","?¥ê????? (5)(6)","????????? (5)(6)","2019-03-22"
"3822","20180331","??????????? (1)(12)","??¢®??????©¤ (17)","?????? (5)(6)","2019-03-22"
"3823","20180331","??????(3~4??)","??????(3~4??)","??¥á?(?????)","2019-03-22"
"3824","20180401","??1","??","?????????? (10)(12)","2019-03-22"
"3825","20180401","????????? (5)(16)","???????? (5)(6)(9)","????? (1)(5)(9)","2019-03-22"
"3826","20180401","???????????????? (5)(6)(10)","???????? (5)(6)(10)","????","2019-03-22"
"3827","20180401","??????©¤ (5)(6)","?????©¤ (5)(6)","??????(3~4??)","2019-03-22"
"3828","20180401","??????(3~4??)","??????(3~4??)","","2019-03-22"
"3829","20180402","??1","????","????? (5)(6)(10)","2019-03-22"
"3830","20180402","??¢®???? (5)(8)(17)","????? (5)(6)(10)","????? (1)(8)(9)(17)(18)","2019-03-22"
"3831","20180402","?????????","????? (5)(6)(15)","??????? (1)(5)(6)(10)","2019-03-22"
"3832","20180402","????? (1)(9)","??????©¤ (5)(6)","??????(3~4??)","2019-03-22"
"3833","20180402","??????(3~4??)","??¥á?(?????)","","2019-03-22"
"3834","20180403","???????? (1)(6)(10)(12)","??","????","2019-03-22"
"3835","20180403","","??????????? (1)(5)(16)","???¥ê??? (1)(5)(10)(18)","2019-03-22"
"3836","20180403","","??????????? (1)(5)(6)(15)","??¢®???? (5)(6)(17)","2019-03-22"
"3837","20180403","","??????©¤ (5)(6)","??????????? (1)(12)","2019-03-22"
"3838","20180403","","??????(3~4??)","??????(3~4??)","2019-03-22"
"3839","20180404","????","??","????","2019-03-22"
"3840","20180404","?¥ê¥è????? (1)(5)","????? (15)","???????? (5)(6)(8)(9)","2019-03-22"
"3841","20180404","?????????????? (6)(10)","????????©¤ (6)","?????? (1)(5)(6)","2019-03-22"
"3842","20180404","????","??¥á?(?????)","?????? (1)(6)","2019-03-22"
"3843","20180404","??????(3~4??)","","??????(3~4??)","2019-03-22"
"3844","20180405","?????¥á? (1)(5)(6)(10)(16)","???????","????","2019-03-22"
"3845","20180405","??¢®??????? (5)(6)(17)","?????????? (5)(6)(9)","???¥ê??? (1)(5)(10)(18)","2019-03-22"
"3846","20180405","??????(3~4??)","????????? (5)(6)(10)","?????????? (1)(5)(6)(15)","2019-03-22"
"3847","20180405","","????? (5)(6)","????????","2019-03-22"
"3848","20180405","","??????(3~4??)","??????(3~4??)","2019-03-22"
"3849","20180406","??1","??????? (1)(5)(6)(16)","????","2019-03-22"
"3850","20180406","?????????? (5)(9)(18)","??????ýß (5)(6)","????? (5)(6)(10)","2019-03-22"
"3851","20180406","???????????????? (5)(6)(10)(12)","?????©¤ (5)(6)","?????????????","2019-03-22"
"3852","20180406","????","??????(3~4??)","??????? (6)","2019-03-22"
"3853","20180406","??????(3~4??)","","??¥á?(?????)","2019-03-22"
"3854","20180407","??1","?????? (6)(9)(12)(17)(18)","??","2019-03-22"
"3855","20180407","??????? (5)(16)","????????? (1)(5)(6)(12)","???¥ê??? (1)(5)(10)(18)","2019-03-22"
"3856","20180407","????°Z?? (5)(6)","??????(3~4??)","???????????????? (5)(6)(10)","2019-03-22"
"3857","20180407","????","","????????©¤ (5)(6)","2019-03-22"
"3858","20180407","??????(3~4??)","","??????(3~4??)","2019-03-22"
"3859","20180408","??1","??","??????? (10)","2019-03-22"
"3860","20180408","????????? (5)(6)(10)","??????????? (5)(15)","???????? (5)(6)(8)(9)","2019-03-22"
"3861","20180408","????","???????????? (5)(6)(7)","???????? (1)","2019-03-22"
"3862","20180408","??¢®??????©¤ (1)(5)(6)(17)","???¥ê¥î???? (5)(6)","??¥á?(?????)","2019-03-22"
"3863","20180408","??????(3~4??)","??????(3~4??)","","2019-03-22"
"3864","20180409","??????? (5)(16)","????","????? (6)(10)","2019-03-22"
"3865","20180409","???????? (5)(6)","???©ö??? (5)(6)","?????? (6)(10)","2019-03-22"
"3866","20180409","?????©¤ (5)(6)","??? (5)(6)(16)","???????©¤ (5)","2019-03-22"
"3867","20180409","??????(3~4??)","????? (1)(9)","??????(3~4??)","2019-03-22"
"3868","20180409","","??????(3~4??)","","2019-03-22"
"3869","20180410","??¢®???? (6)(17)","??","??????? (1)(6)(9)(12)","2019-03-22"
"3870","20180410","????? (1)(5)(9)","???????? (5)(6)(9)","","2019-03-22"
"3871","20180410","????","????????? (5)(6)(16)","","2019-03-22"
"3872","20180410","??????(3~4??)","????? (5)(6)","","2019-03-22"
"3873","20180410","","??????(3~4??)","","2019-03-22"
"3874","20180411","????","????","????","2019-03-22"
"3875","20180411","????????? (5)(16)","?????? (1)(5)(9)","???¥ê??? (1)(5)(10)(18)","2019-03-22"
"3876","20180411","?????????????? (6)(10)","???(????????) (1)(5)(6)(15)","????????? (5)(6)","2019-03-22"
"3877","20180411","????","??¢®??????©¤ (5)(6)(17)","??????©¤ (5)(6)","2019-03-22"
"3878","20180411","??¥á?(?????)","??????(3~4??)","??????(3~4??)","2019-03-22"
"3879","20180412","???????? (1)(2)(6)(10)(12)","????? (5)(6)(16)","????","2019-03-22"
"3880","20180412","","?????????? (5)(6)(9)","??????????? (1)(5)(16)","2019-03-22"
"3881","20180412","","???????? (1)","????¥ê? (5)(6)(10)","2019-03-22"
"3882","20180412","","??????(3~4??)","??????????? (5)(6)(7)","2019-03-22"
"3883","20180412","","","??¥á?(?????)","2019-03-22"
"3884","20180413","??1","????","???????","2019-03-22"
"3885","20180413","?????? (5)","???????? (5)(9)(16)","????? (5)(6)(10)","2019-03-22"
"3886","20180413","???????????????? (5)(6)(10)(12)","????????? (5)(6)","?????????? (1)(5)(6)(15)","2019-03-22"
"3887","20180413","????","????????©¤ (5)(6)","????????","2019-03-22"
"3888","20180413","??????(3~4??)","??????(3~4??)","??¥á?(?????)","2019-03-22"
"3889","20180414","?????? (1)(6)(10)(12)","???????? (1)(5)(6)(16)","????????? (5)(6)(16)","2019-03-22"
"3890","20180414","","????????????? (5)(6)(16)","????????? (5)(6)(10)","2019-03-22"
"3891","20180414","","??¢®??????©¤ (17)","??????©¤ (5)(6)","2019-03-22"
"3892","20180414","","??????(3~4??)","??????(3~4??)","2019-03-22"
"3893","20180415","??1","????? (5)(6)(10)","??","2019-03-22"
"3894","20180415","????? (1)(5)(9)","????? (1)(8)(9)(17)(18)","??????? (6)(15)","2019-03-22"
"3895","20180415","?????????????? (5)(6)(10)","???????©¤","???????????? (5)(6)(7)","2019-03-22"
"3896","20180415","????","","????? (5)(6)","2019-03-22"
"3897","20180415","??¥á?(?????)","","??????(3~4??)","2019-03-22"
"3898","20180416","??1","????","??","2019-03-22"
"3899","20180416","???????? (5)(6)(8)(9)","???????? (1)(5)(6)(10)","???¢¬???? (5)(6)","2019-03-22"
"3900","20180416","????? (1)(9)","??? (5)(6)(16)","????°Z?? (5)(6)","2019-03-22"
"3901","20180416","????","?????©¤ (5)(6)","?¥ê¥á?? (5)(10)","2019-03-22"
"3902","20180416","??????(3~4??)","??????(3~4??)","??¥á?(?????)","2019-03-22"
"3903","20180417","??1","??","????","2019-03-22"
"3904","20180417","????????? (5)(6)(10)","????????? (5)(16)","?????(??) (5)(6)(17)","2019-03-22"
"3905","20180417","???????????? (10)","????? (1)(5)(6)(15)","?????? (1)(5)(6)","2019-03-22"
"3906","20180417","????","????? (5)(6)","????¥ê? (5)(6)(10)","2019-03-22"
"3907","20180417","??????(3~4??)","??????(3~4??)","??????(3~4??)","2019-03-22"
"3908","20180418","????","????","????","2019-03-22"
"3909","20180418","??????","???????? (5)(6)(9)","???¥ê??? (1)(5)(10)(18)","2019-03-22"
"3910","20180418","???????? (5)(6)","????????? (5)(6)(16)","?????????? (5)(6)","2019-03-22"
"3911","20180418","???????©¤ (5)","????? (5)(6)","????? (1)(6)","2019-03-22"
"3912","20180418","??¥á?(?????)","??????(3~4??)","??????(3~4??)","2019-03-22"
"3913","20180419","??1","???????","????","2019-03-22"
"3914","20180419","?????? (5)","???????? (1)(6)","??????????? (5)(16)","2019-03-22"
"3915","20180419","?????????????? (6)(10)","??????????? (5)(6)(15)","?????????? (1)(5)(6)","2019-03-22"
"3916","20180419","????","????????©¤ (5)(6)","????? (5)(6)","2019-03-22"
"3917","20180419","??¥á?(?????)","??????(3~4??)","??????(3~4??)","2019-03-22"
"3918","20180420","??1","????","??","2019-03-22"
"3919","20180420","????????1??","????? (5)(6)(10)","?¥ê¥è????? (1)(5)","2019-03-22"
"3920","20180420","????????©¤ (6)","?????? (5)(6)(10)(12)","???????? (5)(6)(10)","2019-03-22"
"3921","20180420","??¥á?(?????)","??????©¤ (5)","?????? (5)(6)","2019-03-22"
"3922","20180420","","??????(3~4??)","??????(3~4??)","2019-03-22"
"3923","20180421","???????? (5)(15)","????? (5)(6)(10)","??","2019-03-22"
"3924","20180421","??1","??????? (1)","??????????? (5)(15)","2019-03-22"
"3925","20180421","??¢®??????? (5)(6)(17)","????????? (1)","?¥ê¥á?? (5)(10)","2019-03-22"
"3926","20180421","??????(3~4??)","??????(3~4??)","????°Z?? (5)(6)","2019-03-22"
"3927","20180421","","","??????(3~4??)","2019-03-22"
"3928","20180422","??1","??","??","2019-03-22"
"3929","20180422","?????? (1)(5)(9)","???????ýß (5)(6)","??????????? (5)(16)","2019-03-22"
"3930","20180422","?????¬Ú?????? (5)(6)","????????? (5)(6)","??????????","2019-03-22"
"3931","20180422","???¥ê¥î???? (5)(6)","???????????? (5)(6)","????????? (5)(6)(16)","2019-03-22"
"3932","20180422","??????(3~4??)","??????(3~4??)","??¥á?(?????)","2019-03-22"
"3933","20180423","??1","????","????? (6)(10)","2019-03-22"
"3934","20180423","??????????? (1)(5)(16)","?????? (6)(10)","???????? (1)(5)(6)(10)","2019-03-22"
"3935","20180423","??????????????? (10)","??????©¤ (6)(17)","????? (5)(6)","2019-03-22"
"3936","20180423","????","????????? (1)(5)(6)(12)","??????(3~4??)","2019-03-22"
"3937","20180423","??????(3~4??)","??????(3~4??)","","2019-03-22"
"3938","20180424","???????? (1)(2)(6)(10)(12)","??","????","2019-03-22"
"3939","20180424","","???????? (5)(6)(9)","????? (15)","2019-03-22"
"3940","20180424","","???ª…?? (10)","?????? (1)(6)","2019-03-22"
"3941","20180424","","????? (5)(6)","??¢®??????©¤ (17)","2019-03-22"
"3942","20180424","","??????(3~4??)","??????(3~4??)","2019-03-22"
"3943","20180425","??1","????","??????????? (6)","2019-03-22"
"3944","20180425","?¥ê¥è????? (1)(5)","??????????? (5)(15)","?????? (5)","2019-03-22"
"3945","20180425","????°Z?? (5)(6)","???¨ù??????? (5)(6)","????????????? (1)(5)(6)(10)(12)","2019-03-22"
"3946","20180425","????","?????©¤ (5)(6)","??????(3~4??)","2019-03-22"
"3947","20180425","??????(3~4??)","??????(3~4??)","","2019-03-22"
"3948","20180426","??????? (1)(6)(9)(12)","???????","????","2019-03-22"
"3949","20180426","","??????ýß (5)(6)","?¥ä“ž?? (5)(6)(9)","2019-03-22"
"3950","20180426","","???????? (5)(6)(10)(17)","??? (5)(6)(16)","2019-03-22"
"3951","20180426","","????? (5)(6)","?¥ê????? (5)(6)","2019-03-22"
"3952","20180426","","??????(3~4??)","??????(3~4??)","2019-03-22"
"3953","20180427","??1","????","??","2019-03-22"
"3954","20180427","????????? (5)(16)","?????? (1)(5)(9)","???¥ê??? (1)(5)(10)(18)","2019-03-22"
"3955","20180427","?????????????? (6)(10)","?????????? (5)(6)(10)","???????????????? (5)(6)(16)","2019-03-22"
"3956","20180427","????","????????©¤ (6)","???????? (6)(12)","2019-03-22"
"3957","20180427","??¥á?(?????)","??????(3~4??)","??????(3~4??)","2019-03-22"
"3958","20180428","?????¥á? (1)(5)(6)(10)(16)","??","????? (5)(6)(16)","2019-03-22"
"3959","20180428","??¢®??????©¤ (17)","??????? (5)(16)","???????? (5)(6)(8)(9)","2019-03-22"
"3960","20180428","??????(3~4??)","??????????????? (5)(6)(10)","???????? (1)","2019-03-22"
"3961","20180428","","???????©¤ (5)","??????(3~4??)","2019-03-22"
"3962","20180428","","??????(3~4??)","","2019-03-22"
"3963","20180429","???? (15)","?????????????? (1)(5)(6)(10)","??","2019-03-22"
"3964","20180429","????????©¤ (6)","????????? (5)","????? (5)(6)(10)","2019-03-22"
"3965","20180429","??????(3~4??)","???????? (5)(6)","??????????????? (10)","2019-03-22"
"3966","20180429","","??¥á?(?????)","?????","2019-03-22"
"3967","20180429","","","??¥á?(?????)","2019-03-22"
"3968","20180430","?????","??","??","2019-03-22"
"3969","20180430","????????? (5)(16)","???????? (5)(6)","?????????? (5)(6)(9)","2019-03-22"
"3970","20180430","?????????? (5)(6)","?????¬Ú?????? (5)(6)","??????????? (5)(6)(9)(10)","2019-03-22"
"3971","20180430","??????(3~4??)","????? (5)(6)(15)","????? (5)(6)","2019-03-22"
"3972","20180430","","?©¥??","??????(3~4??)","2019-03-22"
"3973","20180501","???????? (18)","????","??","2019-03-22"
"3974","20180501","??¢®??????©¤ (17)","???????? (5)(6)(9)","???????? (5)(6)(9)","2019-03-22"
"3975","20180501","??????","????????? (5)(6)(10)","?????? (1)(5)(6)","2019-03-22"
"3976","20180501","","????? (5)(6)","?????? (6)","2019-03-22"
"3977","20180501","","??????","??¥á?","2019-03-22"
"3978","20180502","??1","????","????","2019-03-22"
"3979","20180502","????????? (5)(16)","?????? (5)","????? (5)(6)(10)","2019-03-22"
"3980","20180502","???????????????? (5)(6)(10)","?????????? (5)(6)(10)","????? (1)(5)(6)(15)","2019-03-22"
"3981","20180502","????","????? (5)(6)","??????©¤ (5)","2019-03-22"
"3982","20180502","??????","??????","??¥á?","2019-03-22"
"3983","20180503","??1","????","????? (6)(10)","2019-03-22"
"3984","20180503","?????? (1)(5)(9)","?????????? (5)(6)(9)","?????? (6)(10)","2019-03-22"
"3985","20180503","?????????????? (6)(10)","???????? (5)(6)(10)(17)","?????©¤ (5)(6)","2019-03-22"
"3986","20180503","????","????? (5)(6)","??????","2019-03-22"
"3987","20180503","??????","??????","","2019-03-22"
"3988","20180504","???????? (1)(5)(6)(16)","????","??","2019-03-22"
"3989","20180504","?????????","???????? (1)(5)(6)(10)","??¢®???? (5)(17)","2019-03-22"
"3990","20180504","??¢®??????©¤ (17)","???¨ù??????? (5)(6)","?????????? (1)(5)(6)(15)","2019-03-22"
"3991","20180504","??¥á?","??????©¤ (5)(6)","????????","2019-03-22"
"3992","20180504","","??????","??????","2019-03-22"
"3993","20180505","?????? (1)(6)(10)(12)","??????? (10)","??","2019-03-22"
"3994","20180505","","??????? (5)(16)","????????? (5)(6)(10)","2019-03-22"
"3995","20180505","","??????????? (1)(12)","????????? (5)(6)","2019-03-22"
"3996","20180505","","??¥á?","???¥ê¥î???? (5)(6)","2019-03-22"
"3997","20180505","","","??????","2019-03-22"
"3998","20180506","??1","????? (5)(6)(10)","????","2019-03-22"
"3999","20180506","????????? (5)","????? (1)(9)(17)","??????? (6)(15)","2019-03-22"
"4000","20180506","????????????? (5)(6)(16)","???????©¤","????°Z?? (5)(6)","2019-03-22"
"4001","20180506","????","??????","????????©¤ (5)(6)","2019-03-22"
"4002","20180506","??¥á?","","??????","2019-03-22"
"4003","20180507","??1","???????","??","2019-03-22"
"4004","20180507","????????1??","??????????? (1)(5)(16)","???????? (5)(6)(9)","2019-03-22"
"4005","20180507","???????? (5)(6)","?¥ê¥á?? (5)(10)","???????????????? (5)(6)(10)","2019-03-22"
"4006","20180507","??¥á?","??????/??????? (6)","????? (5)(6)","2019-03-22"
"4007","20180507","","??????","??????","2019-03-22"
"4008","20180508","???????? (1)(2)(6)(10)(12)","????","??","2019-03-22"
"4009","20180508","","???©ö??? (5)(6)","???????? (5)(6)(9)","2019-03-22"
"4010","20180508","","????? (1)(9)","????????? (5)(6)(16)","2019-03-22"
"4011","20180508","","?????? (5)(6)","????? (5)(6)","2019-03-22"
"4012","20180508","","??¥á?","??????","2019-03-22"
"4013","20180509","??1","????","?????????????? (1)(5)(6)(10)","2019-03-22"
"4014","20180509","????????? (5)(16)","??????????? (5)(15)","???¥ê??? (1)(5)(10)(18)","2019-03-22"
"4015","20180509","???????????????? (5)(6)(10)(12)","?????????? (1)(5)(6)","?????©¤ (5)(6)","2019-03-22"
"4016","20180509","????????©¤ (5)(6)","?????","??¥á?","2019-03-22"
"4017","20180509","??????","??????","","2019-03-22"
"4018","20180510","??1","????","????? (5)(6)(16)","2019-03-22"
"4019","20180510","???????? (5)(6)(9)","??????ýß (5)(6)","?????? (5)","2019-03-22"
"4020","20180510","?????????????? (6)(10)","???????? (1)(6)","???????? (1)","2019-03-22"
"4021","20180510","????","????????? (1)(5)(6)(12)","??????","2019-03-22"
"4022","20180510","??¥á?","??¥á?","","2019-03-22"
"4023","20180511","??1","????","??","2019-03-22"
"4024","20180511","????????? (5)(6)(10)","?????????? (5)(9)(18)","????? (5)(6)(10)","2019-03-22"
"4025","20180511","??????????????? (10)","????? (5)(6)(15)","????°Z?? (5)(6)","2019-03-22"
"4026","20180511","????","??????©¤ (5)(6)","??????????? (5)(6)(7)","2019-03-22"
"4027","20180511","??????","??????","??¥á?","2019-03-22"
"4028","20180512","???????? (1)(6)(10)(12)","??¢®???? (6)(17)","??","2019-03-22"
"4029","20180512","","??????? (5)(16)","?????????? (5)(6)(9)","2019-03-22"
"4030","20180512","","????","?????? (1)(5)(6)","2019-03-22"
"4031","20180512","","??????","??? (5)(6)(16)","2019-03-22"
"4032","20180512","","","??????","2019-03-22"
"4033","20180513","?????¥á? (1)(5)(6)(10)(16)","??","??????????? (6)","2019-03-22"
"4034","20180513","????????©¤ (6)","????? (15)","?????? (5)","2019-03-22"
"4035","20180513","??????","?¥ê????? (5)(6)","????? (1)(9)","2019-03-22"
"4036","20180513","","????? (5)(6)","??¥á?","2019-03-22"
"4037","20180513","","??????","","2019-03-22"
"4038","20180514","??1","???????","????? (6)(10)","2019-03-22"
"4039","20180514","????????? (5)(16)","????? (5)(6)(18)","?????? (6)(10)","2019-03-22"
"4040","20180514","??????????????? (5)(6)(10)","??????/??????? (6)","????????? (1)","2019-03-22"
"4041","20180514","????","??¢®??????©¤ (1)(5)(6)(17)","??????","2019-03-22"
"4042","20180514","??????","??¥á?","","2019-03-22"
"4043","20180515","??1","????","??????? (1)(6)(9)(12)","2019-03-22"
"4044","20180515","?¥ê¥è????? (1)(5)","??????????? (5)(15)","","2019-03-22"
"4045","20180515","?????????????? (5)(6)(10)","?????????????","","2019-03-22"
"4046","20180515","?????©¤ (5)(6)","????????©¤ (5)(6)","","2019-03-22"
"4047","20180515","??¥á?","??????","","2019-03-22"
"4048","20180516","??1","????","????","2019-03-22"
"4049","20180516","?????? (5)","?????? (1)(5)(9)","????? (1)(5)(9)","2019-03-22"
"4050","20180516","?????????????? (6)(10)","??¢®???? (5)(6)(17)","????¥ê? (5)(6)(10)","2019-03-22"
"4051","20180516","????","????? (5)(6)","????? (1)(6)","2019-03-22"
"4052","20180516","??¥á?","??????","??????","2019-03-22"
"4053","20180517","??1","????","????????? (12)(15)","2019-03-22"
"4054","20180517","??????? (5)(16)","???¥ê??? (1)(5)(10)(18)","???????ýß (5)(6)","2019-03-22"
"4055","20180517","???????????? (10)","???????????????? (5)(6)(16)","???????? (6)(12)","2019-03-22"
"4056","20180517","???????©¤ (5)","????????©¤ (6)","??????","2019-03-22"
"4057","20180517","??????","??¥á?","","2019-03-22"
"4058","20180518","??1","????","????? (5)(6)(10)","2019-03-22"
"4059","20180518","??????????? (1)(5)(16)","?????? (5)","????? (1)(9)(17)","2019-03-22"
"4060","20180518","??????????","???????? (5)(6)","??????? (1)(5)(6)(10)","2019-03-22"
"4061","20180518","????","??¢®??????©¤ (17)","??????","2019-03-22"
"4062","20180518","??¥á?","??¥á?","","2019-03-22"
"4063","20180519","???????? (1)(6)(10)(12)","??","??","2019-03-22"
"4064","20180519","","??????????? (5)(15)","???????? (5)(6)(9)","2019-03-22"
"4065","20180519","","????????? (5)(6)(16)","???????? (5)(6)(10)","2019-03-22"
"4066","20180519","","????????©¤ (5)(6)","?????? (5)(6)","2019-03-22"
"4067","20180519","","??????","??????","2019-03-22"
"4068","20180520","??1","????????? (5)(6)(16)","????","2019-03-22"
"4069","20180520","????? (5)(6)(10)","????? (1)(5)(9)","???¥ê??? (1)(5)(10)(18)","2019-03-22"
"4070","20180520","?????????????","????","??? (5)(6)(16)","2019-03-22"
"4071","20180520","???????©¤ (5)","??????","???????????? (5)(6)(7)","2019-03-22"
"4072","20180520","??¥á?","","??¥á?","2019-03-22"
"4073","20180521","??1","???????","??","2019-03-22"
"4074","20180521","????????? (5)(16)","???????? (1)(5)(6)(10)","???????? (5)(6)(9)","2019-03-22"
"4075","20180521","?????????????? (6)(10)","??????????? (1)(5)(6)(15)","???????? (5)(6)(10)","2019-03-22"
"4076","20180521","????","????? (5)(6)","??????©¤ (5)(6)","2019-03-22"
"4077","20180521","??¥á?","??????","??¥á?","2019-03-22"
"4078","20180522","??1","????? (5)(6)(16)","??","2019-03-22"
"4079","20180522","???????? (5)(9)(16)","?????????? (5)(6)(9)","???¥ê??? (1)(5)(10)(18)","2019-03-22"
"4080","20180522","?????????? (5)(6)","???????? (1)","??????????? (5)(6)(7)","2019-03-22"
"4081","20180522","????","??????","????????©¤ (6)","2019-03-22"
"4082","20180522","??????","","??¥á?","2019-03-22"
"4083","20180523","???? (15)","????","????? (5)(6)(10)","2019-03-22"
"4084","20180523","???????©¤ (5)","??????????? (5)(16)","????? (1)(9)(17)","2019-03-22"
"4085","20180523","??????","?????????????","?????? (6)","2019-03-22"
"4086","20180523","","????????????? (1)(5)(6)(10)(12)","??¥á?","2019-03-22"
"4087","20180523","","??????","","2019-03-22"
"4088","20180524","???????? (1)(2)(6)(10)(12)","????","??","2019-03-22"
"4089","20180524","","???????? (5)(15)","???¥ê??? (1)(5)(10)(18)","2019-03-22"
"4090","20180524","","???????? (5)(6)","?????????? (1)(5)(6)(15)","2019-03-22"
"4091","20180524","","??¢®??????©¤ (5)(6)(17)","????????","2019-03-22"
"4092","20180524","","??????","??¥á?","2019-03-22"
"4093","20180525","??1","????","????","2019-03-22"
"4094","20180525","?¥ê¥è????? (1)(5)","??????ýß (5)(6)","??????????? (5)(16)","2019-03-22"
"4095","20180525","?????????????? (6)(10)","?????? (6)(10)","??????? (6)","2019-03-22"
"4096","20180525","????","????????? (1)(5)(6)(12)","??????? (1)","2019-03-22"
"4097","20180525","??¥á?","??¥á?","??????","2019-03-22"
"4098","20180526","?????¥á? (1)(5)(6)(10)(16)","?????????? (10)(12)","??","2019-03-22"
"4099","20180526","?????©¤ (5)(6)","????? (1)(5)(9)","????????? (5)(6)(10)","2019-03-22"
"4100","20180526","??????","????","??????????? (5)(6)(15)","2019-03-22"
"4101","20180526","","??????","???¥ê¥î???? (5)(6)","2019-03-22"
"4102","20180526","","","??¥á?","2019-03-22"
"4103","20180527","??????? (5)(16)","??? (5)(6)","??","2019-03-22"
"4104","20180527","?????????? (5)(6)","??????? (1)","???????? (5)(6)(9)","2019-03-22"
"4105","20180527","??????©¤ (5)(6)","????????? (1)","????????? (5)(6)","2019-03-22"
"4106","20180527","??¥á?","??????","???????????? (5)(6)","2019-03-22"
"4107","20180527","","","??????","2019-03-22"
"4108","20180528","?????","???????","??","2019-03-22"
"4109","20180528","?????? (1)(5)(9)","?¥ê¥è????? (1)(5)","????? (5)(6)(10)","2019-03-22"
"4110","20180528","???????????????? (5)(6)(10)(12)","????????? (5)(6)","???(????????) (1)(5)(6)(15)","2019-03-22"
"4111","20180528","??????","????? (1)(9)","????????","2019-03-22"
"4112","20180528","","??????","??¥á?","2019-03-22"
"4113","20180529","??1","????","??","2019-03-22"
"4114","20180529","????????? (5)(6)(10)","???ª…?? (10)","??????????? (1)(5)(16)","2019-03-22"
"4115","20180529","????°Z?? (5)(6)","????? (5)(6)","?¥ê¥á?? (5)(10)","2019-03-22"
"4116","20180529","??????©¤ (5)(6)","???????©¤ (5)","????????? (5)(6)","2019-03-22"
"4117","20180529","??¥á?","??????","??¥á?","2019-03-22"
"4118","20180530","??????? (1)(5)(6)(16)","????","????","2019-03-22"
"4119","20180530","????? (5)(6)(10)","???????? (5)(6)","????????? (5)","2019-03-22"
"4120","20180530","????","??¢®??????? (5)(6)(17)","????????? (5)(6)(16)","2019-03-22"
"4121","20180530","??¥á?","??????/??????? (6)","????????©¤ (6)","2019-03-22"
"4122","20180530","","??????","??¥á?","2019-03-22"
"4123","20180531","??1","????","??","2019-03-22"
"4124","20180531","???????ýß (5)(6)","?¥ä“ž?? (5)(6)(9)","???¥ê??? (1)(5)(10)(18)","2019-03-22"
"4125","20180531","??????????????? (10)","??????????? (1)(6)","??????????? (5)(6)(9)(10)","2019-03-22"
"4126","20180531","???????©¤ (5)","????? (1)(9)","????? (5)(6)","2019-03-22"
"4127","20180531","??????","??????","??¥á?","2019-03-22"
"4128","20180601","??1","????","????","2019-03-22"
"4129","20180601","???????? (5)(6)(9)","????????? (5)(16)","????? (5)(6)(10)","2019-03-22"
"4130","20180601","???????? (5)(6)","??? (5)(6)(16)","??????????????? (10)","2019-03-22"
"4131","20180601","?????©¤ (5)(6)","?????? (6)","?????????? (1)(5)(6)","2019-03-22"
"4132","20180601","??????(5~6??)","??????(5~6??)","??????(5~6??)","2019-03-22"
"4133","20180602","??1","??","??","2019-03-22"
"4134","20180602","?????? (1)(5)(9)","???¥ê??? (1)(5)(10)(18)","??????????? (5)(16)","2019-03-22"
"4135","20180602","?????????????? (6)(10)","????????? (5)(6)","???????????? (5)(6)(7)","2019-03-22"
"4136","20180602","????","?????? (5)(6)","??????©¤ (5)(6)","2019-03-22"
"4137","20180602","??????(5~6??)","??????(5~6??)","??????(5~6??)","2019-03-22"
"4138","20180603","???????? (1)(5)(6)(16)","????????? (5)(6)(16)","??","2019-03-22"
"4139","20180603","????? (1)(9)","????? (1)(5)(9)","????? (15)","2019-03-22"
"4140","20180603","??¢®??????©¤ (17)","????","?????????? (5)(6)","2019-03-22"
"4141","20180603","??????(5~6??)","??????(5~6??)","????????©¤ (5)(6)","2019-03-22"
"4142","20180603","","","??????(5~6??)","2019-03-22"
"4143","20180604","??1","????","??","2019-03-22"
"4144","20180604","??????????? (1)(5)(16)","????? (5)(6)","????????? (5)(6)(10)","2019-03-22"
"4145","20180604","??¢®??????? (5)(6)(17)","???????????????? (5)(6)(16)","?????????? (1)(5)(6)(15)","2019-03-22"
"4146","20180604","??????©¤ (5)(6)","??????/??????? (6)","????????","2019-03-22"
"4147","20180604","??????(5~6??)","??????(5~6??)","??????(5~6??)","2019-03-22"
"4148","20180605","??1","????? (5)(6)(16)","??","2019-03-22"
"4149","20180605","?????? (5)","?¥ê¥è????? (1)(5)","???¥ê??? (1)(5)(10)(18)","2019-03-22"
"4150","20180605","?????????????? (6)(10)","???????? (1)","?????????","2019-03-22"
"4151","20180605","????","??????(5~6??)","??????? (6)","2019-03-22"
"4152","20180605","??????(5~6??)","","??????(5~6??)","2019-03-22"
"4153","20180606","??1","????","????? (6)(10)","2019-03-22"
"4154","20180606","?????????? (5)(9)(18)","????? (5)(6)(10)","?????????? (5)(6)(10)","2019-03-22"
"4155","20180606","?????????????? (5)(6)(10)","????? (5)(6)","????? (1)(9)(17)","2019-03-22"
"4156","20180606","?????©¤ (5)(6)","??¢®??????©¤ (5)(6)(17)","???????©¤","2019-03-22"
"4157","20180606","??????(5~6??)","??????(5~6??)","??????(5~6??)","2019-03-22"
"4158","20180607","??1","??","????","2019-03-22"
"4159","20180607","???????? (5)(9)(16)","?????????? (5)(6)(9)","??????????? (5)(15)","2019-03-22"
"4160","20180607","?????????????","????????? (5)(6)(10)","??????????? (5)(6)(7)","2019-03-22"
"4161","20180607","????","????? (5)(6)","?¥ê????? (5)(6)","2019-03-22"
"4162","20180607","??????(5~6??)","??????(5~6??)","??????(5~6??)","2019-03-22"
"4163","20180608","??1","????","????","2019-03-22"
"4164","20180608","?????? (1)(5)(9)","??????????? (1)(5)(16)","????????? (5)(6)(10)","2019-03-22"
"4165","20180608","????????????? (5)(6)(16)","??¢®????? (1)(6)","?¥ê¥á?? (5)(10)","2019-03-22"
"4166","20180608","?????©¤ (5)(6)","??????/??????? (6)","??????©¤ (5)(6)","2019-03-22"
"4167","20180608","??????(5~6??)","??????(5~6??)","??????(5~6??)","2019-03-22"
"4168","20180609","??1","??????? (10)","??","2019-03-22"
"4169","20180609","??????? (5)(16)","???????? (5)(6)(9)","???????? (5)(6)(9)","2019-03-22"
"4170","20180609","?????????????","???????? (1)","????? (5)(6)(15)","2019-03-22"
"4171","20180609","????","??????(5~6??)","??????©¤ (5)(6)","2019-03-22"
"4172","20180609","??????(5~6??)","","??????(5~6??)","2019-03-22"
"4173","20180610","???? (15)","??????? (1)(5)(6)(16)","??","2019-03-22"
"4174","20180610","????????©¤ (6)","????? (1)(5)(9)","????? (5)(6)(10)","2019-03-22"
"4175","20180610","??????(5~6??)","????? (5)(6)","???????????????? (5)(6)(10)","2019-03-22"
"4176","20180610","","??????(5~6??)","??¢®??????©¤ (17)","2019-03-22"
"4177","20180610","","","??????(5~6??)","2019-03-22"
"4178","20180611","??1","???????","??","2019-03-22"
"4179","20180611","????????? (5)(16)","?¥ä“ž?? (5)(6)(9)","??¢®???? (5)(17)","2019-03-22"
"4180","20180611","?????????????? (6)(10)","????? (5)(6)(12)(15)","????¥ê? (5)(6)(10)","2019-03-22"
"4181","20180611","????","????? (1)(5)(6)(15)","????? (1)(9)","2019-03-22"
"4182","20180611","??????(5~6??)","???????©¤ (5)","??????(5~6??)","2019-03-22"
"4183","20180611","","??????(5~6??)","","2019-03-22"
"4184","20180612","??????? (1)(6)(9)(12)","????","??","2019-03-22"
"4185","20180612","","???????ýß (5)(6)","???¥ê??? (1)(5)(10)(18)","2019-03-22"
"4186","20180612","","????????? (5)(6)(16)","????????? (1)(6)","2019-03-22"
"4187","20180612","","????? (5)(6)","????????©¤ (6)","2019-03-22"
"4188","20180612","","??????(5~6??)","??????(5~6??)","2019-03-22"
"4189","20180613","??1","????","????","2019-03-22"
"4190","20180613","????????? (5)","????? (5)(6)(10)","????????? (5)(6)(10)","2019-03-22"
"4191","20180613","??¢®??????? (5)(6)(17)","??? (5)(6)(16)","????????? (5)(6)","2019-03-22"
"4192","20180613","????","???¨ù??????? (5)(6)","???????????? (5)(6)","2019-03-22"
"4193","20180613","??????(5~6??)","??????(5~6??)","??????(5~6??)","2019-03-22"
"4194","20180614","??1","????? (5)(6)(16)","???? ??? ????? (5)(6)(10)","2019-03-22"
"4195","20180614","??????? (5)(16)","???????? (5)(6)(9)","????? (1)(9)(17)","2019-03-22"
"4196","20180614","?¥ê¥á?? (5)(10)","???????? (1)","???????? (6)(12)","2019-03-22"
"4197","20180614","????? (5)(6)","??????(5~6??)","??????(5~6??)","2019-03-22"
"4198","20180614","??????(5~6??)","","","2019-03-22"
"4199","20180615","??1","????","????","2019-03-22"
"4200","20180615","????? (1)(5)(9)","???????? (5)(6)","???????? (5)(6)(9)","2019-03-22"
"4201","20180615","???????????????? (5)(6)(10)(12)","????? ??? ????? (1)(5)(6)(15)","???????? (5)(6)(10)(17)","2019-03-22"
"4202","20180615","???????? (5)(6)","???????©¤ (5)","?????? (5)(6)","2019-03-22"
"4203","20180615","??????(5~6??)","??????(5~6??)","??????(5~6??)","2019-03-22"
"4204","20180616","??1","??","?????????????? (1)(5)(6)(10)","2019-03-22"
"4205","20180616","????????? (5)(16)","??????????? (5)(16)","???????ýß (5)(6)","2019-03-22"
"4206","20180616","?????????????? (6)(10)","?????????? (5)(6)","????? (5)(6)","2019-03-22"
"4207","20180616","????","??????? (1)","??????(5~6??)","2019-03-22"
"4208","20180616","??????(5~6??)","??????(5~6??)","","2019-03-22"
"4209","20180617","??1","????????? (12)(15)","??????? (5)(16)","2019-03-22"
"4210","20180617","???????? (5)(6)(9)","????? (1)(5)(9)","???????? (5)(6)","2019-03-22"
"4211","20180617","?????????????? (5)(6)(10)","????????©¤ (6)","??¢®??????©¤ (17)","2019-03-22"
"4212","20180617","???¥ê¥î???? (5)(6)","??????(5~6??)","??????(5~6??)","2019-03-22"
"4213","20180617","??????(5~6??)","","","2019-03-22"
"4214","20180618","??1","????","????? (5)(6)(10)","2019-03-22"
"4215","20180618","?????? (1)(5)(9)","??????? (5)","????? (1)(9)(17)","2019-03-22"
"4216","20180618","???????????????? (5)(6)(10)(12)","???????? (6)","??????? (1)(5)(6)(10)","2019-03-22"
"4217","20180618","????","??????????? (5)(6)(15)","??????(5~6??)","2019-03-22"
"4218","20180618","??????(5~6??)","??????(5~6??)","","2019-03-22"
"4219","20180619","??????? (1)(6)(9)(12)","????","??","2019-03-22"
"4220","20180619","","??????ýß (5)(6)","???¥ê??? (1)(5)(10)(18)","2019-03-22"
"4221","20180619","","???????? (5)(6)","???????? (5)(6)(10)","2019-03-22"
"4222","20180619","","?????? (5)(6)","????? (5)(6)","2019-03-22"
"4223","20180619","","??????(5~6??)","??????(5~6??)","2019-03-22"
"4224","20180620","??1","????","????","2019-03-22"
"4225","20180620","????????1??","??????? (5)(16)","???????? (1)(6)","2019-03-22"
"4226","20180620","?????©¤ (5)(6)","????????? (5)(6)","???????? (5)(6)","2019-03-22"
"4227","20180620","??????(5~6??)","?????","????? (5)(6)","2019-03-22"
"4228","20180620","","??????(5~6??)","??????(5~6??)","2019-03-22"
"4229","20180621","???????? (1)(2)(6)(10)(12)","???????","????","2019-03-22"
"4230","20180621","","???????? (5)(6)(10)","????? (5)(6)(10)","2019-03-22"
"4231","20180621","","?????????????","?????????? (1)(5)(6)(15)","2019-03-22"
"4232","20180621","","????? (1)(9)","????????","2019-03-22"
"4233","20180621","","??????(5~6??)","??????(5~6??)","2019-03-22"
"4234","20180622","??1","????","????","2019-03-22"
"4235","20180622","????????? (5)(16)","??????? (6)(15)","????????? (5)(6)(10)","2019-03-22"
"4236","20180622","???????????? (10)","??¢®???? (5)(6)(17)","??????????? (5)(6)(7)","2019-03-22"
"4237","20180622","????","??????©¤ (5)(6)","??????/??????? (6)","2019-03-22"
"4238","20180622","??????(5~6??)","??????(5~6??)","??????(5~6??)","2019-03-22"
"4239","20180623","?????","??","??","2019-03-22"
"4240","20180623","????????? (5)","?????????? (5)(6)(9)","??????????? (5)(15)","2019-03-22"
"4241","20180623","????°Z?? (5)(6)","???????? (5)(6)(10)","??????????? (1)(12)","2019-03-22"
"4242","20180623","??????(5~6??)","????????©¤ (6)","??¢®??????©¤ (1)(5)(6)(17)","2019-03-22"
"4243","20180623","","??????(5~6??)","??????(5~6??)","2019-03-22"
"4244","20180624","??1","?????????? (10)(12)","??","2019-03-22"
"4245","20180624","?????? (5)","?¥ê¥è????? (1)(5)","???????? (5)(6)(10)","2019-03-22"
"4246","20180624","?????????????? (6)(10)","????","?????????????? (5)(6)(10)","2019-03-22"
"4247","20180624","??????©¤ (5)(6)","??????(5~6??)","???????? (5)(6)","2019-03-22"
"4248","20180624","??????(5~6??)","","??????(5~6??)","2019-03-22"
"4249","20180625","??1","???????","??","2019-03-22"
"4250","20180625","????????? (5)(16)","???©ö??? (5)(6)","??????ýß (5)(6)","2019-03-22"
"4251","20180625","???????????????? (5)(6)(10)","?????????? (5)(6)(10)","?????? (1)(5)(6)(10)","2019-03-22"
"4252","20180625","????","?????©¤ (5)(6)","????????? (1)(5)(6)(12)","2019-03-22"
"4253","20180625","??????(5~6??)","??????(5~6??)","??????(5~6??)","2019-03-22"
"4254","20180626","???????? (1)(2)(6)(10)(12)","????","??","2019-03-22"
"4255","20180626","","??????????? (5)(15)","???ª…?? (10)","2019-03-22"
"4256","20180626","","???????? (5)(6)","???????©¤ (5)","2019-03-22"
"4257","20180626","","????????©¤ (5)(6)","????? (5)(6)","2019-03-22"
"4258","20180626","","??????(5~6??)","??????(5~6??)","2019-03-22"
"4259","20180627","??1","????","????","2019-03-22"
"4260","20180627","?????????? (5)(6)(9)","?????????","???????? (5)(9)(16)","2019-03-22"
"4261","20180627","??????????????? (10)","????? (1)(6)","??????????","2019-03-22"
"4262","20180627","????? (1)(9)","??????¢®?????©¤ (6)(17)","????????????? (1)(5)(6)(10)(12)","2019-03-22"
"4263","20180627","??????(5~6??)","??????(5~6??)","??????(5~6??)","2019-03-22"
"4264","20180628","???????? (1)(6)(10)(12)","???????","????","2019-03-22"
"4265","20180628","","??????????? (1)(5)(16)","?????? (5)","2019-03-22"
"4266","20180628","","??????????????? (5)(6)(10)","??????????? (5)(6)(9)(10)","2019-03-22"
"4267","20180628","","???????? (5)(6)","????? (5)(6)","2019-03-22"
"4268","20180628","","??????(5~6??)","??????(5~6??)","2019-03-22"
"4269","20180629","??1","??","????","2019-03-22"
"4270","20180629","????????1??","????? (5)(6)(10)","???????? (5)(6)(9)","2019-03-22"
"4271","20180629","????????©¤ (6)","?????? (1)(5)(6)(10)","???(????????) (1)(5)(6)(15)","2019-03-22"
"4272","20180629","??????(5~6??)","????????? (1)(5)(6)(12)","????????","2019-03-22"
"4273","20180629","","??????(5~6??)","??????(5~6??)","2019-03-22"
"4274","20180630","?????? (1)(6)(10)(12)","??????????? (6)","??","2019-03-22"
"4275","20180630","","???????? (5)(9)(16)","???¥ê??? (1)(5)(10)(18)","2019-03-22"
"4276","20180630","","??????????? (1)(12)","????????? (5)(6)(16)","2019-03-22"
"4277","20180630","","??????(5~6??)","??????©¤ (5)(6)","2019-03-22"
"4278","20180630","","","??????(5~6??)","2019-03-22"
"4279","20180701","??????? (5)(16)","?????????? (10)(12)","??","2019-03-22"
"4280","20180701","??¢®??????? (5)(6)(17)","????? (1)(5)(9)","??????ýß (5)(6)","2019-03-22"
"4281","20180701","???????? (5)(6)","????","????°Z?? (5)(6)","2019-03-22"
"4282","20180701","??????(7~9??)","??????(7~9??)","??????????? (5)(6)(15)","2019-03-22"
"4283","20180701","","","??????","2019-03-22"
"4284","20180702","??1","??","???????","2019-03-22"
"4285","20180702","????????? (5)(16)","???©ö??? (5)(6)","????? (5)(6)(10)","2019-03-22"
"4286","20180702","?????????????? (6)(10)","????????????? (5)(6)(16)","?????????? (1)(5)(6)(15)","2019-03-22"
"4287","20180702","????","??????©¤ (5)(6)","????????","2019-03-22"
"4288","20180702","??????","??????(7~9??)","??????","2019-03-22"
"4289","20180703","???????? (1)(2)(6)(10)(12)","????","????? (5)(6)(16)","2019-03-22"
"4290","20180703","","???????? (5)(6)(9)","???????? (5)(6)(9)","2019-03-22"
"4291","20180703","","???????? (5)(6)(10)(17)","???????? (1)","2019-03-22"
"4292","20180703","","????? (5)(6)","??????(7~9??)","2019-03-22"
"4293","20180703","","??????(7~9??)","","2019-03-22"
"4294","20180704","??1","??","????","2019-03-22"
"4295","20180704","??????????? (1)(5)(16)","????? (15)","????? (1)(5)(9)","2019-03-22"
"4296","20180704","?????????","?????????????","???????????????? (5)(6)(10)","2019-03-22"
"4297","20180704","????","????????©¤ (6)","??????? (6)","2019-03-22"
"4298","20180704","??????(7~9??)","??????(7~9??)","??????(7~9??)","2019-03-22"
"4299","20180705","??1","??","????","2019-03-22"
"4300","20180705","????????? (5)(16)","???????? (5)(9)(16)","???¥ê??? (1)(5)(10)(18)","2019-03-22"
"4301","20180705","??????????????? (10)","????????? (5)(6)","????? (5)(6)(12)(15)","2019-03-22"
"4302","20180705","???????©¤ (5)","????? (1)(9)","???????????? (5)(6)(7)","2019-03-22"
"4303","20180705","??????(7~9??)","??????(7~9??)","??????(7~9??)","2019-03-22"
"4304","20180706","???????? (1)(5)(6)(16)","????","????","2019-03-22"
"4305","20180706","?????????? (5)(6)","??????????? (5)(16)","????? (5)(6)(10)","2019-03-22"
"4306","20180706","????? (1)(9)","????? ??? ?????????????(1)(6)","????¥ê? (5)(6)(10)","2019-03-22"
"4307","20180706","??????","??¢®??????©¤ (1)(5)(6)(17)","??????©¤ (5)(6)","2019-03-22"
"4308","20180706","","??????(7~9??)","??????(7~9??)","2019-03-22"
"4309","20180707","?????? (1)(6)(10)(12)","????","??","2019-03-22"
"4310","20180707","","?????? (5)","???????? (5)(6)(10)","2019-03-22"
"4311","20180707","","????? (5)(6)(15)","??????????? (5)(6)","2019-03-22"
"4312","20180707","","??????","?????©¤ (5)(6)","2019-03-22"
"4313","20180707","","??????(7~9??)","??????(7~9??)","2019-03-22"
"4314","20180708","??1","??","??????? (10)","2019-03-22"
"4315","20180708","??????? (5)(16)","???????? (5)(6)(9)","????????? (5)(6)(10)","2019-03-22"
"4316","20180708","???????????????? (5)(6)(10)(12)","?????????????? (5)(6)(10)","??????????? (1)(12)","2019-03-22"
"4317","20180708","????","???????????? (5)(6)","??????","2019-03-22"
"4318","20180708","??????(7~9??)","??????(7~9??)","","2019-03-22"
"4319","20180709","??1","????","????? (5)(6)(10)","2019-03-22"
"4320","20180709","????????? (5)(16)","??¢®???? (5)(17)","????? (1)(9)(17)","2019-03-22"
"4321","20180709","?????????????? (6)(10)","????? (1)(5)(6)(15)","???????? (6)","2019-03-22"
"4322","20180709","??????©¤ (5)(6)","????? (5)(6)","??????(7~9??)","2019-03-22"
"4323","20180709","??????","??????(7~9??)","","2019-03-22"
"4324","20180710","??????? (1)(6)(9)(12)","????? (5)(6)(16)","????","2019-03-22"
"4325","20180710","","???????? (5)(6)(9)","???¥ê??? (1)(5)(10)(18)","2019-03-22"
"4326","20180710","","???????? (1)","????????? (5)(6)(10)","2019-03-22"
"4327","20180710","","??????(7~9??)","????? (5)(6)","2019-03-22"
"4328","20180710","","","??????(7~9??)","2019-03-22"
"4329","20180711","??1","??","????","2019-03-22"
"4330","20180711","??????? (5)(16)","????? (5)(6)(10)","??????????","2019-03-22"
"4331","20180711","?????????????","?????? (6)","?????? ??? ????????(6)(10)","2019-03-22"
"4332","20180711","???????? (5)(6)","??????? (5)(6)(15)","????????? (1)(5)(6)(12)","2019-03-22"
"4333","20180711","??????(7~9??)","??????","??????","2019-03-22"
"4334","20180712","?????","??","????","2019-03-22"
"4335","20180712","?????? (5)","?????? (1)(5)(9)","????????? (5)(6)(10)","2019-03-22"
"4336","20180712","?????????? (5)(6)","?¥ê¥á?? (5)(10)","???(????????) (1)(5)(6)(15)","2019-03-22"
"4337","20180712","??????(7~9??)","??¢®??????©¤ (5)(6)(17)","????????","2019-03-22"
"4338","20180712","","??????","??????(7~9??)","2019-03-22"
"4339","20180713","??1","????","????? (6)(10)","2019-03-22"
"4340","20180713","??????? (5)(16)","?????????","????? (1)(5)(9)","2019-03-22"
"4341","20180713","???????????????? (5)(6)(10)(12)","??? (5)(6)(16)","????? ??? ?????????????(1)(6)","2019-03-22"
"4342","20180713","????","??????????????? (5)(6)(12)","??????(7~9??)","2019-03-22"
"4343","20180713","??????(7~9??)","??????(7~9??)","","2019-03-22"
"4344","20180714","??1","????????? (5)(6)(16)","????","2019-03-22"
"4345","20180714","??????????? (5)(15)","??????ýß (5)(6)","???¥ê??? (1)(5)(10)(18)","2019-03-22"
"4346","20180714","?????????","??????","???????? (5)(6)(10)","2019-03-22"
"4347","20180714","??????©¤ (5)(6)","??????(7~9??)","?????? (5)(6)","2019-03-22"
"4348","20180714","??????(7~9??)","","??????(7~9??)","2019-03-22"
"4349","20180715","??1","?????????????? (1)(5)(6)(10)","??","2019-03-22"
"4350","20180715","???????? (5)(6)(9)","????????? (5)","?????????? (5)(6)(9)","2019-03-22"
"4351","20180715","???????????? (10)","?????©¤ (5)(6)","?????????????? (5)(6)(10)","2019-03-22"
"4352","20180715","????","??????","???????? (5)(6)","2019-03-22"
"4353","20180715","??????(7~9??)","","??????(7~9??)","2019-03-22"
"4354","20180716","??1","????","????? (5)(6)(10)","2019-03-22"
"4355","20180716","????????? (5)(16)","????? (5)(6)(10)","????? (1)(9)(17)","2019-03-22"
"4356","20180716","?????????????? (6)(10)","??????????? (5)(6)(15)","???????©¤","2019-03-22"
"4357","20180716","????","??????©¤ (5)(6)","??????(7~9??)","2019-03-22"
"4358","20180716","??????","??????","","2019-03-22"
"4359","20180717","???????? (1)(2)(6)(10)(12)","??","????","2019-03-22"
"4360","20180717","","????????? (15)(18)","??????????? (1)(5)(16)","2019-03-22"
"4361","20180717","","????????©¤ (6)","???????? (6)(12)","2019-03-22"
"4362","20180717","","??????","???????????? (5)(6)(7)","2019-03-22"
"4363","20180717","","","??????(7~9??)","2019-03-22"
"4364","20180718","??1","???????","????","2019-03-22"
"4365","20180718","???????? (5)(9)(16)","????? (5)(6)","???¥ê??? (1)(5)(10)(18)","2019-03-22"
"4366","20180718","??¢®???? (5)(6)(17)","?????????????? (5)(6)(10)","?????????? (1)(5)(6)(15)","2019-03-22"
"4367","20180718","????","????? (1)(9)","????????","2019-03-22"
"4368","20180718","??????","??????(7~9??)","??????(7~9??)","2019-03-22"
"4369","20180719","??1","????","??????? (1)(5)(6)(16)","2019-03-22"
"4370","20180719","?????? (1)(5)(9)","???ª…?? (10)","???????? (5)(6)(9)","2019-03-22"
"4371","20180719","?¥ê¥á?? (5)(10)","???????©¤ (5)","?????? (6)","2019-03-22"
"4372","20180719","???????? (5)(6)","????? (5)(6)","??????(7~9??)","2019-03-22"
"4373","20180719","??????","??????(7~9??)","","2019-03-22"
"4374","20180720","??1","????©ª? (1)(3)(5)(6)","????","2019-03-22"
"4375","20180720","????????? (5)(6)(10)","??????(???????) (5)(6)(10)(12)","?¥ê¥è????? (1)(5)","2019-03-22"
"4376","20180720","??¢®??????? (5)(6)(17)","????","????????? (5)(6)(16)","2019-03-22"
"4377","20180720","????? (1)(9)","","?????? (5)(6)","2019-03-22"
"4378","20180720","??????(7~9??)","","??????(7~9??)","2019-03-22"
"4379","20180721","???????? (1)(6)(10)(12)","??","????","2019-03-22"
"4380","20180721","","?????????? (5)(6)(9)","??????????? (5)(15)","2019-03-22"
"4381","20180721","","???????? (5)(6)(10)","?¥ê????? (5)(6)","2019-03-22"
"4382","20180721","","????????©¤ (6)","??????©¤ (5)(6)","2019-03-22"
"4383","20180721","","??????(7~9??)","??????(7~9??)","2019-03-22"
"4384","20180722","??1","??????????? (6)","??","2019-03-22"
"4385","20180722","????????? (5)(16)","????????? (5)","???????? (5)(6)(10)","2019-03-22"
"4386","20180722","???????????????? (5)(6)(10)","???????? (1)","????????? (5)(6)","2019-03-22"
"4387","20180722","????","??????","???????? (5)(6)","2019-03-22"
"4388","20180722","??????(7~9??)","","??¥á?(?????)","2019-03-22"
"4389","20180723","??1","???????","????? (6)(10)","2019-03-22"
"4390","20180723","????????1??","?¥ä“ž?? (5)(6)(9)","????°Z?? (5)(6)","2019-03-22"
"4391","20180723","?????©¤ (5)(6)","???????????????? (5)(6)(16)","?????? (1)(5)(6)(10)","2019-03-22"
"4392","20180723","??¥á?(?????)","??????","??????(7~9??)","2019-03-22"
"4393","20180723","","??????(7~9??)","","2019-03-22"
"4394","20180724","??1","??","????","2019-03-22"
"4395","20180724","?????? (5)","??????? (6)(15)","???¥ê??? (1)(5)(10)(18)","2019-03-22"
"4396","20180724","?????????????? (6)(10)","?????????????","??????????? (5)(6)(9)(10)","2019-03-22"
"4397","20180724","???????? (5)(6)","?????? (5)(6)","????? (5)(6)","2019-03-22"
"4398","20180724","??¥á?(?????)","??????(7~9??)","??????(7~9??)","2019-03-22"
"4399","20180725","??1","??","????","2019-03-22"
"4400","20180725","?????????? (5)(9)(18)","?????????? (5)(6)(9)","??????????? (1)(5)(16)","2019-03-22"
"4401","20180725","??????????????? (5)(6)(10)","?????????? (5)(6)(10)","????????? (1)(6)","2019-03-22"
"4402","20180725","????","????????©¤ (6)","???????©¤ (5)","2019-03-22"
"4403","20180725","??????(7~9??)","??????(7~9??)","??¥á?(?????)","2019-03-22"
"4404","20180726","???????? (1)(6)(10)(12)","??","????","2019-03-22"
"4405","20180726","","??????????? (5)(16)","????? (5)(6)(10)","2019-03-22"
"4406","20180726","","?????","??? (5)(6)(16)","2019-03-22"
"4407","20180726","","??????¢®?????©¤ (6)(17)","??????????? (5)(6)(7)","2019-03-22"
"4408","20180726","","??????(7~9??)","??¥á?(?????)","2019-03-22"
"4409","20180727","??1","??","????","2019-03-22"
"4410","20180727","?????? (5)","????????? (15)(18)","????????? (5)(6)(10)","2019-03-22"
"4411","20180727","?????????????? (6)(10)","????????©¤ (6)","?????? (1)(5)(6)(10)","2019-03-22"
"4412","20180727","????","??????(7~9??)","????????? (1)(5)(6)(12)","2019-03-22"
"4413","20180727","??¥á?(?????)","","??????(7~9??)","2019-03-22"
"4414","20180728","???? (15)","????","????? (5)(6)(16)","2019-03-22"
"4415","20180728","??¢®??????©¤ (17)","????? (5)(6)(10)","?????????? (5)(6)(9)","2019-03-22"
"4416","20180728","??????(7~9??)","???????? (5)(6)","???????? (1)","2019-03-22"
"4417","20180728","","??????","??????(7~9??)","2019-03-22"
"4418","20180728","","??¥á?(?????)","","2019-03-22"
"4419","20180729","??1","???©ª? (1)(3)(6)","????????? (12)(15)","2019-03-22"
"4420","20180729","?????? (5)","????????? (5)(6)(16)","????? (1)(5)(9)","2019-03-22"
"4421","20180729","?????????????? (5)(6)(10)","??????(7~9??)","?????©¤ (5)(6)","2019-03-22"
"4422","20180729","???¥ê¥î???? (5)(6)","","??¥á?(?????)","2019-03-22"
"4423","20180729","??????(7~9??)","","","2019-03-22"
"4424","20180730","??1","???????","??","2019-03-22"
"4425","20180730","??????????? (5)(15)","???????? (5)(9)(16)","?????? ??? ????????(6)(10)","2019-03-22"
"4426","20180730","??????????? (1)(12)","???????? (5)(6)","??????????? (6)(10)","2019-03-22"
"4427","20180730","??????©¤ (5)(6)","??????©¤ (5)(6)","??¥á?(?????)","2019-03-22"
"4428","20180730","??????(7~9??)","?©¥??","","2019-03-22"
"4429","20180731","??1","??","????","2019-03-22"
"4430","20180731","?????? (1)(5)(9)","????????? (5)(16)","???????? (5)(6)(9)","2019-03-22"
"4431","20180731","??????????????? (10)","?¥ê¥á?? (5)(10)","????????? (5)(6)","2019-03-22"
"4432","20180731","????","?????????? (1)(5)(6)","?????? (5)(6)","2019-03-22"
"4433","20180731","??????(7~9??)","??¥á?(?????)","??????(7~9??)","2019-03-22"
"4434","20180801","??1","??","????","2019-03-22"
"4435","20180801","??????? (5)(16)","??????????? (5)(15)","???????? (5)(6)(9)","2019-03-22"
"4436","20180801","?????????????","???????????????? (5)(6)(10)(12)","????¥ê? (5)(6)(10)","2019-03-22"
"4437","20180801","??????©¤ (5)(6)","????? (1)(9)","???????? (6)(12)","2019-03-22"
"4438","20180801","??????(7~9??)","??????(7~9??)","???????","2019-03-22"
"4439","20180802","??1","????","??????? (1)(5)(6)(16)","2019-03-22"
"4440","20180802","????? (5)(6)(10)","?????? (1)(5)(9)","?????? (5)","2019-03-22"
"4441","20180802","????????????? (5)(6)(16)","????? (1)(5)(6)(15)","????? (5)(6)","2019-03-22"
"4442","20180802","????","????????©¤ (6)","??????(7~9??)","2019-03-22"
"4443","20180802","???????","??????(7~9??)","","2019-03-22"
"4444","20180803","??1","????","????","2019-03-22"
"4445","20180803","????????? (5)(16)","??????? (6)(15)","???????? (5)(6)(9)","2019-03-22"
"4446","20180803","????°Z?? (5)(6)","?¥ê????? (5)(6)","????????? (5)(6)","2019-03-22"
"4447","20180803","???????? (5)(6)","??????©¤ (5)(6)","?????? (5)(6)","2019-03-22"
"4448","20180803","??????(7~9??)","??????(7~9??)","???????","2019-03-22"
"4449","20180804","?????? (1)(6)(10)(12)","??","???????? (1)(5)(6)(16)","2019-03-22"
"4450","20180804","","???????? (5)(6)(10)","?????????????? (5)(6)(10)","2019-03-22"
"4451","20180804","","??? (5)(6)(16)","????? (1)(9)","2019-03-22"
"4452","20180804","","???????????? (5)(6)(7)","??????(7~9??)","2019-03-22"
"4453","20180804","","???????","","2019-03-22"
"4454","20180805","???? (15)","??","????? (5)(6)(10)","2019-03-22"
"4455","20180805","?????????? (5)(6)","?????????? (5)(6)(9)","????? (1)(9)(17)","2019-03-22"
"4456","20180805","??????(7~9??)","???????? (5)(6)(10)","???????©¤","2019-03-22"
"4457","20180805","","??????","???????","2019-03-22"
"4458","20180805","","??????(7~9??)","","2019-03-22"
"4459","20180806","??1","????","?????????????? (1)(5)(6)(10)","2019-03-22"
"4460","20180806","????????? (5)(16)","???©ö??? (5)(6)","????? (5)(6)(10)","2019-03-22"
"4461","20180806","?????????????? (6)(10)","????? (5)(6)(12)(15)","??????????? (1)(12)","2019-03-22"
"4462","20180806","????","??????©¤ (5)(6)","???????","2019-03-22"
"4463","20180806","???????","????????","","2019-03-22"
"4464","20180807","??????? (1)(6)(9)(12)","???????","????","2019-03-22"
"4465","20180807","","???????? (5)(6)","???¥ê??? (1)(5)(10)(18)","2019-03-22"
"4466","20180807","","?????? (1)(5)(6)(10)","????????? (5)(6)(10)","2019-03-22"
"4467","20180807","","??????©¤ (5)(6)","????? (5)(6)","2019-03-22"
"4468","20180807","","??????(7~9??)","??????(7~9??)","2019-03-22"
"4469","20180808","??1","????","????????? (6)(16)","2019-03-22"
"4470","20180808","???????? (5)(9)(16)","?????????","?????? (5)","2019-03-22"
"4471","20180808","???????????????? (5)(6)(10)","?????????????","???????? (1)","2019-03-22"
"4472","20180808","????","???(????????) (1)(5)(6)(15)","??????(7~9??)","2019-03-22"
"4473","20180808","??????(7~9??)","???????","","2019-03-22"
"4474","20180809","??1","????","???????? (1)(2)(6)(10)(12)","2019-03-22"
"4475","20180809","????????? (5)(6)(10)","??????????? (1)(5)(16)","","2019-03-22"
"4476","20180809","?????????????? (5)(6)(10)","??¢®???? (5)(6)(17)","","2019-03-22"
"4477","20180809","??????","?????","","2019-03-22"
"4478","20180809","??????(7~9??)","??????(7~9??)","","2019-03-22"
"4479","20180810","??1","????","????","2019-03-22"
"4480","20180810","????????? (5)","????? (5)(6)","?¥ê¥á?? (5)(10)","2019-03-22"
"4481","20180810","???????????? (10)","????? (5)(6)(15)","???????? (1)(6)","2019-03-22"
"4482","20180810","???????? (5)(6)","??????©¤ (5)(6)","????????? (1)(5)(6)(12)","2019-03-22"
"4483","20180810","???????","??????(7~9??)","???????","2019-03-22"
"4484","20180811","??1","????©ª? (1)(3)(5)(6)","?????????? (10)(12)","2019-03-22"
"4485","20180811","??????? (5)(16)","???©ª? (1)(3)(6)","???????? (5)(6)(9)","2019-03-22"
"4486","20180811","??????????","????????? (5)(6)(16)","???????? (1)","2019-03-22"
"4487","20180811","????","???????","??????(7~9??)","2019-03-22"
"4488","20180811","???????","","","2019-03-22"
"4489","20180812","??1","??","??","2019-03-22"
"4490","20180812","????????? (5)(6)(10)","???????? (5)(6)(9)","???¥ê??? (1)(5)(10)(18)","2019-03-22"
"4491","20180812","?????????????? (6)(10)","???????? (5)(6)(10)","??? (5)(6)(16)","2019-03-22"
"4492","20180812","??????©¤ (5)(6)","????????©¤ (6)","???????????? (5)(6)(7)","2019-03-22"
"4493","20180812","??¥á?(?????) (9)","??????(7~9??)","??????(7~9??)","2019-03-22"
"4494","20180813","??1","????","????? (6)(10)","2019-03-22"
"4495","20180813","??????????? (5)(16)","????????? (5)(16)","?????????? (6)(10)","2019-03-22"
"4496","20180813","??¢®??????? (5)(6)(17)","????? (5)(6)(15)","????????? (1)(5)(6)(12)","2019-03-22"
"4497","20180813","??????","???????????? (5)(6)","??¥á?(?????) (9)","2019-03-22"
"4498","20180813","??????(7~9??)","??????(7~9??)","","2019-03-22"
"4499","20180814","???????? (1)(2)(6)(10)(12)","????","????? (5)(6)(16)","2019-03-22"
"4500","20180814","","????? (15)","?????????? (5)(6)(9)","2019-03-22"
"4501","20180814","","?????????","???????? (1)","2019-03-22"
"4502","20180814","","????????©¤ (6)","??????(7~9??)","2019-03-22"
"4503","20180814","","??¥á?(?????) (9)","","2019-03-22"
"4504","20180815","??1","????","????? (5)(6)(10)","2019-03-22"
"4505","20180815","????? (1)(5)(9)","????? (5)(6)(10)","????? (1)(9)(17)","2019-03-22"
"4506","20180815","?????????????? (5)(6)(10)","??????? (5)(6)(15)","??????????? (1)(12)","2019-03-22"
"4507","20180815","????","??¢®??????©¤ (1)(5)(6)(17)","??????(7~9??)","2019-03-22"
"4508","20180815","??????(7~9??)","??¥á?(?????) (9)","","2019-03-22"
"4509","20180816","??1","??","????","2019-03-22"
"4510","20180816","??????????? (5)(16)","????????? (15)(18)","?¥ä“ž?? (5)(6)(9)","2019-03-22"
"4511","20180816","??????????","??????©¤","????°Z?? (5)(6)","2019-03-22"
"4512","20180816","???????? (5)(6)","??????(7~9??)","????????????? (1)(5)(6)(10)(12)","2019-03-22"
"4513","20180816","??¥á?(?????) (9)","","??????(7~9??)","2019-03-22"
"4514","20180817","??1","????","????","2019-03-22"
"4515","20180817","????? (1)(5)(9)","???¥ê??? (1)(5)(10)(18)","??????ýß (5)(6)","2019-03-22"
"4516","20180817","???????????????? (5)(6)(10)","????? (5)(6)","??????????? (5)(6)(15)","2019-03-22"
"4517","20180817","????","?????©¤ (5)(6)","????????","2019-03-22"
"4518","20180817","??????(7~9??)","??¥á?(?????) (9)","??????(7~9??)","2019-03-22"
"4519","20180818","???????? (1)(6)(10)(12)","??????????? (6)","??","2019-03-22"
"4520","20180818","","????????? (5)(6)(10)","?????? (5)","2019-03-22"
"4521","20180818","","??????????? (1)(12)","??????????????? (10)","2019-03-22"
"4522","20180818","","??¥á?(?????) (9)","???????? (5)(6)","2019-03-22"
"4523","20180818","","","??????(7~9??)","2019-03-22"
"4524","20180819","??1","????????? (5)(6)(16)","??","2019-03-22"
"4525","20180819","?????? (1)(5)(9)","????? (1)(5)(9)","???????? (5)(9)(16)","2019-03-22"
"4526","20180819","?????????? (5)(6)","?????? (5)(6)","??????????? (5)(6)(15)","2019-03-22"
"4527","20180819","???????©¤ (5)","??????(7~9??)","????????©¤ (6)","2019-03-22"
"4528","20180819","??????(7~9??)","","???????","2019-03-22"
"4529","20180820","??1","????","??","2019-03-22"
"4530","20180820","????????? (5)(16)","??????ýß (5)(6)","????? (5)(6)(10)","2019-03-22"
"4531","20180820","??????????????? (5)(6)(10)","????????? (5)(6)","?????????? (1)(5)(6)(15)","2019-03-22"
"4532","20180820","????","???????? (6)","????????","2019-03-22"
"4533","20180820","??????(7~9??)","??????(7~9??)","??????(7~9??)","2019-03-22"
"4534","20180821","??1","??????? (5)(16)","????????? (12)(15)","2019-03-22"
"4535","20180821","???????? (5)(6)(9)","??????????????? (5)(6)(12)","?????? (5)","2019-03-22"
"4536","20180821","?????????","????????©¤ (6)","?????? (6)","2019-03-22"
"4537","20180821","????? (1)(9)","??????(7~9??)","??????(7~9??)","2019-03-22"
"4538","20180821","??????(7~9??)","","","2019-03-22"
"4539","20180822","??1","???????","????","2019-03-22"
"4540","20180822","????????? (5)(6)(10)","???¥ê??? (1)(5)(10)(18)","????? (15)","2019-03-22"
"4541","20180822","????","????? (1)(6)","?????????????? (6)(10)","2019-03-22"
"4542","20180822","??????????? (1)(12)","??????????? (1)(6)","??¢®??????©¤ (17)","2019-03-22"
"4543","20180822","??????(7~9??)","????????","??¥á?(?????) (9)","2019-03-22"
"4544","20180822","","??????(7~9??)","","2019-03-22"
"4545","20180823","???????? (1)(6)(10)(12)","????","??","2019-03-22"
"4546","20180823","","?????????? (5)(6)(9)","????? (5)(6)(10)","2019-03-22"
"4547","20180823","","???ª…?? (10)","?????????????? (5)(6)(10)","2019-03-22"
"4548","20180823","","????? (5)(6)","??????????? (5)(6)(7)","2019-03-22"
"4549","20180823","","??????(7~9??)","??¥á?(?????) (9)","2019-03-22"
"4550","20180824","??1","????©ª? (1)(3)(5)(6)","????","2019-03-22"
"4551","20180824","??????????? (5)(15)","???©ª? (1)(3)(6)","?????? (5)","2019-03-22"
"4552","20180824","????","????? (5)(6)","???????? (5)(6)(10)(17)","2019-03-22"
"4553","20180824","???¥ê¥î???? (5)(6)","??????(7~9??)","?????? (5)(6)","2019-03-22"
"4554","20180824","??????(7~9??)","","??????(7~9??)","2019-03-22"
"4555","20180825","??1","??","????? (5)(6)(16)","2019-03-22"
"4556","20180825","??¢®???? (5)(17)","??????????? (1)(5)(16)","???????? (5)(6)(9)","2019-03-22"
"4557","20180825","???????????????? (5)(6)(10)(12)","?¥ê¥á?? (5)(10)","???????? (1)","2019-03-22"
"4558","20180825","????","??????©¤ (5)(6)","??????(7~9??)","2019-03-22"
"4559","20180825","??????(7~9??)","??¥á?(?????) (9)","","2019-03-22"
"4560","20180826","??1","??","??????? (10)","2019-03-22"
"4561","20180826","?????? (1)(5)(9)","?¥ê¥è????? (1)(5)","???????? (5)(9)(16)","2019-03-22"
"4562","20180826","??????????????? (10)","????????? (5)(6)","?????©¤ (5)(6)","2019-03-22"
"4563","20180826","????","???????©¤ (5)","??¥á?(?????) (9)","2019-03-22"
"4564","20180826","??????(7~9??)","??????(7~9??)","","2019-03-22"
"4565","20180827","?????","???????","??","2019-03-22"
"4566","20180827","????????? (5)(16)","????? (5)(6)(10)","?????????? (5)(6)(9)","2019-03-22"
"4567","20180827","?????????????? (6)(10)","?????????? (1)(5)(6)(15)","??????????? (5)(6)(9)(10)","2019-03-22"
"4568","20180827","??¥á?(?????) (9)","??¢®??????©¤ (5)(6)(17)","????? (5)(6)","2019-03-22"
"4569","20180827","","????","??????(7~9??)","2019-03-22"
"4570","20180828","??1","???????","????","2019-03-22"
"4571","20180828","????????1??","????????? (5)","????? (1)(5)(9)","2019-03-22"
"4572","20180828","?????©¤ (5)(6)","?????????????","?????????? (1)(5)(6)","2019-03-22"
"4573","20180828","??¥á?(?????) (9)","?????????? (5)(6)(10)","????????? (6)(9)","2019-03-22"
"4574","20180828","","??¥á?(?????) (9)","??????(7~9??)","2019-03-22"
"4575","20180829","??1","??","????","2019-03-22"
"4576","20180829","??????????? (1)(5)(16)","?????????? (5)(9)(18)","???????? (5)(6)(10)","2019-03-22"
"4577","20180829","?????????????? (5)(6)(10)","?¥ê¥á?? (5)(10)","???????????????? (5)(6)(16)","2019-03-22"
"4578","20180829","???????? (5)(6)","????¢®???? (6)(17)","??????? (6)","2019-03-22"
"4579","20180829","??????(7~9??)","??¥á?(?????) (9)","??????(7~9??)","2019-03-22"
"4580","20180830","??1","??","????","2019-03-22"
"4581","20180830","??????? (5)(16)","???¥ê??? (1)(5)(10)(18)","??????????? (5)(15)","2019-03-22"
"4582","20180830","??¢®??????? (5)(6)(17)","????????? (5)(6)(16)","????????? (1)(6)","2019-03-22"
"4583","20180830","????","????? (5)(6)","????? (5)(6)","2019-03-22"
"4584","20180830","??????(7~9??)","??????(7~9??)","??????(7~9??)","2019-03-22"
"4585","20180831","??1","????","??????????? (6)","2019-03-22"
"4586","20180831","????? (1)(5)(9)","????????? (5)(16)","???????? (5)(6)(9)","2019-03-22"
"4587","20180831","?????????????? (6)(10)","????? (1)(6)","???????? (1)","2019-03-22"
"4588","20180831","???????? (5)(6)","??????????? (1)(6)","??????(7~9??)","2019-03-22"
"4589","20180831","??¥á?(?????) (9)","?????","","2019-03-22"
"4590","20180831","","??????(7~9??)","","2019-03-22"
"4591","20180901","??1","?????????? (10)(12)","??","2019-03-22"
"4592","20180901","?¥ê¥è????? (1)(5)","??????? (5)(16)","????? (15)","2019-03-22"
"4593","20180901","?????????????? (5)(6)(10)","??????????? (1)(12)","?????????","2019-03-22"
"4594","20180901","????","???????","?????©¤ (5)(6)","2019-03-22"
"4595","20180901","??????(7~9??)","","??????(7~9??)","2019-03-22"
"4596","20180902","??????? (5)(16)","????? (5)(6)(10)","??","2019-03-22"
"4597","20180902","??¢®??????? (5)(6)(17)","?????????? (5)(6)(10)(17)","???????? (5)(6)(9)","2019-03-22"
"4598","20180902","??????©¤ (5)(6)","????? (1)(9)(17)","???????? (5)(6)(10)","2019-03-22"
"4599","20180902","??????(7~9??)","???????©¤","????? (5)(6)","2019-03-22"
"4600","20180902","","??????(7~9??)","???????","2019-03-22"
"4601","20180903","??1","???????","??","2019-03-22"
"4602","20180903","????????? (5)(16)","??????????? (5)(15)","????? (1)(5)(9)","2019-03-22"
"4603","20180903","?????????????? (5)(6)(10)","??? (5)(6)(16)","???????????????? (5)(6)(10)(12)","2019-03-22"
"4604","20180903","????","??????©¤","??????????? (5)(6)(7)","2019-03-22"
"4605","20180903","??????(7~9??)","??????(7~9??)","???????","2019-03-22"
"4606","20180904","???????? (1)(6)(10)(12)","????? (5)(6)(16)","????","2019-03-22"
"4607","20180904","","???¥ê??? (1)(5)(10)(18)","?¥ä“ž?? (5)(6)(9)","2019-03-22"
"4608","20180904","","???????? (1)","???(????????) (1)(5)(6)(15)","2019-03-22"
"4609","20180904","","??????(7~9??)","????????","2019-03-22"
"4610","20180904","","","???????","2019-03-22"
"4611","20180905","??1","????","????","2019-03-22"
"4612","20180905","??????????? (1)(5)(16)","???????? (5)(6)(10)","????????? (5)","2019-03-22"
"4613","20180905","????","????????? (5)(6)(16)","????¥ê? (5)(6)(10)","2019-03-22"
"4614","20180905","??????????? (1)(12)","????????? (1)(6)","?????????? (6)(10)","2019-03-22"
"4615","20180905","??????(7~9??)","???????","???????","2019-03-22"
"4616","20180906","?????¥á? (1)(5)(6)(10)","????","????","2019-03-22"
"4617","20180906","??¢®??????? (5)(6)(17)","???????? (5)(6)(9)","?????????? (5)(6)(9)","2019-03-22"
"4618","20180906","??????(7~9??)","????? (1)(5)(6)(15)","????????? (5)(6)","2019-03-22"
"4619","20180906","","?????? (5)(6)","?????? (5)(6)","2019-03-22"
"4620","20180906","","???????","??????(7~9??)","2019-03-22"
"4621","20180907","??1","????","????","2019-03-22"
"4622","20180907","????? (5)(6)(10)","??????????? (5)(15)","?????? (5)","2019-03-22"
"4623","20180907","?????????????","?¥ê¥á?? (5)(10)","????????? (5)(6)(10)","2019-03-22"
"4624","20180907","????","?????????? (1)(5)(6)","?????©¤ (5)(6)","2019-03-22"
"4625","20180907","???????","????????","??????(7~9??)","2019-03-22"
"4626","20180908","???????? (1)(6)(10)(12)","??????? (1)(5)(6)(16)","??","2019-03-22"
"4627","20180908","","????? (1)(5)(9)","??????????? (5)(16)","2019-03-22"
"4628","20180908","","??????©¤ (5)(6)","????°Z?? (5)(6)","2019-03-22"
"4629","20180908","","??????(7~9??)","???????????? (5)(6)(7)","2019-03-22"
"4630","20180908","","","???????","2019-03-22"
"4631","20180909","??1","??","??","2019-03-22"
"4632","20180909","????????? (5)(6)(10)","?????? (5)","??¢®???? (5)(17)","2019-03-22"
"4633","20180909","?????????????? (6)(10)","????? (5)(6)(15)","?????? (5)(6)","2019-03-22"
"4634","20180909","????","??????","??????????????? (10)","2019-03-22"
"4635","20180909","???????","??????(7~9??)","??????(7~9??)","2019-03-22"
"4636","20180910","??1","???????","??","2019-03-22"
"4637","20180910","????????? (5)(16)","?????? (1)(5)(9)","???¥ê??? (1)(5)(10)(18)","2019-03-22"
"4638","20180910","???????????? (10)","????? (5)(6)(12)(15)","???????????????? (5)(6)(10)","2019-03-22"
"4639","20180910","???????? (5)(6)","??????©¤ (5)(6)","???????????? (5)(6)","2019-03-22"
"4640","20180910","??????(7~9??)","??????(7~9??)","???????","2019-03-22"
"4641","20180911","???????? (1)(2)(6)(10)(12)","????","????","2019-03-22"
"4642","20180911","","???????? (5)(6)(9)","????????? (5)","2019-03-22"
"4643","20180911","","????????? (5)(6)(16)","?????????? (1)(5)(6)(15)","2019-03-22"
"4644","20180911","","?????? (5)(6)","????????","2019-03-22"
"4645","20180911","","??????(7~9??)","???????","2019-03-22"
"4646","20180912","??1","????","??¢®???? (5)(6)(17)","2019-03-22"
"4647","20180912","??????????? (1)(5)(16)","????????? (5)(16)","?????? (1)(5)(6)(10)","2019-03-22"
"4648","20180912","?????????","???????????????? (5)(6)(10)(12)","????????? (1)(5)(6)(12)","2019-03-22"
"4649","20180912","???¥ê¥î???? (5)(6)","????? (5)(6)(12)","???????","2019-03-22"
"4650","20180912","??????(7~9??)","??????(7~9??)","","2019-03-22"
"4651","20180913","??1","????","????","2019-03-22"
"4652","20180913","???????? (5)(9)(16)","?????????? (5)(6)(9)","???¥ê??? (1)(5)(10)(18)","2019-03-22"
"4653","20180913","?????????????? (6)(10)","??????????? (5)(6)(9)(10)","?????? (5)(6)(12)","2019-03-22"
"4654","20180913","????","???????©¤ (5)","????? (5)(6)","2019-03-22"
"4655","20180913","???????","??????(7~9??)","???????","2019-03-22"
"4656","20180914","??1","????","????","2019-03-22"
"4657","20180914","??????? (5)(16)","????? (15)","????????? (5)(6)(10)","2019-03-22"
"4658","20180914","????°Z?? (5)(6)","?????????????","????????? (5)(6)","2019-03-22"
"4659","20180914","????","?????? (6)","??????????? (1)(12)","2019-03-22"
"4660","20180914","???????","??????(7~9??)","???????","2019-03-22"
"4661","20180915","?????? (1)(6)(10)(12)","??????? (10)","??","2019-03-22"
"4662","20180915","","???????? (5)(6)(9)","???????? (5)(6)(9)","2019-03-22"
"4663","20180915","","???????? (1)","???????? (5)(6)(10)","2019-03-22"
"4664","20180915","","??¥á?(?????) (9)","????????©¤ (6)","2019-03-22"
"4665","20180915","","","??????(7~9??)","2019-03-22"
"4666","20180916","???????? (1)(5)(6)(16)","?????????? (5)(6)(10)(17)","??","2019-03-22"
"4667","20180916","????? (1)(9)","????? (5)(6)(10)","????? (5)(6)(10)","2019-03-22"
"4668","20180916","??????","????? (1)(9)(17)","????","2019-03-22"
"4669","20180916","??????(7~9??)","???????????????? (5)(6)(16)","??????????? (5)(6)(15)","2019-03-22"
"4670","20180916","","??????(7~9??)","??¥á?(?????) (9)","2019-03-22"
"4671","20180917","??1","???????? (5)(15)","????????? (5)(6)(16)","2019-03-22"
"4672","20180917","????????? (5)(16)","??","?????? (1)(5)(9)","2019-03-22"
"4673","20180917","??????????????? (5)(6)(10)","???????? (6)(12)","??????????????? (5)(6)(12)","2019-03-22"
"4674","20180917","???????? (5)(6)","??¢®??????©¤ (5)(6)(17)","??????(7~9??)","2019-03-22"
"4675","20180917","??????(7~9??)","??????(7~9??)","","2019-03-22"
"4676","20180918","???????? (1)(2)(6)(10)(12)","????","??????????? (6)","2019-03-22"
"4677","20180918","","??????? (6)(15)","???????? (5)(9)(16)","2019-03-22"
"4678","20180918","","??????? (5)(6)(9)(12)","?????? (5)(6)","2019-03-22"
"4679","20180918","","??????©¤ (5)(6)","??????(7~9??)","2019-03-22"
"4680","20180918","","????","","2019-03-22"
"4681","20180919","??1","????","????","2019-03-22"
"4682","20180919","????????1??","?????? (5)","??????????? (5)(16)","2019-03-22"
"4683","20180919","????????©¤ (6)","?¥ê¥á?? (5)(10)","????? (1)(6)","2019-03-22"
"4684","20180919","??¥á?(?????) (9)","????¢®???? (6)(17)","??????????? (6)","2019-03-22"
"4685","20180919","","??¥á?(?????) (9)","????","2019-03-22"
"4686","20180919","","","??????(7~9??)","2019-03-22"
"4687","20180920","??????? (1)(6)(9)(12)","????","????? (6)(10)","2019-03-22"
"4688","20180920","","???ª…?? (10)","???¥ê??? (1)(5)(10)(18)","2019-03-22"
"4689","20180920","","??????©¤ (5)(6)","????????????? (1)(5)(6)(10)(12)","2019-03-22"
"4690","20180920","","????? (5)(6)","??????(7~9??)","2019-03-22"
"4691","20180920","","??????(7~9??)","","2019-03-22"
"4692","20180921","??1","??? (1)(5)(6)","????","2019-03-22"
"4693","20180921","????????? (5)(16)","??????? (1)(5)(6)(10)","???????? (5)(6)(9)","2019-03-22"
"4694","20180921","?????????????? (6)(10)","??????(7~9??)","????????? (5)(6)(16)","2019-03-22"
"4695","20180921","????","","?????? (5)(6)","2019-03-22"
"4696","20180921","??¥á?(?????) (9)","","??????(7~9??)","2019-03-22"
"4697","20180922","???? (15)","??","????? (5)(6)(16)","2019-03-22"
"4698","20180922","????????©¤ (6)","???????? (5)(6)(10)","??????ýß (5)(6)","2019-03-22"
"4699","20180922","??????(7~9??)","?????????? (5)(6)","???????? (1)","2019-03-22"
"4700","20180922","","???????©¤ (5)","??????(7~9??)","2019-03-22"
"4701","20180922","","??????(7~9??)","","2019-03-22"
"4702","20180923","??1","?????????????? (1)(5)(6)(10)","??","2019-03-22"
"4703","20180923","???????? (5)(9)(16)","????? (1)(5)(9)","?????? (5)","2019-03-22"
"4704","20180923","??????????","????","????????????? (5)(6)(16)","2019-03-22"
"4705","20180923","??¢®??????©¤ (1)(5)(6)(17)","??????(7~9??)","??????????? (5)(6)(15)","2019-03-22"
"4706","20180923","??????(7~9??)","","??¥á?(?????) (9)","2019-03-22"
"4707","20180924","?????¥á? (1)(5)(6)(10)","??","???????","2019-03-22"
"4708","20180924","??? (5)(6)(16)","?????? (5)","?????????? (5)(6)(9)","2019-03-22"
"4709","20180924","??????(7~9??)","?¥ê????? (5)(6)","?????????????? (6)(10)","2019-03-22"
"4710","20180924","","??¢®??????©¤ (17)","??????? (6)","2019-03-22"
"4711","20180924","","??????(7~9??)","??????(7~9??)","2019-03-22"
"4712","20180925","?????","????","????","2019-03-22"
"4713","20180925","????????? (5)(16)","??????ýß (5)(6)","?????? (5)","2019-03-22"
"4714","20180925","???????????????? (5)(6)(10)","???????? (5)(6)(10)(17)","????°Z?? (5)(6)","2019-03-22"
"4715","20180925","??????(7~9??)","?????? (5)(6)","?¥ê¥á?? (5)(10)","2019-03-22"
"4716","20180925","","?????","??¥á?(?????) (9)","2019-03-22"
"4717","20180926","??1","????","????? (6)(10)","2019-03-22"
"4718","20180926","????? (1)(5)(9)","????? (5)(6)(10)","????????? (5)(6)(10)","2019-03-22"
"4719","20180926","??????????????? (10)","?????????????","?????????? (6)(10)","2019-03-22"
"4720","20180926","????","??????? (5)(6)(15)","??????(7~9??)","2019-03-22"
"4721","20180926","??¥á?(?????) (9)","??????(7~9??)","","2019-03-22"
"4722","20180927","??1","???????","????","2019-03-22"
"4723","20180927","?????? (1)(5)(9)","???©ö??? (5)(6)","???¥ê??? (1)(5)(10)(18)","2019-03-22"
"4724","20180927","????","?????????? (5)(6)(10)","?????????? (1)(5)(6)(15)","2019-03-22"
"4725","20180927","??????????? (5)(6)","??????©¤ (5)(6)","????????","2019-03-22"
"4726","20180927","??????(7~9??)","??????(7~9??)","??????(7~9??)","2019-03-22"
"4727","20180928","??1","????????? (12)(15)","????","2019-03-22"
"4728","20180928","????????1??","????? (5)(6)(10)","???????? (1)(6)","2019-03-22"
"4729","20180928","????????©¤ (6)","?????","???????? (1)","2019-03-22"
"4730","20180928","??¥á?(?????) (9)","?????","??????????? (6)(10)","2019-03-22"
"4731","20180928","","","??????(7~9??)","2019-03-22"
"4732","20180929","??1","??","??","2019-03-22"
"4733","20180929","?????????? (5)(9)(18)","??????????? (1)(5)(16)","???????? (5)(6)(9)","2019-03-22"
"4734","20180929","?????????????? (6)(10)","?????????? (5)(6)","?????????????? (5)(6)(10)","2019-03-22"
"4735","20180929","????","???????????? (5)(6)(7)","?¥ê????? (5)(6)","2019-03-22"
"4736","20180929","??????(7~9??)","??????(7~9??)","??????(7~9??)","2019-03-22"
"4737","20180930","??1","?????? (6)(12)(17)","??","2019-03-22"
"4738","20180930","??????? (5)(16)","????????? (1)(5)(6)(12)","????? (5)(6)(10)","2019-03-22"
"4739","20180930","????","??????","????? (5)(6)(15)","2019-03-22"
"4740","20180930","???????? (5)(6)","??????(7~9??)","??????","2019-03-22"
"4741","20180930","??????(7~9??)","","??¥á?(?????) (9)","2019-03-22"
"4742","20181001","??1","???????","??","2019-03-22"
"4743","20181001","????????? (5)(16)","??????? (6)(15)","?????????? (5)(6)(9)","2019-03-22"
"4744","20181001","?????????????? (6)(10)","?????","????????? (5)(6)","2019-03-22"
"4745","20181001","???????? (5)(6)","??????©¤ (5)(6)","??????©¤ (5)(6)","2019-03-22"
"4746","20181001","??¥á?(?????) (9)","??????(10~11??) (9)","??????(10~11??) (9)","2019-03-22"
"4747","20181002","???????? (1)(2)(6)(10)(12)","????","?????????????? (1)(5)(6)(10)","2019-03-22"
"4748","20181002","","??????????? (1)(5)(16)","????","2019-03-22"
"4749","20181002","","??¢®???? (5)(6)(17)","???¥ê??? (1)(5)(10)(18)","2019-03-22"
"4750","20181002","","??????? (1)(5)(6)(10)","?????©¤ (5)(6)","2019-03-22"
"4751","20181002","","??????(10~11??) (9)","??????(10~11??) (9)","2019-03-22"
"4752","20181003","??1","??","????","2019-03-22"
"4753","20181003","??????ýß (5)(6)","???©ö??? (5)(6)","?????? (5)","2019-03-22"
"4754","20181003","???????????????? (5)(6)(10)(12)","??????????? (1)(12)","????°Z?? (5)(6)","2019-03-22"
"4755","20181003","????","?????? (5)(6)","??????????? (5)(6)(15)","2019-03-22"
"4756","20181003","??????(10~11??) (9)","??????(10~11??) (9)","??¥á?(?????) (9)","2019-03-22"
"4757","20181004","??1","??","????","2019-03-22"
"4758","20181004","???????? (5)(6)(9)","???????? (5)(15)","????? (5)(6)(10)","2019-03-22"
"4759","20181004","???????????????? (5)(6)(10)","?????????? (6)(10)","???????? (5)(6)(10)","2019-03-22"
"4760","20181004","????","????????©¤ (5)(6)","????? (5)(6)","2019-03-22"
"4761","20181004","??????(10~11??) (9)","??????(10~11??) (9)","??????(10~11??) (9)","2019-03-22"
"4762","20181005","???????? (1)(5)(6)(16)","??","????","2019-03-22"
"4763","20181005","?????????","???????? (5)(6)(10)","???¥ê??? (1)(5)(10)(18)","2019-03-22"
"4764","20181005","??¢®??????©¤ (17)","??????????????? (5)(6)(12)","?????????? (1)(5)(6)(15)","2019-03-22"
"4765","20181005","??????(10~11??) (9)","????? (1)(9)","????????","2019-03-22"
"4766","20181005","","??????(10~11??) (9)","??????(10~11??) (9)","2019-03-22"
"4767","20181006","??????? (10)","??","??","2019-03-22"
"4768","20181006","??????? (5)(16)","??????????? (5)(15)","????????? (5)(6)(10)","2019-03-22"
"4769","20181006","????","??? (5)(6)(16)","?????????????? (5)(6)(10)","2019-03-22"
"4770","20181006","??¥á?(?????) (9)","?????©¤ (5)(6)","???¥ê¥î???? (5)(6)","2019-03-22"
"4771","20181006","","??????(10~11??) (9)","??????(10~11??) (9)","2019-03-22"
"4772","20181007","??1","????? (5)(6)(10)","??","2019-03-22"
"4773","20181007","????????? (5)","????? (1)(9)(17)(18)","???????? (5)(6)(9)","2019-03-22"
"4774","20181007","????????????? (5)(6)(16)","???????©¤","?????????????? (5)(6)(10)","2019-03-22"
"4775","20181007","??????©¤ (5)(6)","??????(10~11??) (9)","?????? (5)(6)","2019-03-22"
"4776","20181007","??¥á?(?????) (9)","","??????(10~11??) (9)","2019-03-22"
"4777","20181008","??1","???????","??","2019-03-22"
"4778","20181008","????????1??","????????? (5)(16)","????????? (5)(6)(10)","2019-03-22"
"4779","20181008","??¢®??????©¤ (17)","?¥ê¥á?? (5)(10)","???(????????) (1)(5)(6)(15)","2019-03-22"
"4780","20181008","??????(10~11??) (9)","??????/??????? (6)","????????","2019-03-22"
"4781","20181008","","??¥á?(?????) (9)","??????(10~11??) (9)","2019-03-22"
"4782","20181009","??1","????? (5)(6)(16)","????","2019-03-22"
"4783","20181009","?????? (5)","???????? (5)(6)(9)","???????? (5)(6)(9)","2019-03-22"
"4784","20181009","??????????????? (5)(6)(10)","???????? (1)","????????? (5)(6)(16)","2019-03-22"
"4785","20181009","????","??????(10~11??) (9)","?????? (5)(6)","2019-03-22"
"4786","20181009","??????(10~11??) (9)","","??????(10~11??) (9)","2019-03-22"
"4787","20181010","??1","??","????","2019-03-22"
"4788","20181010","??????? (5)(16)","??????????? (5)(15)","???¥ê??? (1)(5)(10)(18)","2019-03-22"
"4789","20181010","?????????????? (6)(10)","?????????? (1)(5)(6)","???????????????? (5)(6)(16)","2019-03-22"
"4790","20181010","????","?????","????? (5)(6)","2019-03-22"
"4791","20181010","??¥á?(?????) (9)","??????(10~11??) (9)","??????(10~11??) (9)","2019-03-22"
"4792","20181011","??????? (1)(6)(9)(12)","????","????","2019-03-22"
"4793","20181011","","??????ýß (5)(6)","????????? (5)(6)(10)","2019-03-22"
"4794","20181011","","???????? (5)(6)(10)(17)","??????????? (6)","2019-03-22"
"4795","20181011","","????? (5)(6)","???????? (1)(6)","2019-03-22"
"4796","20181011","","??????(10~11??) (9)","???????????? (5)(6)(7)","2019-03-22"
"4797","20181011","","","??????(10~11??) (9)","2019-03-22"
"4798","20181012","??1","??","????","2019-03-22"
"4799","20181012","???????? (5)(6)(9)","?????????? (5)(9)(18)","????? (5)(6)(10)","2019-03-22"
"4800","20181012","???????????? (10)","????? (5)(6)(15)","????°Z?? (5)(6)","2019-03-22"
"4801","20181012","???????? (5)(6)","????????? (1)(6)","?¥ê????? (5)(6)","2019-03-22"
"4802","20181012","??????(10~11??) (9)","??????(10~11??) (9)","??¥á?(?????) (9)","2019-03-22"
"4803","20181013","???????? (1)(6)(10)(12)","????????? (5)(6)(16)","??","2019-03-22"
"4804","20181013","","??¢®???? (5)(17)","?????????? (5)(6)(9)","2019-03-22"
"4805","20181013","","????","????????? (5)(6)(10)","2019-03-22"
"4806","20181013","","??????(10~11??) (9)","?????? (5)(6)","2019-03-22"
"4807","20181013","","","??????(10~11??) (9)","2019-03-22"
"4808","20181014","?????¥á? (1)(5)(6)(10)","??????????? (6)","??","2019-03-22"
"4809","20181014","??¢®??????? (5)(6)(17)","???????? (5)(9)(16)","????? (15)","2019-03-22"
"4810","20181014","??????(10~11??) (9)","???????? (1)","?????????? (5)(6)","2019-03-22"
"4811","20181014","","??????(10~11??) (9)","????? (5)(6)","2019-03-22"
"4812","20181014","","","??????(10~11??) (9)","2019-03-22"
"4813","20181015","??1","???????","????? (6)(10)","2019-03-22"
"4814","20181015","????????? (5)(16)","????? (5)(6)","?????????? (6)(10)","2019-03-22"
"4815","20181015","?????????????? (6)(10)","??????????????? (10)","????????? (1)(5)(6)(12)","2019-03-22"
"4816","20181015","????","??????/??????? (6)","??????(10~11??) (9)","2019-03-22"
"4817","20181015","??¥á?(?????) (9)","??????(10~11??) (9)","","2019-03-22"
"4818","20181016","??1","??","????","2019-03-22"
"4819","20181016","?¥ê¥è????? (1)(5)","?????????? (5)(6)(9)","????? (1)(5)(9)","2019-03-22"
"4820","20181016","?????????????? (5)(6)(10)","????? (1)(9)","????? (5)(6)(12)(15)","2019-03-22"
"4821","20181016","???????? (5)(6)","????¢®???? (6)(17)","????? (1)(5)(6)(15)","2019-03-22"
"4822","20181016","??????(10~11??) (9)","??????(10~11??) (9)","????????©¤ (6)","2019-03-22"
"4823","20181016","","","??????(10~11??) (9)","2019-03-22"
"4824","20181017","??1","????","????","2019-03-22"
"4825","20181017","?????? (5)","?????? (1)(5)(9)","?¥ê¥á?? (5)(10)","2019-03-22"
"4826","20181017","???????????????? (5)(6)(10)","????? (5)(6)(15)","???????? (1)(6)","2019-03-22"
"4827","20181017","??????","?????????????","????????? (1)(5)(6)(12)","2019-03-22"
"4828","20181017","??????(10~11??) (9)","??????(10~11??) (9)","??¥á?(?????) (9)","2019-03-22"
"4829","20181018","??1","????","??????? (1)(6)(9)(12)","2019-03-22"
"4830","20181018","??????? (5)(16)","????? (5)(10)","","2019-03-22"
"4831","20181018","???????????????? (5)(6)(10)(12)","????? (1)(6)","","2019-03-22"
"4832","20181018","???????©¤ (5)","?????","","2019-03-22"
"4833","20181018","??????(10~11??) (9)","??????(10~11??) (9)","","2019-03-22"
"4834","20181019","??1","???°Z???? (1)(9)","????","2019-03-22"
"4835","20181019","??????????? (1)(5)(16)","????? (1)(5)(9)","????????? (5)(6)(10)","2019-03-22"
"4836","20181019","??????????","?????? (5)(6)","????¥ê? (5)(6)(10)","2019-03-22"
"4837","20181019","????","??????(10~11??) (9)","?????????? (5)(6)","2019-03-22"
"4838","20181019","??¥á?(?????) (9)","","??????(10~11??) (9)","2019-03-22"
"4839","20181020","???? (15)","??","??","2019-03-22"
"4840","20181020","????????©¤ (6)","??????????? (5)(16)","???????? (5)(6)(9)","2019-03-22"
"4841","20181020","??????(10~11??) (9)","??????? (5)(6)(15)","???????? (5)(6)(10)","2019-03-22"
"4842","20181020","","??????©¤ (5)(6)","???????? (5)(6)","2019-03-22"
"4843","20181020","","??????(10~11??) (9)","??????(10~11??) (9)","2019-03-22"
"4844","20181021","??1","?????????? (10)(12)","??","2019-03-22"
"4845","20181021","?????? (5)","??????ýß (5)(6)","????? (5)(6)(10)","2019-03-22"
"4846","20181021","?????????? (5)(6)","???????????? (1)","??? (5)(6)(16)","2019-03-22"
"4847","20181021","??????","??????(10~11??) (9)","????????? (5)(6)","2019-03-22"
"4848","20181021","??????(10~11??) (9)","","??¥á?(?????) (9)","2019-03-22"
"4849","20181022","??1","???????","??","2019-03-22"
"4850","20181022","????????? (5)(16)","?????? (1)(5)(9)","????????1??","2019-03-22"
"4851","20181022","?????????????? (6)(10)","????? (1)(5)(6)(15)","?????©¤ (5)(6)","2019-03-22"
"4852","20181022","????","????? (5)(6)(12)(15)","??????(10~11??) (9)","2019-03-22"
"4853","20181022","??¥á?(?????) (9)","??¢®??????©¤ (5)(6)(17)","","2019-03-22"
"4854","20181022","","??????(10~11??) (9)","","2019-03-22"
"4855","20181023","???????? (1)(2)(6)(10)(12)","????","????","2019-03-22"
"4856","20181023","","???ª…?? (10)","??????????? (1)(5)(16)","2019-03-22"
"4857","20181023","","????? (5)(6)","?¥ê¥á?? (5)(10)","2019-03-22"
"4858","20181023","","???????©¤ (5)","????????????? (1)(5)(6)(10)(12)","2019-03-22"
"4859","20181023","","??????(10~11??) (9)","??¥á?(?????) (9)","2019-03-22"
"4860","20181024","??1","????","????","2019-03-22"
"4861","20181024","????? (5)(6)(10)","???¢¬???? (5)(6)","???????? (5)(6)(9)","2019-03-22"
"4862","20181024","??????????????? (10)","?????? (5)(6)(10)(12)","??????????? (5)(6)(9)(10)","2019-03-22"
"4863","20181024","??¢®??????©¤ (1)(5)(6)(17)","????? (1)(9)","????? (5)(6)","2019-03-22"
"4864","20181024","??¥á?(?????) (9)","??????(10~11??) (9)","??????(10~11??) (9)","2019-03-22"
"4865","20181025","??1","?????? (6)(12)(17)","????","2019-03-22"
"4866","20181025","????????? (5)(16)","??????? (5)(6)(9)(12)","???¥ê??? (1)(5)(10)(18)","2019-03-22"
"4867","20181025","?????????????","???????©¤","?????????? (1)(5)(6)(15)","2019-03-22"
"4868","20181025","?¥ê????? (5)(6)","??????(10~11??) (9)","????????","2019-03-22"
"4869","20181025","??????(10~11??) (9)","","??????(10~11??) (9)","2019-03-22"
"4870","20181026","??1","????","????? (5)(6)(10)","2019-03-22"
"4871","20181026","????? (1)(5)(9)","?????????? (5)(6)(9)","????? (1)(9)(17)(18)","2019-03-22"
"4872","20181026","?????????????? (6)(10)","????????? (5)(6)(16)","???????? (6)(12)","2019-03-22"
"4873","20181026","????","????? (5)(6)","??????(10~11??) (9)","2019-03-22"
"4874","20181026","??¥á?(?????) (9)","??????(10~11??) (9)","","2019-03-22"
"4875","20181027","?????? (1)(6)(10)(12)","??","??","2019-03-22"
"4876","20181027","","????? (15)","???????? (5)(6)(10)","2019-03-22"
"4877","20181027","","????","????????? (5)(6)(16)","2019-03-22"
"4878","20181027","","??¢®??????©¤ (17)","???????????? (5)(6)(7)","2019-03-22"
"4879","20181027","","??????(10~11??) (9)","??????(10~11??) (9)","2019-03-22"
"4880","20181028","?????¥á? (1)(5)(6)(10)","??????? (1)(5)(6)(16)","?????","2019-03-22"
"4881","20181028","??¢®??????? (5)(6)(17)","?????? (1)(5)(9)","??????","2019-03-22"
"4882","20181028","??????(10~11??) (9)","???????©¤ (5)","???????????? (5)(6)","2019-03-22"
"4883","20181028","","??????(10~11??) (9)","??????(10~11??) (9)","2019-03-22"
"4884","20181029","??1","??","????????? (12)(15)","2019-03-22"
"4885","20181029","???????? (5)(9)(16)","?????? (5)","????? (5)(6)(10)","2019-03-22"
"4886","20181029","????? (1)(9)","??????¢®?????©¤ (6)(17)","?????? (6)","2019-03-22"
"4887","20181029","????","??????(10~11??) (9)","??¥á?(?????) (9)","2019-03-22"
"4888","20181029","??????(10~11??) (9)","","","2019-03-22"
"4889","20181030","??????? (5)(16)","????","????? (5)(6)(16)","2019-03-22"
"4890","20181030","????°Z?? (5)(6)","??????????? (5)(16)","???¥ê??? (1)(5)(10)(18)","2019-03-22"
"4891","20181030","??????©¤ (5)(6)","??????????? (5)(6)(7)","???????? (1)","2019-03-22"
"4892","20181030","??????(10~11??) (9)","??????©¤ (5)(6)","??????(10~11??) (9)","2019-03-22"
"4893","20181030","","??????(10~11??) (9)","","2019-03-22"
"4894","20181031","??1","????","????","2019-03-22"
"4895","20181031","????? (1)(5)(9)","??????(???) (5)(6)(10)","???????? (5)(9)(16)","2019-03-22"
"4896","20181031","??????????????? (10)","?????????????","???????? (5)(6)","2019-03-22"
"4897","20181031","?????©¤ (5)(6)","?????????? (1)(5)(12)","????????? (6)(9)","2019-03-22"
"4898","20181031","??????(10~11??) (9)","??????(10~11??) (9)","??????(10~11??) (9)","2019-03-22"
"4899","20181101","??1","????","????","2019-03-22"
"4900","20181101","????????? (5)(16)","???¥ê??? (1)(5)(10)(18)","????????? (5)(6)(10)","2019-03-22"
"4901","20181101","????? (1)(9)","????? (5)(6)(15)","????????? (5)(6)(16)","2019-03-22"
"4902","20181101","???????? (5)(6)","??????©¤ (5)(6)","?????? (5)(6)","2019-03-22"
"4903","20181101","??¥á?(?????)","??¥á?(?????)","??¥á?(?????)","2019-03-22"
"4904","20181102","??1","????","????","2019-03-22"
"4905","20181102","?¥ê¥è????? (1)(5)","???¢¬???? (5)(6)","??????ýß (5)(6)","2019-03-22"
"4906","20181102","?????????????? (6)(10)","????????????? (1)(5)(6)(10)(12)","??¢®???? (5)(6)(17)","2019-03-22"
"4907","20181102","????","????????©¤ (5)(6)","?????","2019-03-22"
"4908","20181102","??¥á?(?????)","??¥á?(?????)","??¥á?(?????)","2019-03-22"
"4909","20181103","?????¥á? (1)(5)(6)(10)","??","??","2019-03-22"
"4910","20181103","??¢®??????? (5)(6)(17)","?????? (5)","???????? (5)(6)(9)","2019-03-22"
"4911","20181103","??????(10~11??)","??????????? (5)(6)(15)","???????? (5)(6)(10)","2019-03-22"
"4912","20181103","","??????","?????©¤ (5)(6)","2019-03-22"
"4913","20181103","","??????(10~11??)","??¥á?(?????)","2019-03-22"
"4914","20181104","??1","?????????? (10)(12)","??","2019-03-22"
"4915","20181104","??¢®???? (5)(17)","????? (1)(5)(9)","????? (5)(6)(10)","2019-03-22"
"4916","20181104","?????????????? (5)(6)(10)","????","????¥ê? (5)(6)(10)","2019-03-22"
"4917","20181104","????","??????(10~11??)","?????????? (1)(5)(12)","2019-03-22"
"4918","20181104","??¥á?(?????)","","??¥á?(?????)","2019-03-22"
"4919","20181105","??1","????","????? (5)(6)(10)","2019-03-22"
"4920","20181105","??????? (5)(16)","?????? (1)(5)(9)","????? (1)(9)(17)(18)","2019-03-22"
"4921","20181105","????°Z?? (5)(6)","???????????????? (5)(6)(10)(12)","???????©¤","2019-03-22"
"4922","20181105","??????©¤ (5)(6)","??????/??????? (6)","??????(10~11??)","2019-03-22"
"4923","20181105","??????(10~11??)","??????(10~11??)","","2019-03-22"
"4924","20181106","??1","??????? (1)(5)(6)(16)","????","2019-03-22"
"4925","20181106","????????? (5)(6)(10)","??????ýß (5)(6)","????? (5)(6)(10)","2019-03-22"
"4926","20181106","?????????????","?????? (5)(6)","??????? (5)(6)(15)","2019-03-22"
"4927","20181106","????? (1)(9)","??????(10~11??)","??????©¤ (5)(6)","2019-03-22"
"4928","20181106","??????(10~11??)","","??¥á?(?????)","2019-03-22"
"4929","20181107","??1","?????????????? (1)(5)(6)(10)","????? (6)(10)","2019-03-22"
"4930","20181107","?????????? (5)(9)(18)","????? (1)(5)(9)","???¥ê??? (1)(5)(10)(18)","2019-03-22"
"4931","20181107","?????????????? (6)(10)","??¢®??????©¤ (17)","??????????????? (10)","2019-03-22"
"4932","20181107","????","??????(10~11??)","??????(10~11??)","2019-03-22"
"4933","20181107","??¥á?(?????)","","","2019-03-22"
"4934","20181108","??1","??????? (10)","????","2019-03-22"
"4935","20181108","???????? (5)(9)(16)","???????? (5)(6)(9)","?????????? (5)(6)(9)","2019-03-22"
"4936","20181108","???????????????? (5)(6)(10)","???????? (1)","????????? (5)(6)","2019-03-22"
"4937","20181108","????","??????(10~11??)","????? (5)(6)","2019-03-22"
"4938","20181108","??????(10~11??)","","??????(10~11??)","2019-03-22"
"4939","20181108","","","","2019-03-22"
"4940","20181109","??1","???????","????","2019-03-22"
"4941","20181109","????????1??","??????????? (1)(5)(16)","????? (5)(6)(10)","2019-03-22"
"4942","20181109","?????©¤ (5)(6)","????? (5)(6)(15)","???????? (1)(6)","2019-03-22"
"4943","20181109","??????(10~11??)","???????? (5)(6)","??????","2019-03-22"
"4944","20181109","","??????(10~11??)","??????(10~11??)","2019-03-22"
"4945","20181110","???????? (1)(6)(10)(12)","???????? (5)(15)","???????","2019-03-22"
"4946","20181110","","??","???¥ê??? (1)(5)(10)(18)","2019-03-22"
"4947","20181110","","??? (5)(6)(16)","???????????? (5)(6)(7)","2019-03-22"
"4948","20181110","","????????©¤ (6)","??????/??????? (6)","2019-03-22"
"4949","20181110","","??????(10~11??)","??????(10~11??)","2019-03-22"
"4950","20181111","??1","????? (5)(6)(10)","??","2019-03-22"
"4951","20181111","??????????? (5)(16)","?????? (5)(6)","????? (15)","2019-03-22"
"4952","20181111","?????????????? (6)(10)","???????©¤","????°Z?? (5)(6)","2019-03-22"
"4953","20181111","????","??????(10~11??)","??¢®??????©¤ (17)","2019-03-22"
"4954","20181111","??????(10~11??)","","??????(10~11??)","2019-03-22"
"4955","20181112","??1","????","??","2019-03-22"
"4956","20181112","????????? (5)(16)","???©ö??? (5)(6)","????? (5)(6)(10)","2019-03-22"
"4957","20181112","?????????","???????????????? (5)(6)(16)","?????????? (6)(10)","2019-03-22"
"4958","20181112","??¢®??????©¤ (1)(5)(6)(17)","?????????? (5)(6)","????????? (1)","2019-03-22"
"4959","20181112","??????(10~11??)","??????(10~11??)","??????(10~11??)","2019-03-22"
"4960","20181113","???????? (1)(2)(6)(10)(12)","????? (5)(6)(16)","????","2019-03-22"
"4961","20181113","","???????? (5)(6)(9)","???¥ê??? (1)(5)(10)(18)","2019-03-22"
"4962","20181113","","???????? (1)","???(????????) (1)(5)(6)(15)","2019-03-22"
"4963","20181113","","??????(10~11??)","????????","2019-03-22"
"4964","20181113","","","??????(10~11??)","2019-03-22"
"4965","20181114","??1","????","????","2019-03-22"
"4966","20181114","???????? (5)(9)(16)","???????? (5)(6)(9)","??????? (6)(15)","2019-03-22"
"4967","20181114","???????????????? (5)(6)(10)(12)","????????? (5)(6)(16)","?¥ê¥á?? (5)(10)","2019-03-22"
"4968","20181114","????","????? (5)(6)","??????????? (5)(6)(7)","2019-03-22"
"4969","20181114","??????(10~11??)","??????(10~11??)","??????(10~11??)","2019-03-22"
"4970","20181115","???????? (1)(5)(6)(16)","?????? (6)(9)(12)(17)","????","2019-03-22"
"4971","20181115","?????????? (5)(6)","?????????? (6)(10)","????????? (5)(6)(10)","2019-03-22"
"4972","20181115","????????????? (5)(6)(16)","????????? (1)(5)(6)(12)","?????????? (1)(5)(6)(15)","2019-03-22"
"4973","20181115","??????(10~11??)","??????(10~11??)","????????","2019-03-22"
"4974","20181115","","","??????(10~11??)","2019-03-22"
"4975","20181116","??1","???????","????","2019-03-22"
"4976","20181116","????????? (5)(16)","????? (5)(6)","???????? (1)(5)(6)(10)","2019-03-22"
"4977","20181116","???????????? (10)","????? (5)(6)(15)","??????????????? (5)(6)(12)","2019-03-22"
"4978","20181116","???????? (5)(6)","??????©¤ (5)(6)","???¥ê¥î???? (5)(6)","2019-03-22"
"4979","20181116","??????(10~11??)","??????(10~11??)","??????(10~11??)","2019-03-22"
"4980","20181117","?????? (1)(6)(10)(12)","??????????? (6)","??","2019-03-22"
"4981","20181117","","????????? (5)(6)(10)","????? (15)","2019-03-22"
"4982","20181117","","???????? (1)","????°Z?? (5)(6)","2019-03-22"
"4983","20181117","","??????(10~11??)","????????©¤ (6)","2019-03-22"
"4984","20181117","","","??????(10~11??)","2019-03-22"
"4985","20181118","??1","??","??","2019-03-22"
"4986","20181118","????????? (5)","????? (1)(9)(17)(18)","???????? (5)(6)(9)","2019-03-22"
"4987","20181118","??????????????? (10)","?????? (5)(6)","???????? (5)(6)(10)","2019-03-22"
"4988","20181118","????","???????? (5)(6)","????? (5)(6)","2019-03-22"
"4989","20181118","??????(10~11??)","??????(10~11??)","??????(10~11??)","2019-03-22"
"4990","20181119","??1","????","??","2019-03-22"
"4991","20181119","????????? (5)(16)","??????????? (5)(15)","?????? (5)","2019-03-22"
"4992","20181119","?????????????? (6)(10)","?????????????","????¥ê? (5)(6)(10)","2019-03-22"
"4993","20181119","????","??????? (1)(5)(6)(10)","?????????? (1)(5)(6)","2019-03-22"
"4994","20181119","??¥á?(?????)","??????(10~11??)","??????(10~11??)","2019-03-22"
"4995","20181120","???????? (1)(6)(10)(12)","????","??????? (5)(16)","2019-03-22"
"4996","20181120","","???ª…?? (10)","?¥ê¥á?? (5)(10)","2019-03-22"
"4997","20181120","","???????©¤ (5)","??????????? (1)(6)","2019-03-22"
"4998","20181120","","????? (5)(6)","??¥á?(?????)","2019-03-22"
"4999","20181120","","??????(10~11??)","","2019-03-22"
"5000","20181121","??1","????? (5)(6)(16)","????","2019-03-22"
"5001","20181121","???????? (5)(9)(16)","?????????? (5)(6)(9)","???¥ê??? (1)(5)(10)(18)","2019-03-22"
"5002","20181121","??????????????? (5)(6)(10)","???????? (1)","?????????? (1)(5)(6)(15)","2019-03-22"
"5003","20181121","????","??????(10~11??)","????????","2019-03-22"
"5004","20181121","??????(10~11??)","","??????(10~11??)","2019-03-22"
"5005","20181122","??1","???­Y (1)(5)(6)(9)","??????? (1)(6)(9)(12)","2019-03-22"
"5006","20181122","?????? (1)(5)(9)","?????? (6)","","2019-03-22"
"5007","20181122","???????????????? (5)(6)(10)","?????????? (1)","","2019-03-22"
"5008","20181122","??????????","??????(10~11??)","","2019-03-22"
"5009","20181122","??????(10~11??)","","","2019-03-22"
"5010","20181123","??1","???????","????","2019-03-22"
"5011","20181123","??????????? (1)(5)(16)","??????ýß (5)(6)","?????? (5)","2019-03-22"
"5012","20181123","?????","????? (1)(5)(6)(15)","????????? (5)(6)","2019-03-22"
"5013","20181123","?¥ê????? (5)(6)","????????? (5)(6)","???????????? (5)(6)","2019-03-22"
"5014","20181123","??????(10~11??)","??????(10~11??)","??????(10~11??)","2019-03-22"
"5015","20181124","???? (15)","?????? (6)(9)(12)(17)","????? (6)(10)","2019-03-22"
"5016","20181124","??¢®??????©¤ (17)","????????? (1)","????? (1)(5)(9)","2019-03-22"
"5017","20181124","??????(10~11??)","??????(10~11??)","??? (5)(6)(16)","2019-03-22"
"5018","20181124","","","??????(10~11??)","2019-03-22"
"5019","20181125","?????","?????¥á? (1)(5)(6)(10)","??","2019-03-22"
"5020","20181125","??????","??¢®??????? (5)(6)(17)","???????? (5)(6)(9)","2019-03-22"
"5021","20181125","?????©¤ (5)(6)","??????(10~11??)","??????????? (1)(12)","2019-03-22"
"5022","20181125","??????(10~11??)","","??????????? (6)(10)","2019-03-22"
"5023","20181125","","","??????(10~11??)","2019-03-22"
"5024","20181126","??1","????","??","2019-03-22"
"5025","20181126","????????? (5)(16)","??????(???) (5)(6)(10)","?????????? (5)(6)(9)","2019-03-22"
"5026","20181126","?¥ê¥á?? (5)(10)","????? (1)(6)","??????????? (5)(6)(9)(10)","2019-03-22"
"5027","20181126","????","??¢®??????©¤ (5)(6)(17)","????? (5)(6)","2019-03-22"
"5028","20181126","??¥á?(?????)","??????(10~11??)","????? (5)(6)","2019-03-22"
"5029","20181126","","","??????(10~11??)","2019-03-22"
"5030","20181127","???????? (1)(2)(6)(10)(12)","??","????","2019-03-22"
"5031","20181127","","????? (15)","??????????? (5)(16)","2019-03-22"
"5032","20181127","","????????©¤ (6)","?????? (5)(6)(10)(12)","2019-03-22"
"5033","20181127","","??????(10~11??)","????????? (5)(6)","2019-03-22"
"5034","20181127","","","??????(10~11??)","2019-03-22"
"5035","20181128","??1","????","????","2019-03-22"
"5036","20181128","??????? (5)(16)","???????? (5)(6)(9)","??????????? (5)(15)","2019-03-22"
"5037","20181128","?????????????","???????? (5)(6)(10)(17)","?????????????? (6)(10)","2019-03-22"
"5038","20181128","????","????? (5)(6)","???????? (6)(12)","2019-03-22"
"5039","20181128","??????(10~11??)","??????(10~11??)","??????(10~11??)","2019-03-22"
"5040","20181129","?????¥á? (1)(5)(6)(10)","????","??","2019-03-22"
"5041","20181129","?????????? (5)(6)","???????? (1)(5)(6)(10)","????? (5)(6)(10)","2019-03-22"
"5042","20181129","??????(10~11??)","?????????? (6)(10)","????? (5)(6)(12)(15)","2019-03-22"
"5043","20181129","","???????????? (1)","???????????? (5)(6)(7)","2019-03-22"
"5044","20181129","","??????(10~11??)","??????(10~11??)","2019-03-22"
"5045","20181130","??1","????","??","2019-03-22"
"5046","20181130","?????? (5)","??????????? (1)(5)(16)","?????????? (5)(6)(9)","2019-03-22"
"5047","20181130","??????????????? (10)","????????? (5)(6)(16)","????????? (5)(6)(10)","2019-03-22"
"5048","20181130","?¥ê????? (5)(6)","???????? (5)(6)(12)","?????©¤ (5)(6)","2019-03-22"
"5049","20181130","??????(10~11??)","??????(10~11??)","??????(10~11??)","2019-03-22"
"5050","20181201","??1","???????","??","2019-03-22"
"5051","20181201","????????? (5)(16)","??¢®???? (5)(17)","???¥ê??? (1)(5)(10)(18)","2019-03-22"
"5052","20181201","?????????????? (6)(10)","???????????? (10)","????????? (5)(6)(16)","2019-03-22"
"5053","20181201","????","???????? (5)(6)","?????? (5)(6)","2019-03-22"
"5054","20181201","??¥á?(?????)","??????(12~2??)","??????(12~2??)","2019-03-22"
"5055","20181202","?????","??","????? (6)(10)","2019-03-22"
"5056","20181202","??????????? (5)(16)","????????? (5)(6)(10)","????? (1)(5)(9)","2019-03-22"
"5057","20181202","??????????????? (10)","????°Z?? (5)(6)","?????? (5)(6)","2019-03-22"
"5058","20181202","??????(12~2??)","????????? (1)","??????(12~2??)","2019-03-22"
"5059","20181202","","??????(12~2??)","","2019-03-22"
"5060","20181203","??1","????","??","2019-03-22"
"5061","20181203","??????????? (1)(5)(16)","??????ýß (5)(6)","????? (5)(6)(10)","2019-03-22"
"5062","20181203","?????????? (5)(6)","?????? (5)(6)","???(????????) (1)(5)(6)(15)","2019-03-22"
"5063","20181203","????","?????????? (6)(10)","???????????? (5)(6)","2019-03-22"
"5064","20181203","??????(12~2??)","??????(12~2??)","??¥á?(?????)","2019-03-22"
"5065","20181204","??????? (1)(6)(9)(12)","???????? (5)(15)","????","2019-03-22"
"5066","20181204","","????","???????ýß (5)(6)","2019-03-22"
"5067","20181204","","??????/??????? (6)","???????????????? (5)(6)(10)","2019-03-22"
"5068","20181204","","??¢®??????©¤ (17)","??????????? (5)(6)(7)","2019-03-22"
"5069","20181204","","??¥á?(?????)","??????(12~2??)","2019-03-22"
"5070","20181205","??1","????","????? (5)(6)(10)","2019-03-22"
"5071","20181205","?¥ê¥è????? (1)(5)","??????????? (5)(15)","????? (1)(9)(17)(18)","2019-03-22"
"5072","20181205","?????????????? (6)(10)","??????????????? (5)(6)(10)","???????©¤","2019-03-22"
"5073","20181205","????","??¢®????? (1)(5)(6)","??????(12~2??)","2019-03-22"
"5074","20181205","??¥á?(?????)","??????(12~2??)","","2019-03-22"
"5075","20181206","???????? (1)(2)(6)(10)(12)","??","????","2019-03-22"
"5076","20181206","","???????? (5)(6)(9)","????? (1)(5)(9)","2019-03-22"
"5077","20181206","","???????? (5)(6)(10)(17)","?¥ê¥á?? (5)(10)","2019-03-22"
"5078","20181206","","????? (5)(6)","????????????? (1)(5)(6)(10)(12)","2019-03-22"
"5079","20181206","","??????(12~2??)","????","2019-03-22"
"5080","20181207","???????? (1)(5)(6)(16)","????","??","2019-03-22"
"5081","20181207","????? (1)(9)","??????????? (1)(5)(16)","????? (5)(6)(10)","2019-03-22"
"5082","20181207","??¢®??????©¤ (17)","???????? (1)(6)","?????????? (1)(5)(6)(15)","2019-03-22"
"5083","20181207","??????(12~2??)","???????????? (1)","????????","2019-03-22"
"5084","20181207","","??????(12~2??)","??????(12~2??)","2019-03-22"
"5085","20181208","?????? (1)(6)(10)(12)","??","??","2019-03-22"
"5086","20181208","","??????????? (5)(16)","?????? (5)","2019-03-22"
"5087","20181208","","??????????????? (10)","???????? (5)(6)(10)","2019-03-22"
"5088","20181208","","???????????? (5)(6)(7)","?????©¤ (5)(6)","2019-03-22"
"5089","20181208","","??????(12~2??)","??????(12~2??)","2019-03-22"
"5090","20181209","???? (15)","??????? (10)","??","2019-03-22"
"5091","20181209","??¢®??????? (5)(6)(17)","???????? (5)(6)(9)","????????? (5)(6)(10)","2019-03-22"
"5092","20181209","??????(12~2??)","???????? (1)","?????????????? (5)(6)(10)","2019-03-22"
"5093","20181209","","??¥á?(?????)","????????? (5)(6)","2019-03-22"
"5094","20181209","","","??????(12~2??)","2019-03-22"
"5095","20181210","??1","???????","??????? (1)(5)(6)(16)","2019-03-22"
"5096","20181210","????????? (5)(16)","????? (15)","????????? (5)","2019-03-22"
"5097","20181210","???????????????? (5)(6)(10)(12)","????¡À????? (5)(6)(10)","?????©¤ (5)(6)","2019-03-22"
"5098","20181210","????","??¢®??????©¤ (17)","??¥á?(?????)","2019-03-22"
"5099","20181210","??????(12~2??)","??????(12~2??)","","2019-03-22"
"5100","20181211","???????? (1)(2)(6)(10)(12)","????? (5)(6)(16)","????","2019-03-22"
"5101","20181211","","?????????? (5)(6)(9)","???¥ê??? (1)(5)(10)(18)","2019-03-22"
"5102","20181211","","???????? (1)","????????? (5)(6)(10)","2019-03-22"
"5103","20181211","","??????(12~2??)","?????? (5)(6)","2019-03-22"
"5104","20181211","","","??????(12~2??)","2019-03-22"
"5105","20181212","??1","????","????","2019-03-22"
"5106","20181212","??????? (5)(16)","????? (5)(6)(10)","?????? (5)","2019-03-22"
"5107","20181212","?????????? (5)(6)","?¥ê¥á?? (5)(10)","??????? (5)(6)(15)","2019-03-22"
"5108","20181212","?????","??????????????? (5)(6)(12)","????? (5)(6)","2019-03-22"
"5109","20181212","??????(12~2??)","?©¥??","??????(12~2??)","2019-03-22"
"5110","20181213","??????? (5)(16)","???­Y (1)(5)(6)(9)","????","2019-03-22"
"5111","20181213","????°Z?? (5)(6)","?????? (6)","??????ýß (5)(6)","2019-03-22"
"5112","20181213","???????? (5)(6)","????????? (1)","????? (5)(6)(12)(15)","2019-03-22"
"5113","20181213","??????(12~2??)","??????(12~2??)","????????©¤ (6)","2019-03-22"
"5114","20181213","","","??¥á?(?????)","2019-03-22"
"5115","20181214","??1","????","????? (5)(6)(10)","2019-03-22"
"5116","20181214","???????? (5)(9)(16)","?????? (1)(5)(9)","????? (1)(9)(17)(18)","2019-03-22"
"5117","20181214","???????????????? (5)(6)(10)(12)","??????????? (5)(6)(15)","??????? (1)(5)(6)(10)","2019-03-22"
"5118","20181214","????","????????©¤ (5)(6)","??????(12~2??)","2019-03-22"
"5119","20181214","??????(12~2??)","?????","","2019-03-22"
"5120","20181215","???????? (1)(6)(10)(12)","??????? (10)","???????","2019-03-22"
"5121","20181215","","?????? (5)","???¥ê??? (1)(5)(10)(18)","2019-03-22"
"5122","20181215","","????????? (5)(6)(16)","???????????????? (5)(6)(16)","2019-03-22"
"5123","20181215","","??¥á?(?????)","?????? (9)","2019-03-22"
"5124","20181215","","","??????(12~2??)","2019-03-22"
"5125","20181216","??1","?????????? (10)(12)","??","2019-03-22"
"5126","20181216","????????? (5)(16)","????? (1)(5)(9)","???????? (5)(6)(9)","2019-03-22"
"5127","20181216","??????????","????","????????? (5)(6)","2019-03-22"
"5128","20181216","???????? (5)(6)","??????(12~2??)","????? (5)(6)","2019-03-22"
"5129","20181216","??¥á?(?????)","","??????(12~2??)","2019-03-22"
"5130","20181217","??1","???????","????","2019-03-22"
"5131","20181217","????????1??","???????? (1)(5)(6)(10)","????????? (5)(6)(10)","2019-03-22"
"5132","20181217","?????©¤ (5)(6)","?????????????","????¥ê? (5)(6)(10)","2019-03-22"
"5133","20181217","??¥á?(?????)","?????","?????????? (1)(5)(6)","2019-03-22"
"5134","20181217","","??????(12~2??)","??????(12~2??)","2019-03-22"
"5135","20181218","?????¥á? (1)(5)(6)(10)","????","???¥ê??? (1)(5)(10)(18)","2019-03-22"
"5136","20181218","??????????????? (10)","?????????? (5)(6)(9)","?????????? (1)","2019-03-22"
"5137","20181218","??????(12~2??)","???ª…?? (10)","???????? (1)(5)(6)","2019-03-22"
"5138","20181218","","????? (5)(6)","??????(12~2??)","2019-03-22"
"5139","20181218","","??????(12~2??)","","2019-03-22"
"5140","20181219","??1","????","????","2019-03-22"
"5141","20181219","???????? (5)(6)(9)","??????? (5)(16)","????? (5)(6)(10)","2019-03-22"
"5142","20181219","?????????????? (6)(10)","???????? (6)(12)","?????? (5)(6)","2019-03-22"
"5143","20181219","????","??¢®??????©¤ (5)(6)(17)","?????????? (6)(10)","2019-03-22"
"5144","20181219","????","??????(12~2??)","??¥á?(?????)","2019-03-22"
"5145","20181220","??1","????","??????? (1)(6)(9)(12)","2019-03-22"
"5146","20181220","????????? (5)","???????? (5)(6)(9)","","2019-03-22"
"5147","20181220","????????????? (5)(6)(16)","????? (5)(6)(15)","","2019-03-22"
"5148","20181220","???¥ê¥î???? (5)(6)","???????? (5)(6)(12)","","2019-03-22"
"5149","20181220","??¥á?(?????)","??????(12~2??)","","2019-03-22"
"5150","20181221","??1","????","??","2019-03-22"
"5151","20181221","????????? (5)(16)","??????? (6)(15)","???????? (1)(5)(6)(10)","2019-03-22"
"5152","20181221","????°Z?? (5)(6)","??????? (6)","?¥ê????? (5)(6)","2019-03-22"
"5153","20181221","????? (1)(9)","??????/??????? (6)","????????? (1)(5)(6)(12)","2019-03-22"
"5154","20181221","??????(12~2??)","?©¥??","??????(12~2??)","2019-03-22"
"5155","20181222","?????¥á? (1)(5)(6)(10)","??????????? (6)","??","2019-03-22"
"5156","20181222","??????????©¤ (5)(6)","???????? (5)(9)(16)","?????? (5)","2019-03-22"
"5157","20181222","??????(12~2??)","??????????? (1)(12)","???????? (5)(6)(10)","2019-03-22"
"5158","20181222","","??????(12~2??)","???????????? (5)(6)(7)","2019-03-22"
"5159","20181222","","","??????(12~2??)","2019-03-22"
"5160","20181223","??1","??","??","2019-03-22"
"5161","20181223","??????????? (5)(16)","??????ýß (5)(6)","????? (5)(6)(10)","2019-03-22"
"5162","20181223","??¢®???? (5)(6)(17)","????? (5)(6)(15)","????????? (5)(6)(16)","2019-03-22"
"5163","20181223","????","????????©¤ (6)","???????©¤ (5)","2019-03-22"
"5164","20181223","??????(12~2??)","??????(12~2??)","??????(12~2??)","2019-03-22"
"5165","20181224","??1","????","??","2019-03-22"
"5166","20181224","?????????? (5)(9)(18)","???©ö??? (5)(6)","???????? (5)(6)(9)","2019-03-22"
"5167","20181224","???????????????? (5)(6)(10)","?¥ê¥á?? (5)(10)","????? (1)(5)(6)(15)","2019-03-22"
"5168","20181224","????","??????¢®?????©¤ (6)(17)","????????","2019-03-22"
"5169","20181224","??????(12~2??)","??????(12~2??)","??????(12~2??)","2019-03-22"
"5170","20181225","??1","????","????","2019-03-22"
"5171","20181225","???¥ê??? (1)(5)(10)(18)","?????? (5)","?????? (5)","2019-03-22"
"5172","20181225","?????????????","?????????","???????? (5)(6)(10)","2019-03-22"
"5173","20181225","????","??¢®??????©¤ (17)","?????? (5)(6)","2019-03-22"
"5174","20181225","??????(12~2??)","??????(12~2??)","??????(12~2??)","2019-03-22"
"5175","20181226","??1","???°Z???? (1)(9)(12)","????","2019-03-22"
"5176","20181226","????? (1)(5)(9)","????????? (5)(16)","?????????? (5)(6)(9)","2019-03-22"
"5177","20181226","?????????????? (6)(10)","?????????? (5)(6)","??????????? (5)(6)(9)(10)","2019-03-22"
"5178","20181226","???????? (5)(6)","??????(12~2??)","????? (5)(6)","2019-03-22"
"5179","20181226","??????(12~2??)","","????? (5)(6)","2019-03-22"
"5180","20181226","","","??????(12~2??)","2019-03-22"
"5181","20181227","?????¥á? (1)(5)(6)(10)","??","????","2019-03-22"
"5182","20181227","??????©¤ (5)(6)","?????? (5)","????????? (5)(6)(10)","2019-03-22"
"5183","20181227","??????(12~2??)","??? (5)(6)(16)","?????????? (1)(5)(6)(15)","2019-03-22"
"5184","20181227","","????????©¤ (5)(6)","????????","2019-03-22"
"5185","20181227","","??????(12~2??)","??????(12~2??)","2019-03-22"
"5186","20181228","??1","??","????","2019-03-22"
"5187","20181228","??????????? (1)(5)(16)","??????(???) (5)(6)(10)","????? (1)(9)(17)(18)","2019-03-22"
"5188","20181228","??¢®??????? (5)(6)(17)","????? (1)(9)","????????????? (6)","2019-03-22"
"5189","20181228","????","???????? (5)(6)","?¥ê????? (5)(6)","2019-03-22"
"5190","20181228","??????(12~2??)","??????(12~2??)","??????(12~2??)","2019-03-22"
"5191","20181229","????????? (5)","??","????? (5)(6)(16)","2019-03-22"
"5192","20181229","????? (1)(9)","?????????? (5)(6)(9)","???????? (5)(6)(9)","2019-03-22"
"5193","20181229","???????? (5)(6)","????? (5)(6)(15)","???????? (1)","2019-03-22"
"5194","20181229","??????(12~2??)","????? (5)(6)","??????(12~2??)","2019-03-22"
"5195","20181229","","??????(12~2??)","","2019-03-22"
"5196","20181230","??1","?????????????? (1)(5)(6)(10)","??","2019-03-22"
"5197","20181230","??????? (5)(16)","????? (5)(6)(10)","????????? (5)(16)","2019-03-22"
"5198","20181230","?????????????","???????©¤ (5)","????¥ê? (5)(6)(10)","2019-03-22"
"5199","20181230","????","??????(12~2??)","??¢®??????©¤ (1)(5)(6)(17)","2019-03-22"
"5200","20181230","??????(12~2??)","","??????(12~2??)","2019-03-22"
"5201","20181231","??1","????","??","2019-03-22"
"5202","20181231","?????? (1)(5)(9)","??????????? (5)(15)","???????? (5)(9)(16)","2019-03-22"
"5203","20181231","?????????????? (6)(10)","??? (5)(6)(16)","???????? (1)","2019-03-22"
"5204","20181231","??????©¤ (5)(6)","?????©¤ (5)(6)","????????? (6)(9)","2019-03-22"
"5205","20181231","??????(12~2??)","??????(12~2??)","??????(12~2??)","2019-03-22"
