날짜,음식,식사유형
2021-04-27,코코아 음료 분말,조식
2021-04-28,밥,조식
2021-04-28,사골곰탕,조식
2021-04-28,감자조림,조식
2021-04-28,오이부추무침,조식
2021-04-28,가공우유 바나나,조식
2021-04-28,깍두기,조식
2021-04-28,가공우유,조식
2021-04-28,우유,조식
2021-04-29,햄치즈버거,조식
2021-04-29,우유,조식
2021-04-30,밥,조식
2021-04-30,꼬꼬떡국,조식
2021-04-30,깻잎무침,조식
2021-04-30,오징어젓무침,조식
2021-04-30,배추김치,조식
2021-04-30,우유,조식
2021-05-01,밥,조식
2021-05-01,쇠고기무국,조식
2021-05-01,오징어채볶음,조식
2021-05-01,맛김,조식
2021-05-01,배추김치,조식
2021-05-01,우유,조식
2021-05-02,밥,조식
2021-05-02,오징어국,조식
2021-05-02,감자채볶음,조식
2021-05-02,스크램블에그,조식
2021-05-02,과일1,조식
2021-05-02,배추김치,조식
2021-05-03,밥,조식
2021-05-03,조갯살미역국,조식
2021-05-03,비엔나소시지야채볶음,조식
2021-05-03,순두부양념장,조식
2021-05-03,배추김치,조식
2021-05-03,요구르트 아이스크림 떠먹는형,조식
2021-05-04,햄치즈버거,조식
2021-05-04,우유,조식
2021-05-05,떡만둣국,조식
2021-05-05,오징어채볶음,조식
2021-05-05,배추김치,조식
2021-05-05,우유,조식
2021-05-06,밥,조식
2021-05-06,쇠고기무국,조식
2021-05-06,돼지고기김치볶음,조식
2021-05-06,맛김,조식
2021-05-06,깍두기,조식
2021-05-06,우유,조식
2021-05-07,밥,조식
2021-05-07,쇠고기미역국,조식
2021-05-07,햄슬라이스야채볶음,조식
2021-05-07,맛김,조식
2021-05-07,깍두기,조식
2021-05-08,핫도그빵,조식
2021-05-08,우유,조식
2021-05-09,밥,조식
2021-05-09,쇠고기감자국,조식
2021-05-09,버섯호박볶음,조식
2021-05-09,계란찜,조식
2021-05-09,배추김치,조식
2021-05-09,우유,조식
2021-05-10,밥,조식
2021-05-10,꼬리곰탕,조식
2021-05-10,오이무침,조식
2021-05-10,깍두기,조식
2021-05-10,우유,조식
2021-05-11,밥,조식
2021-05-11,생선묵국,조식
2021-05-11,계란찜,조식
2021-05-11,맛김,조식
2021-05-11,깍두기,조식
2021-05-11,컵과일,조식
2021-05-12,닭죽,조식
2021-05-12,감자조림,조식
2021-05-12,깍두기,조식
2021-04-13,새우버거,조식
2021-04-13,우유,조식
2021-04-14,밥,조식
2021-04-14,김치찌개,조식
2021-04-14,감자채볶음,조식
2021-04-14,맛김,조식
2021-04-14,깍두기,조식
2021-04-15,밥,조식
2021-04-15,북어채국,조식
2021-04-15,돼지고기김치볶음,조식
2021-04-15,두부양념장,조식
2021-04-15,깍두기,조식
2021-04-15,우유,조식
2021-04-16,밥,조식
2021-04-16,감자양파찌개,조식
2021-04-16,비엔나소시지케찹볶음,조식
2021-04-16,맛김,조식
2021-04-16,배추김치,조식
2021-04-16,우유,조식
2021-04-17,핫도그빵,조식
2021-04-17,우유,조식
2021-04-18,밥,조식
2021-04-18,버섯쇠고기찌개,조식
2021-04-18,햄슬라이스야채볶음,조식
2021-04-18,맛김,조식
2021-04-18,배추김치,조식
2021-04-18,우유,조식
2021-04-19,밥,조식
2021-04-19,김치찌개,조식
2021-04-19,느타리버섯볶음,조식
2021-04-19,맛김,조식
2021-04-19,깍두기,조식
2021-04-20,떡만둣국,조식
2021-04-20,오징어젓무침,조식
2021-04-20,배추김치,조식
2021-04-20,코코아 음료 분말,조식
2021-04-21,밥,조식
2021-04-21,쇠고기미역국,조식
2021-04-21,돼지고기김치볶음,조식
2021-04-21,순두부양념장,조식
2021-04-21,과일2,조식
2021-04-21,깍두기,조식
2021-04-21,가공우유,조식
2021-04-21,우유,조식
2021-04-22,밥,조식
2021-04-22,두부고추장찌개,조식
2021-04-22,버섯호박볶음,조식
2021-04-22,감자조림,조식
2021-04-22,배추김치,조식
2021-04-22,우유,조식
2021-04-23,밥,조식
2021-04-23,버섯쇠고기찌개,조식
2021-04-23,참치김치볶음,조식
2021-04-23,맛김,조식
2021-04-23,깍두기,조식
2021-04-23,우유,조식
2021-04-23,코코아 음료 분말,조식
2021-04-24,밥,조식
2021-04-24,생선묵국,조식
2021-04-24,햄슬라이스야채볶음,조식
2021-04-24,맛김,조식
2021-04-24,배추김치,조식
2021-04-24,우유,조식
2021-04-25,닭죽,조식
2021-04-25,오징어채볶음,조식
2021-04-25,과일1,조식
2021-04-25,배추김치,조식
2021-04-25,가공우유,조식
2021-04-25,우유,조식
2021-04-26,밥,조식
2021-04-26,조갯살미역국,조식
2021-04-26,계란찜,조식
2021-04-26,맛김,조식
2021-04-26,배추김치,조식
2021-04-26,요구르트 아이스크림 떠먹는형,조식
2021-04-27,감자밥,조식
2021-04-27,두부고추장찌개,조식
2021-04-27,쇠고기장조림,조식
2021-04-27,배추김치,조식
2021-04-27,우유,조식
2021-03-29,생선묵국,조식
2021-03-29,돼지고기김치볶음,조식
2021-03-29,맛김,조식
2021-03-29,깍두기,조식
2021-03-29,우유,조식
2021-03-30,밥,조식
2021-03-30,쇠고기감자국,조식
2021-03-30,계란찜,조식
2021-03-30,시금치고추장무침,조식
2021-03-30,과일2,조식
2021-03-30,배추김치,조식
2021-03-31,밥,조식
2021-03-31,쇠고기미역국,조식
2021-03-31,감자조림,조식
2021-03-31,오징어젓무침,조식
2021-03-31,순두부양념장,조식
2021-03-31,배추김치,조식
2021-03-31,요구르트 아이스크림 떠먹는형,조식
2021-04-01,밥,조식
2021-04-01,쇠고기무국,조식
2021-04-01,생선묵볶음,조식
2021-04-01,맛김,조식
2021-04-01,배추김치,조식
2021-04-02,밥,조식
2021-04-02,쇠고기미역국,조식
2021-04-02,비엔나소시지케찹볶음,조식
2021-04-02,콩나물매운무침,조식
2021-04-02,배추김치,조식
2021-04-02,우유,조식
2021-04-03,핫도그빵,조식
2021-04-03,우유,조식
2021-04-04,밥,조식
2021-04-04,감자양파찌개,조식
2021-04-04,느타리버섯볶음,조식
2021-04-04,맛김,조식
2021-04-04,배추김치,조식
2021-04-04,우유,조식
2021-04-05,쇠고기국밥,조식
2021-04-05,새송이버섯야채볶음,조식
2021-04-05,오이무침,조식
2021-04-05,배추김치,조식
2021-04-05,유산균 발효 음료,조식
2021-04-06,밥,조식
2021-04-06,두부고추장찌개,조식
2021-04-06,소시지야채볶음,조식
2021-04-06,맛김,조식
2021-04-06,깍두기,조식
2021-04-06,우유,조식
2021-04-07,밥,조식
2021-04-07,버섯쇠고기찌개,조식
2021-04-07,감자조림,조식
2021-04-07,순두부양념장,조식
2021-04-07,배추김치,조식
2021-04-07,우유,조식
2021-04-08,햄치즈버거,조식
2021-04-08,우유,조식
2021-04-09,밥,조식
2021-04-09,쇠고기미역국,조식
2021-04-09,비엔나소시지야채볶음,조식
2021-04-09,오이무침,조식
2021-04-09,배추김치,조식
2021-04-09,감귤 주스,조식
2021-04-10,떡만둣국,조식
2021-04-10,오징어젓무침,조식
2021-04-10,배추김치,조식
2021-04-10,우유,조식
2021-04-11,밥,조식
2021-04-11,감자양파찌개,조식
2021-04-11,생선묵볶음,조식
2021-04-11,맛김,조식
2021-04-11,배추김치,조식
2021-04-11,우유,조식
2021-04-12,밥,조식
2021-04-12,꼬리곰탕,조식
2021-04-12,오이무침,조식
2021-04-12,깍두기,조식
2021-04-12,우유,조식
2021-03-14,감자조림,조식
2021-03-14,콩나물매운무침,조식
2021-03-14,배추김치,조식
2021-03-14,우유,조식
2021-03-14,밥,조식
2021-03-15,밥,조식
2021-03-15,사골곰탕,조식
2021-03-15,두부김치,조식
2021-03-15,깍두기,조식
2021-03-15,유산균 발효 음료,조식
2021-03-16,밥,조식
2021-03-16,오징어국,조식
2021-03-16,비엔나소시지케찹볶음,조식
2021-03-16,맛김,조식
2021-03-16,배추김치,조식
2021-03-16,우유,조식
2021-03-17,깍두기,조식
2021-03-17,요구르트 아이스크림 떠먹는형,조식
2021-03-17,밥,조식
2021-03-17,두부맑은국,조식
2021-03-17,감자채볶음,조식
2021-03-17,참치김치볶음,조식
2021-03-18,불고기버거,조식
2021-03-18,우유,조식
2021-03-19,밥,조식
2021-03-19,생선묵국,조식
2021-03-19,돼지고기김치볶음,조식
2021-03-19,맛김,조식
2021-03-19,깍두기,조식
2021-03-19,우유,조식
2021-03-20,닭죽,조식
2021-03-20,감자조림,조식
2021-03-20,배추김치,조식
2021-03-20,우유,조식
2021-03-21,밥,조식
2021-03-21,감자양파찌개,조식
2021-03-21,느타리버섯볶음,조식
2021-03-21,맛김,조식
2021-03-21,배추김치,조식
2021-03-21,우유,조식
2021-03-22,버섯된장찌개,조식
2021-03-22,비엔나소시지야채볶음,조식
2021-03-22,무나물,조식
2021-03-22,배추김치,조식
2021-03-22,밥,조식
2021-03-23,햄치즈버거,조식
2021-03-23,우유,조식
2021-03-24,밥,조식
2021-03-24,생선묵국,조식
2021-03-24,돼지고기김치볶음,조식
2021-03-24,맛김,조식
2021-03-24,깍두기,조식
2021-03-24,우유,조식
2021-03-25,두부고추장찌개,조식
2021-03-25,새송이버섯야채볶음,조식
2021-03-25,감자조림,조식
2021-03-25,배추김치,조식
2021-03-25,우유,조식
2021-03-25,밥,조식
2021-03-26,밥,조식
2021-03-26,쇠고기육개장,조식
2021-03-26,생선묵볶음,조식
2021-03-26,맛김,조식
2021-03-26,배추김치,조식
2021-03-26,요구르트 아이스크림 떠먹는형,조식
2021-03-27,핫도그빵,조식
2021-03-27,우유,조식
2021-03-28,떡만둣국,조식
2021-03-28,감자조림,조식
2021-03-28,배추김치,조식
2021-03-28,우유,조식
2021-03-29,밥,조식
2021-02-27,두부고추장찌개,조식
2021-02-27,돼지고기김치볶음,조식
2021-02-27,맛김,조식
2021-02-27,깍두기,조식
2021-02-27,우유,조식
2021-02-28,밥,조식
2021-02-28,쇠고기미역국,조식
2021-02-28,버섯호박볶음,조식
2021-02-28,계란찜,조식
2021-02-28,김장김치,조식
2021-02-28,우유,조식
2021-03-01,밥,조식
2021-03-01,쇠고기무국,조식
2021-03-01,오징어채볶음,조식
2021-03-01,맛김,조식
2021-03-01,배추김치,조식
2021-03-01,우유,조식
2021-03-02,밥,조식
2021-03-02,꼬리곰탕,조식
2021-03-02,오징어젓무침,조식
2021-03-02,깍두기,조식
2021-03-02,우유,조식
2021-03-03,쇠고기덮밥,조식
2021-03-03,콩나물김치국,조식
2021-03-03,맛김,조식
2021-03-03,깍두기,조식
2021-03-03,우유,조식
2021-03-04,우유,조식
2021-03-04,햄치즈버거,조식
2021-03-05,밥,조식
2021-03-05,쇠고기미역국,조식
2021-03-05,스크램블에그,조식
2021-03-05,콩나물매운무침,조식
2021-03-05,가공우유 바나나,조식
2021-03-05,배추김치,조식
2021-03-06,김치덮밥,조식
2021-03-06,콩나물국,조식
2021-03-06,맛김,조식
2021-03-06,깍두기,조식
2021-03-06,우유,조식
2021-03-07,닭고기육개장,조식
2021-03-07,무나물,조식
2021-03-07,오이양파장아찌,조식
2021-03-07,배추김치,조식
2021-03-07,우유,조식
2021-03-07,밥,조식
2021-03-08,밥,조식
2021-03-08,쇠고기무국,조식
2021-03-08,비엔나소시지케찹볶음,조식
2021-03-08,맛김,조식
2021-03-08,배추김치,조식
2021-03-08,우유 살균형,조식
2021-03-09,밥,조식
2021-03-09,두부고추장찌개,조식
2021-03-09,감자채볶음,조식
2021-03-09,계란찜,조식
2021-03-09,배추김치,조식
2021-03-09,요구르트 아이스크림 떠먹는형,조식
2021-03-10,깍두기,조식
2021-03-10,우유,조식
2021-03-10,감자밥,조식
2021-03-10,쇠고기미역국,조식
2021-03-10,돼지고기김치볶음,조식
2021-03-11,떡만둣국,조식
2021-03-11,햄슬라이스야채볶음,조식
2021-03-11,배추김치,조식
2021-03-11,유산균 발효 음료,조식
2021-03-12,쇠고기국밥,조식
2021-03-12,감자채볶음,조식
2021-03-12,깻잎무침,조식
2021-03-12,과일1,조식
2021-03-12,배추김치,조식
2021-03-13,핫도그빵,조식
2021-03-13,우유,조식
2021-03-14,쇠고기미역국,조식
2021-02-12,우유,조식
2021-02-13,밥,조식
2021-02-13,쇠고기무국,조식
2021-02-13,비엔나소시지케찹볶음,조식
2021-02-13,맛김,조식
2021-02-13,김장김치,조식
2021-02-13,우유,조식
2021-02-14,밥,조식
2021-02-14,조갯살미역국,조식
2021-02-14,감자채볶음,조식
2021-02-14,느타리버섯볶음,조식
2021-02-14,김장김치,조식
2021-02-14,우유,조식
2021-02-15,밥,조식
2021-02-15,사골곰탕,조식
2021-02-15,생선묵볶음,조식
2021-02-15,두부조림,조식
2021-02-15,김장김치,조식
2021-02-15,우유 살균형,조식
2021-02-16,밥,조식
2021-02-16,두부고추장찌개,조식
2021-02-16,계란찜,조식
2021-02-16,감자조림,조식
2021-02-16,김장김치,조식
2021-02-16,우유,조식
2021-02-17,밥,조식
2021-02-17,콩나물국,조식
2021-02-17,햄슬라이스야채볶음,조식
2021-02-17,맛김,조식
2021-02-17,김장김치,조식
2021-02-17,우유,조식
2021-02-18,불고기버거,조식
2021-02-18,우유,조식
2021-02-19,밥,조식
2021-02-19,계란국,조식
2021-02-19,돼지고기김치볶음,조식
2021-02-19,두부양념장,조식
2021-02-19,깍두기,조식
2021-02-19,우유,조식
2021-02-20,핫도그빵,조식
2021-02-20,우유,조식
2021-02-21,닭죽,조식
2021-02-21,오징어채볶음,조식
2021-02-21,김장김치,조식
2021-02-21,우유,조식
2021-02-21,코코아 음료 분말,조식
2021-02-22,밥,조식
2021-02-22,감자양파찌개,조식
2021-02-22,맛김,조식
2021-02-22,쇠고기야채조림,조식
2021-02-22,김장김치,조식
2021-02-22,우유,조식
2021-02-23,밥,조식
2021-02-23,쇠고기무국,조식
2021-02-23,참치김치볶음,조식
2021-02-23,계란찜,조식
2021-02-23,깍두기,조식
2021-02-23,우유 살균형,조식
2021-02-24,밥,조식
2021-02-24,생선묵국,조식
2021-02-24,느타리버섯볶음,조식
2021-02-24,맛김,조식
2021-02-24,김장김치,조식
2021-02-24,우유,조식
2021-02-25,햄치즈버거,조식
2021-02-25,우유,조식
2021-02-26,쇠고기국밥,조식
2021-02-26,감자조림,조식
2021-02-26,콩나물무침,조식
2021-02-26,과일2,조식
2021-02-26,김장김치,조식
2021-02-27,밥,조식
2022-08-16,감자계란국,조식
2022-08-16,돼지고기콩나물볶음,조식
2022-08-16,맛김,조식
2022-08-16,메추리알장조림,조식
2022-08-16,가공우유,조식
2022-08-16,배추김치,조식
2022-08-17,밥,조식
2022-08-17,쇠고기무국,조식
2022-08-17,돼지고기김치볶음,조식
2022-08-17,콩나물매운무침,조식
2022-08-17,깍두기,조식
2022-08-17,유산균 발효 음료,조식
2022-08-18,밥,조식
2022-08-18,사골우거지국,조식
2022-08-18,비엔나소시지케찹볶음,조식
2022-08-18,맛김,조식
2022-08-18,오징어젓무침,조식
2022-08-18,깍두기,조식
2022-08-18,바나나,조식
2022-08-19,밥,조식
2022-08-19,김치만두국,조식
2022-08-19,김자반,조식
2022-08-19,계란찜,조식
2022-08-19,돼지고기장조림,조식
2022-08-19,배추김치,조식
2022-08-19,우유,조식
2022-08-20,햄치즈버거,조식
2022-08-20,치즈볼,조식
2022-08-20,우유,조식
2022-08-21,밥,조식
2022-08-21,황태해장국,조식
2022-08-21,계란말이,조식
2022-08-21,떡갈비스테이크,조식
2022-08-21,브리또,조식
2022-08-16,밥,조식
2022-08-15,우유,조식
2021-02-04,오징어젓무침,조식
2021-02-04,김장김치,조식
2021-02-04,우유,조식
2021-02-05,밥,조식
2021-02-05,시금치된장국,조식
2021-02-05,돼지고기김치볶음,조식
2021-02-05,맛김,조식
2021-02-05,과일1,조식
2021-02-05,깍두기,조식
2021-02-06,불고기버거,조식
2021-02-06,우유,조식
2021-02-07,밥,조식
2021-02-07,북어채국,조식
2021-02-07,새송이버섯야채볶음,조식
2021-02-07,맛김,조식
2021-02-07,김장김치,조식
2021-02-07,우유,조식
2021-02-08,밥,조식
2021-02-08,꼬리곰탕,조식
2021-02-08,감자채볶음,조식
2021-02-08,순두부양념장,조식
2021-02-08,김장김치,조식
2021-02-08,우유 살균형,조식
2021-02-09,밥,조식
2021-02-09,콩나물국,조식
2021-02-09,돼지고기부추볶음,조식
2021-02-09,맛김,조식
2021-02-09,김장김치,조식
2021-02-09,우유,조식
2021-02-10,밥,조식
2021-02-10,쇠고기감자국,조식
2021-02-10,햄슬라이스야채볶음,조식
2021-02-10,계란찜,조식
2021-02-10,김장김치,조식
2021-02-10,우유,조식
2021-02-11,밥,조식
2021-02-11,감자양파찌개,조식
2021-02-11,돼지고기김치볶음,조식
2021-02-11,맛김,조식
2021-02-11,가공우유 바나나,조식
2021-02-11,깍두기,조식
2021-02-12,떡만둣국,조식
2021-02-12,오징어채볶음,조식
2021-02-12,김장김치,조식
2021-01-06,밥,조식
2021-01-06,생선묵국,조식
2021-01-06,두부김치,조식
2021-01-06,계란찜,조식
2021-01-06,과일2,조식
2022-08-21,깍두기,조식
2022-08-21,우유,조식
2022-08-22,밥,조식
2022-08-22,왕만두국,조식
2022-08-22,맛김,조식
2022-08-22,메추리알장조림,조식
2022-08-22,오징어젓무침,조식
2022-08-22,배추김치,조식
2022-08-22,우유,조식
2022-08-23,밥,조식
2022-08-23,쑥갓어묵국,조식
2022-08-23,햄슬라이스야채볶음,조식
2022-08-23,맛김,조식
2022-08-23,오징어채무침,조식
2022-08-23,컵시리얼,조식
2022-08-23,배추김치,조식
2022-08-24,밥,조식
2022-08-24,조갯살미역국,조식
2022-08-24,돼지고기김치볶음,조식
2022-08-24,김자반,조식
2022-08-24,찐새우만두,조식
2022-08-24,깍두기,조식
2022-08-24,우유,조식
2022-08-25,밥,조식
2022-08-25,감자수제비,조식
2022-08-25,볼어묵볶음,조식
2022-08-25,베이컨조랭이떡볶음,조식
2022-08-25,배추김치,조식
2022-08-25,사인머스켓,조식
2022-08-26,밥,조식
2022-08-26,누룽지삼계탕,조식
2022-08-26,계란찜,조식
2022-08-26,무말랭이무침,조식
2022-08-26,배추김치,조식
2022-08-26,우유,조식
2022-08-27,어니언베이글,조식
2022-08-27,컵시리얼,조식
2022-08-27,브리또,조식
2022-08-27,블루베리잼,조식
2022-08-27,크림치즈,조식
2022-08-27,자연은 제주감귤 180ml,조식
2022-08-27,우유,조식
2022-08-28,밥,조식
2022-08-28,사골우거지국,조식
2022-08-28,돼지고기청경채볶음,조식
2022-08-28,연두부양념장,조식
2022-08-28,배추김치,조식
2022-08-28,우유,조식
2022-08-29,쇠고기덮밥,조식
2022-08-29,감자계란국,조식
2022-08-29,메추리알장조림,조식
2022-08-29,가공우유,조식
2022-08-29,배추김치,조식
2022-08-30,쇠고기무국,조식
2022-08-30,비엔나소시지케찹볶음,조식
2022-08-30,맛김,조식
2022-08-30,돼지고기장조림,조식
2022-08-30,배추김치,조식
2022-08-30,사인머스켓,조식
2022-08-31,밥,조식
2022-08-31,감자수제비,조식
2022-08-31,돼지고기김치볶음,조식
2022-08-31,무말랭이무침,조식
2022-08-31,배추김치,조식
2022-08-31,우유,조식
2022-09-01,밥,조식
2022-09-01,쑥갓어묵국,조식
2022-09-01,햄슬라이스야채볶음,조식
2022-09-01,맛김,조식
2022-09-01,연두부양념장,조식
2022-09-01,배추김치,조식
2022-09-02,밥,조식
2022-09-02,쇠고기무국,조식
2022-09-02,베이컨조랭이떡볶음,조식
2022-09-02,계란찜,조식
2022-09-02,배추김치,조식
2022-09-03,햄치즈버거,조식
2021-01-15,밥,조식
2021-01-15,두부맑은국,조식
2021-01-15,햄슬라이스야채볶음,조식
2021-01-15,맛김,조식
2021-01-15,김장김치,조식
2021-01-15,우유,조식
2021-01-16,떡만둣국,조식
2021-01-16,오징어젓무침,조식
2021-01-16,김장김치,조식
2021-01-16,우유,조식
2021-01-17,밥,조식
2021-01-17,콩나물국,조식
2021-01-11,오징어채볶음,조식
2021-01-11,김장김치,조식
2021-01-11,우유,조식
2021-01-12,밥,조식
2021-01-12,오징어국,조식
2021-01-12,비엔나소시지케찹볶음,조식
2021-01-12,콩나물무침,조식
2021-01-12,깍두기,조식
2021-01-12,우유,조식
2021-01-13,밥,조식
2021-01-13,쇠고기감자국,조식
2021-01-13,두부김치,조식
2021-01-13,맛김,조식
2021-01-13,깍두기,조식
2021-01-13,우유,조식
2021-01-13,코코아 음료 분말,조식
2021-01-14,불고기버거,조식
2021-01-06,백김치,조식
2021-01-07,밥,조식
2021-01-07,콩나물국,조식
2021-01-07,생선묵볶음,조식
2021-01-07,두부조림,조식
2021-01-07,김장김치,조식
2021-01-07,우유 살균형,조식
2021-01-08,쇠고기국밥,조식
2021-01-08,소시지야채볶음,조식
2021-01-08,감자조림,조식
2021-01-08,김장김치,조식
2021-01-08,우유,조식
2021-01-09,핫도그빵,조식
2021-01-09,우유,조식
2021-01-10,닭죽,조식
2021-01-10,오징어젓무침,조식
2021-01-10,김장김치,조식
2021-01-10,우유,조식
2021-01-11,밥,조식
2021-01-11,꼬리곰탕,조식
2021-01-01,떡만둣국,조식
2021-01-01,오징어젓무침,조식
2021-01-01,김장김치,조식
2021-01-01,우유,조식
2021-01-02,밥,조식
2021-01-02,시금치된장국,조식
2021-01-02,돼지고기김치볶음,조식
2021-01-02,맛김,조식
2021-01-02,깍두기,조식
2021-01-02,우유,조식
2021-01-03,밥,조식
2021-01-03,쇠고기무국,조식
2021-01-03,순두부양념장,조식
2021-01-03,오징어실채무침,조식
2021-01-03,김장김치,조식
2021-01-03,우유,조식
2021-01-04,밥,조식
2021-01-04,김치찌개,조식
2021-01-04,햄슬라이스야채볶음,조식
2021-01-04,맛김,조식
2021-01-04,김장김치,조식
2021-01-04,우유,조식
2021-01-05,에그햄치즈버거,조식
2021-01-05,우유,조식
2021-01-29,콩나물김치국,조식
2021-01-29,돼지고기부추볶음,조식
2021-01-29,맛김,조식
2021-01-29,김장김치,조식
2021-01-29,우유,조식
2021-01-30,밥,조식
2021-01-30,북어채국,조식
2021-01-30,감자조림,조식
2021-01-30,무나물M582:오이무침대,조식
2021-01-30,김장김치,조식
2021-01-30,우유,조식
2021-01-31,감자밥,조식
2021-01-31,조갯살미역국,조식
2021-01-31,돼지고기김치볶음O564:쇠고기야채조림대,조식
2021-01-31,김장김치,조식
2021-01-31,우유,조식
2021-01-24,맛김,조식
2021-01-24,김장김치,조식
2021-01-24,우유,조식
2021-01-25,밥,조식
2021-01-25,쇠고기미역국,조식
2021-01-25,버섯호박볶음,조식
2021-01-25,계란찜,조식
2021-01-25,김장김치,조식
2021-01-25,우유,조식
2021-01-26,밥,조식
2021-01-26,생선묵국,조식
2021-01-26,돼지고기김치볶음,조식
2021-01-26,맛김,조식
2021-01-26,과일1,조식
2021-01-26,깍두기,조식
2021-01-27,밥,조식
2021-01-27,쇠고기무국,조식
2021-01-27,새송이버섯야채볶음,조식
2021-01-27,무나물M582:오이무침대,조식
2021-01-27,김장김치,조식
2021-01-27,우유,조식
2021-01-28,핫도그빵,조식
2021-01-28,우유,조식
2021-01-21,햄치즈버거,조식
2021-01-21,우유,조식
2021-01-22,밥,조식
2021-01-22,버섯쇠고기찌개,조식
2021-01-22,맛김,조식
2021-01-22,두부양념장,조식
2021-01-22,김장김치,조식
2021-01-22,우유,조식
2021-01-23,밥,조식
2021-01-23,감자양파찌개,조식
2021-01-23,김자반,조식
2021-01-23,순두부계란찜,조식
2021-01-23,김장김치,조식
2021-01-23,우유,조식
2021-01-24,밥,조식
2021-01-24,버섯쇠고기찌개,조식
2021-01-24,오징어채볶음,조식
2021-01-17,생선묵볶음,조식
2021-01-17,맛김,조식
2021-01-17,김장김치,조식
2021-01-17,우유,조식
2021-01-18,밥,조식
2021-01-18,북어채국,조식
2021-01-18,돼지고기김치볶음,조식
2021-01-18,맛김,조식
2021-01-18,깍두기,조식
2021-01-18,우유,조식
2021-01-19,밥,조식
2021-01-19,버섯쇠고기찌개,조식
2021-01-19,계란찜,조식
2021-01-19,순두부양념장,조식
2021-01-19,가공우유 바나나,조식
2021-01-19,김장김치,조식
2021-01-20,밥,조식
2021-01-20,생선묵국,조식
2021-01-20,비엔나소시지케찹볶음,조식
2021-01-20,두부조림,조식
2021-01-20,김장김치,조식
2021-01-20,우유,조식
2021-01-14,우유,조식
2022-02-26,새우버거,조식
2022-02-26,스크램블에그,조식
2022-02-26,음료수 탄산 콜라,조식
2022-02-26,우유,조식
2022-02-27,밥,조식
2022-02-27,간편식탕류,조식
2022-02-27,쇠고기불고기,조식
2022-02-27,연두부양념장,조식
2022-02-27,김장김치,조식
2022-02-28,참치마요덮밥,조식
2022-02-28,밥,조식
2022-02-28,쇠고기감자국,조식
2022-02-28,돼지고기김치볶음,조식
2022-02-28,김장김치,조식
2022-02-28,감귤 주스,조식
2022-03-01,밥,조식
2022-03-01,쇠고기미역국,조식
2022-03-01,새송이버섯야채볶음,조식
2022-03-01,두부조림,조식
2022-03-01,배추김치,조식
2022-03-01,우유,조식
2022-03-02,밥,조식
2022-03-02,황태채국,조식
2022-03-02,마파두부,조식
2022-03-02,계란찜,조식
2022-03-02,배추김치,조식
2022-03-02,요구르트 아이스크림 떠먹는형,조식
2022-03-03,불고기버거,조식
2022-03-03,우유,조식
2022-03-04,간장계란밥,조식
2022-03-04,쇠고기무국,조식
2022-03-04,햄슬라이스야채볶음,조식
2022-03-04,맛김,조식
2022-03-04,배추김치,조식
2022-03-04,사과,조식
2022-03-05,밥,조식
2022-03-05,갈비탕,조식
2022-03-05,비엔나소시지케찹볶음,조식
2022-03-05,감자조림,조식
2022-03-05,가공우유,조식
2022-03-05,배추김치,조식
2022-03-06,떡만둣국,조식
2022-03-06,소시지야채볶음,조식
2022-03-06,맛김,조식
2022-03-06,배추김치,조식
2022-03-06,감귤 주스,조식
2022-03-07,밥,조식
2022-03-07,감자수제비국,조식
2022-03-07,매운쭈꾸미볶음,조식
2022-03-07,두부양념장,조식
2022-03-07,배추김치,조식
2022-03-07,우유,조식
2022-03-08,햄치즈버거,조식
2022-03-08,우유,조식
2022-03-08,감귤 주스,조식
2021-02-01,밥,조식
2021-02-01,오징어국,조식
2021-02-01,비엔나소시지케찹볶음,조식
2021-02-01,맛김,조식
2021-02-01,김장김치,조식
2021-02-01,우유,조식
2021-02-02,잡곡밥,조식
2021-02-02,쇠고기육개장,조식
2021-02-02,꽈리고추멸치볶음,조식
2021-02-02,두부김치,조식
2021-02-02,백김치,조식
2021-02-02,요구르트 아이스크림 떠먹는형,조식
2021-02-03,생선묵볶음,조식
2021-02-03,순두부양념장,조식
2021-02-03,김장김치,조식
2021-02-03,우유 살균형,조식
2021-02-03,밥,조식
2021-02-03,쇠고기미역국,조식
2021-02-04,떡만둣국,조식
2021-01-29,밥,조식
2022-02-12,핫도그빵,조식
2022-02-12,쇠고기버섯볶음,조식
2022-02-12,우유,조식
2022-02-12,배,조식
2022-02-13,닭죽,조식
2022-02-13,맛김,조식
2022-02-13,모듬어묵조림,조식
2022-02-13,김장김치,조식
2022-02-13,우유,조식
2022-02-13,사과,조식
2022-02-14,밥,조식
2022-02-14,쇠고기육개장,조식
2022-02-14,계란찜,조식
2022-02-14,오징어젓무침,조식
2022-02-14,김장김치,조식
2022-02-14,우유,조식
2022-02-15,햄치즈버거,조식
2022-02-15,우유,조식
2022-02-15,감귤 주스,조식
2022-02-16,닭고기덮밥,조식
2022-02-16,맑은콩나물국,조식
2022-02-16,오징어채무침,조식
2022-02-16,가공우유,조식
2022-02-16,김장김치,조식
2022-02-17,간장계란밥,조식
2022-02-17,쇠고기무국,조식
2022-02-17,햄슬라이스야채볶음,조식
2022-02-17,맛김,조식
2022-02-17,김장김치,조식
2022-02-17,우유,조식
2022-02-17,코코아 음료 분말,조식
2022-02-18,밥,조식
2022-02-18,쇠고기감자국,조식
2022-02-18,돼지고기김치볶음,조식
2022-02-18,맛김,조식
2022-02-18,연두부양념장,조식
2022-02-18,깍두기,조식
2022-02-18,라면,조식
2022-02-18,감귤 주스,조식
2022-02-19,불고기버거,조식
2022-02-19,우유,조식
2022-02-20,밥,조식
2022-02-20,쇠고기당면국,조식
2022-02-20,소시지야채볶음,조식
2022-02-20,마파두부,조식
2022-02-20,김장김치,조식
2022-02-20,우유,조식
2022-02-21,간장계란밥,조식
2022-02-21,쇠고기미역국,조식
2022-02-21,꽈리고추멸치볶음,조식
2022-02-21,새송이버섯야채볶음,조식
2022-02-21,김장김치,조식
2022-02-21,감귤 주스,조식
2022-02-22,밥,조식
2022-02-22,떡만둣국,조식
2022-02-22,맛김,조식
2022-02-22,오징어채무침,조식
2022-02-22,김장김치,조식
2022-02-22,감귤 주스,조식
2022-02-23,밥,조식
2022-02-23,콩나물김치국,조식
2022-02-23,낙지볶음,조식
2022-02-23,햄슬라이스야채볶음,조식
2022-02-23,김장김치,조식
2022-02-23,우유,조식
2022-02-24,밥,조식
2022-02-24,사골곰탕,조식
2022-02-24,돼지고기김치볶음,조식
2022-02-24,오징어젓무침,조식
2022-02-24,깍두기,조식
2022-02-24,코코아 음료 분말,조식
2022-02-24,우유,조식
2022-02-25,밥,조식
2022-02-25,간편식탕류,조식
2022-02-25,비엔나소시지야채볶음,조식
2022-02-25,무나물,조식
2022-02-25,김장김치,조식
2022-01-28,우유,조식
2022-01-29,햄치즈버거,조식
2022-01-29,우유,조식
2022-01-30,밥,조식
2022-01-30,콩나물국,조식
2022-01-30,비엔나소시지야채볶음,조식
2022-01-30,두부조림,조식
2022-01-30,김장김치,조식
2022-01-30,우유,조식
2022-01-31,후리카케밥,조식
2022-01-31,쇠고기미역국,조식
2022-01-31,계란찜,조식
2022-01-31,맛김,조식
2022-01-31,김장김치,조식
2022-01-31,우유,조식
2022-02-01,떡만둣국,조식
2022-02-01,밥,조식
2022-02-01,맛김,조식
2022-02-01,오징어채무침,조식
2022-02-01,김장김치,조식
2022-02-01,우유,조식
2022-02-02,밥,조식
2022-02-02,팽이버섯두부국,조식
2022-02-02,돼지고기콩나물볶음,조식
2022-02-02,맛김,조식
2022-02-02,스크램블에그,조식
2022-02-02,김장김치,조식
2022-02-02,감귤 주스,조식
2022-02-03,밥,조식
2022-02-03,배추된장국,조식
2022-02-03,비엔나소시지케찹볶음,조식
2022-02-03,모듬어묵조림,조식
2022-02-03,김장김치,조식
2022-02-03,코코아 음료 분말,조식
2022-02-03,우유,조식
2022-02-04,밥,조식
2022-02-04,콩나물국,조식
2022-02-04,돼지고기김치볶음,조식
2022-02-04,맛김,조식
2022-02-04,계란찜,조식
2022-02-04,깍두기,조식
2022-02-05,불고기버거,조식
2022-02-05,가공우유,조식
2022-02-05,우유,조식
2022-02-06,밥,조식
2022-02-06,닭곰탕,조식
2022-02-06,시금치무침,조식
2022-02-06,오징어젓무침,조식
2022-02-06,김장김치,조식
2022-02-06,우유 살균형,조식
2022-02-06,라면,조식
2022-02-07,간장계란밥,조식
2022-02-07,쇠고기무국,조식
2022-02-07,햄슬라이스야채볶음,조식
2022-02-07,맛김,조식
2022-02-07,김장김치,조식
2022-02-07,우유,조식
2022-02-08,햄치즈버거,조식
2022-02-08,우유,조식
2022-02-09,밥,조식
2022-02-09,맑은콩나물국,조식
2022-02-09,쇠고기팽이버섯떡볶음,조식
2022-02-09,감자조림,조식
2022-02-09,김장김치,조식
2022-02-09,우유,조식
2022-02-10,밥,조식
2022-02-10,쇠고기미역국,조식
2022-02-10,돼지고기김치볶음,조식
2022-02-10,두부양념장,조식
2022-02-10,깍두기,조식
2022-02-10,우유,조식
2022-02-10,코코아 음료 분말,조식
2022-02-11,밥,조식
2022-02-11,쇠고기당면국,조식
2022-02-11,햄슬라이스야채볶음,조식
2022-02-11,오징어젓무침,조식
2022-02-11,김장김치,조식
2022-02-11,우유,조식
2022-01-14,마파두부,조식
2022-01-14,맛김,조식
2022-01-14,무나물,조식
2022-01-14,김장김치,조식
2022-01-14,우유,조식
2022-01-15,쇠고기야채죽,조식
2022-01-15,맛김,조식
2022-01-15,오징어젓무침,조식
2022-01-15,김장김치,조식
2022-01-15,우유,조식
2022-01-16,베이컨김치볶음밥,조식
2022-01-16,배추된장국,조식
2022-01-16,맛김,조식
2022-01-16,스크램블에그,조식
2022-01-16,깍두기,조식
2022-01-16,우유,조식
2022-01-17,밥,조식
2022-01-17,쇠고기미역국,조식
2022-01-17,돼지고기김치볶음,조식
2022-01-17,연두부양념장,조식
2022-01-17,파김치,조식
2022-01-17,우유,조식
2022-01-18,밥,조식
2022-01-18,감자수제비국,조식
2022-01-18,쇠고기팽이버섯떡볶음,조식
2022-01-18,두부매운조림,조식
2022-01-18,김장김치,조식
2022-01-18,우유,조식
2022-01-19,밥,조식
2022-01-19,꼬리곰탕,조식
2022-01-19,햄슬라이스야채볶음,조식
2022-01-19,오징어젓무침,조식
2022-01-19,김장김치,조식
2022-01-19,우유,조식
2022-01-20,간장계란밥,조식
2022-01-20,쇠고기당면국,조식
2022-01-20,맛김,조식
2022-01-20,오징어채무침,조식
2022-01-20,김장김치,조식
2022-01-20,우유,조식
2022-01-21,밥,조식
2022-01-21,쇠고기육개장,조식
2022-01-21,돼지고기김치볶음,조식
2022-01-21,두부조림,조식
2022-01-21,백김치,조식
2022-01-21,우유,조식
2022-01-22,쇠고기덮밥,조식
2022-01-22,조갯살미역국,조식
2022-01-22,스크램블에그,조식
2022-01-22,김장김치,조식
2022-01-22,우유,조식
2022-01-22,커피음료,조식
2022-01-23,밥,조식
2022-01-23,감자수제비국,조식
2022-01-23,새송이버섯야채볶음,조식
2022-01-23,무나물,조식
2022-01-23,김장김치,조식
2022-01-23,우유,조식
2022-01-24,떡만둣국,조식
2022-01-24,맛김,조식
2022-01-24,오징어젓무침,조식
2022-01-24,김장김치,조식
2022-01-24,우유,조식
2022-01-25,핫도그빵,조식
2022-01-25,우유,조식
2022-01-26,간장계란밥,조식
2022-01-26,쇠고기미역국,조식
2022-01-26,돼지고기콩나물볶음,조식
2022-01-26,맛김,조식
2022-01-26,김장김치,조식
2022-01-26,우유,조식
2022-01-27,닭죽,조식
2022-01-27,소시지야채볶음,조식
2022-01-27,맛김,조식
2022-01-27,김장김치,조식
2022-01-27,우유,조식
2022-01-28,밥,조식
2022-01-28,쇠고기무국,조식
2022-01-28,돼지고기김치볶음,조식
2022-01-28,스크램블에그,조식
2022-01-28,깍두기,조식
2021-12-31,오징어채무침,조식
2021-12-31,김장김치,조식
2021-12-31,라면,조식
2021-12-31,우유,조식
2022-01-01,떡만둣국,조식
2022-01-01,맛김,조식
2022-01-01,오징어젓무침,조식
2022-01-01,김장김치,조식
2022-01-01,건빵,조식
2022-01-01,우유,조식
2022-01-02,밥,조식
2022-01-02,시금치된장국,조식
2022-01-02,돼지고기김치볶음,조식
2022-01-02,감자조림,조식
2022-01-02,깍두기,조식
2022-01-02,우유,조식
2022-01-03,밥,조식
2022-01-03,쇠고기미역국,조식
2022-01-03,햄슬라이스야채볶음,조식
2022-01-03,모듬어묵조림,조식
2022-01-03,김장김치,조식
2022-01-03,우유,조식
2022-01-04,밥,조식
2022-01-04,닭곰탕,조식
2022-01-04,시금치고추장무침,조식
2022-01-04,오징어젓무침,조식
2022-01-04,깍두기,조식
2022-01-04,농후 발효유,조식
2022-01-05,간장계란밥,조식
2022-01-05,쇠고기감자국,조식
2022-01-05,비엔나소시지케찹볶음,조식
2022-01-05,김장김치,조식
2022-01-05,감귤 주스,조식
2022-01-06,밥,조식
2022-01-06,시금치된장국,조식
2022-01-06,감자채볶음,조식
2022-01-06,두부김치,조식
2022-01-06,깍두기,조식
2022-01-06,우유,조식
2022-01-07,밥,조식
2022-01-07,쇠고기미역국,조식
2022-01-07,맛김,조식
2022-01-07,순두부계란찜,조식
2022-01-07,오징어채무침,조식
2022-01-07,김장김치,조식
2022-01-07,우유,조식
2022-01-08,핫도그빵,조식
2022-01-08,우유,조식
2022-01-09,베이컨김치볶음밥,조식
2022-01-09,쇠고기무국,조식
2022-01-09,맛김,조식
2022-01-09,스크램블에그,조식
2022-01-09,깍두기,조식
2022-01-09,우유,조식
2022-01-10,밥,조식
2022-01-10,맑은콩나물국,조식
2022-01-10,새송이버섯야채볶음,조식
2022-01-10,두부양념장,조식
2022-01-10,김장김치,조식
2022-01-10,우유,조식
2022-01-11,햄치즈버거,조식
2022-01-11,계란후라이,조식
2022-01-11,우유,조식
2022-01-12,밥,조식
2022-01-12,조갯살미역국,조식
2022-01-12,두부김치,조식
2022-01-12,모듬어묵조림,조식
2022-01-12,깍두기,조식
2022-01-12,우유,조식
2022-01-13,불고기버거,조식
2022-01-13,코코아 음료 분말,조식
2022-01-13,우유,조식
2022-01-14,밥,조식
2022-01-14,쇠고기미역국,조식
2021-12-17,후리카케밥,조식
2021-12-17,가스오부시어묵탕,조식
2021-12-17,비엔나소시지케찹볶음,조식
2021-12-17,김장김치,조식
2021-12-17,우유,조식
2021-12-18,베이컨김치볶음밥,조식
2021-12-18,조갯살미역국,조식
2021-12-18,맛김,조식
2021-12-18,스크램블에그,조식
2021-12-18,김장김치,조식
2021-12-18,우유,조식
2021-12-18,코코아 음료 분말,조식
2021-12-19,밥,조식
2021-12-19,맛김,조식
2021-12-19,오징어젓무침,조식
2021-12-19,김장김치,조식
2021-12-19,우유,조식
2021-12-20,밥,조식
2021-12-20,콩나물국,조식
2021-12-20,돼지고기김치볶음,조식
2021-12-20,맛김,조식
2021-12-20,순두부양념장,조식
2021-12-20,김장김치,조식
2021-12-20,우유,조식
2021-12-21,간장계란밥,조식
2021-12-21,쇠고기미역국,조식
2021-12-21,꽈리고추멸치볶음,조식
2021-12-21,김장김치,조식
2021-12-21,우유,조식
2021-12-22,떡만둣국,조식
2021-12-22,오징어젓무침,조식
2021-12-22,김장김치,조식
2021-12-22,우유,조식
2021-12-23,밥,조식
2021-12-23,사골곰탕,조식
2021-12-23,베이컨청경채볶음,조식
2021-12-23,계란찜,조식
2021-12-23,김장김치,조식
2021-12-23,우유,조식
2021-12-24,밥,조식
2021-12-24,쇠고기무국,조식
2021-12-24,돼지고기김치볶음,조식
2021-12-24,감자채볶음,조식
2021-12-24,김장김치,조식
2021-12-24,우유,조식
2021-12-24,라면,조식
2021-12-25,후리카케밥,조식
2021-12-25,조갯살미역국,조식
2021-12-25,오징어볶음,조식
2021-12-25,김자반,조식
2021-12-25,김장김치,조식
2021-12-25,커피음료,조식
2021-12-25,우유,조식
2021-12-26,쇠고기야채죽,조식
2021-12-26,맛김,조식
2021-12-26,오징어채무침,조식
2021-12-26,김장김치,조식
2021-12-26,우유,조식
2021-12-27,밥,조식
2021-12-27,꼬리곰탕,조식
2021-12-27,돼지고기김치볶음,조식
2021-12-27,오징어젓무침,조식
2021-12-27,김장김치,조식
2021-12-27,우유,조식
2021-12-28,밥,조식
2021-12-28,쇠고기미역국,조식
2021-12-28,돼지고기콩나물볶음,조식
2021-12-28,계란찜,조식
2021-12-28,김장김치,조식
2021-12-28,우유,조식
2021-12-29,떡만둣국,조식
2021-12-29,감자조림,조식
2021-12-29,김장김치,조식
2021-12-29,우유,조식
2021-12-29,코코아 음료 분말,조식
2021-12-30,새우버거,조식
2021-12-30,우유,조식
2021-12-31,카레밥,조식
2021-12-31,감자수제비국,조식
2021-12-03,간장계란밥,조식
2021-12-03,조갯살미역국,조식
2021-12-03,감자채볶음,조식
2021-12-03,맛김,조식
2021-12-03,깍두기,조식
2021-12-03,사과,조식
2021-12-04,베이컨김치볶음밥,조식
2021-12-04,쇠고기무국,조식
2021-12-04,맛김,조식
2021-12-04,계란말이,조식
2021-12-04,김장김치,조식
2021-12-04,우유,조식
2021-12-05,쇠고기야채죽,조식
2021-12-05,맛김,조식
2021-12-05,오징어젓무침,조식
2021-12-05,깍두기,조식
2021-12-05,우유,조식
2021-12-05,건빵,조식
2021-12-06,후리카케밥,조식
2021-12-06,시금치된장국,조식
2021-12-06,두부김치,조식
2021-12-06,맛김,조식
2021-12-06,김장김치,조식
2021-12-06,우유,조식
2021-12-07,떡만둣국,조식
2021-12-07,비엔나소시지케찹볶음,조식
2021-12-07,맛김,조식
2021-12-07,김장김치,조식
2021-12-07,우유 살균형,조식
2021-12-08,밥,조식
2021-12-08,배추된장국,조식
2021-12-08,쇠고기팽이버섯떡볶음,조식
2021-12-08,순두부양념장,조식
2021-12-08,김장김치,조식
2021-12-08,감귤 주스,조식
2021-12-09,밥,조식
2021-12-09,꼬리곰탕,조식
2021-12-09,감자조림,조식
2021-12-09,오징어젓무침,조식
2021-12-09,깍두기,조식
2021-12-09,우유,조식
2021-12-10,간장계란밥,조식
2021-12-10,쇠고기미역국,조식
2021-12-10,돼지고기케첩볶음,조식
2021-12-10,김장김치,조식
2021-12-10,우유,조식
2021-12-11,핫도그빵,조식
2021-12-11,스크램블에그,조식
2021-12-11,우유,조식
2021-12-11,감귤 주스,조식
2021-12-12,밥,조식
2021-12-12,맛김,조식
2021-12-12,오징어채무침,조식
2021-12-12,깍두기,조식
2021-12-12,우유,조식
2021-12-12,코코아 음료 분말,조식
2021-12-13,밥,조식
2021-12-13,쇠고기당면국,조식
2021-12-13,새송이버섯야채볶음,조식
2021-12-13,감자조림,조식
2021-12-13,김장김치,조식
2021-12-13,우유,조식
2021-12-14,밥,조식
2021-12-14,쇠고기미역국,조식
2021-12-14,돼지고기김치볶음,조식
2021-12-14,맛김,조식
2021-12-14,연두부양념장,조식
2021-12-14,김장김치,조식
2021-12-14,농후 발효유,조식
2021-12-15,밥,조식
2021-12-15,쇠고기감자국,조식
2021-12-15,돼지고기콩나물볶음,조식
2021-12-15,모듬어묵조림,조식
2021-12-15,김장김치,조식
2021-12-15,우유,조식
2021-12-16,불고기버거,조식
2021-12-16,우유,조식
2021-11-17,배추김치,조식
2021-11-18,간장계란밥,조식
2021-11-18,쇠고기당면국,조식
2021-11-18,맛김,조식
2021-11-18,오징어채무침,조식
2021-11-18,배추김치,조식
2021-11-18,라면,조식
2021-11-18,우유,조식
2021-11-19,밥,조식
2021-11-19,사골곰탕,조식
2021-11-19,감자조림,조식
2021-11-19,오징어젓무침,조식
2021-11-19,깍두기,조식
2021-11-19,우유,조식
2021-11-20,밥,조식
2021-11-20,조갯살미역국,조식
2021-11-20,꽈리고추멸치볶음,조식
2021-11-20,계란찜,조식
2021-11-20,배추김치,조식
2021-11-20,우유,조식
2021-11-21,쇠고기야채죽,조식
2021-11-21,감자조림,조식
2021-11-21,배추김치,조식
2021-11-21,우유,조식
2021-11-22,밥,조식
2021-11-22,쇠고기미역국,조식
2021-11-22,돼지고기콩나물볶음,조식
2021-11-22,오징어채무침,조식
2021-11-22,배추김치,조식
2021-11-22,코코아 음료 분말,조식
2021-11-22,우유,조식
2021-11-23,밥,조식
2021-11-23,감자수제비국,조식
2021-11-23,쇠고기팽이버섯떡볶음,조식
2021-11-23,두부조림,조식
2021-11-23,배추김치,조식
2021-11-23,우유 살균형,조식
2021-11-24,밥,조식
2021-11-24,꼬리곰탕,조식
2021-11-24,감자조림,조식
2021-11-24,낙지젓,조식
2021-11-24,깍두기,조식
2021-11-24,사과,조식
2021-11-25,밥,조식
2021-11-25,쇠고기감자국,조식
2021-11-25,돼지고기김치볶음,조식
2021-11-25,계란찜,조식
2021-11-25,과일2,조식
2021-11-26,밥,조식
2021-11-26,생선묵국,조식
2021-11-26,비엔나소시지케찹볶음,조식
2021-11-26,연두부양념장,조식
2021-11-26,배추김치,조식
2021-11-26,우유,조식
2021-11-27,핫도그빵,조식
2021-11-27,스크램블에그,조식
2021-11-27,음료수 탄산 콜라,조식
2021-11-27,우유,조식
2021-11-28,밥,조식
2021-11-28,사골곰탕,조식
2021-11-28,두부조림,조식
2021-11-28,오징어젓무침,조식
2021-11-28,깍두기,조식
2021-11-28,우유,조식
2021-11-29,후리카케밥,조식
2021-11-29,쇠고기미역국,조식
2021-11-29,돼지고기김치볶음,조식
2021-11-29,맛김,조식
2021-11-29,코코아 음료 분말,조식
2021-11-30,햄치즈버거,조식
2021-11-30,우유,조식
2021-12-01,밥,조식
2021-12-01,쇠고기미역국,조식
2021-12-01,새송이버섯야채볶음,조식
2021-12-01,계란찜,조식
2021-12-01,김장김치,조식
2021-12-01,우유,조식
2021-12-02,햄치즈버거,조식
2021-12-02,우유,조식
2021-11-02,건빵,조식
2021-11-02,우유,조식
2021-11-03,떡만둣국,조식
2021-11-03,소시지야채볶음,조식
2021-11-03,맛김,조식
2021-11-03,배추김치,조식
2021-11-03,우유,조식
2021-11-04,햄치즈버거,조식
2021-11-04,우유,조식
2021-11-04,커피음료,조식
2021-11-05,간장계란밥,조식
2021-11-05,조갯살미역국,조식
2021-11-05,감자채볶음,조식
2021-11-05,맛김,조식
2021-11-05,가공우유 딸기,조식
2021-11-05,배추김치,조식
2021-11-06,밥,조식
2021-11-06,감자수제비국,조식
2021-11-06,돼지고기김치볶음,조식
2021-11-06,연두부양념장,조식
2021-11-06,우유,조식
2021-11-07,베이컨김치볶음밥,조식
2021-11-07,쇠고기무국,조식
2021-11-07,맛김,조식
2021-11-07,계란말이,조식
2021-11-07,우유,조식
2021-11-08,밥,조식
2021-11-08,쇠고기감자국,조식
2021-11-08,새송이버섯야채볶음,조식
2021-11-08,순두부양념장,조식
2021-11-08,배추김치,조식
2021-11-08,우유,조식
2021-11-08,코코아 음료 분말,조식
2021-11-09,불고기버거,조식
2021-11-09,우유,조식
2021-11-10,밥,조식
2021-11-10,조갯살미역국,조식
2021-11-10,돼지고기김치볶음,조식
2021-11-10,두부양념장,조식
2021-11-10,우유,조식
2021-11-11,밥,조식
2021-11-11,닭곰탕,조식
2021-11-11,꽈리고추멸치볶음,조식
2021-11-11,오징어젓무침,조식
2021-11-11,깍두기,조식
2021-11-11,우유,조식
2021-11-12,간장계란밥,조식
2021-11-12,쇠고기무국,조식
2021-11-12,비엔나소시지야채볶음,조식
2021-11-12,배추김치,조식
2021-11-12,우유,조식
2021-11-13,후리카케밥,조식
2021-11-13,쇠고기미역국,조식
2021-11-13,마파두부,조식
2021-11-13,배추김치,조식
2021-11-13,우유,조식
2021-11-14,쇠고기야채죽,조식
2021-11-14,맛김,조식
2021-11-14,오징어젓무침,조식
2021-11-14,깍두기,조식
2021-11-14,우유,조식
2021-11-14,라면,조식
2021-11-15,후리카케밥,조식
2021-11-15,콩나물국,조식
2021-11-15,두부김치,조식
2021-11-15,맛김,조식
2021-11-15,우유,조식
2021-11-16,핫도그빵,조식
2021-11-16,우유,조식
2021-11-17,떡만둣국,조식
2021-11-17,맛김,조식
2021-11-17,오징어채무침,조식
2021-11-17,가공우유 바나나,조식
2023-06-17,우유,조식
2023-06-18,밥,조식
2023-06-18,사골우거지국,조식
2023-06-18,계란말이,조식
2023-06-18,연두부양념장,조식
2023-06-18,배추김치,조식
2023-06-18,우유,조식
2023-06-19,밥,조식
2023-06-19,쇠고기무국,조식
2023-06-19,베이컨조랭이떡볶음,조식
2023-06-19,메추리알장조림,조식
2023-06-19,배추김치,조식
2023-06-19,우유,조식
2023-06-20,밥,조식
2023-06-20,쇠고기미역국,조식
2023-06-20,비엔나소시지케찹볶음,조식
2023-06-20,스크램블에그,조식
2023-06-20,배추김치,조식
2023-06-20,유산균 발효 음료,조식
2023-06-21,밥,조식
2023-06-21,감자수제비,조식
2023-06-21,사각어묵야채볶음,조식
2023-06-21,새송이버섯야채볶음,조식
2023-06-21,배추김치,조식
2023-06-21,우유,조식
2023-06-22,밥,조식
2023-06-22,시래기감자탕,조식
2023-06-22,맛김,조식
2023-06-22,스팸구이,조식
2023-06-22,계란장조림,조식
2023-06-22,깍두기,조식
2023-06-22,우유,조식
2023-06-23,콩나물국,조식
2023-06-23,두부김치,조식
2023-06-23,햄슬라이스야채볶음,조식
2023-06-23,맛김,조식
2023-06-23,총각김치,조식
2023-06-23,바나나,조식
2023-06-24,싸이버거,조식
2023-06-24,해쉬브라운,조식
2023-06-24,우유,조식
2023-06-25,밥,조식
2023-06-25,쇠고기당면국,조식
2023-06-25,돼지고기김치볶음,조식
2023-06-25,맛김,조식
2023-06-25,계란찜,조식
2023-06-25,총각김치,조식
2023-06-25,유산균 발효 음료,조식
2021-10-28,떡만둣국,조식
2021-10-28,맛김,조식
2021-10-28,오징어젓무침,조식
2021-10-28,배추김치,조식
2021-10-28,우유,조식
2021-10-29,간장계란밥,조식
2021-10-29,가스오부시어묵탕,조식
2021-10-29,두부김치,조식
2021-10-29,맛김,조식
2021-10-29,과일2,조식
2021-10-30,불고기버거,조식
2021-10-30,우유,조식
2021-10-31,밥,조식
2021-10-31,베이컨청경채볶음,조식
2021-10-31,모듬어묵조림,조식
2021-10-31,배추김치,조식
2021-10-31,우유,조식
2021-11-01,밥,조식
2021-11-01,쇠고기미역국,조식
2021-11-01,햄슬라이스야채볶음,조식
2021-11-01,계란찜,조식
2021-11-01,배추김치,조식
2021-11-01,우유,조식
2021-11-02,밥,조식
2021-11-02,쇠고기감자국,조식
2021-11-02,돼지고기김치볶음,조식
2021-11-02,맛김,조식
2021-11-02,두부양념장,조식
2021-10-25,쇠고기미역국,조식
2021-10-25,돼지고기김치볶음,조식
2021-10-25,계란찜,조식
2021-10-25,우유,조식
2021-10-26,밥,조식
2021-10-26,시금치된장국,조식
2021-10-26,비엔나소시지야채볶음,조식
2021-10-26,꽈리고추멸치볶음,조식
2021-10-26,배추김치,조식
2021-10-26,우유,조식
2021-10-27,밥,조식
2021-10-27,쇠고기무국,조식
2021-10-27,새송이버섯야채볶음,조식
2021-10-27,감자조림,조식
2021-10-27,깍두기,조식
2021-10-27,우유,조식
2021-10-27,라면,조식
2023-06-07,밥,조식
2023-06-07,돼지국밥,조식
2023-06-07,베이컨시금치볶음,조식
2023-06-07,부추겉절이,조식
2023-06-07,간장깻잎지,조식
2023-06-07,배추김치,조식
2023-06-07,우유,조식
2023-06-08,밥,조식
2023-06-08,김치찌개,조식
2023-06-08,사각어묵야채볶음,조식
2023-06-08,맛김,조식
2023-06-08,스팸구이,조식
2023-06-08,총각김치,조식
2023-06-08,우유,조식
2023-06-09,밥,조식
2023-06-09,감자계란국,조식
2023-06-09,김자반,조식
2023-06-09,언양식바싹불고기,조식
2023-06-09,연두부양념장,조식
2023-06-09,깍두기,조식
2023-06-09,우유,조식
2023-06-10,햄치즈에그샌드위치,조식
2023-06-10,브리또,조식
2023-06-10,시저샐러드,조식
2023-06-10,우유,조식
2023-06-11,사골떡만둣국,조식
2023-06-11,맛김,조식
2023-06-11,메추리알장조림,조식
2023-06-11,오징어젓무침,조식
2023-06-11,배추김치,조식
2023-06-11,우유,조식
2023-06-12,밥,조식
2023-06-12,사골곰탕,조식
2023-06-12,돼지고기장조림,조식
2023-06-12,계란말이,조식
2023-06-12,깍두기,조식
2023-06-12,우유,조식
2023-06-13,밥,조식
2023-06-13,감자계란국,조식
2023-06-13,햄슬라이스야채볶음,조식
2023-06-13,느타리버섯볶음,조식
2023-06-13,배추김치,조식
2023-06-13,우유,조식
2023-06-14,밥,조식
2023-06-14,조갯살미역국,조식
2023-06-14,돼지고기김치볶음,조식
2023-06-14,두부매운조림,조식
2023-06-14,총각김치,조식
2023-06-14,유산균 발효 음료,조식
2023-06-15,밥,조식
2023-06-15,김치찌개,조식
2023-06-15,쇠고기팽이버섯떡볶음,조식
2023-06-15,베이컨야채볶음,조식
2023-06-15,배추김치,조식
2023-06-15,우유,조식
2023-06-16,장조림버터비빔밥,조식
2023-06-16,쇠고기당면국,조식
2023-06-16,비엔나소시지케찹볶음,조식
2023-06-16,김자반,조식
2023-06-16,배추김치,조식
2023-06-16,매일두유 초콜릿 190ml,조식
2023-06-17,와플&딸기쨈,조식
2023-06-17,브리또,조식
2021-10-10,계란후라이,조식
2021-10-10,깍두기,조식
2021-10-10,우유,조식
2021-10-10,코코아 음료 분말,조식
2021-10-11,떡만둣국,조식
2021-10-11,맛김,조식
2021-10-11,모듬어묵조림,조식
2021-10-11,배추김치,조식
2021-10-11,농후 발효유,조식
2021-10-12,간장계란밥,조식
2021-10-12,쇠고기당면국,조식
2021-10-12,햄슬라이스야채볶음,조식
2021-10-12,배추김치,조식
2021-10-12,우유,조식
2021-10-13,밥,조식
2021-10-13,조갯살미역국,조식
2021-10-13,돼지고기콩나물볶음,조식
2021-10-13,두부양념장,조식
2021-10-13,배추김치,조식
2021-10-13,감귤 주스,조식
2021-10-14,밥,조식
2021-10-14,닭곰탕,조식
2021-10-14,감자채볶음,조식
2021-10-14,오징어젓무침,조식
2021-10-14,깍두기,조식
2021-10-14,우유,조식
2021-10-15,밥,조식
2021-10-15,팽이버섯두부국,조식
2021-10-15,돼지고기김치볶음,조식
2021-10-15,계란찜,조식
2021-10-15,유산균 발효 음료,조식
2021-10-16,쇠고기야채죽,조식
2021-10-16,맛김,조식
2021-10-16,오징어채무침,조식
2021-10-16,배추김치,조식
2021-10-16,우유,조식
2021-10-17,베이컨김치볶음밥,조식
2021-10-17,쇠고기감자국,조식
2021-10-17,맛김,조식
2021-10-17,스크램블에그,조식
2021-10-17,우유,조식
2021-10-18,후리카케밥,조식
2021-10-18,쇠고기미역국,조식
2021-10-18,소시지야채볶음,조식
2021-10-18,배추김치,조식
2021-10-18,계란찜,조식
2021-10-18,우유,조식
2021-10-19,햄치즈버거,조식
2021-10-19,우유,조식
2021-10-20,간장계란밥,조식
2021-10-20,조갯살미역국,조식
2021-10-20,맛김,조식
2021-10-20,연두부양념장,조식
2021-10-20,배추김치,조식
2021-10-20,우유,조식
2021-10-21,밥,조식
2021-10-21,쇠고기감자국,조식
2021-10-21,돼지고기김치볶음,조식
2021-10-21,계란찜,조식
2021-10-21,가공우유 바나나,조식
2021-10-21,라면,조식
2021-10-22,밥,조식
2021-10-22,꼬리곰탕,조식
2021-10-22,스크램블에그,조식
2021-10-22,오징어젓무침,조식
2021-10-22,깍두기,조식
2021-10-22,감귤 주스,조식
2021-10-23,핫도그빵,조식
2021-10-23,우유,조식
2021-10-24,밥,조식
2021-10-24,사골곰탕,조식
2021-10-24,새송이버섯야채볶음,조식
2021-10-24,오징어채무침,조식
2021-10-24,깍두기,조식
2021-10-24,우유,조식
2021-10-25,밥,조식
2021-09-26,잡채볶음밥,조식
2021-09-26,콩나물김치국,조식
2021-09-26,맛김,조식
2021-09-26,계란후라이,조식
2021-09-26,배추김치,조식
2021-09-27,후리카케밥,조식
2021-09-27,쇠고기감자국,조식
2021-09-27,돼지고기콩나물볶음,조식
2021-09-27,배추김치,조식
2021-09-27,우유,조식
2021-09-28,밥,조식
2021-09-28,조갯살미역국,조식
2021-09-28,감자채볶음,조식
2021-09-28,비엔나소시지케찹볶음,조식
2021-09-28,배추김치,조식
2021-09-28,우유,조식
2021-09-29,떡만둣국,조식
2021-09-29,오징어채무침,조식
2021-09-29,가공우유 딸기,조식
2021-09-29,배추김치,조식
2021-09-30,밥,조식
2021-09-30,사골곰탕,조식
2021-09-30,두부케첩조림,조식
2021-09-30,오징어젓무침,조식
2021-09-30,깍두기,조식
2021-09-30,감귤 주스,조식
2021-09-30,우유,조식
2021-10-01,밥,조식
2021-10-01,쇠고기미역국,조식
2021-10-01,돼지고기김치볶음,조식
2021-10-01,계란찜,조식
2021-10-01,김자반,조식
2021-10-01,가공우유 딸기,조식
2021-10-02,불고기버거,조식
2021-10-02,우유,조식
2021-10-03,쇠고기야채죽,조식
2021-10-03,맛김,조식
2021-10-03,오징어젓무침,조식
2021-10-03,배추김치,조식
2021-10-03,우유,조식
2021-10-03,건빵,조식
2021-10-04,밥,조식
2021-10-04,생선묵국,조식
2021-10-04,비엔나소시지케찹볶음,조식
2021-10-04,맛김,조식
2021-10-04,순두부양념장,조식
2021-10-04,배추김치,조식
2021-10-04,농후 발효유,조식
2021-10-05,밥,조식
2021-10-05,쇠고기감자국,조식
2021-10-05,돼지고기김치볶음,조식
2021-10-05,두부양념장,조식
2021-10-05,우유,조식
2021-10-06,밥,조식
2021-10-06,쇠고기당면국,조식
2021-10-06,돼지고기콩나물볶음,조식
2021-10-06,두부조림,조식
2021-10-06,배추김치,조식
2021-10-06,우유,조식
2021-10-07,햄치즈버거,조식
2021-10-07,우유,조식
2021-10-08,밥,조식
2021-10-08,가스오부시어묵탕,조식
2021-10-08,돼지고기부추볶음,조식
2021-10-08,두부조림,조식
2021-10-08,깍두기,조식
2021-10-08,우유,조식
2021-10-09,후리카케밥,조식
2021-10-09,쇠고기미역국,조식
2021-10-09,마요오징어실채무침,조식
2021-10-09,배추김치,조식
2021-10-09,우유,조식
2021-10-10,햄야채볶음밥,조식
2021-10-10,팽이버섯두부국,조식
2021-10-10,맛김,조식
2021-09-11,햄치즈버거,조식
2021-09-11,스크램블에그,조식
2021-09-11,음료수 탄산 콜라,조식
2021-09-11,우유,조식
2021-09-12,밥,조식
2021-09-12,쇠고기미역국,조식
2021-09-12,돼지고기김치볶음,조식
2021-09-12,맛김,조식
2021-09-12,감자조림,조식
2021-09-12,우유,조식
2021-09-13,밥,조식
2021-09-13,꼬리곰탕,조식
2021-09-13,스크램블에그,조식
2021-09-13,오징어채무침,조식
2021-09-13,깍두기,조식
2021-09-13,우유,조식
2021-09-14,밥,조식
2021-09-14,조갯살미역국,조식
2021-09-14,햄슬라이스야채볶음,조식
2021-09-14,순두부양념장,조식
2021-09-14,배추김치,조식
2021-09-14,우유,조식
2021-09-15,쇠고기야채죽,조식
2021-09-15,맛김,조식
2021-09-15,오징어젓무침,조식
2021-09-15,배추김치,조식
2021-09-15,감귤 주스,조식
2021-09-16,불고기버거,조식
2021-09-16,우유,조식
2021-09-17,밥,조식
2021-09-17,가스오부시어묵탕,조식
2021-09-17,두부김치,조식
2021-09-17,오징어채무침,조식
2021-09-17,배추김치,조식
2021-09-17,우유,조식
2021-09-17,라면,조식
2021-09-18,핫도그빵,조식
2021-09-18,우유,조식
2021-09-19,밥,조식
2021-09-19,쇠고기미역국,조식
2021-09-19,비엔나소시지야채볶음,조식
2021-09-19,김자반,조식
2021-09-19,배추김치,조식
2021-09-19,우유,조식
2021-09-20,밥,조식
2021-09-20,쇠고기당면국,조식
2021-09-20,돼지고기김치볶음,조식
2021-09-20,맛김,조식
2021-09-20,감자조림,조식
2021-09-20,감귤 주스,조식
2021-09-21,떡만둣국,조식
2021-09-21,오징어젓무침,조식
2021-09-21,배추김치,조식
2021-09-21,우유,조식
2021-09-22,간장계란밥,조식
2021-09-22,쇠고기감자국,조식
2021-09-22,마요오징어실채무침,조식
2021-09-22,열무김치,조식
2021-09-22,우유,조식
2021-09-23,밥,조식
2021-09-23,닭곰탕,조식
2021-09-23,쇠고기팽이버섯떡볶음,조식
2021-09-23,콩나물매운무침,조식
2021-09-23,배추김치,조식
2021-09-23,우유,조식
2021-09-24,밥,조식
2021-09-24,쇠고기미역국,조식
2021-09-24,돼지고기김치볶음,조식
2021-09-24,맛김,조식
2021-09-24,계란찜,조식
2021-09-24,과일2,조식
2021-09-25,쇠고기덮밥,조식
2021-09-25,쇠고기미역국,조식
2021-09-25,계란말이,조식
2021-09-25,배추김치,조식
2021-09-25,바나나,조식
2021-08-26,깍두기,조식
2021-08-26,우유,조식
2021-08-27,후리카케밥,조식
2021-08-27,생선묵국,조식
2021-08-27,돼지고기콩나물볶음,조식
2021-08-27,김자반,조식
2021-08-27,과일2,조식
2021-08-27,배추김치,조식
2021-08-28,햄치즈버거,조식
2021-08-28,스크램블에그,조식
2021-08-28,우유,조식
2021-08-28,음료수 탄산 과일,조식
2021-08-29,간장계란밥,조식
2021-08-29,쇠고기미역국,조식
2021-08-29,연두부양념장,조식
2021-08-29,열무김치,조식
2021-08-29,우유,조식
2021-08-30,잡곡밥,조식
2021-08-30,꼬리곰탕,조식
2021-08-30,오징어젓무침,조식
2021-08-30,야채스틱앤저염쌈장,조식
2021-08-30,깍두기,조식
2021-08-30,감귤 주스,조식
2021-08-31,밥,조식
2021-08-31,감자수제비국,조식
2021-08-31,두부김치,조식
2021-08-31,맛김,조식
2021-08-31,감귤 주스,조식
2021-09-01,밥,조식
2021-09-01,쇠고기미역국,조식
2021-09-01,돼지고기콩나물볶음,조식
2021-09-01,맛김,조식
2021-09-01,두부조림,조식
2021-09-01,배추김치,조식
2021-09-01,우유,조식
2021-09-02,쇠고기야채죽,조식
2021-09-02,맛김,조식
2021-09-02,오징어젓무침,조식
2021-09-02,배추김치,조식
2021-09-02,우유,조식
2021-09-02,코코아 음료 분말,조식
2021-09-03,간장계란밥,조식
2021-09-03,감자수제비국,조식
2021-09-03,쇠고기버섯볶음,조식
2021-09-03,열무김치,조식
2021-09-03,우유,조식
2021-09-04,햄치즈버거,조식
2021-09-04,우유,조식
2021-09-04,커피음료,조식
2021-09-05,햄야채볶음밥,조식
2021-09-05,계란후라이,조식
2021-09-05,매쉬포테이토,조식
2021-09-05,깍두기,조식
2021-09-05,우유,조식
2021-09-06,밥,조식
2021-09-06,생선묵국,조식
2021-09-06,비엔나소시지케찹볶음,조식
2021-09-06,오징어채무침,조식
2021-09-06,배추김치,조식
2021-09-06,농후 발효유,조식
2021-09-07,밥,조식
2021-09-07,쇠고기당면국,조식
2021-09-07,새송이버섯야채볶음,조식
2021-09-07,모듬어묵조림,조식
2021-09-07,배추김치,조식
2021-09-07,라면,조식
2021-09-07,우유,조식
2021-09-08,베이컨김치볶음밥,조식
2021-09-08,맛김,조식
2021-09-08,스크램블에그,조식
2021-09-08,야채샐러드,조식
2021-09-08,우유,조식
2021-09-09,밥,조식
2021-09-09,닭곰탕,조식
2021-09-09,감자채볶음,조식
2021-09-09,오징어젓무침,조식
2021-09-09,가공우유 바나나,조식
2021-09-09,깍두기,조식
2021-09-10,밥,조식
2021-09-10,쇠고기감자국,조식
2021-09-10,돼지고기콩나물볶음,조식
2021-09-10,두부양념장,조식
2021-09-10,배추김치,조식
2021-09-10,감귤 주스,조식
2021-08-11,우유,조식
2021-08-11,라면,조식
2021-08-12,간장계란밥,조식
2021-08-12,쇠고기미역국,조식
2021-08-12,맛김,조식
2021-08-12,두부조림,조식
2021-08-12,가공우유 딸기,조식
2021-08-12,배추김치,조식
2021-08-13,밥,조식
2021-08-13,감자수제비국,조식
2021-08-13,돼지고기콩나물볶음,조식
2021-08-13,쇠고기버섯볶음,조식
2021-08-13,배추김치,조식
2021-08-13,건빵,조식
2021-08-14,핫도그빵,조식
2021-08-14,스크램블에그,조식
2021-08-14,사이다,조식
2021-08-14,우유,조식
2021-08-15,햄야채볶음밥,조식
2021-08-15,계란후라이,조식
2021-08-15,매쉬포테이토,조식
2021-08-15,깍두기,조식
2021-08-15,우유,조식
2021-08-16,밥,조식
2021-08-16,꼬리곰탕,조식
2021-08-16,감자어묵조림,조식
2021-08-16,오징어젓무침,조식
2021-08-16,깍두기,조식
2021-08-16,감귤 주스,조식
2021-08-17,밥,조식
2021-08-17,쇠고기미역국,조식
2021-08-17,비엔나소시지야채볶음,조식
2021-08-17,감자케찹조림,조식
2021-08-17,배추김치,조식
2021-08-17,우유,조식
2021-08-18,밥,조식
2021-08-18,생선묵국,조식
2021-08-18,쇠고기버섯볶음,조식
2021-08-18,오징어채무침,조식
2021-08-18,배추김치,조식
2021-08-18,우유,조식
2021-08-19,밥,조식
2021-08-19,닭곰탕,조식
2021-08-19,감자채볶음,조식
2021-08-19,오징어젓무침,조식
2021-08-19,깍두기,조식
2021-08-19,우유,조식
2021-08-20,밥,조식
2021-08-20,쇠고기당면국,조식
2021-08-20,베이컨청경채볶음,조식
2021-08-20,맛김,조식
2021-08-20,모듬어묵조림,조식
2021-08-20,배추김치,조식
2021-08-20,우유,조식
2021-08-21,햄치즈버거,조식
2021-08-21,우유,조식
2021-08-22,쇠고기야채죽,조식
2021-08-22,맛김,조식
2021-08-22,오징어젓무침,조식
2021-08-22,배추김치,조식
2021-08-22,감귤 주스,조식
2021-08-23,간장계란밥,조식
2021-08-23,쇠고기당면국,조식
2021-08-23,맛김,조식
2021-08-23,마요오징어실채무침,조식
2021-08-23,배추김치,조식
2021-08-23,우유,조식
2021-08-24,불고기버거,조식
2021-08-24,우유,조식
2021-08-24,라면,조식
2021-08-25,밥,조식
2021-08-25,감자수제비국,조식
2021-08-25,쇠고기버섯볶음,조식
2021-08-25,돼지고기김치볶음,조식
2021-08-25,깍두기,조식
2021-08-25,우유,조식
2021-08-26,밥,조식
2021-08-26,쇠고기미역국,조식
2021-08-26,비엔나소시지케찹볶음,조식
2021-08-26,쇠고기감자조림,조식
2021-07-28,김치찌개,조식
2021-07-28,베이컨청경채볶음,조식
2021-07-28,맛김,조식
2021-07-28,오징어채무침,조식
2021-07-28,우유,조식
2021-07-29,햄치즈버거,조식
2021-07-29,스크램블에그,조식
2021-07-29,우유,조식
2021-07-30,밥,조식
2021-07-30,조갯살미역국,조식
2021-07-30,쇠고기팽이버섯떡볶음,조식
2021-07-30,맛김,조식
2021-07-30,두부케첩조림,조식
2021-07-30,총각김치,조식
2021-07-30,우유,조식
2021-07-31,밥,조식
2021-07-31,꼬리곰탕,조식
2021-07-31,맛김,조식
2021-07-31,오징어젓무침,조식
2021-07-31,깍두기,조식
2021-07-31,우유,조식
2021-08-01,밥,조식
2021-08-01,쇠고기미역국,조식
2021-08-01,돼지고기김치볶음,조식
2021-08-01,두부양념장,조식
2021-08-01,우유,조식
2021-08-02,밥,조식
2021-08-02,쇠고기당면국,조식
2021-08-02,햄슬라이스야채볶음,조식
2021-08-02,모듬어묵조림,조식
2021-08-02,배추김치,조식
2021-08-02,코코아 음료 분말,조식
2021-08-02,우유,조식
2021-08-03,베이컨김치볶음밥,조식
2021-08-03,맛김,조식
2021-08-03,스크램블에그,조식
2021-08-03,가공우유 바나나,조식
2021-08-03,야채샐러드,조식
2021-08-04,밥,조식
2021-08-04,생선묵국,조식
2021-08-04,쇠고기버섯볶음,조식
2021-08-04,오징어채무침,조식
2021-08-04,배추김치,조식
2021-08-05,밥,조식
2021-08-05,닭곰탕,조식
2021-08-05,감자채볶음,조식
2021-08-05,오징어젓무침,조식
2021-08-05,배추김치,조식
2021-08-05,우유,조식
2021-08-06,밥,조식
2021-08-06,조갯살미역국,조식
2021-08-06,꽈리고추멸치볶음,조식
2021-08-06,돼지고기콩나물볶음,조식
2021-08-06,맛김,조식
2021-08-06,배추김치,조식
2021-08-06,우유,조식
2021-08-07,불고기버거,조식
2021-08-07,우유,조식
2021-08-08,밥,조식
2021-08-08,쇠고기미역국,조식
2021-08-08,비엔나소시지케찹볶음,조식
2021-08-08,김자반,조식
2021-08-08,배추김치,조식
2021-08-08,우유,조식
2021-08-09,밥,조식
2021-08-09,가스오부시어묵탕,조식
2021-08-09,쇠고기팽이버섯떡볶음,조식
2021-08-09,순두부양념장,조식
2021-08-09,열무김치,조식
2021-08-09,감귤 주스,조식
2021-08-10,밥,조식
2021-08-10,배추된장국,조식
2021-08-10,돼지고기김치볶음,조식
2021-08-10,콩나물매운무침,조식
2021-08-10,열무김치,조식
2021-08-10,우유,조식
2021-08-11,쇠고기야채죽,조식
2021-08-11,맛김,조식
2021-08-11,오징어젓무침,조식
2021-08-11,배추김치,조식
2021-07-13,돼지고기김치볶음,조식
2021-07-13,맛김,조식
2021-07-13,연두부양념장,조식
2021-07-13,깍두기,조식
2021-07-13,우유,조식
2021-07-14,참치야채비빔밥,조식
2021-07-14,콩나물국,조식
2021-07-14,계란후라이,조식
2021-07-14,배추김치,조식
2021-07-14,감귤 주스,조식
2021-07-15,밥,조식
2021-07-15,쇠고기당면국,조식
2021-07-15,돼지고기김치볶음,조식
2021-07-15,명란계란찜,조식
2021-07-15,맛김,조식
2021-07-15,우유,조식
2021-07-16,밥,조식
2021-07-16,조갯살미역국,조식
2021-07-16,쇠고기팽이버섯떡볶음,조식
2021-07-16,김자반,조식
2021-07-16,두부케첩조림,조식
2021-07-16,총각김치,조식
2021-07-16,우유,조식
2021-07-17,햄치즈버거,조식
2021-07-17,스크램블에그,조식
2021-07-17,우유,조식
2021-07-17,사이다,조식
2021-07-18,밥,조식
2021-07-18,쇠고기미역국,조식
2021-07-18,새송이버섯야채볶음,조식
2021-07-18,연두부양념장,조식
2021-07-18,야채샐러드,조식
2021-07-18,배추김치,조식
2021-07-18,우유,조식
2021-07-19,밥,조식
2021-07-19,콩나물김치국,조식
2021-07-19,쇠고기버섯볶음,조식
2021-07-19,맛김,조식
2021-07-19,감자케찹조림,조식
2021-07-19,깍두기,조식
2021-07-19,건빵,조식
2021-07-19,우유,조식
2021-07-20,밥,조식
2021-07-20,닭곰탕,조식
2021-07-20,잡채,조식
2021-07-20,오징어채무침,조식
2021-07-20,과일2,조식
2021-07-20,깍두기,조식
2021-07-21,밥,조식
2021-07-21,쇠고기당면국,조식
2021-07-21,돼지고기콩나물볶음,조식
2021-07-21,쇠고기가지볶음,조식
2021-07-21,배추김치,조식
2021-07-21,우유,조식
2021-07-22,밥,조식
2021-07-22,조갯살미역국,조식
2021-07-22,돼지고기김치볶음,조식
2021-07-22,감자케찹조림,조식
2021-07-22,두부양념장,조식
2021-07-22,우유,조식
2021-07-23,밥,조식
2021-07-23,김치찌개,조식
2021-07-23,비엔나소시지케찹볶음,조식
2021-07-23,계란찜,조식
2021-07-23,우유,조식
2021-07-24,불고기버거,조식
2021-07-24,우유,조식
2021-07-24,음료수 탄산 과일,조식
2021-07-25,닭죽,조식
2021-07-25,감자채볶음,조식
2021-07-25,오징어젓무침,조식
2021-07-25,총각김치,조식
2021-07-25,우유,조식
2021-07-26,밥,조식
2021-07-26,쇠고기미역국,조식
2021-07-26,두부김치,조식
2021-07-26,계란찜,조식
2021-07-26,김자반,조식
2021-07-26,가공우유 바나나,조식
2021-07-27,잡곡밥,조식
2021-07-27,쇠고기당면국,조식
2021-07-27,돼지고기콩나물볶음,조식
2021-07-27,모듬어묵조림,조식
2021-07-27,배추김치,조식
2021-07-27,우유,조식
2021-07-28,밥,조식
2021-06-29,우유,조식
2021-06-30,잡곡밥,조식
2021-06-30,조갯살미역국,조식
2021-06-30,돼지고기김치볶음,조식
2021-06-30,베이컨청경채볶음,조식
2021-06-30,감자조림,조식
2021-06-30,우유,조식
2021-07-01,밥,조식
2021-07-01,쇠고기당면국,조식
2021-07-01,돼지고기콩나물볶음,조식
2021-07-01,모듬어묵조림,조식
2021-07-01,배추김치,조식
2021-07-01,우유,조식
2021-07-02,밥,조식
2021-07-02,가스오부시어묵탕,조식
2021-07-02,쇠고기버섯볶음,조식
2021-07-02,김자반,조식
2021-07-02,오징어젓무침,조식
2021-07-02,배추김치,조식
2021-07-02,우유,조식
2021-07-02,라면,조식
2021-07-03,햄치즈버거,조식
2021-07-03,음료수 탄산 콜라,조식
2021-07-03,우유,조식
2021-07-04,베이컨김치볶음밥,조식
2021-07-04,맛김,조식
2021-07-04,스크램블에그,조식
2021-07-04,야채샐러드,조식
2021-07-04,우유,조식
2021-07-05,밥,조식
2021-07-05,쇠고기미역국,조식
2021-07-05,두부김치,조식
2021-07-05,맛김,조식
2021-07-05,가공우유 딸기,조식
2021-07-06,잡곡밥,조식
2021-07-06,쇠고기당면국,조식
2021-07-06,햄슬라이스야채볶음,조식
2021-07-06,감자어묵조림,조식
2021-07-06,배추김치,조식
2021-07-06,감귤 주스,조식
2021-07-07,밥,조식
2021-07-07,생선묵국,조식
2021-07-07,쇠고기버섯볶음,조식
2021-07-07,맛김,조식
2021-07-07,오징어채무침,조식
2021-07-07,배추김치,조식
2021-07-07,우유,조식
2021-07-07,라면,조식
2021-07-08,밥,조식
2021-07-08,닭곰탕,조식
2021-07-08,감자채볶음,조식
2021-07-08,두부조림,조식
2021-07-08,오징어젓무침,조식
2021-07-08,깍두기,조식
2021-07-08,우유,조식
2021-07-09,밥,조식
2021-07-09,쇠고기감자국,조식
2021-07-09,돼지고기김치볶음,조식
2021-07-09,꽈리고추멸치볶음,조식
2021-07-09,맛김,조식
2021-07-09,우유,조식
2021-07-09,코코아 음료 분말,조식
2021-07-10,핫도그빵,조식
2021-07-10,스크램블에그,조식
2021-07-10,우유,조식
2021-07-11,쇠고기야채죽,조식
2021-07-11,오징어젓무침,조식
2021-07-11,야채샐러드,조식
2021-07-11,배추김치,조식
2021-07-11,우유,조식
2021-07-12,밥,조식
2021-07-12,배추된장국,조식
2021-07-12,돼지고기부추볶음,조식
2021-07-12,콩나물매운무침,조식
2021-07-12,배추김치,조식
2021-07-12,우유,조식
2021-07-13,잡곡밥,조식
2021-07-13,가스오부시어묵탕,조식
2021-06-14,깻잎무침,조식
2021-06-14,가공우유 바나나,조식
2021-06-15,핫도그빵,조식
2021-06-15,우유,조식
2021-06-16,잡곡밥,조식
2021-06-16,두부고추장찌개,조식
2021-06-16,돼지고기콩나물볶음,조식
2021-06-16,계란찜,조식
2021-06-16,맛김,조식
2021-06-16,배추김치,조식
2021-06-16,우유,조식
2021-06-17,잡곡밥,조식
2021-06-17,감자양파찌개,조식
2021-06-17,비엔나소시지야채볶음,조식
2021-06-17,쇠고기가지볶음,조식
2021-06-17,두부양념장,조식
2021-06-17,배추김치,조식
2021-06-17,감귤 주스,조식
2021-06-18,잡곡밥,조식
2021-06-18,쇠고기미역국,조식
2021-06-18,돼지고기김치볶음,조식
2021-06-18,계란찜,조식
2021-06-18,감자조림,조식
2021-06-18,감귤 주스,조식
2021-06-19,밥,조식
2021-06-19,생선묵국,조식
2021-06-19,쇠고기버섯볶음,조식
2021-06-19,맛김,조식
2021-06-19,오징어젓무침,조식
2021-06-19,배추김치,조식
2021-06-19,우유,조식
2021-06-20,밥,조식
2021-06-20,된장국,조식
2021-06-20,베이컨청경채볶음,조식
2021-06-20,제육볶음,조식
2021-06-20,배추김치,조식
2021-06-20,우유,조식
2021-06-21,밥,조식
2021-06-21,쇠고기무국,조식
2021-06-21,두부김치,조식
2021-06-21,계란찜,조식
2021-06-21,콩나물무침,조식
2021-06-21,우유,조식
2021-06-22,흑미밥,조식
2021-06-22,생선묵국,조식
2021-06-22,쇠고기버섯볶음,조식
2021-06-22,맛김,조식
2021-06-22,오이무침,조식
2021-06-22,배추김치,조식
2021-06-22,컵과일,조식
2021-06-23,잡곡밥,조식
2021-06-23,된장국,조식
2021-06-23,돼지고기김치볶음,조식
2021-06-23,스크램블에그,조식
2021-06-23,콩나물무침,조식
2021-06-23,우유,조식
2021-06-24,불고기버거,조식
2021-06-24,우유,조식
2021-06-25,잡곡밥,조식
2021-06-25,쇠고기미역국,조식
2021-06-25,햄슬라이스야채볶음,조식
2021-06-25,콩나물매운무침,조식
2021-06-25,배추김치,조식
2021-06-25,우유,조식
2021-06-26,핫도그빵,조식
2021-06-26,우유,조식
2021-06-27,닭죽,조식
2021-06-27,오징어채볶음,조식
2021-06-27,감자조림,조식
2021-06-27,배추김치,조식
2021-06-27,우유,조식
2021-06-28,밥,조식
2021-06-28,호박된장찌개,조식
2021-06-28,쇠고기불고기,조식
2021-06-28,오이무침,조식
2021-06-28,배추김치,조식
2021-06-28,우유,조식
2021-06-29,불고기버거,조식
2021-05-31,감귤 주스,조식
2021-06-01,잡곡밥,조식
2021-06-01,팽이버섯국,조식
2021-06-01,돼지고기김치볶음,조식
2021-06-01,오징어채볶음,조식
2021-06-01,맛김,조식
2021-06-01,시금치무침,조식
2021-06-01,우유,조식
2021-06-02,잡곡밥,조식
2021-06-02,조갯살미역국,조식
2021-06-02,쇠고기불고기,조식
2021-06-02,생선묵볶음,조식
2021-06-02,배추김치,조식
2021-06-02,우유,조식
2021-06-03,잡곡밥,조식
2021-06-03,두부고추장찌개,조식
2021-06-03,돼지고기부추볶음,조식
2021-06-03,야채샐러드,조식
2021-06-03,배추김치,조식
2021-06-03,감귤 주스,조식
2021-06-04,잡곡밥,조식
2021-06-04,순두부찌개,조식
2021-06-04,쇠고기버섯볶음,조식
2021-06-04,맛김,조식
2021-06-04,감자조림,조식
2021-06-04,배추김치,조식
2021-06-04,우유,조식
2021-06-05,밥,조식
2021-06-05,쇠고기감자국,조식
2021-06-05,새송이버섯야채볶음,조식
2021-06-05,순두부양념장,조식
2021-06-05,배추김치,조식
2021-06-05,우유 살균형,조식
2021-06-06,밥,조식
2021-06-06,쇠고기미역국,조식
2021-06-06,버섯호박볶음,조식
2021-06-06,계란찜,조식
2021-06-06,과일2,조식
2021-06-06,배추김치,조식
2021-06-07,밥,조식
2021-06-07,계란국,조식
2021-06-07,훈제오리/쌈무/머스타드소스,조식
2021-06-07,두부조림,조식
2021-06-07,배추김치,조식
2021-06-07,우유,조식
2021-06-08,잡곡밥,조식
2021-06-08,감자양파찌개,조식
2021-06-08,쇠고기버섯볶음,조식
2021-06-08,맛김,조식
2021-06-08,오징어젓무침,조식
2021-06-08,배추김치,조식
2021-06-08,떠먹는 토핑형 발효유,조식
2021-06-09,잡곡밥,조식
2021-06-09,쇠고기무국,조식
2021-06-09,돼지고기김치볶음,조식
2021-06-09,오징어채무침,조식
2021-06-09,순두부양념장,조식
2021-06-09,코코아 음료 분말,조식
2021-06-09,우유,조식
2021-06-10,쇠고기덮밥,조식
2021-06-10,두부고추장찌개,조식
2021-06-10,맛김,조식
2021-06-10,감자조림,조식
2021-06-10,배추김치,조식
2021-06-10,우유,조식
2021-06-11,잡곡밥,조식
2021-06-11,쇠고기미역국,조식
2021-06-11,돼지고기콩나물볶음,조식
2021-06-11,계란찜,조식
2021-06-11,배추김치,조식
2021-06-11,우유,조식
2021-06-12,밥,조식
2021-06-12,생선묵국,조식
2021-06-12,돼지고기김치볶음,조식
2021-06-12,애호박나물,조식
2021-06-12,맛김,조식
2021-06-12,감자조림,조식
2021-06-12,우유,조식
2021-06-13,밥,조식
2021-06-13,감자양파찌개,조식
2021-06-13,비엔나소시지케찹볶음,조식
2021-06-13,맛김,조식
2021-06-13,시금치무침,조식
2021-06-13,배추김치,조식
2021-06-13,우유,조식
2021-06-14,밥,조식
2021-06-14,김치찌개,조식
2021-06-14,마파두부,조식
2021-06-14,쇠고기버섯볶음,조식
2021-05-18,밥,조식
2021-05-18,콩나물국,조식
2021-05-18,돼지고기김치볶음,조식
2021-05-18,맛김,조식
2021-05-18,감자조림,조식
2021-05-18,깍두기,조식
2021-05-18,감귤 주스,조식
2021-05-19,밥,조식
2021-05-19,버섯쇠고기찌개,조식
2021-05-19,비엔나소시지케찹볶음,조식
2021-05-19,콩나물무침,조식
2021-05-19,브로콜리/초고추장,조식
2021-05-19,배추김치,조식
2021-05-19,우유,조식
2021-05-20,쇠고기덮밥,조식
2021-05-20,콩나물김치국,조식
2021-05-20,맛김,조식
2021-05-20,감자조림,조식
2021-05-20,가공우유 바나나,조식
2021-05-20,깍두기,조식
2021-05-21,밥,조식
2021-05-21,두부고추장찌개,조식
2021-05-21,꽈리고추멸치볶음,조식
2021-05-21,닭고기매운조림,조식
2021-05-21,깍두기,조식
2021-05-21,유산균 발효 음료,조식
2021-05-22,불고기버거,조식
2021-05-22,우유,조식
2021-05-23,밥,조식
2021-05-23,감자양파찌개,조식
2021-05-23,배추김치,조식
2021-05-23,생선묵볶음,조식
2021-05-23,쇠고기파프리카볶음,조식
2021-05-23,맛김,조식
2021-05-23,깍두기,조식
2021-05-23,우유,조식
2021-05-24,밥,조식
2021-05-24,사골곰탕,조식
2021-05-24,마파두부,조식
2021-05-24,감자조림,조식
2021-05-24,오징어젓무침,조식
2021-05-24,깍두기,조식
2021-05-24,코코아 음료 분말,조식
2021-05-24,우유,조식
2021-05-25,밥,조식
2021-05-25,두부고추장찌개,조식
2021-05-25,느타리버섯볶음,조식
2021-05-25,김자반,조식
2021-05-25,시금치고추장무침,조식
2021-05-25,깍두기,조식
2021-05-25,우유 살균형,조식
2021-05-26,밥,조식
2021-05-26,쇠고기미역국,조식
2021-05-26,비엔나소시지케찹볶음,조식
2021-05-26,맛김,조식
2021-05-26,감자조림,조식
2021-05-26,과일2,조식
2021-05-26,배추김치,조식
2021-05-27,햄치즈버거,조식
2021-05-27,계란후라이,조식
2021-05-28,밥,조식
2021-05-28,두부고추장찌개,조식
2021-05-28,쇠고기파프리카볶음,조식
2021-05-28,김자반,조식
2021-05-28,계란찜,조식
2021-05-28,깍두기,조식
2021-05-28,우유,조식
2021-05-29,떡만둣국,조식
2021-05-29,감자조림,조식
2021-05-29,오징어젓무침,조식
2021-05-29,배추김치,조식
2021-05-29,우유,조식
2021-05-30,밥,조식
2021-05-30,콩나물국,조식
2021-05-30,새송이버섯야채볶음,조식
2021-05-30,맛김,조식
2021-05-30,배추김치,조식
2021-05-30,우유,조식
2021-05-31,밥,조식
2021-05-31,쇠고기미역국,조식
2021-05-31,생선묵볶음,조식
2021-05-31,감자조림,조식
2021-05-31,배추김치,조식
2022-12-22,계란찜,조식
2022-12-22,스팸구이,조식
2022-12-22,배추김치,조식
2022-12-22,우유,조식
2022-12-22,떠먹는 토핑형 발효유,조식
2022-12-23,밥,조식
2022-12-23,사골떡만둣국,조식
2022-12-23,사각어묵야채볶음,조식
2022-12-23,오이파프리카무침,조식
2022-12-23,배추김치,조식
2022-12-23,음료수 탄산 콜라,조식
2022-12-23,사과,조식
2022-12-24,핫도그빵,조식
2022-12-24,바베큐폭립,조식
2022-12-24,그릴소시지구이,조식
2022-12-24,우유,조식
2022-12-24,음료수 탄산 콜라,조식
2022-12-25,밥,조식
2022-12-25,뼈없는감자탕,조식
2022-12-25,맛김,조식
2022-12-25,계란말이,조식
2022-12-25,연두부양념장,조식
2022-12-25,가공우유,조식
2022-12-25,배추김치,조식
2022-12-26,밥,조식
2022-12-26,쇠고기미역국,조식
2022-12-26,돼지고기김치볶음,조식
2022-12-26,메추리알장조림,조식
2022-12-26,감자조림,조식
2022-12-26,깍두기,조식
2022-12-26,사과,조식
2022-12-26,떠먹는 토핑형 발효유,조식
2022-12-26,우유,조식
2022-12-27,간장계란밥,조식
2022-12-27,쇠고기무국,조식
2022-12-27,맛김,조식
2022-12-27,돼지고기장조림,조식
2022-12-27,배추김치,조식
2022-12-27,우유,조식
2022-12-27,젤리,조식
2022-12-28,간장불고기덮밥,조식
2022-12-28,감자계란국,조식
2022-12-28,그릴소시지구이,조식
2022-12-28,쥐어채무침,조식
2022-12-28,배추김치,조식
2022-12-28,우유,조식
2022-12-28,바나나,조식
2022-12-29,쇠고기미역국,조식
2022-12-29,베이컨야채볶음,조식
2022-12-29,너비아니,조식
2022-12-29,맛김,조식
2022-12-29,배추김치,조식
2022-12-29,떠먹는 토핑형 발효유,조식
2022-12-29,우유,조식
2022-12-30,밥,조식
2022-12-30,사골떡만둣국,조식
2022-12-30,돼지고기장조림,조식
2022-12-30,오이파프리카무침,조식
2022-12-30,배추김치,조식
2022-12-30,우유,조식
2022-12-30,초코과자,조식
2022-12-31,불고기버거,조식
2022-12-31,우유,조식
2022-12-31,자연은 제주감귤 180ml,조식
2023-01-01,밥,조식
2023-01-01,사골떡만둣국,조식
2023-01-01,잡채,조식
2023-01-01,맛김,조식
2023-01-01,오징어젓무침,조식
2023-01-01,배추김치,조식
2023-01-01,우유,조식
2023-01-02,밥,조식
2023-01-02,사골우거지국,조식
2023-01-02,마파두부,조식
2023-01-02,무말랭이무침,조식
2023-01-02,배추김치,조식
2023-01-02,우유,조식
2023-01-03,밥,조식
2023-01-03,쑥갓어묵국,조식
2021-05-17,쇠고기미역국,조식
2021-05-17,햄슬라이스야채볶음,조식
2021-05-17,순두부양념장,조식
2021-05-17,오징어젓무침,조식
2021-05-17,깍두기,조식
2021-05-17,우유,조식
2022-12-09,깍두기,조식
2022-12-09,떠먹는 토핑형 발효유,조식
2022-12-10,밥,조식
2022-12-10,사골떡만둣국,조식
2022-12-10,메추리알장조림,조식
2022-12-10,오징어젓무침,조식
2022-12-10,배추김치,조식
2022-12-10,우유,조식
2022-12-11,밥,조식
2022-12-11,들깨미역국,조식
2022-12-11,제육볶음,조식
2022-12-11,계란찜,조식
2022-12-11,배추김치,조식
2022-12-11,우유,조식
2022-12-12,밥,조식
2022-12-12,김치찌개,조식
2022-12-12,베이컨조랭이떡볶음,조식
2022-12-12,애호박나물,조식
2022-12-12,깍두기,조식
2022-12-12,두유,조식
2022-12-12,떠먹는 토핑형 발효유,조식
2022-12-13,밥,조식
2022-12-13,쇠고기무국,조식
2022-12-13,맛김,조식
2022-12-13,스팸구이,조식
2022-12-13,너비아니,조식
2022-12-13,감자조림,조식
2022-12-13,배추김치,조식
2022-12-13,우유,조식
2022-12-14,밥,조식
2022-12-14,조갯살미역국,조식
2022-12-14,사각어묵야채볶음,조식
2022-12-14,돼지고기장조림,조식
2022-12-14,배추김치,조식
2022-12-14,초코과자,조식
2022-12-14,우유,조식
2022-12-15,밥,조식
2022-12-15,사골우거지국,조식
2022-12-15,돼지고기김치볶음,조식
2022-12-15,스크램블에그,조식
2022-12-15,깍두기,조식
2022-12-15,떠먹는 토핑형 발효유,조식
2022-12-16,간장불고기덮밥,조식
2022-12-16,쇠고기당면국,조식
2022-12-16,김자반,조식
2022-12-16,메추리알장조림,조식
2022-12-16,배추김치,조식
2022-12-16,사과,조식
2022-12-16,우유,조식
2022-12-17,어니언베이글,조식
2022-12-17,양송이스프,조식
2022-12-17,크림치즈,조식
2022-12-17,블루베리잼,조식
2022-12-17,우유,조식
2022-12-17,커피음료,조식
2022-12-18,밥,조식
2022-12-18,돼지국밥,조식
2022-12-18,쇠고기팽이버섯떡볶음,조식
2022-12-18,오이부추무침,조식
2022-12-18,깍두기,조식
2022-12-18,우유,조식
2022-12-18,사이다,조식
2022-12-19,밥,조식
2022-12-19,삼색감자옹심이국,조식
2022-12-19,돼지고기청경채볶음,조식
2022-12-19,순두부양념장,조식
2022-12-19,배추김치,조식
2022-12-19,우유,조식
2022-12-19,떠먹는 토핑형 발효유,조식
2022-12-20,밥,조식
2022-12-20,콩나물국,조식
2022-12-20,비엔나소시지케찹볶음,조식
2022-12-20,맛김,조식
2022-12-20,메추리알장조림,조식
2022-12-20,가공우유,조식
2022-12-20,배추김치,조식
2022-12-21,밥,조식
2022-12-21,유부된장국,조식
2022-12-21,새송이버섯야채볶음,조식
2022-12-21,쥐어채무침,조식
2022-12-21,배추김치,조식
2022-12-21,우유,조식
2022-12-21,바나나,조식
2022-12-22,밥,조식
2022-12-22,설렁탕,조식
2022-11-26,바베큐폭립,조식
2022-11-26,계란후라이,조식
2022-11-26,우유,조식
2022-11-26,바나나,조식
2022-11-27,밥,조식
2022-11-27,사골떡만둣국,조식
2022-11-27,볼어묵볶음,조식
2022-11-27,오징어젓무침,조식
2022-11-27,배추김치,조식
2022-11-27,우유,조식
2022-11-28,밥,조식
2022-11-28,차돌된장찌개,조식
2022-11-28,돼지고기김치볶음,조식
2022-11-28,계란찜,조식
2022-11-28,깍두기,조식
2022-11-28,우유,조식
2022-11-29,쇠고기덮밥,조식
2022-11-29,사골우거지국,조식
2022-11-29,맛김,조식
2022-11-29,무말랭이무침,조식
2022-11-29,배추김치,조식
2022-11-29,두유,조식
2022-11-30,간장계란밥,조식
2022-11-30,쇠고기미역국,조식
2022-11-30,돼지고기콩나물볶음,조식
2022-11-30,맛김,조식
2022-11-30,배추김치,조식
2022-12-01,밥,조식
2022-12-01,쑥갓어묵국,조식
2022-12-01,햄슬라이스야채볶음,조식
2022-12-01,맛김,조식
2022-12-01,연두부양념장,조식
2022-12-01,배추김치,조식
2022-12-01,사과,조식
2022-12-01,떠먹는 토핑형 발효유,조식
2022-12-01,우유,조식
2022-12-02,밥,조식
2022-12-02,쇠고기무국,조식
2022-12-02,돼지고기김치볶음,조식
2022-12-02,계란찜,조식
2022-12-02,맛김,조식
2022-12-02,가공우유,조식
2022-12-02,깍두기,조식
2022-12-02,컵과일,조식
2022-12-03,햄치즈버거,조식
2022-12-03,우유,조식
2022-12-03,떠먹는 토핑형 발효유,조식
2022-12-03,자연은 제주감귤 180ml,조식
2022-12-04,닭죽,조식
2022-12-04,새송이버섯야채볶음,조식
2022-12-04,맛김,조식
2022-12-04,오징어젓무침,조식
2022-12-04,배추김치,조식
2022-12-04,에너지바,조식
2022-12-05,밥,조식
2022-12-05,쇠고기미역국,조식
2022-12-05,돼지고기김치볶음,조식
2022-12-05,스크램블에그,조식
2022-12-05,깍두기,조식
2022-12-05,요구르트 아이스크림 떠먹는형,조식
2022-12-06,밥,조식
2022-12-06,감자계란국,조식
2022-12-06,쇠고기팽이버섯떡볶음,조식
2022-12-06,두부매운조림,조식
2022-12-06,배추김치,조식
2022-12-06,사과,조식
2022-12-06,우유,조식
2022-12-07,간장계란밥,조식
2022-12-07,시금치된장국,조식
2022-12-07,비엔나소시지케찹볶음,조식
2022-12-07,김자반,조식
2022-12-07,배추김치,조식
2022-12-07,자연은 제주감귤 180ml,조식
2022-12-07,떠먹는 토핑형 발효유,조식
2022-12-08,쇠고기당면국,조식
2022-12-08,돼지고기콩나물볶음,조식
2022-12-08,맛김,조식
2022-12-08,계란말이,조식
2022-12-08,매콤오징어실채무침,조식
2022-12-08,가공우유,조식
2022-12-08,배추김치,조식
2022-12-09,밥,조식
2022-12-09,돼지국밥,조식
2022-12-09,참치김치볶음,조식
2022-12-09,부추겉절이,조식
2022-11-13,밥,조식
2022-11-13,삼색감자옹심이국,조식
2022-11-13,비엔나소시지케찹볶음,조식
2022-11-13,맛김,조식
2022-11-13,소불고기덮밥소스,조식
2022-11-13,배추김치,조식
2022-11-13,우유,조식
2022-11-14,닭죽,조식
2022-11-14,김자반,조식
2022-11-14,돼지고기장조림,조식
2022-11-14,연두부양념장,조식
2022-11-14,배추김치,조식
2022-11-14,우유,조식
2022-11-15,밥,조식
2022-11-15,마파두부,조식
2022-11-15,무말랭이무침,조식
2022-11-15,가공우유,조식
2022-11-15,배추김치,조식
2022-11-16,밥,조식
2022-11-16,돼지국밥,조식
2022-11-16,맛김,조식
2022-11-16,메추리알장조림,조식
2022-11-16,오징어젓무침,조식
2022-11-16,배추김치,조식
2022-11-16,우유,조식
2022-11-17,밥,조식
2022-11-17,콩나물김치국,조식
2022-11-17,돼지고기청경채볶음,조식
2022-11-17,베이컨조랭이떡볶음,조식
2022-11-17,깍두기,조식
2022-11-17,사과,조식
2022-11-18,밥,조식
2022-11-18,시금치된장국,조식
2022-11-18,햄슬라이스야채볶음,조식
2022-11-18,느타리버섯볶음,조식
2022-11-18,배추김치,조식
2022-11-18,우유,조식
2022-11-19,핫도그빵,조식
2022-11-19,그릴소시지구이,조식
2022-11-19,꽃맛살샐러드,조식
2022-11-19,우유,조식
2022-11-19,바나나,조식
2022-11-20,통새우볶음밥,조식
2022-11-20,삼색감자옹심이국,조식
2022-11-20,볼어묵볶음,조식
2022-11-20,스크램블에그,조식
2022-11-20,배추김치,조식
2022-11-20,우유,조식
2022-11-21,밥,조식
2022-11-21,사골떡만둣국,조식
2022-11-21,메추리알장조림,조식
2022-11-21,오징어젓무침,조식
2022-11-21,배추김치,조식
2022-11-21,우유,조식
2022-11-22,불고기버거,조식
2022-11-22,우유,조식
2022-11-23,밥,조식
2022-11-23,김치찌개,조식
2022-11-23,새송이버섯야채볶음,조식
2022-11-23,베이컨계란찜,조식
2022-11-23,맛김,조식
2022-11-23,배추김치,조식
2022-11-23,우유,조식
2022-11-24,밥,조식
2022-11-24,조갯살미역국,조식
2022-11-24,돼지고기김치볶음,조식
2022-11-24,쥐어채무침,조식
2022-11-24,깍두기,조식
2022-11-24,우유,조식
2022-11-25,밥,조식
2022-11-25,참치김치찌개,조식
2022-11-25,느타리버섯볶음,조식
2022-11-25,돼지고기장조림,조식
2022-11-25,계란말이,조식
2022-11-25,가공우유,조식
2022-11-25,깍두기,조식
2022-11-26,햄치즈버거,조식
2022-10-31,유부어묵국,조식
2022-10-31,돼지고기김치볶음,조식
2022-10-31,맛김,조식
2022-10-31,배추김치,조식
2022-10-31,우유,조식
2022-10-31,조미김,조식
2022-10-31,돼지고기감자조림,조식
2022-10-31,스크램블에그,조식
2022-10-31,배추김치,조식
2022-11-01,밥,조식
2022-11-01,설렁탕,조식
2022-11-01,베이컨감자채볶음,조식
2022-11-01,두부매운조림,조식
2022-11-01,배추김치,조식
2022-11-01,우유,조식
2022-11-02,밥,조식
2022-11-02,황태해장국,조식
2022-11-02,돼지고기장조림,조식
2022-11-02,스크램블에그,조식
2022-11-02,배추김치,조식
2022-11-02,우유,조식
2022-11-03,밥,조식
2022-11-03,쇠고기미역국,조식
2022-11-03,돼지고기김치볶음,조식
2022-11-03,맛김,조식
2022-11-03,연두부양념장,조식
2022-11-03,깍두기,조식
2022-11-03,유산균 발효 음료,조식
2022-11-03,사과,조식
2022-11-04,밥,조식
2022-11-04,감자계란국,조식
2022-11-04,쇠고기팽이버섯떡볶음,조식
2022-11-04,고들빼기무침,조식
2022-11-04,쥐어채무침,조식
2022-11-04,가공우유,조식
2022-11-04,배추김치,조식
2022-11-05,햄치즈버거,조식
2022-11-05,계란후라이,조식
2022-11-05,양송이스프,조식
2022-11-05,우유,조식
2022-11-05,사인머스켓,조식
2022-11-06,간장계란밥,조식
2022-11-06,쇠고기당면국,조식
2022-11-06,햄슬라이스야채볶음,조식
2022-11-06,맛김,조식
2022-11-06,배추김치,조식
2022-11-06,우유,조식
2022-11-07,밥,조식
2022-11-07,설렁탕,조식
2022-11-07,참치김치볶음,조식
2022-11-07,맛김,조식
2022-11-07,돼지고기장조림,조식
2022-11-07,깍두기,조식
2022-11-07,우유,조식
2022-11-08,밥,조식
2022-11-08,쇠고기무국,조식
2022-11-08,하와이안함박,조식
2022-11-08,맛김,조식
2022-11-08,스크램블에그,조식
2022-11-08,깍두기,조식
2022-11-08,사과,조식
2022-11-09,밥,조식
2022-11-09,뼈없는감자탕,조식
2022-11-09,간장깻잎지,조식
2022-11-09,오징어채무침,조식
2022-11-09,순두부양념장,조식
2022-11-09,가공우유,조식
2022-11-09,배추김치,조식
2022-11-10,밥,조식
2022-11-10,황태해장국,조식
2022-11-10,스팸구이,조식
2022-11-10,계란후라이,조식
2022-11-10,깍두기,조식
2022-11-10,떠먹는 토핑형 발효유,조식
2022-11-11,감자계란국,조식
2022-11-11,돼지고기청경채볶음,조식
2022-11-11,맛김,조식
2022-11-11,메추리알장조림,조식
2022-11-11,배추김치,조식
2022-11-12,어니언베이글,조식
2022-11-12,모듬과일샐러드,조식
2022-11-12,크림치즈,조식
2022-11-12,컵스프,조식
2022-11-12,블루베리잼,조식
2022-11-12,우유,조식
2022-10-17,배추김치,조식
2022-10-17,우유,조식
2022-10-18,밥,조식
2022-10-18,시금치된장국,조식
2022-10-18,느타리버섯볶음,조식
2022-10-18,햄슬라이스야채볶음,조식
2022-10-18,배추김치,조식
2022-10-18,대추방울토마토,조식
2022-10-19,밥,조식
2022-10-19,조갯살미역국,조식
2022-10-19,돼지고기김치볶음,조식
2022-10-19,쥐어채무침,조식
2022-10-19,깍두기,조식
2022-10-19,우유,조식
2022-10-20,간장불고기덮밥,조식
2022-10-20,삼색감자옹심이국,조식
2022-10-20,볼어묵볶음,조식
2022-10-20,스크램블에그,조식
2022-10-20,배추김치,조식
2022-10-20,요구르트 아이스크림 떠먹는형,조식
2022-10-21,밥,조식
2022-10-21,사골떡만둣국,조식
2022-10-21,메추리알장조림,조식
2022-10-21,오징어젓무침,조식
2022-10-21,배추김치,조식
2022-10-21,우유,조식
2022-10-22,핫도그빵,조식
2022-10-22,그릴소시지구이,조식
2022-10-22,컵시리얼,조식
2022-10-22,꽃맛살샐러드,조식
2022-10-22,우유,조식
2022-10-23,밥,조식
2022-10-23,김치찌개,조식
2022-10-23,새송이버섯야채볶음,조식
2022-10-23,베이컨계란찜,조식
2022-10-23,맛김,조식
2022-10-23,배추김치,조식
2022-10-23,우유,조식
2022-10-24,밥,조식
2022-10-24,사골떡만둣국,조식
2022-10-24,볼어묵볶음,조식
2022-10-24,맛김,조식
2022-10-24,오징어젓무침,조식
2022-10-24,배추김치,조식
2022-10-24,우유,조식
2022-10-25,밥,조식
2022-10-25,참치김치찌개,조식
2022-10-25,느타리버섯볶음,조식
2022-10-25,돼지고기장조림,조식
2022-10-25,계란말이,조식
2022-10-25,깍두기,조식
2022-10-26,간장계란밥,조식
2022-10-26,쇠고기미역국,조식
2022-10-26,돼지고기콩나물볶음,조식
2022-10-26,맛김,조식
2022-10-26,배추김치,조식
2022-10-26,우유,조식
2022-10-27,불고기버거,조식
2022-10-27,우유,조식
2022-10-28,밥,조식
2022-10-28,차돌된장찌개,조식
2022-10-28,돼지고기김치볶음,조식
2022-10-28,계란찜,조식
2022-10-28,깍두기,조식
2022-10-28,떠먹는 토핑형 발효유,조식
2022-10-29,햄치즈버거,조식
2022-10-29,해쉬브라운,조식
2022-10-29,가공우유,조식
2022-10-29,우유,조식
2022-10-30,쇠고기덮밥,조식
2022-10-30,사골우거지국,조식
2022-10-30,너비아니,조식
2022-10-30,무말랭이무침,조식
2022-10-30,배추김치,조식
2022-10-30,우유,조식
2022-10-31,후리가케밥,조식
2022-10-04,밥,조식
2022-10-04,감자계란국,조식
2022-10-04,쇠고기팽이버섯떡볶음,조식
2022-10-04,두부매운조림,조식
2022-10-04,쥐어채무침,조식
2022-10-04,가공우유,조식
2022-10-04,배추김치,조식
2022-10-05,밥,조식
2022-10-05,설렁탕,조식
2022-10-05,베이컨감자채볶음,조식
2022-10-05,무말랭이무침,조식
2022-10-05,배추김치,조식
2022-10-05,우유,조식
2022-10-06,간장계란밥,조식
2022-10-06,쇠고기당면국,조식
2022-10-06,햄슬라이스야채볶음,조식
2022-10-06,맛김,조식
2022-10-06,배추김치,조식
2022-10-06,사과,조식
2022-10-07,닭죽,조식
2022-10-07,참치김치볶음,조식
2022-10-07,돼지고기장조림,조식
2022-10-07,깍두기,조식
2022-10-07,우유,조식
2022-10-08,어니언베이글,조식
2022-10-08,크림치즈,조식
2022-10-08,모듬과일샐러드,조식
2022-10-08,블루베리잼,조식
2022-10-08,커피음료,조식
2022-10-08,우유,조식
2022-10-08,바나나,조식
2022-10-09,밥,조식
2022-10-09,돼지국밥,조식
2022-10-09,순두부양념장,조식
2022-10-09,오징어채무침,조식
2022-10-09,간장깻잎지,조식
2022-10-09,배추김치,조식
2022-10-09,우유,조식
2022-10-10,밥,조식
2022-10-10,콩나물김치국,조식
2022-10-10,베이컨조랭이떡볶음,조식
2022-10-10,새송이버섯야채볶음,조식
2022-10-10,깍두기,조식
2022-10-10,우유,조식
2022-10-11,감자계란국,조식
2022-10-11,돼지고기청경채볶음,조식
2022-10-11,맛김,조식
2022-10-11,메추리알장조림,조식
2022-10-11,가공우유,조식
2022-10-11,배추김치,조식
2022-10-12,밥,조식
2022-10-12,쇠고기무국,조식
2022-10-12,스팸구이,조식
2022-10-12,스크램블에그,조식
2022-10-12,깍두기,조식
2022-10-12,우유,조식
2022-10-13,밥,조식
2022-10-13,삼색감자옹심이국,조식
2022-10-13,비엔나소시지케찹볶음,조식
2022-10-13,맛김,조식
2022-10-13,소불고기덮밥소스,조식
2022-10-13,배추김치,조식
2022-10-13,두유 검은콩,조식
2022-10-14,밥,조식
2022-10-14,사골우거지국,조식
2022-10-14,돼지고기장조림,조식
2022-10-14,연두부양념장,조식
2022-10-14,배추김치,조식
2022-10-14,유산균 발효 음료,조식
2022-10-15,밥,조식
2022-10-15,닭곰탕,조식
2022-10-15,마파두부,조식
2022-10-15,무말랭이무침,조식
2022-10-15,배추김치,조식
2022-10-15,사인머스켓,조식
2022-10-16,밥,조식
2022-10-16,설렁탕,조식
2022-10-16,맛김,조식
2022-10-16,메추리알장조림,조식
2022-10-16,오징어젓무침,조식
2022-10-16,가공우유,조식
2022-10-16,배추김치,조식
2022-10-17,밥,조식
2022-10-17,황태해장국,조식
2022-10-17,알떡스테이크,조식
2022-10-17,계란말이,조식
2022-09-19,밥,조식
2022-09-19,삼색감자옹심이국,조식
2022-09-19,돼지고기청경채볶음,조식
2022-09-19,미트볼케찹조림,조식
2022-09-19,순두부양념장,조식
2022-09-19,열무김치,조식
2022-09-20,밥,조식
2022-09-20,김치만두국,조식
2022-09-20,비엔나소시지케찹볶음,조식
2022-09-20,너비아니,조식
2022-09-20,맛김,조식
2022-09-20,열무김치,조식
2022-09-21,밥,조식
2022-09-21,조갯살미역국,조식
2022-09-21,새송이버섯야채볶음,조식
2022-09-21,쥐어채무침,조식
2022-09-21,배추김치,조식
2022-09-22,밥,조식
2022-09-22,설렁탕,조식
2022-09-22,스팸구이,조식
2022-09-22,맛김,조식
2022-09-22,무말랭이무침,조식
2022-09-22,열무김치,조식
2022-09-23,밥,조식
2022-09-23,사골만두곰탕,조식
2022-09-23,볼어묵볶음,조식
2022-09-23,오이파프리카무침,조식
2022-09-23,컵시리얼,조식
2022-09-23,배추김치,조식
2022-09-24,햄치즈버거,조식
2022-09-24,새우볼,조식
2022-09-24,야채샐러드,조식
2022-09-24,컵스프,조식
2022-09-25,밥,조식
2022-09-25,왕만두국,조식
2022-09-25,맛김,조식
2022-09-25,계란말이,조식
2022-09-25,오징어젓무침,조식
2022-09-25,배추김치,조식
2022-09-26,밥,조식
2022-09-26,쇠고기미역국,조식
2022-09-26,돼지고기김치볶음,조식
2022-09-26,메추리알장조림,조식
2022-09-26,연두부양념장,조식
2022-09-26,열무김치,조식
2022-09-27,밥,조식
2022-09-27,꼬리곰탕,조식
2022-09-27,계란찜,조식
2022-09-27,돼지고기장조림,조식
2022-09-27,열무김치,조식
2022-09-28,낙지덮밥,조식
2022-09-28,황태해장국,조식
2022-09-28,그릴소시지구이,조식
2022-09-28,쥐어채무침,조식
2022-09-28,배추김치,조식
2022-09-29,설렁탕,조식
2022-09-29,치즈함박스테이크소스,조식
2022-09-29,맛김,조식
2022-09-29,스크램블에그,조식
2022-09-29,배추김치,조식
2022-09-30,밥,조식
2022-09-30,사골우거지국,조식
2022-09-30,볼어묵볶음,조식
2022-09-30,오이파프리카무침,조식
2022-09-30,배추김치,조식
2022-10-01,햄치즈버거,조식
2022-10-01,자연은 제주감귤 180ml,조식
2022-10-01,우유,조식
2022-10-02,밥,조식
2022-10-02,황태해장국,조식
2022-10-02,돼지고기장조림,조식
2022-10-02,스크램블에그,조식
2022-10-02,배추김치,조식
2022-10-02,우유,조식
2022-10-03,밥,조식
2022-10-03,쇠고기미역국,조식
2022-10-03,돼지고기김치볶음,조식
2022-10-03,맛김,조식
2022-10-03,연두부양념장,조식
2022-10-03,깍두기,조식
2022-10-03,우유,조식
2022-09-04,사골우거지국,조식
2022-09-04,새송이버섯야채볶음,조식
2022-09-04,맛김,조식
2022-09-04,오징어젓무침,조식
2022-09-04,배추김치,조식
2022-09-05,밥,조식
2022-09-05,쇠고기미역국,조식
2022-09-05,돼지고기김치볶음,조식
2022-09-05,스크램블에그,조식
2022-09-05,깍두기,조식
2022-09-06,밥,조식
2022-09-06,감자계란국,조식
2022-09-06,쇠고기팽이버섯떡볶음,조식
2022-09-06,두부매운조림,조식
2022-09-06,배추김치,조식
2022-09-07,밥,조식
2022-09-07,닭곰탕,조식
2022-09-07,돼지고기장조림,조식
2022-09-07,계란말이,조식
2022-09-07,오이부추무침,조식
2022-09-07,배추김치,조식
2022-09-08,간장계란밥,조식
2022-09-08,쇠고기당면국,조식
2022-09-08,돼지고기콩나물볶음,조식
2022-09-08,맛김,조식
2022-09-08,배추김치,조식
2022-09-09,밥,조식
2022-09-09,얼큰순대국,조식
2022-09-09,참치김치볶음,조식
2022-09-09,베이컨스크램블에그,조식
2022-09-09,깍두기,조식
2022-09-10,밥,조식
2022-09-10,사골떡만둣국,조식
2022-09-10,잡채,조식
2022-09-10,맛김,조식
2022-09-10,오징어젓무침,조식
2022-09-10,배추김치,조식
2022-09-11,밥,조식
2022-09-11,배추된장국,조식
2022-09-11,제육볶음,조식
2022-09-11,메추리알장조림,조식
2022-09-11,배추김치,조식
2022-09-12,간장계란밥,조식
2022-09-12,시금치된장국,조식
2022-09-12,비엔나소시지케찹볶음,조식
2022-09-12,김자반,조식
2022-09-12,배추김치,조식
2022-09-13,밥,조식
2022-09-13,쇠고기무국,조식
2022-09-13,맛김,조식
2022-09-13,치즈함박스테이크소스,조식
2022-09-13,감자조림,조식
2022-09-13,두부양념장,조식
2022-09-13,배추김치,조식
2022-09-14,밥,조식
2022-09-14,조갯살미역국,조식
2022-09-14,베이컨야채볶음,조식
2022-09-14,돼지고기장조림,조식
2022-09-14,배추김치,조식
2022-09-15,김치국,조식
2022-09-15,스크램블에그,조식
2022-09-15,무말랭이무침,조식
2022-09-15,소불고기덮밥소스,조식
2022-09-15,깍두기,조식
2022-09-16,간장불고기덮밥,조식
2022-09-16,쇠고기당면국,조식
2022-09-16,김자반,조식
2022-09-16,메추리알장조림,조식
2022-09-16,배추김치,조식
2022-09-17,어니언베이글,조식
2022-09-17,토마토달걀볶음,조식
2022-09-17,베이컨구이,조식
2022-09-17,양송이스프,조식
2022-09-17,블루베리잼,조식
2022-09-17,크림치즈,조식
2022-09-18,밥,조식
2022-09-18,돼지국밥,조식
2022-09-18,메추리알장조림,조식
2022-09-18,오이부추무침,조식
2022-09-18,깍두기,조식
2024-05-19,메추리알장조림,조식
2024-05-19,부추겉절이,조식
2024-05-19,배추김치,조식
2024-05-19,마시는 발효유,조식
2024-05-20,밥,조식
2024-05-20,쇠고기무국,조식
2024-05-20,참치김치볶음,조식
2024-05-20,해물동그랑땡,조식
2024-05-20,깍두기,조식
2024-05-20,우유,조식
2024-05-21,샐러드모닝빵,조식
2024-05-21,에그타르트,조식
2024-05-21,우유,조식
2024-05-22,밥,조식
2024-05-22,사골곰탕,조식
2024-05-22,햄슬라이스야채볶음,조식
2024-05-22,오징어젓무침,조식
2024-05-22,깍두기,조식
2024-05-22,토핑형 발효유,조식
2024-05-23,깍두기김치볶음밥,조식
2024-05-23,쇠고기미역국,조식
2024-05-23,계란후라이,조식
2024-05-23,콩나물매운무침,조식
2024-05-23,배추김치,조식
2024-05-23,초콜릿,조식
2024-05-24,밥,조식
2024-05-24,새우순두부계란탕,조식
2024-05-24,사각어묵야채볶음,조식
2024-05-24,계란말이,조식
2024-05-24,배추김치,조식
2024-05-24,우유,조식
2024-05-25,햄치즈에그샌드위치,조식
2024-05-25,할라피뇨소시지구이,조식
2024-05-26,닭죽,조식
2024-05-26,맛김,조식
2024-05-26,돼지고기장조림,조식
2024-05-26,오징어젓무침,조식
2024-05-26,깍두기,조식
2024-05-27,밥,조식
2024-05-27,장조림버터비빔밥,조식
2024-05-27,쇠고기미역국,조식
2024-05-27,스크램블에그,조식
2024-05-27,배추김치,조식
2024-05-27,우유,조식
2024-05-28,밥,조식
2024-05-28,쇠고기무국,조식
2024-05-28,돼지고기김치볶음,조식
2024-05-28,감자조림,조식
2024-05-28,열무김치,조식
2024-05-28,짜먹는 발효유,조식
2024-05-29,밥,조식
2024-05-29,콩나물김치국,조식
2024-05-29,비엔나소시지케찹볶음,조식
2024-05-29,크래미야채볶음,조식
2024-05-29,맛김,조식
2024-05-29,배추김치,조식
2024-05-29,우유,조식
2024-05-30,햄치즈에그샌드위치,조식
2024-05-30,양파링튀김,조식
2024-05-30,우유,조식
2024-05-31,밥,조식
2024-05-31,사골떡만둣국,조식
2024-05-31,맛김,조식
2024-05-31,낙지젓,조식
2024-05-31,오이풋고추된장무침,조식
2024-05-31,배추김치,조식
2024-05-31,우유,조식
2022-09-04,밥,조식
2022-08-08,깍두기,조식
2022-08-09,밥,조식
2022-08-09,감자계란국,조식
2022-08-09,쇠고기팽이버섯떡볶음,조식
2022-08-09,마파두부,조식
2022-08-09,가공우유,조식
2022-08-09,배추김치,조식
2022-08-10,자장밥,조식
2022-08-10,쑥갓어묵국,조식
2022-08-10,베이컨김치볶음,조식
2022-08-10,맛김,조식
2022-08-10,무말랭이무침,조식
2022-08-10,배추김치,조식
2022-08-10,두유 검은콩,조식
2022-08-11,고추참치김치덮밥,조식
2022-08-11,쇠고기당면국,조식
2022-08-11,맛김,조식
2022-08-11,해물동그랑땡야채볶음,조식
2022-08-11,깍두기,조식
2022-08-11,자연은 제주감귤 180ml,조식
2022-08-12,밥,조식
2022-08-12,사골우거지국,조식
2022-08-12,햄슬라이스야채볶음,조식
2022-08-12,스크램블에그,조식
2022-08-12,깍두기,조식
2022-08-12,유산균 발효 음료,조식
2022-08-13,김가루주먹밥,조식
2022-08-13,콩나물국,조식
2022-08-13,꽃맛살샐러드,조식
2022-08-13,배추김치,조식
2022-08-13,자연은 제주감귤 180ml,조식
2022-08-14,밥,조식
2022-08-14,돼지국밥,조식
2022-08-14,오징어젓무침,조식
2022-08-14,순두부양념장,조식
2022-08-14,오이부추무침,조식
2022-08-14,배추김치,조식
2022-08-14,우유,조식
2022-08-15,밥,조식
2022-08-15,쇠고기미역국,조식
2022-08-15,베이컨야채볶음,조식
2022-08-15,새송이버섯야채볶음,조식
2022-08-15,깍두기,조식
2024-05-13,밥,조식
2024-05-13,사골우거지국,조식
2024-05-13,비엔나소시지케찹볶음,조식
2024-05-13,연두부양념장,조식
2024-05-13,배추김치,조식
2024-05-13,우유,조식
2024-05-14,밥,조식
2024-05-14,쇠고기미역국,조식
2024-05-14,돼지고기콩나물볶음,조식
2024-05-14,감자조림,조식
2024-05-14,배추김치,조식
2024-05-14,우유,조식
2024-05-15,콩나물김치국,조식
2024-05-15,마파두부,조식
2024-05-15,사각어묵야채볶음,조식
2024-05-15,맛김,조식
2024-05-15,가공우유,조식
2024-05-15,깍두기,조식
2024-05-16,싸이버거,조식
2024-05-16,벌집감자구이,조식
2024-05-16,우유,조식
2024-05-17,밥,조식
2024-05-17,계란조랭이떡국,조식
2024-05-17,해물동그랑땡,조식
2024-05-17,명란젓,조식
2024-05-17,배추김치,조식
2024-05-17,우유,조식
2024-05-18,대만샌드위치,조식
2024-05-18,스크램블에그,조식
2024-05-18,카페라떼,조식
2024-05-18,우유,조식
2024-05-19,밥,조식
2024-05-19,순대국,조식
2022-07-26,맛김,조식
2022-07-26,오징어채무침,조식
2022-07-26,배추김치,조식
2022-07-26,복숭아,조식
2022-07-27,밥,조식
2022-07-27,조갯살미역국,조식
2022-07-27,제육볶음,조식
2022-07-27,콩나물매운무침,조식
2022-07-27,가공우유,조식
2022-07-27,총각김치,조식
2022-07-28,밥,조식
2022-07-28,김치만두국,조식
2022-07-28,볼어묵볶음,조식
2022-07-28,비엔나소시지야채볶음,조식
2022-07-28,맛김,조식
2022-07-28,깍두기,조식
2022-07-29,밥,조식
2022-07-29,꼬리곰탕,조식
2022-07-29,마파두부,조식
2022-07-29,오이파프리카무침,조식
2022-07-29,배추김치,조식
2022-07-30,밥,조식
2022-07-30,쇠고기무국,조식
2022-07-30,토마토달걀볶음,조식
2022-07-30,밥싸먹는햄,조식
2022-07-30,배추김치,조식
2022-07-30,우유,조식
2022-07-31,닭고기덮밥,조식
2022-07-31,밥,조식
2022-07-31,감자계란국,조식
2022-07-31,베이컨조랭이떡볶음,조식
2022-07-31,배추김치,조식
2022-07-31,우유,조식
2022-08-01,밥,조식
2022-08-01,쇠고기미역국,조식
2022-08-01,생선묵야채볶음,조식
2022-08-01,햄슬라이스야채볶음,조식
2022-08-01,깍두기,조식
2022-08-01,우유,조식
2022-08-02,밥,조식
2022-08-02,김치만두국,조식
2022-08-02,베이컨야채볶음,조식
2022-08-02,맛김,조식
2022-08-02,오징어젓무침,조식
2022-08-02,깍두기,조식
2022-08-02,유산균 발효 음료,조식
2022-08-03,밥,조식
2022-08-03,닭고기육개장,조식
2022-08-03,비엔나소시지케찹볶음,조식
2022-08-03,감자조림,조식
2022-08-03,가공우유,조식
2022-08-03,깍두기,조식
2022-08-04,밥,조식
2022-08-04,조갯살미역국,조식
2022-08-04,돼지고기김치볶음,조식
2022-08-04,오믈렛,조식
2022-08-04,깍두기,조식
2022-08-04,바나나,조식
2022-08-05,간장계란밥,조식
2022-08-05,쇠고기당면국,조식
2022-08-05,맛김,조식
2022-08-05,돼지고기장조림,조식
2022-08-05,배추김치,조식
2022-08-05,우유,조식
2022-08-06,불고기버거,조식
2022-08-06,치즈볼,조식
2022-08-06,자연은 제주감귤 180ml,조식
2022-08-06,우유,조식
2022-08-07,밥,조식
2022-08-07,왕만두국,조식
2022-08-07,베이컨야채볶음,조식
2022-08-07,맛김,조식
2022-08-07,메추리알장조림,조식
2022-08-07,배추김치,조식
2022-08-07,우유,조식
2022-08-08,밥,조식
2022-08-08,쇠고기미역국,조식
2022-08-08,돼지고기김치볶음,조식
2022-08-08,토마토달걀볶음,조식
2022-08-08,맛김,조식
2022-08-08,연두부양념장,조식
2022-07-12,대추방울토마토,조식
2022-07-13,밥,조식
2022-07-13,조갯살미역국,조식
2022-07-13,두부김치,조식
2022-07-13,볼어묵볶음,조식
2022-07-13,총각김치,조식
2022-07-13,우유,조식
2022-07-14,밥,조식
2022-07-14,사골우거지국,조식
2022-07-14,돼지고기김치볶음,조식
2022-07-14,감자조림,조식
2022-07-14,깍두기,조식
2022-07-14,자두,조식
2022-07-15,간장계란밥,조식
2022-07-15,밥,조식
2022-07-15,쇠고기당면국,조식
2022-07-15,맛김,조식
2022-07-15,돼지고기장조림,조식
2022-07-15,배추김치,조식
2022-07-15,우유,조식
2022-07-16,햄치즈버거,조식
2022-07-16,새우볼,조식
2022-07-16,우유,조식
2022-07-16,감귤 주스,조식
2022-07-17,밥,조식
2022-07-17,쇠고기무국,조식
2022-07-17,김치찐만두,조식
2022-07-17,맛김,조식
2022-07-17,돼지고기장조림,조식
2022-07-17,깍두기,조식
2022-07-18,밥,조식
2022-07-18,쇠고기미역국,조식
2022-07-18,돼지고기김치볶음,조식
2022-07-18,맛김,조식
2022-07-18,연두부양념장,조식
2022-07-18,총각김치,조식
2022-07-19,밥,조식
2022-07-19,감자계란국,조식
2022-07-19,베이컨조랭이떡볶음,조식
2022-07-19,오징어채무침,조식
2022-07-19,가공우유,조식
2022-07-19,배추김치,조식
2022-07-20,밥,조식
2022-07-20,사골우거지국,조식
2022-07-20,김자반,조식
2022-07-20,메추리알장조림,조식
2022-07-20,오징어젓무침,조식
2022-07-20,배추김치,조식
2022-07-21,간장계란밥,조식
2022-07-21,쇠고기당면국,조식
2022-07-21,베이컨야채볶음,조식
2022-07-21,맛김,조식
2022-07-21,배추김치,조식
2022-07-21,우유,조식
2022-07-22,밥,조식
2022-07-22,왕만두국,조식
2022-07-22,햄슬라이스야채볶음,조식
2022-07-22,돼지고기장조림,조식
2022-07-22,총각김치,조식
2022-07-23,더블치즈스테이크버거,조식
2022-07-23,치즈볼,조식
2022-07-23,치즈함박스테이크소스,조식
2022-07-23,우유,조식
2022-07-23,감귤 주스,조식
2022-07-24,밥,조식
2022-07-24,사골우거지국,조식
2022-07-24,맛김,조식
2022-07-24,베이컨스크램블에그,조식
2022-07-24,무말랭이무침,조식
2022-07-24,배추김치,조식
2022-07-24,우유,조식
2022-07-25,밥,조식
2022-07-25,콩나물김치국,조식
2022-07-25,새송이버섯야채볶음,조식
2022-07-25,순두부양념장,조식
2022-07-25,깍두기,조식
2022-07-25,우유,조식
2022-07-26,밥,조식
2022-07-26,감자계란국,조식
2022-07-26,돼지고기콩나물볶음,조식
2022-06-29,쥐어채무침,조식
2022-06-29,가공우유,조식
2022-06-29,배추김치,조식
2022-06-30,핫도그빵,조식
2022-06-30,치즈볼,조식
2022-06-30,감귤 주스,조식
2022-06-30,우유,조식
2022-07-01,밥,조식
2022-07-01,쇠고기미역국,조식
2022-07-01,돼지고기김치볶음,조식
2022-07-01,오징어채무침,조식
2022-07-01,총각김치,조식
2022-07-01,두유 검은콩,조식
2022-07-02,밥,조식
2022-07-02,쇠고기육개장,조식
2022-07-02,맛김,조식
2022-07-02,밥싸먹는햄,조식
2022-07-02,메추리알장조림,조식
2022-07-02,배추김치,조식
2022-07-02,우유,조식
2022-07-03,밥,조식
2022-07-03,왕만두국,조식
2022-07-03,맛김,조식
2022-07-03,돼지고기장조림,조식
2022-07-03,오징어젓무침,조식
2022-07-03,배추김치,조식
2022-07-04,쇠고기덮밥,조식
2022-07-04,황태해장국,조식
2022-07-04,스크램블에그,조식
2022-07-04,떡갈비스테이크,조식
2022-07-04,총각김치,조식
2022-07-04,우유,조식
2022-07-05,밥,조식
2022-07-05,쇠고기미역국,조식
2022-07-05,햄슬라이스야채볶음,조식
2022-07-05,오징어채무침,조식
2022-07-05,가공우유,조식
2022-07-05,배추김치,조식
2022-07-06,밥,조식
2022-07-06,쇠고기육개장,조식
2022-07-06,제육볶음,조식
2022-07-06,계란찜,조식
2022-07-06,배추김치,조식
2022-07-06,우유,조식
2022-07-07,햄치즈버거,조식
2022-07-07,우유,조식
2022-07-07,감귤 주스,조식
2022-07-08,밥,조식
2022-07-08,닭곰탕,조식
2022-07-08,쇠고기팽이버섯떡볶음,조식
2022-07-08,마파두부,조식
2022-07-08,배추김치,조식
2022-07-08,우유,조식
2022-07-09,핫도그빵,조식
2022-07-09,토마토달걀볶음,조식
2022-07-09,베이컨구이,조식
2022-07-09,양송이스프,조식
2022-07-09,우유,조식
2022-07-09,감귤 주스,조식
2022-07-10,돼지국밥,조식
2022-07-10,맛김,조식
2022-07-10,메추리알장조림,조식
2022-07-10,오징어젓무침,조식
2022-07-10,총각김치,조식
2022-07-10,우유,조식
2022-07-11,밥,조식
2022-07-11,쇠고기무국,조식
2022-07-11,베이컨조랭이떡볶음,조식
2022-07-11,돼지고기장조림,조식
2022-07-11,가공우유,조식
2022-07-11,배추김치,조식
2022-07-12,밥,조식
2022-07-12,김치만두국,조식
2022-07-12,밥싸먹는햄,조식
2022-07-12,맛김,조식
2022-07-12,떡갈비스테이크,조식
2022-07-12,깍두기,조식
2022-06-16,맛김,조식
2022-06-16,떡갈비스테이크,조식
2022-06-16,배추김치,조식
2022-06-16,에너지바,조식
2022-06-17,밥,조식
2022-06-17,왕만두국,조식
2022-06-17,참치김치볶음,조식
2022-06-17,메추리알장조림,조식
2022-06-17,총각김치,조식
2022-06-17,감귤 주스,조식
2022-06-18,쇠고기미역국,조식
2022-06-18,베이컨감자채볶음,조식
2022-06-18,맛김,조식
2022-06-18,해물동그랑땡야채볶음,조식
2022-06-18,가공우유,조식
2022-06-18,배추김치,조식
2022-06-19,밥,조식
2022-06-19,사골우거지국,조식
2022-06-19,오믈렛,조식
2022-06-19,오징어젓무침,조식
2022-06-19,배추김치,조식
2022-06-19,우유,조식
2022-06-20,밥,조식
2022-06-20,콩나물김치국,조식
2022-06-20,새송이버섯야채볶음,조식
2022-06-20,순두부양념장,조식
2022-06-20,총각김치,조식
2022-06-20,우유,조식
2022-06-21,밥,조식
2022-06-21,사골곰탕,조식
2022-06-21,베이컨조랭이떡볶음,조식
2022-06-21,맛김,조식
2022-06-21,무말랭이무침,조식
2022-06-21,배추김치,조식
2022-06-21,우유,조식
2022-06-22,제육덮밥,조식
2022-06-22,조갯살미역국,조식
2022-06-22,계란후라이,조식
2022-06-22,쥐어채무침,조식
2022-06-22,총각김치,조식
2022-06-22,우유,조식
2022-06-23,밥,조식
2022-06-23,김치만두국,조식
2022-06-23,볼어묵볶음,조식
2022-06-23,맛김,조식
2022-06-23,계란말이,조식
2022-06-23,총각김치,조식
2022-06-24,밥,조식
2022-06-24,감자계란국,조식
2022-06-24,밥싸먹는햄,조식
2022-06-24,돼지고기장조림,조식
2022-06-24,배추김치,조식
2022-06-24,우유,조식
2022-06-25,햄치즈버거,조식
2022-06-25,양송이스프,조식
2022-06-25,버터,조식
2022-06-25,커피음료,조식
2022-06-25,우유,조식
2022-06-26,밥,조식
2022-06-26,왕만두국,조식
2022-06-26,맛김,조식
2022-06-26,계란말이,조식
2022-06-26,오징어젓무침,조식
2022-06-26,배추김치,조식
2022-06-26,우유,조식
2022-06-27,밥,조식
2022-06-27,쇠고기미역국,조식
2022-06-27,돼지고기김치볶음,조식
2022-06-27,메추리알장조림,조식
2022-06-27,연두부양념장,조식
2022-06-27,총각김치,조식
2022-06-27,우유,조식
2022-06-28,밥,조식
2022-06-28,꼬리곰탕,조식
2022-06-28,계란찜,조식
2022-06-28,돼지고기장조림,조식
2022-06-28,총각김치,조식
2022-06-28,우유,조식
2022-06-29,밥,조식
2022-06-29,감자계란국,조식
2022-06-29,볼어묵볶음,조식
2022-06-29,밥싸먹는햄,조식
2022-06-02,오징어채무침,조식
2022-06-02,배추김치,조식
2022-06-02,우유,조식
2022-06-03,밥,조식
2022-06-03,쇠고기미역국,조식
2022-06-03,돼지고기김치볶음,조식
2022-06-03,두부조림,조식
2022-06-03,가공우유,조식
2022-06-03,총각김치,조식
2022-06-04,밥,조식
2022-06-04,돼지국밥,조식
2022-06-04,계란찜,조식
2022-06-04,부추겉절이,조식
2022-06-04,배추김치,조식
2022-06-04,우유,조식
2022-06-05,밥,조식
2022-06-05,김치만두국,조식
2022-06-05,메추리알장조림,조식
2022-06-05,오징어젓무침,조식
2022-06-05,배추김치,조식
2022-06-05,우유,조식
2022-06-06,밥,조식
2022-06-06,콩나물김치국,조식
2022-06-06,떡갈비스테이크,조식
2022-06-06,스크램블에그,조식
2022-06-06,배추김치,조식
2022-06-06,우유,조식
2022-06-07,밥,조식
2022-06-07,쇠고기무국,조식
2022-06-07,베이컨감자채볶음,조식
2022-06-07,맛김,조식
2022-06-07,두부양념장,조식
2022-06-07,배추김치,조식
2022-06-08,밥,조식
2022-06-08,조갯살미역국,조식
2022-06-08,돼지고기김치볶음,조식
2022-06-08,베이컨야채볶음,조식
2022-06-08,총각김치,조식
2022-06-08,우유,조식
2022-06-09,간장계란밥,조식
2022-06-09,시금치된장국,조식
2022-06-09,맛김,조식
2022-06-09,해물동그랑땡야채볶음,조식
2022-06-09,배추김치,조식
2022-06-09,우유,조식
2022-06-10,밥,조식
2022-06-10,쇠고기당면국,조식
2022-06-10,맛김,조식
2022-06-10,메추리알장조림,조식
2022-06-10,떡갈비스테이크,조식
2022-06-10,배추김치,조식
2022-06-10,우유,조식
2022-06-11,밥,조식
2022-06-11,사골우거지국,조식
2022-06-11,베이컨김치볶음,조식
2022-06-11,감자조림,조식
2022-06-11,가공우유,조식
2022-06-11,배추김치,조식
2022-06-12,돼지국밥,조식
2022-06-12,맛김,조식
2022-06-12,부추겉절이,조식
2022-06-12,오징어젓무침,조식
2022-06-12,배추김치,조식
2022-06-12,대추방울토마토,조식
2022-06-13,밥,조식
2022-06-13,쇠고기미역국,조식
2022-06-13,베이컨김치볶음,조식
2022-06-13,맛김,조식
2022-06-13,연두부양념장,조식
2022-06-13,총각김치,조식
2022-06-13,우유,조식
2022-06-14,밥,조식
2022-06-14,감자계란국,조식
2022-06-14,쇠고기팽이버섯떡볶음,조식
2022-06-14,두부매운조림,조식
2022-06-14,배추김치,조식
2022-06-14,우유,조식
2022-06-15,밥,조식
2022-06-15,닭곰탕,조식
2022-06-15,돼지고기김치볶음,조식
2022-06-15,오이파프리카무침,조식
2022-06-15,배추김치,조식
2022-06-15,두유 검은콩,조식
2022-06-16,간장계란밥,조식
2022-06-16,쇠고기당면국,조식
2022-05-19,돼지고기김치볶음,조식
2022-05-19,맛김,조식
2022-05-19,연두부양념장,조식
2022-05-19,시금치무침,조식
2022-05-19,우유,조식
2022-05-20,밥,조식
2022-05-20,왕만두국,조식
2022-05-20,햄슬라이스야채볶음,조식
2022-05-20,참치김치볶음,조식
2022-05-20,깍두기,조식
2022-05-21,핫도그빵,조식
2022-05-21,우유,조식
2022-05-21,감귤 주스,조식
2022-05-22,밥,조식
2022-05-22,조갯살미역국,조식
2022-05-22,두부김치,조식
2022-05-22,감자조림,조식
2022-05-22,깍두기,조식
2022-05-22,우유,조식
2022-05-23,밥,조식
2022-05-23,콩나물김치국,조식
2022-05-23,새송이버섯야채볶음,조식
2022-05-23,순두부양념장,조식
2022-05-23,깍두기,조식
2022-05-23,우유,조식
2022-05-24,감자계란국,조식
2022-05-24,돼지고기콩나물볶음,조식
2022-05-24,맛김,조식
2022-05-24,두부매운조림,조식
2022-05-24,배추김치,조식
2022-05-24,우유,조식
2022-05-25,간장계란밥,조식
2022-05-25,쇠고기무국,조식
2022-05-25,베이컨야채볶음,조식
2022-05-25,맛김,조식
2022-05-25,깍두기,조식
2022-05-25,우유,조식
2022-05-26,밥,조식
2022-05-26,김치만두국,조식
2022-05-26,비엔나소시지야채볶음,조식
2022-05-26,맛김,조식
2022-05-26,스크램블에그,조식
2022-05-26,깍두기,조식
2022-05-26,두유 검은콩,조식
2022-05-27,밥,조식
2022-05-27,사골곰탕,조식
2022-05-27,마파두부,조식
2022-05-27,모듬어묵조림,조식
2022-05-27,깍두기,조식
2022-05-27,우유,조식
2022-05-28,햄치즈버거,조식
2022-05-28,닭장각구이,조식
2022-05-28,가공우유,조식
2022-05-28,버터,조식
2022-05-28,우유,조식
2022-05-29,밥,조식
2022-05-29,순대국,조식
2022-05-29,떡갈비구이,조식
2022-05-29,오징어젓무침,조식
2022-05-29,깍두기,조식
2022-05-29,우유,조식
2022-05-30,밥,조식
2022-05-30,콩나물국,조식
2022-05-30,베이컨감자채볶음,조식
2022-05-30,맛김,조식
2022-05-30,시금치무침,조식
2022-05-30,배추김치,조식
2022-05-30,우유,조식
2022-05-31,떡만둣국,조식
2022-05-31,메추리알장조림,조식
2022-05-31,오징어채무침,조식
2022-05-31,배추김치,조식
2022-05-31,우유,조식
2022-06-01,햄치즈버거,조식
2022-06-01,계란후라이,조식
2022-06-01,버터,조식
2022-06-01,감귤 주스,조식
2022-06-01,우유,조식
2022-06-02,밥,조식
2022-06-02,황태해장국,조식
2022-06-02,햄슬라이스야채볶음,조식
2022-05-05,쇠고기육개장,조식
2022-05-05,떡산적,조식
2022-05-05,감자조림,조식
2022-05-05,배추김치,조식
2022-05-05,우유,조식
2022-05-06,밥,조식
2022-05-06,들깨미역국,조식
2022-05-06,베이컨야채볶음,조식
2022-05-06,순두부계란찜,조식
2022-05-06,오징어채무침,조식
2022-05-06,깍두기,조식
2022-05-06,떠먹는 토핑형 발효유,조식
2022-05-07,단호박죽,조식
2022-05-07,찐만두,조식
2022-05-07,오믈렛,조식
2022-05-07,깍두기,조식
2022-05-07,우유,조식
2022-05-08,떡만둣국,조식
2022-05-08,맛김,조식
2022-05-08,메추리알장조림,조식
2022-05-08,오징어젓무침,조식
2022-05-08,배추김치,조식
2022-05-09,밥,조식
2022-05-09,황태해장국,조식
2022-05-09,햄슬라이스야채볶음,조식
2022-05-09,떡갈비구이,조식
2022-05-09,깍두기,조식
2022-05-09,우유,조식
2022-05-10,밥,조식
2022-05-10,쑥갓어묵국,조식
2022-05-10,베이컨감자채볶음,조식
2022-05-10,찐만두,조식
2022-05-10,두부양념장,조식
2022-05-10,배추김치,조식
2022-05-11,밥,조식
2022-05-11,조갯살미역국,조식
2022-05-11,돼지고기김치볶음,조식
2022-05-11,깻잎양념무침,조식
2022-05-11,깍두기,조식
2022-05-11,우유,조식
2022-05-12,햄치즈버거,조식
2022-05-12,계란후라이,조식
2022-05-12,버터,조식
2022-05-12,감귤 주스,조식
2022-05-12,우유,조식
2022-05-13,밥,조식
2022-05-13,쇠고기육개장,조식
2022-05-13,베이컨야채볶음,조식
2022-05-13,오믈렛,조식
2022-05-13,배추김치,조식
2022-05-13,우유,조식
2022-05-14,핫도그빵,조식
2022-05-14,감귤 주스,조식
2022-05-14,우유,조식
2022-05-15,밥,조식
2022-05-15,돼지국밥,조식
2022-05-15,맛김,조식
2022-05-15,오징어젓무침,조식
2022-05-15,시금치고추장무침,조식
2022-05-15,배추김치,조식
2022-05-15,요구르트 아이스크림 떠먹는형,조식
2022-05-16,간장계란밥,조식
2022-05-16,쇠고기미역국,조식
2022-05-16,동그랑땡,조식
2022-05-16,맛김,조식
2022-05-16,배추김치,조식
2022-05-16,우유,조식
2022-05-17,밥,조식
2022-05-17,감자계란국,조식
2022-05-17,베이컨야채볶음,조식
2022-05-17,두부매운조림,조식
2022-05-17,배추김치,조식
2022-05-18,밥,조식
2022-05-18,꼬리곰탕,조식
2022-05-18,메추리알장조림,조식
2022-05-18,콩나물매운무침,조식
2022-05-18,깍두기,조식
2022-05-18,우유,조식
2022-05-19,밥,조식
2022-05-19,쇠고기당면국,조식
2022-04-21,간장계란밥,조식
2022-04-21,쇠고기무국,조식
2022-04-21,맛김,조식
2022-04-21,쇠고기장조림,조식
2022-04-21,배추김치,조식
2022-04-21,우유,조식
2022-04-22,밥,조식
2022-04-22,돼지국밥,조식
2022-04-22,새송이버섯야채볶음,조식
2022-04-22,모듬어묵조림,조식
2022-04-22,배추김치,조식
2022-04-23,햄치즈버거,조식
2022-04-23,우유 살균형,조식
2022-04-23,가공우유,조식
2022-04-23,우유,조식
2022-04-24,떡만둣국,조식
2022-04-24,밥,조식
2022-04-24,맛김,조식
2022-04-24,메추리알장조림,조식
2022-04-24,배추김치,조식
2022-04-24,우유,조식
2022-04-25,밥,조식
2022-04-25,차돌육개장,조식
2022-04-25,쇠고기버섯볶음,조식
2022-04-25,햄슬라이스야채볶음,조식
2022-04-25,맛김,조식
2022-04-25,깍두기,조식
2022-04-25,우유,조식
2022-04-26,핫도그빵,조식
2022-04-26,웨지감자튀김,조식
2022-04-26,감귤 주스,조식
2022-04-26,우유,조식
2022-04-27,간장계란밥,조식
2022-04-27,쇠고기미역국,조식
2022-04-27,돼지고기콩나물볶음,조식
2022-04-27,맛김,조식
2022-04-27,배추김치,조식
2022-04-27,우유,조식
2022-04-28,밥,조식
2022-04-28,사골우거지국,조식
2022-04-28,메추리알장조림,조식
2022-04-28,시금치무침,조식
2022-04-28,배추김치,조식
2022-04-28,우유,조식
2022-04-29,밥,조식
2022-04-29,쇠고기당면국,조식
2022-04-29,해물동그랑땡,조식
2022-04-29,계란찜,조식
2022-04-29,깍두기,조식
2022-04-29,가공우유,조식
2022-04-30,단호박죽,조식
2022-04-30,납작만두,조식
2022-04-30,오징어채무침,조식
2022-04-30,깍두기,조식
2022-04-30,사과,조식
2022-05-01,밥,조식
2022-05-01,콩나물국,조식
2022-05-01,소시지야채볶음,조식
2022-05-01,낙지볶음,조식
2022-05-01,깍두기,조식
2022-05-01,유산균 발효 음료,조식
2022-05-02,밥,조식
2022-05-02,쇠고기미역국,조식
2022-05-02,마파두부,조식
2022-05-02,모듬어묵조림,조식
2022-05-02,깍두기,조식
2022-05-02,우유,조식
2022-05-03,밥,조식
2022-05-03,김치만두국,조식
2022-05-03,쇠고기팽이버섯떡볶음,조식
2022-05-03,메추리알장조림,조식
2022-05-03,배추김치,조식
2022-05-04,간장계란밥,조식
2022-05-04,쇠고기당면국,조식
2022-05-04,비엔나소시지케찹볶음,조식
2022-05-04,가공우유,조식
2022-05-04,배추김치,조식
2022-05-05,밥,조식
2022-04-06,쇠고기팽이버섯떡볶음,조식
2022-04-06,맛김,조식
2022-04-06,배추김치,조식
2022-04-06,우유,조식
2022-04-07,밥,조식
2022-04-07,시금치된장국,조식
2022-04-07,돼지고기김치볶음,조식
2022-04-07,감자조림,조식
2022-04-07,깍두기,조식
2022-04-08,밥,조식
2022-04-08,쇠고기미역국,조식
2022-04-08,순두부계란찜,조식
2022-04-08,맛김,조식
2022-04-08,오징어채무침,조식
2022-04-08,배추김치,조식
2022-04-08,우유,조식
2022-04-09,핫도그빵,조식
2022-04-09,스크램블에그,조식
2022-04-09,우유,조식
2022-04-09,커피음료,조식
2022-04-10,밥,조식
2022-04-10,돼지국밥,조식
2022-04-10,맛김,조식
2022-04-10,감자조림,조식
2022-04-10,오징어젓무침,조식
2022-04-10,깍두기,조식
2022-04-10,가공우유,조식
2022-04-11,밥,조식
2022-04-11,콩나물김치국,조식
2022-04-11,미트볼케찹조림,조식
2022-04-11,두부양념장,조식
2022-04-11,깍두기,조식
2022-04-11,우유,조식
2022-04-12,밥,조식
2022-04-12,김치만두국,조식
2022-04-12,떡산적,조식
2022-04-12,맛김,조식
2022-04-12,깍두기,조식
2022-04-12,사과,조식
2022-04-13,밥,조식
2022-04-13,조갯살미역국,조식
2022-04-13,모듬어묵조림,조식
2022-04-13,김치메밀전병,조식
2022-04-13,깍두기,조식
2022-04-13,우유,조식
2022-04-14,햄치즈버거,조식
2022-04-14,우유,조식
2022-04-15,밥,조식
2022-04-15,사골곰탕,조식
2022-04-15,마파두부,조식
2022-04-15,맛김,조식
2022-04-15,배추김치,조식
2022-04-15,우유,조식
2022-04-16,자장밥,조식
2022-04-16,짬뽕찌개,조식
2022-04-16,동그랑땡,조식
2022-04-16,단무지무침,조식
2022-04-16,배추김치,조식
2022-04-16,우유,조식
2022-04-17,밥,조식
2022-04-17,배추된장국,조식
2022-04-17,햄슬라이스야채볶음,조식
2022-04-17,계란말이,조식
2022-04-17,배추김치,조식
2022-04-17,우유,조식
2022-04-18,밥,조식
2022-04-18,쇠고기미역국,조식
2022-04-18,돼지고기김치볶음,조식
2022-04-18,맛김,조식
2022-04-18,연두부양념장,조식
2022-04-18,깍두기,조식
2022-04-18,우유,조식
2022-04-19,밥,조식
2022-04-19,감자계란국,조식
2022-04-19,비엔나소시지야채볶음,조식
2022-04-19,메추리알장조림,조식
2022-04-19,배추김치,조식
2022-04-19,우유,조식
2022-04-20,밥,조식
2022-04-20,꼬리곰탕,조식
2022-04-20,감자조림,조식
2022-04-20,오징어젓무침,조식
2022-04-20,배추김치,조식
2022-04-20,우유,조식
2022-03-23,돼지고기김치볶음,조식
2022-03-23,무생채,조식
2022-03-23,배추김치,조식
2022-03-23,우유,조식
2022-03-24,밥,조식
2022-03-24,부대찌개,조식
2022-03-24,오징어채무침,조식
2022-03-24,순두부양념장,조식
2022-03-24,배추김치,조식
2022-03-24,우유,조식
2022-03-25,밥,조식
2022-03-25,배추된장국,조식
2022-03-25,계란찜,조식
2022-03-25,찐만두,조식
2022-03-25,모듬어묵조림,조식
2022-03-25,배추김치,조식
2022-03-25,우유,조식
2022-03-26,햄치즈버거,조식
2022-03-26,우유,조식
2022-03-27,밥,조식
2022-03-27,갈비탕,조식
2022-03-27,맛김,조식
2022-03-27,오이부추무침,조식
2022-03-27,배추김치,조식
2022-03-27,코코아 음료 분말,조식
2022-03-27,우유,조식
2022-03-28,밥,조식
2022-03-28,사골곰탕,조식
2022-03-28,감자조림,조식
2022-03-28,오징어젓무침,조식
2022-03-28,깍두기,조식
2022-03-28,우유,조식
2022-03-29,밥,조식
2022-03-29,조갯살미역국,조식
2022-03-29,돼지고기김치볶음,조식
2022-03-29,스크램블에그,조식
2022-03-29,깍두기,조식
2022-03-29,농후 발효유,조식
2022-03-30,밥,조식
2022-03-30,쇠고기해장국,조식
2022-03-30,햄슬라이스야채볶음,조식
2022-03-30,두부조림,조식
2022-03-30,배추김치,조식
2022-03-30,우유,조식
2022-03-31,간장계란밥,조식
2022-03-31,쇠고기무국,조식
2022-03-31,두부김치,조식
2022-03-31,맛김,조식
2022-03-31,깍두기,조식
2022-03-31,우유 살균형,조식
2022-03-31,우유,조식
2022-04-01,밥,조식
2022-04-01,쇠고기미역국,조식
2022-04-01,돼지고기김치볶음,조식
2022-04-01,김자반,조식
2022-04-01,감자조림,조식
2022-04-01,깍두기,조식
2022-04-01,우유,조식
2022-04-02,떡만둣국,조식
2022-04-02,맛김,조식
2022-04-02,오징어젓무침,조식
2022-04-02,배추김치,조식
2022-04-02,우유,조식
2022-04-03,밥,조식
2022-04-03,사골우거지국,조식
2022-04-03,햄슬라이스야채볶음,조식
2022-04-03,시금치고추장무침,조식
2022-04-03,깍두기,조식
2022-04-03,유산균 발효 음료,조식
2022-04-04,간장계란밥,조식
2022-04-04,쇠고기무국,조식
2022-04-04,두부김치,조식
2022-04-04,배추김치,조식
2022-04-04,두유 검은콩,조식
2022-04-05,불고기버거,조식
2022-04-05,가공우유,조식
2022-04-05,우유,조식
2022-04-06,밥,조식
2022-04-06,콩나물국,조식
2022-04-06,비엔나소시지케찹볶음,조식
2022-03-09,꼬리곰탕,조식
2022-03-09,계란찜,조식
2022-03-09,오징어젓무침,조식
2022-03-09,배추김치,조식
2022-03-09,우유,조식
2022-03-10,밥,조식
2022-03-10,콩나물김치국,조식
2022-03-10,쇠고기팽이버섯떡볶음,조식
2022-03-10,순두부양념장,조식
2022-03-10,깍두기,조식
2022-03-10,우유,조식
2022-03-11,밥,조식
2022-03-11,시금치된장국,조식
2022-03-11,돼지고기콩나물볶음,조식
2022-03-11,두부조림,조식
2022-03-11,배추김치,조식
2022-03-11,농후 발효유,조식
2022-03-12,핫도그빵,조식
2022-03-12,쇠고기야채볶음,조식
2022-03-12,우유,조식
2022-03-13,전복죽,조식
2022-03-13,맛김,조식
2022-03-13,오징어채무침,조식
2022-03-13,배추김치,조식
2022-03-13,우유,조식
2022-03-13,코코아 음료 분말,조식
2022-03-14,밥,조식
2022-03-14,차돌박이된장찌개,조식
2022-03-14,새송이버섯야채볶음,조식
2022-03-14,연두부양념장,조식
2022-03-14,배추김치,조식
2022-03-14,우유,조식
2022-03-15,밥,조식
2022-03-15,쇠고기미역국,조식
2022-03-15,돼지고기김치볶음,조식
2022-03-15,콩나물매운무침,조식
2022-03-15,깍두기,조식
2022-03-15,농후 발효유,조식
2022-03-16,밥,조식
2022-03-16,쇠고기감자국,조식
2022-03-16,돼지고기콩나물볶음,조식
2022-03-16,모듬어묵조림,조식
2022-03-16,배추김치,조식
2022-03-16,우유,조식
2022-03-17,떡만둣국,조식
2022-03-17,맛김,조식
2022-03-17,오징어젓무침,조식
2022-03-17,배추김치,조식
2022-03-17,우유 살균형,조식
2022-03-18,밥,조식
2022-03-18,쇠고기해장국,조식
2022-03-18,비엔나소시지야채볶음,조식
2022-03-18,감자조림,조식
2022-03-18,배추김치,조식
2022-03-18,우유,조식
2022-03-19,핫도그빵,조식
2022-03-19,우유,조식
2022-03-20,차돌육개장,조식
2022-03-20,맛김,조식
2022-03-20,오징어채무침,조식
2022-03-20,가공우유,조식
2022-03-20,배추김치,조식
2022-03-21,간장계란밥,조식
2022-03-21,쇠고기미역국,조식
2022-03-21,햄슬라이스야채볶음,조식
2022-03-21,맛김,조식
2022-03-21,배추김치,조식
2022-03-21,우유,조식
2022-03-22,고추참치덮밥,조식
2022-03-22,쇠고기감자국,조식
2022-03-22,스크램블에그,조식
2022-03-22,깍두기,조식
2022-03-22,농후 발효유,조식
2022-03-23,밥,조식
2022-03-23,닭곰탕,조식
2023-11-08,설렁탕,조식
2023-11-08,언양식바싹불고기,조식
2023-11-08,두부매운조림,조식
2023-11-08,깍두기,조식
2023-11-08,우유,조식
2023-11-09,밥,조식
2023-11-09,유부어묵국,조식
2023-11-09,참치김치볶음,조식
2023-11-09,스크램블에그,조식
2023-11-09,배추김치,조식
2023-11-09,우유,조식
2023-11-10,밥,조식
2023-11-10,쇠고기당면국,조식
2023-11-10,차돌박이숙주볶음,조식
2023-11-10,감자조림,조식
2023-11-10,배추김치,조식
2023-11-10,달콤한베지밀비 190ml,조식
2023-11-11,탱글소시지철판볶음밥,조식
2023-11-11,모듬피클,조식
2023-11-11,가공우유,조식
2023-11-11,와플,조식
2023-11-11,바나나,조식
2023-11-11,우유,조식
2023-11-12,새우살야채죽,조식
2023-11-12,맛김,조식
2023-11-12,돼지고기장조림,조식
2023-11-12,낙지젓,조식
2023-11-12,배추김치,조식
2023-11-12,우유,조식
2023-11-13,밥,조식
2023-11-13,사골우거지국,조식
2023-11-13,비엔나소시지케찹볶음,조식
2023-11-13,연두부양념장,조식
2023-11-13,배추김치,조식
2023-11-13,유산균 발효 음료,조식
2023-11-14,밥,조식
2023-11-14,쇠고기미역국,조식
2023-11-14,돼지고기김치볶음,조식
2023-11-14,사각어묵야채볶음,조식
2023-11-14,깍두기,조식
2023-11-14,우유,조식
2023-11-15,밥,조식
2023-11-15,쇠고기감자국,조식
2023-11-15,새송이버섯야채볶음,조식
2023-11-15,콩나물매운무침,조식
2023-11-15,배추김치,조식
2023-11-15,우유,조식
2023-11-16,밥,조식
2023-11-16,사골떡만둣국,조식
2023-11-16,맛김,조식
2023-11-16,오징어젓무침,조식
2023-11-16,가공우유,조식
2023-11-16,배추김치,조식
2023-11-17,밥,조식
2023-11-17,쇠고기육개장,조식
2023-11-17,돼지고기콩나물볶음,조식
2023-11-17,애호박나물,조식
2023-11-17,배추김치,조식
2023-11-17,사과,조식
2023-11-18,폴드포크버거,조식
2023-11-18,양송이스프,조식
2023-11-18,커피음료,조식
2023-11-18,우유,조식
2023-11-19,밥,조식
2023-11-19,순대국,조식
2023-11-19,에그랑땡,조식
2023-11-19,부추겉절이,조식
2023-11-19,가공우유,조식
2023-11-19,배추김치,조식
2023-11-20,밥,조식
2023-11-20,쇠고기무국,조식
2023-11-20,두부김치,조식
2023-11-20,콩나물매운무침,조식
2023-11-20,깍두기,조식
2023-11-21,소불고기구운주먹밥,조식
2023-11-21,햄치즈에그샌드위치,조식
2022-03-09,밥,조식
2023-10-26,밥,조식
2023-10-26,사골우거지국,조식
2023-10-26,두부김치,조식
2023-10-26,맛김,조식
2023-10-26,계란말이,조식
2023-10-26,총각김치,조식
2023-10-26,우유,조식
2023-10-27,밥,조식
2023-10-27,사골떡만둣국,조식
2023-10-27,계란장조림,조식
2023-10-27,오징어젓무침,조식
2023-10-27,배추김치,조식
2023-10-27,바나나,조식
2023-10-28,닭가슴살스테이크,조식
2023-10-28,소금빵,조식
2023-10-28,커피음료,조식
2023-10-28,우유,조식
2023-10-29,새우살야채죽,조식
2023-10-29,맛김,조식
2023-10-29,돼지고기장조림,조식
2023-10-29,낙지젓,조식
2023-10-29,배추김치,조식
2023-10-29,사과,조식
2023-10-30,밥,조식
2023-10-30,설렁탕,조식
2023-10-30,돼지고기콩나물볶음,조식
2023-10-30,맛김,조식
2023-10-30,두부매운조림,조식
2023-10-30,가공우유,조식
2023-10-30,배추김치,조식
2023-10-31,햄치즈에그샌드위치,조식
2023-10-31,소불고기구운주먹밥,조식
2023-10-31,우유,조식
2023-11-01,장조림버터비빔밥,조식
2023-11-01,쇠고기미역국,조식
2023-11-01,맛김,조식
2023-11-01,스크램블에그,조식
2023-11-01,깍두기,조식
2023-11-01,우유,조식
2023-11-02,밥,조식
2023-11-02,사골떡만둣국,조식
2023-11-02,크래미야채볶음,조식
2023-11-02,낙지젓,조식
2023-11-02,깍두기,조식
2023-11-02,매일두유 초콜릿 190ml,조식
2023-11-03,밥,조식
2023-11-03,쇠고기무국,조식
2023-11-03,비엔나소시지케찹볶음,조식
2023-11-03,쥐포조림,조식
2023-11-03,동그랑땡,조식
2023-11-03,가공우유,조식
2023-11-03,배추김치,조식
2023-11-04,반미샌드위치,조식
2023-11-04,웨지감자,조식
2023-11-04,커피음료,조식
2023-11-04,우유,조식
2023-11-05,밥,조식
2023-11-05,돼지국밥,조식
2023-11-05,잡채어묵조림,조식
2023-11-05,부추겉절이,조식
2023-11-05,배추김치,조식
2023-11-05,우유,조식
2023-11-06,간장계란밥,조식
2023-11-06,꼬치어묵국,조식
2023-11-06,마파두부,조식
2023-11-06,김자반,조식
2023-11-06,배추김치,조식
2023-11-06,떠먹는 토핑형 발효유,조식
2023-11-07,밥,조식
2023-11-07,감자계란국,조식
2023-11-07,돼지고기콩나물볶음,조식
2023-11-07,오징어채무침,조식
2023-11-07,가공우유,조식
2023-11-07,배추김치,조식
2023-11-08,밥,조식
2023-10-13,밥,조식
2023-10-13,조랭이떡들깨탕,조식
2023-10-13,새송이버섯야채볶음,조식
2023-10-13,메추리알장조림,조식
2023-10-13,배추김치,조식
2023-10-13,유산균 발효 음료,조식
2023-10-14,반미샌드위치,조식
2023-10-14,해쉬브라운,조식
2023-10-14,커피음료,조식
2023-10-14,우유,조식
2023-10-15,간장계란밥,조식
2023-10-15,콩나물김치국,조식
2023-10-15,스팸구이,조식
2023-10-15,맛김,조식
2023-10-15,배추김치,조식
2023-10-15,우유,조식
2023-10-16,밥,조식
2023-10-16,사골곰탕,조식
2023-10-16,햄슬라이스야채볶음,조식
2023-10-16,콩나물매운무침,조식
2023-10-16,깍두기,조식
2023-10-16,우유,조식
2023-10-17,밥,조식
2023-10-17,쑥갓어묵국,조식
2023-10-17,비엔나소시지케찹볶음,조식
2023-10-17,맛김,조식
2023-10-17,감자조림,조식
2023-10-17,가공우유,조식
2023-10-17,배추김치,조식
2023-10-18,밥,조식
2023-10-18,조갯살미역국,조식
2023-10-18,돼지고기김치볶음,조식
2023-10-18,계란찜,조식
2023-10-18,깍두기,조식
2023-10-18,요구르트,조식
2023-10-19,스팸마요덮밥,조식
2023-10-19,시금치된장국,조식
2023-10-19,마파두부,조식
2023-10-19,쥐포조림,조식
2023-10-19,배추김치,조식
2023-10-19,우유,조식
2023-10-20,밥,조식
2023-10-20,쇠고기육개장,조식
2023-10-20,고기산적,조식
2023-10-20,계란장조림,조식
2023-10-20,배추김치,조식
2023-10-20,우유,조식
2023-10-21,베이컨구이,조식
2023-10-21,스크램블에그,조식
2023-10-21,브라운브레드,조식
2023-10-21,가공우유,조식
2023-10-21,유자드레싱샐러드,조식
2023-10-21,우유,조식
2023-10-22,밥,조식
2023-10-22,조갯살미역국,조식
2023-10-22,돼지고기김치볶음,조식
2023-10-22,계란찜,조식
2023-10-22,깍두기,조식
2023-10-22,우유,조식
2023-10-23,밥,조식
2023-10-23,쇠고기무국,조식
2023-10-23,비엔나소시지케찹볶음,조식
2023-10-23,감자조림,조식
2023-10-23,순두부양념장,조식
2023-10-23,배추김치,조식
2023-10-23,우유,조식
2023-10-23,마카롱,조식
2023-10-24,밥,조식
2023-10-24,감자계란국,조식
2023-10-24,쇠고기팽이버섯떡볶음,조식
2023-10-24,사각어묵야채볶음,조식
2023-10-24,맛김,조식
2023-10-24,가공우유,조식
2023-10-24,배추김치,조식
2023-10-25,장조림버터비빔밥,조식
2023-10-25,콩나물김치국,조식
2023-10-25,베이컨감자채볶음,조식
2023-10-25,맛김,조식
2023-10-25,총각김치,조식
2023-10-25,우유,조식
2023-09-29,배추김치,조식
2023-09-29,우유,조식
2023-09-30,밥,조식
2023-09-30,유부어묵국,조식
2023-09-30,차돌박이청경채볶음,조식
2023-09-30,계란찜,조식
2023-09-30,맛김,조식
2023-09-30,깍두기,조식
2023-09-30,우유,조식
2023-10-01,밥,조식
2023-10-01,쇠고기미역국,조식
2023-10-01,돼지고기콩나물볶음,조식
2023-10-01,계란말이,조식
2023-10-01,배추김치,조식
2023-10-01,우유,조식
2023-10-01,사과,조식
2023-10-02,밥,조식
2023-10-02,사골곰탕,조식
2023-10-02,무말랭이무침,조식
2023-10-02,오징어젓무침,조식
2023-10-02,배추김치,조식
2023-10-03,싸이버거,조식
2023-10-03,소불고기구운주먹밥,조식
2023-10-03,우유,조식
2023-10-04,장조림버터비빔밥,조식
2023-10-04,팽이버섯두부국,조식
2023-10-04,스팸구이,조식
2023-10-04,계란후라이,조식
2023-10-04,가공우유,조식
2023-10-04,배추김치,조식
2023-10-05,밥,조식
2023-10-05,설렁탕,조식
2023-10-05,언양식바싹불고기,조식
2023-10-05,두부매운조림,조식
2023-10-05,배추김치,조식
2023-10-05,우유,조식
2023-10-06,밥,조식
2023-10-06,쇠고기무국,조식
2023-10-06,돼지고기김치볶음,조식
2023-10-06,감자조림,조식
2023-10-06,배추김치,조식
2023-10-06,우유,조식
2023-10-06,치킨텐더또띠아,조식
2023-10-07,웨지감자,조식
2023-10-07,음료수,조식
2023-10-07,우유,조식
2023-10-08,닭죽,조식
2023-10-08,맛김,조식
2023-10-08,돼지고기장조림,조식
2023-10-08,오징어채무침,조식
2023-10-08,배추김치,조식
2023-10-08,떠먹는 토핑형 발효유,조식
2023-10-09,밥,조식
2023-10-09,돼지국밥,조식
2023-10-09,비엔나소시지케찹볶음,조식
2023-10-09,연두부양념장,조식
2023-10-09,배추김치,조식
2023-10-09,우유,조식
2023-10-10,밥,조식
2023-10-10,쇠고기미역국,조식
2023-10-10,참치김치볶음,조식
2023-10-10,콩나물매운무침,조식
2023-10-10,깍두기,조식
2023-10-10,우유,조식
2023-10-11,밥,조식
2023-10-11,쇠고기당면국,조식
2023-10-11,사각어묵야채볶음,조식
2023-10-11,스팸구이,조식
2023-10-11,가공우유,조식
2023-10-11,배추김치,조식
2023-10-12,밥,조식
2023-10-12,사골떡만둣국,조식
2023-10-12,크래미야채볶음,조식
2023-10-12,맛김,조식
2023-10-12,낙지젓,조식
2023-10-12,배추김치,조식
2023-10-12,사과,조식
2023-09-16,가공우유,조식
2023-09-16,사인머스켓,조식
2023-09-16,우유,조식
2023-09-17,간장계란밥,조식
2023-09-17,콩나물김치국,조식
2023-09-17,스팸구이,조식
2023-09-17,맛김,조식
2023-09-17,배추김치,조식
2023-09-17,남양유업,조식
2023-09-18,밥,조식
2023-09-18,사골곰탕,조식
2023-09-18,햄슬라이스야채볶음,조식
2023-09-18,계란찜,조식
2023-09-18,가공우유,조식
2023-09-18,깍두기,조식
2023-09-19,햄치즈에그샌드위치,조식
2023-09-19,해쉬브라운,조식
2023-09-19,우유,조식
2023-09-19,바나나,조식
2023-09-20,밥,조식
2023-09-20,쇠고기무국,조식
2023-09-20,돼지고기김치볶음,조식
2023-09-20,콩나물매운무침,조식
2023-09-20,깍두기,조식
2023-09-20,농심,조식
2023-09-21,깍두기김치볶음밥,조식
2023-09-21,배추된장국,조식
2023-09-21,계란후라이,조식
2023-09-21,순두부양념장,조식
2023-09-21,배추김치,조식
2023-09-21,우유,조식
2023-09-22,밥,조식
2023-09-22,닭고기육개장,조식
2023-09-22,동그랑땡,조식
2023-09-22,돼지고기장조림,조식
2023-09-22,배추김치,조식
2023-09-22,남양유업,조식
2023-09-23,베이컨구이,조식
2023-09-23,스크램블에그,조식
2023-09-23,야채샐러드,조식
2023-09-23,가공우유,조식
2023-09-23,브라운브레드,조식
2023-09-23,우유,조식
2023-09-24,닭죽,조식
2023-09-24,맛김,조식
2023-09-24,감자조림,조식
2023-09-24,오징어젓무침,조식
2023-09-24,가공우유,조식
2023-09-24,배추김치,조식
2023-09-25,밥,조식
2023-09-25,쇠고기미역국,조식
2023-09-25,비엔나소시지케찹볶음,조식
2023-09-25,명란젓,조식
2023-09-25,순두부양념장,조식
2023-09-25,배추김치,조식
2023-09-25,우유,조식
2023-09-26,밥,조식
2023-09-26,감자계란국,조식
2023-09-26,두부김치,조식
2023-09-26,사각어묵야채볶음,조식
2023-09-26,맛김,조식
2023-09-26,깍두기,조식
2023-09-26,매일유업,조식
2023-09-27,장조림버터비빔밥,조식
2023-09-27,콩나물김치국,조식
2023-09-27,베이컨야채볶음,조식
2023-09-27,맛김,조식
2023-09-27,총각김치,조식
2023-09-27,우유,조식
2023-09-28,밥,조식
2023-09-28,조갯살미역국,조식
2023-09-28,스팸구이,조식
2023-09-28,계란말이,조식
2023-09-28,쇠고기육전,조식
2023-09-28,가공우유,조식
2023-09-28,총각김치,조식
2023-09-29,밥,조식
2023-09-29,사골떡만둣국,조식
2023-09-29,잡채,조식
2023-09-29,메추리알장조림,조식
2023-09-29,낙지젓,조식
2023-07-07,차돌깍두기볶음밥,조식
2023-07-07,쇠고기당면국,조식
2023-07-07,맛김,조식
2023-07-07,쥐포조림,조식
2023-07-07,계란후라이,조식
2023-07-07,가공우유,조식
2023-07-07,배추김치,조식
2023-07-08,바베큐폭립,조식
2023-07-08,크로와상,조식
2023-07-08,커피음료,조식
2023-07-08,우유,조식
2023-07-09,밥,조식
2023-07-09,돼지국밥,조식
2023-07-09,연근조림,조식
2023-07-09,부추겉절이,조식
2023-07-09,배추김치,조식
2023-07-09,우유,조식
2023-07-10,밥,조식
2023-07-10,콩나물김치국,조식
2023-07-10,베이컨감자채볶음,조식
2023-07-10,새송이버섯야채볶음,조식
2023-07-10,가공우유,조식
2023-07-10,열무김치,조식
2023-07-11,밥,조식
2023-07-11,감자계란국,조식
2023-07-11,돼지고기콩나물볶음,조식
2023-07-11,메추리알장조림,조식
2023-06-26,설렁탕,조식
2023-06-26,새송이버섯야채볶음,조식
2023-06-26,맛김,조식
2023-06-26,오징어젓무침,조식
2023-06-26,깍두기,조식
2023-06-26,우유,조식
2023-06-26,해태에이치티비,조식
2023-06-27,밥,조식
2023-06-27,시래기감자탕,조식
2023-06-27,느타리버섯볶음,조식
2023-06-27,계란말이,조식
2023-06-27,깍두기,조식
2023-06-27,유산균 발효 음료,조식
2023-06-28,밥,조식
2023-06-28,감자수제비,조식
2023-06-28,돼지고기콩나물볶음,조식
2023-06-28,맛김,조식
2023-06-28,순두부양념장,조식
2023-06-28,배추김치,조식
2023-06-28,우유,조식
2023-06-29,밥,조식
2023-06-29,쇠고기무국,조식
2023-06-29,참치김치볶음,조식
2023-06-29,베이컨감자채볶음,조식
2023-06-29,맛김,조식
2023-06-29,총각김치,조식
2023-06-30,밥,조식
2023-06-30,사골곰탕,조식
2023-06-30,스팸구이,조식
2023-06-30,돼지고기장조림,조식
2023-06-30,총각김치,조식
2023-06-30,농심,조식
2023-07-01,싸이버거,조식
2023-07-01,해쉬브라운,조식
2023-07-01,우유,조식
2023-07-02,밥,조식
2023-07-02,쇠고기무국,조식
2023-07-02,돼지고기김치볶음,조식
2023-07-02,맛김,조식
2023-07-02,계란찜,조식
2023-07-02,총각김치,조식
2023-06-26,밥,조식
2023-09-15,밥,조식
2023-09-15,쇠고기육개장,조식
2023-09-15,돼지고기콩나물볶음,조식
2023-09-15,애호박나물,조식
2023-09-15,배추김치,조식
2023-09-15,우유,조식
2023-09-16,반미샌드위치,조식
2023-09-16,양송이스프,조식
2023-09-16,단호박샐러드,조식
2023-07-12,사골우거지국,조식
2023-07-12,돼지고기김치볶음,조식
2023-07-12,사각어묵야채볶음,조식
2023-07-12,깍두기,조식
2023-07-12,우유,조식
2023-07-13,참치마요구운주먹밥,조식
2023-07-13,쇠고기미역국,조식
2023-07-13,맛김,조식
2023-07-13,스크램블에그,조식
2023-07-13,깍두기,조식
2023-07-13,웅진식품,조식
2023-07-14,밥,조식
2023-07-14,쇠고기무국,조식
2023-07-14,김자반,조식
2023-07-14,그릴소시지구이,조식
2023-07-14,돼지고기장조림,조식
2023-07-14,가공우유,조식
2023-07-14,배추김치,조식
2023-07-15,샐러드모닝빵,조식
2023-07-15,브리또,조식
2023-07-15,우유,조식
2023-07-16,닭죽,조식
2023-07-16,맛김,조식
2023-07-16,메추리알장조림,조식
2023-07-16,오징어젓무침,조식
2023-07-16,배추김치,조식
2023-07-16,우유,조식
2023-07-17,밥,조식
2023-07-17,설렁탕,조식
2023-07-17,돼지고기김치볶음,조식
2023-07-17,계란말이,조식
2023-07-17,가공우유,조식
2023-07-17,깍두기,조식
2023-07-18,밥,조식
2023-07-18,유부어묵국,조식
2023-07-18,햄슬라이스야채볶음,조식
2023-07-18,느타리버섯볶음,조식
2023-07-18,배추김치,조식
2023-07-18,우유,조식
2023-07-19,밥,조식
2023-07-19,조갯살미역국,조식
2023-07-19,돼지고기콩나물볶음,조식
2023-07-19,연근조림,조식
2023-07-19,깍두기,조식
2023-07-19,우유,조식
2023-07-20,밥,조식
2023-07-20,김치찌개,조식
2023-07-20,쇠고기팽이버섯떡볶음,조식
2023-07-20,계란장조림,조식
2023-07-20,배추김치,조식
2023-07-20,떠먹는 토핑형 발효유,조식
2023-07-21,간장계란밥,조식
2023-07-03,밥,조식
2023-07-03,호박된장찌개,조식
2023-07-03,비엔나소시지케찹볶음,조식
2023-07-03,맛김,조식
2023-07-03,연두부양념장,조식
2023-07-03,가공우유,조식
2023-07-03,배추김치,조식
2023-07-04,밥,조식
2023-07-04,황태채국,조식
2023-07-04,맛김,조식
2023-07-04,스팸구이,조식
2023-07-04,감자조림,조식
2023-07-04,배추김치,조식
2023-07-04,우유,조식
2023-07-05,장조림버터비빔밥,조식
2023-07-05,쇠고기미역국,조식
2023-07-05,사각어묵야채볶음,조식
2023-07-05,맛김,조식
2023-07-05,배추김치,조식
2023-07-05,우유,조식
2023-07-06,밥,조식
2023-07-06,사골떡만둣국,조식
2023-07-06,참치김치볶음,조식
2023-07-06,계란장조림,조식
2023-07-06,깍두기,조식
2023-07-06,주스,조식
2023-08-05,우유,조식
2023-08-06,밥,조식
2023-08-06,사골떡만둣국,조식
2023-08-06,계란장조림,조식
2023-08-06,오징어젓무침,조식
2023-08-06,가공우유,조식
2023-08-06,배추김치,조식
2023-08-07,밥,조식
2023-08-07,감자계란국,조식
2023-08-07,돼지고기김치볶음,조식
2023-08-07,순두부양념장,조식
2023-08-07,배추김치,조식
2023-08-07,우유,조식
2023-08-08,검은콩밥,조식
2023-08-08,쇠고기당면국,조식
2023-08-08,돼지고기콩나물볶음,조식
2023-08-08,동그랑땡,조식
2023-07-21,쇠고기감자국,조식
2023-07-21,마파두부,조식
2023-07-21,김자반,조식
2023-07-21,가공우유,조식
2023-07-21,배추김치,조식
2023-07-22,참치마요구운주먹밥,조식
2023-07-22,앙버터바게트,조식
2023-07-22,바나나,조식
2023-07-22,커피음료,조식
2023-07-23,밥,조식
2023-07-23,쇠고기육개장,조식
2023-07-23,대패삼겹살소시지구이,조식
2023-07-23,부추겉절이,조식
2023-07-23,깍두기,조식
2023-07-23,우유,조식
2023-07-24,밥,조식
2023-07-24,사골떡만둣국,조식
2023-07-24,메추리알장조림,조식
2023-07-24,낙지젓,조식
2023-07-24,배추김치,조식
2023-07-24,우유,조식
2023-07-25,검은콩밥,조식
2023-07-25,쇠고기당면국,조식
2023-07-25,베이컨야채볶음,조식
2023-07-25,두부김치,조식
2023-07-25,맛김,조식
2023-07-25,총각김치,조식
2023-07-25,우유,조식
2023-07-26,밥,조식
2023-07-26,시래기감자탕,조식
2023-07-26,느타리버섯볶음,조식
2023-07-26,스크램블에그,조식
2023-07-26,가공우유,조식
2023-07-26,깍두기,조식
2023-07-27,밥,조식
2023-07-27,호박된장찌개,조식
2023-07-27,돼지고기콩나물볶음,조식
2023-07-27,동그랑땡,조식
2023-07-27,맛김,조식
2023-07-27,배추김치,조식
2023-07-28,밥,조식
2023-07-28,쇠고기무국,조식
2023-07-28,돼지고기김치볶음,조식
2023-07-28,계란찜,조식
2023-07-28,깍두기,조식
2023-07-28,떠먹는 토핑형 발효유,조식
2023-07-29,소불고기구운주먹밥,조식
2023-07-29,햄치즈에그샌드위치,조식
2023-07-29,우유,조식
2023-07-29,바나나,조식
2023-07-30,밥,조식
2023-07-30,팽이버섯두부국,조식
2023-07-30,차돌박이청경채볶음,조식
2023-07-30,맛김,조식
2023-07-30,쥐포조림,조식
2023-07-11,순두부양념장,조식
2023-07-11,배추김치,조식
2023-07-11,우유,조식
2023-07-12,잡곡밥,조식
2023-08-10,감자조림,조식
2023-08-10,총각김치,조식
2023-08-10,우유,조식
2023-08-11,밥,조식
2023-08-11,쇠고기미역국,조식
2023-08-11,차돌박이청경채볶음,조식
2023-08-11,계란말이,조식
2023-08-11,가공우유,조식
2023-08-11,배추김치,조식
2023-08-12,소불고기구운주먹밥,조식
2023-08-12,햄치즈에그샌드위치,조식
2023-08-12,멜론,조식
2023-08-12,우유,조식
2023-08-13,전복죽,조식
2023-08-13,맛김,조식
2023-08-13,돼지고기장조림,조식
2023-08-13,오이양파무침,조식
2023-08-13,배추김치,조식
2023-08-13,우유,조식
2023-08-14,밥,조식
2023-08-14,감자계란국,조식
2023-08-14,새송이버섯야채볶음,조식
2023-08-14,연두부양념장,조식
2023-08-14,가공우유,조식
2023-08-14,배추김치,조식
2023-08-15,밥,조식
2023-08-15,사골떡만둣국,조식
2023-08-15,맛김,조식
2023-08-15,오징어젓무침,조식
2023-08-15,배추김치,조식
2023-08-15,우유,조식
2023-08-15,참외,조식
2023-08-16,밥,조식
2023-08-16,쇠고기미역국,조식
2023-08-16,돼지고기김치볶음,조식
2023-08-16,콩나물매운무침,조식
2023-08-16,깍두기,조식
2023-08-17,밥,조식
2023-08-17,쇠고기감자국,조식
2023-08-17,비엔나소시지케찹볶음,조식
2023-08-17,사각어묵야채볶음,조식
2023-08-17,배추김치,조식
2023-08-17,우유,조식
2023-08-17,바나나,조식
2023-08-18,밥,조식
2023-07-30,배추김치,조식
2023-07-30,요구르트,조식
2023-07-30,우유,조식
2023-07-31,밥,조식
2023-07-31,사골곰탕,조식
2023-07-31,맛김,조식
2023-07-31,돼지고기장조림,조식
2023-07-31,계란말이,조식
2023-07-31,가공우유,조식
2023-07-31,배추김치,조식
2023-08-01,밥,조식
2023-08-01,쇠고기미역국,조식
2023-08-01,비엔나소시지케찹볶음,조식
2023-08-01,계란찜,조식
2023-08-01,배추김치,조식
2023-08-01,우유,조식
2023-08-02,밥,조식
2023-08-02,황태채국,조식
2023-08-02,마파두부,조식
2023-08-02,돼지고기장조림,조식
2023-08-02,가공우유,조식
2023-08-02,배추김치,조식
2023-08-03,밥,조식
2023-08-03,간장계란밥,조식
2023-08-03,콩나물김치국,조식
2023-08-03,스팸구이,조식
2023-08-03,배추김치,조식
2023-08-03,우유,조식
2023-08-04,사골곰탕,조식
2023-08-04,햄슬라이스야채볶음,조식
2023-08-04,맛김,조식
2023-08-04,메추리알장조림,조식
2023-08-04,배추김치,조식
2023-08-04,우유,조식
2023-08-05,웨지감자,조식
2023-08-05,와플&딸기쨈,조식
2023-08-05,멜론,조식
2023-09-02,우유,조식
2023-09-02,음료수,조식
2023-09-03,밥,조식
2023-09-03,돼지국밥,조식
2023-09-03,계란장조림,조식
2023-09-03,부추겉절이,조식
2023-09-03,배추김치,조식
2023-09-03,우유,조식
2023-09-04,밥,조식
2023-09-04,쇠고기미역국,조식
2023-09-04,마파두부,조식
2023-09-04,연근조림,조식
2023-09-04,가공우유,조식
2023-09-04,배추김치,조식
2023-09-05,밥,조식
2023-09-05,쇠고기당면국,조식
2023-08-18,사골우거지국,조식
2023-08-18,돼지고기콩나물볶음,조식
2023-08-18,감자조림,조식
2023-08-18,가공우유,조식
2023-08-18,배추김치,조식
2023-08-19,반미샌드위치,조식
2023-08-19,해쉬브라운,조식
2023-08-19,우유,조식
2023-08-19,멜론,조식
2023-08-20,밥,조식
2023-08-20,순대국,조식
2023-08-20,견과류멸치볶음,조식
2023-08-20,부추겉절이,조식
2023-08-20,깍두기,조식
2023-08-20,우유,조식
2023-08-21,설렁탕,조식
2023-08-21,베이컨감자채볶음,조식
2023-08-21,맛김,조식
2023-08-21,메추리알장조림,조식
2023-08-21,가공우유,조식
2023-08-21,깍두기,조식
2023-08-22,깍두기김치볶음밥,조식
2023-08-22,쇠고기무국,조식
2023-08-22,맛김,조식
2023-08-22,계란장조림,조식
2023-08-22,열무김치,조식
2023-08-22,우유,조식
2023-08-23,밥,조식
2023-08-23,새우순두부계란탕,조식
2023-08-23,햄슬라이스야채볶음,조식
2023-08-23,맛김,조식
2023-08-23,쥐포조림,조식
2023-08-23,배추김치,조식
2023-08-23,매일두유 초콜릿 190ml,조식
2023-08-24,밥,조식
2023-08-24,쇠고기미역국,조식
2023-08-24,돼지고기김치볶음,조식
2023-08-24,두부매운조림,조식
2023-08-24,가공우유,조식
2023-08-24,배추김치,조식
2023-08-25,밥,조식
2023-08-25,시래기감자탕,조식
2023-08-25,스팸구이,조식
2023-08-25,계란장조림,조식
2023-08-25,배추김치,조식
2023-08-25,우유,조식
2023-08-26,베이컨구이,조식
2023-08-26,스크램블에그,조식
2023-08-26,브라운브레드,조식
2023-08-26,야채샐러드,조식
2023-08-08,맛김,조식
2023-08-08,배추김치,조식
2023-08-08,우유,조식
2023-08-09,장조림버터비빔밥,조식
2023-08-09,유부어묵국,조식
2023-08-09,계란후라이,조식
2023-08-09,무말랭이무침,조식
2023-08-09,배추김치,조식
2023-08-09,탄산음료,조식
2023-08-10,밥,조식
2023-08-10,콩나물김치국,조식
2023-08-10,쇠고기팽이버섯떡볶음,조식
2023-09-08,두부매운조림,조식
2023-09-08,배추김치,조식
2023-09-08,우유,조식
2023-09-09,소불고기구운주먹밥,조식
2023-09-09,가공우유,조식
2023-09-09,앙버터바게트,조식
2023-09-09,우유,조식
2023-09-10,전복죽,조식
2023-09-10,맛김,조식
2023-09-10,돼지고기장조림,조식
2023-09-10,오이양파무침,조식
2023-09-10,배추김치,조식
2023-09-10,우유,조식
2023-09-11,밥,조식
2023-09-11,사골우거지국,조식
2023-09-11,비엔나소시지케찹볶음,조식
2023-09-11,연두부양념장,조식
2023-09-11,배추김치,조식
2023-09-11,해태에이치티비,조식
2023-09-12,밥,조식
2023-09-12,쇠고기미역국,조식
2023-09-12,돼지고기김치볶음,조식
2023-09-12,콩나물매운무침,조식
2023-09-12,깍두기,조식
2023-09-12,웅진식품,조식
2023-09-13,밥,조식
2023-09-13,쇠고기감자국,조식
2023-09-13,사각어묵야채볶음,조식
2023-09-13,새송이버섯야채볶음,조식
2023-09-13,배추김치,조식
2023-09-13,우유,조식
2023-09-14,밥,조식
2023-09-14,사골떡만둣국,조식
2023-09-14,맛김,조식
2023-09-14,오징어젓무침,조식
2023-09-14,배추김치,조식
2023-09-14,웅진식품,조식
2023-08-26,커피음료,조식
2023-08-26,우유,조식
2023-08-26,바나나,조식
2023-08-27,닭죽,조식
2023-08-27,감자조림,조식
2023-08-27,메추리알장조림,조식
2023-08-27,오징어젓무침,조식
2023-08-27,배추김치,조식
2023-08-27,우유,조식
2023-08-28,밥,조식
2023-08-28,사골곰탕,조식
2023-08-28,돼지고기장조림,조식
2023-08-28,계란말이,조식
2023-08-28,깍두기,조식
2023-08-29,장조림버터비빔밥,조식
2023-08-29,콩나물김치국,조식
2023-08-29,햄슬라이스야채볶음,조식
2023-08-29,김자반,조식
2023-08-29,가공우유,조식
2023-08-29,깍두기,조식
2023-08-30,밥,조식
2023-08-30,돼지국밥,조식
2023-08-30,참치김치볶음,조식
2023-08-30,부추겉절이,조식
2023-08-30,깍두기,조식
2023-08-30,탄산음료,조식
2023-08-31,밥,조식
2023-08-31,조갯살미역국,조식
2023-08-31,큐브스테이크,조식
2023-08-31,스크램블에그,조식
2023-08-31,가공우유,조식
2023-08-31,배추김치,조식
2023-09-01,밥,조식
2023-09-01,새우순두부계란탕,조식
2023-09-01,돼지고기콩나물볶음,조식
2023-09-01,쥐포조림,조식
2023-09-01,배추김치,조식
2023-09-01,우유,조식
2023-09-02,웨지감자,조식
2023-09-02,야채샐러드,조식
2023-09-02,베이글,조식
2023-05-27,우유,조식
2023-05-28,밥,조식
2023-05-28,사골떡만둣국,조식
2023-05-28,메추리알장조림,조식
2023-05-28,오징어젓무침,조식
2023-05-28,배추김치,조식
2023-05-28,우유,조식
2023-05-29,밥,조식
2023-05-29,콩나물국,조식
2023-05-29,새송이버섯야채볶음,조식
2023-05-29,베이컨조랭이떡볶음,조식
2023-05-29,맛김,조식
2023-05-29,배추김치,조식
2023-05-29,우유,조식
2023-05-29,젤리,조식
2023-05-30,밥,조식
2023-05-30,순대국,조식
2023-05-30,계란말이,조식
2023-05-30,부추겉절이,조식
2023-05-30,총각김치,조식
2023-05-30,우유,조식
2023-05-31,간장불고기덮밥,조식
2023-05-31,유부된장국,조식
2023-05-31,햄슬라이스야채볶음,조식
2023-05-31,맛김,조식
2023-05-31,계란찜,조식
2023-05-31,가공우유,조식
2023-05-31,배추김치,조식
2023-06-01,닭죽,조식
2023-06-01,메추리알장조림,조식
2023-06-01,오징어젓무침,조식
2023-06-01,배추김치,조식
2023-06-01,우유,조식
2023-06-02,장조림버터비빔밥,조식
2023-06-02,쇠고기미역국,조식
2023-06-02,사각어묵야채볶음,조식
2023-06-02,배추김치,조식
2023-06-02,요구르트,조식
2023-06-03,해쉬브라운,조식
2023-06-03,샐러드모닝빵,조식
2023-06-03,커피음료,조식
2023-06-04,밥,조식
2023-06-04,사골떡만둣국,조식
2023-06-04,메추리알장조림,조식
2023-06-04,오징어젓무침,조식
2023-06-04,배추김치,조식
2023-06-04,사과,조식
2023-06-04,우유,조식
2023-06-05,밥,조식
2023-06-05,팽이버섯두부국,조식
2023-06-05,새송이버섯야채볶음,조식
2023-06-05,베이컨조랭이떡볶음,조식
2023-06-05,깍두기,조식
2023-06-05,유산균 발효 음료,조식
2023-06-06,밥,조식
2023-06-06,유부어묵국,조식
2023-06-06,돼지고기콩나물볶음,조식
2023-06-06,맛김,조식
2023-06-06,계란장조림,조식
2023-06-06,배추김치,조식
2023-09-05,비엔나소시지케찹볶음,조식
2023-09-05,오징어채무침,조식
2023-09-05,배추김치,조식
2023-09-05,매일두유 초콜릿 190ml,조식
2023-09-06,밥,조식
2023-09-06,설렁탕,조식
2023-09-06,언양식바싹불고기,조식
2023-09-06,감자조림,조식
2023-09-06,배추김치,조식
2023-09-06,우유,조식
2023-09-07,밥,조식
2023-09-07,유부어묵국,조식
2023-09-07,베이컨감자채볶음,조식
2023-09-07,참치김치볶음,조식
2023-09-07,배추김치,조식
2023-09-08,밥,조식
2023-09-08,쇠고기미역국,조식
2023-09-08,차돌박이숙주볶음,조식
2023-05-13,바나나,조식
2023-05-14,밥,조식
2023-05-14,돼지국밥,조식
2023-05-14,베이컨시금치볶음,조식
2023-05-14,맛김,조식
2023-05-14,오이파프리카무침,조식
2023-05-14,배추김치,조식
2023-05-14,요구르트,조식
2023-05-15,장조림버터비빔밥,조식
2023-05-15,쇠고기미역국,조식
2023-05-15,동그랑땡,조식
2023-05-15,맛김,조식
2023-05-15,배추김치,조식
2023-05-15,우유,조식
2023-05-16,밥,조식
2023-05-16,감자계란국,조식
2023-05-16,두부매운조림,조식
2023-05-16,소불고기덮밥소스,조식
2023-05-16,배추김치,조식
2023-05-17,밥,조식
2023-05-17,사골곰탕,조식
2023-05-17,메추리알장조림,조식
2023-05-17,오징어젓무침,조식
2023-05-17,깍두기,조식
2023-05-17,우유,조식
2023-05-18,밥,조식
2023-05-18,쇠고기당면국,조식
2023-05-18,돼지고기김치볶음,조식
2023-05-18,맛김,조식
2023-05-18,시금치무침,조식
2023-05-18,연두부양념장,조식
2023-05-18,우유,조식
2023-05-19,밥,조식
2023-05-19,시래기감자탕,조식
2023-05-19,참치김치볶음,조식
2023-05-19,햄슬라이스야채볶음,조식
2023-05-19,백김치,조식
2023-05-19,커피음료,조식
2023-05-20,햄치즈에그샌드위치,조식
2023-05-20,해쉬브라운,조식
2023-05-20,옥수수스프,조식
2023-05-20,우유,조식
2023-05-21,밥,조식
2023-05-21,조갯살미역국,조식
2023-05-21,돼지고기콩나물볶음,조식
2023-05-21,감자조림,조식
2023-05-21,배추김치,조식
2023-05-21,우유,조식
2023-05-22,밥,조식
2023-05-22,쇠고기무국,조식
2023-05-22,새송이버섯야채볶음,조식
2023-05-22,순두부양념장,조식
2023-05-22,배추김치,조식
2023-05-22,우유,조식
2023-05-23,밥,조식
2023-05-23,감자계란국,조식
2023-05-23,두부김치,조식
2023-05-23,사각어묵야채볶음,조식
2023-05-23,맛김,조식
2023-05-23,열무김치,조식
2023-05-23,사과,조식
2023-05-24,장조림버터비빔밥,조식
2023-05-24,콩나물김치국,조식
2023-05-24,베이컨야채볶음,조식
2023-05-24,맛김,조식
2023-05-24,총각김치,조식
2023-05-24,우유,조식
2023-05-25,밥,조식
2023-05-25,쇠고기미역국,조식
2023-05-25,비엔나소시지케찹볶음,조식
2023-05-25,맛김,조식
2023-05-25,계란말이,조식
2023-05-25,총각김치,조식
2023-05-25,유산균 발효 음료,조식
2023-05-26,밥,조식
2023-05-26,팽이버섯두부국,조식
2023-05-26,돼지고기김치볶음,조식
2023-05-26,느타리버섯볶음,조식
2023-05-26,총각김치,조식
2023-05-26,우유,조식
2023-05-27,버팔로윙,조식
2023-05-27,스크램블에그,조식
2023-05-27,브라운브레드,조식
2023-04-30,돼지고기장조림,조식
2023-04-30,계란말이,조식
2023-04-30,배추김치,조식
2023-04-30,우유,조식
2023-05-01,닭죽,조식
2023-05-01,맛김,조식
2023-05-01,메추리알장조림,조식
2023-05-01,오징어젓무침,조식
2023-05-01,배추김치,조식
2023-05-01,우유,조식
2023-05-02,밥,조식
2023-05-02,쇠고기미역국,조식
2023-05-02,베이컨시금치볶음,조식
2023-05-02,연근조림,조식
2023-05-02,배추김치,조식
2023-05-02,우유,조식
2023-05-03,밥,조식
2023-05-03,쇠고기당면국,조식
2023-05-03,비엔나소시지케찹볶음,조식
2023-05-03,마파두부,조식
2023-05-03,배추김치,조식
2023-05-03,유산균 발효 음료,조식
2023-05-04,밥,조식
2023-05-04,설렁탕,조식
2023-05-04,언양식바싹불고기,조식
2023-05-04,감자조림,조식
2023-05-04,배추김치,조식
2023-05-05,밥,조식
2023-05-05,유부어묵국,조식
2023-05-05,돼지고기콩나물볶음,조식
2023-05-05,베이컨감자채볶음,조식
2023-05-05,배추김치,조식
2023-05-05,우유,조식
2023-05-06,싸이버거,조식
2023-05-06,해쉬브라운,조식
2023-05-06,우유,조식
2023-05-06,커피음료,조식
2023-05-07,사골떡만둣국,조식
2023-05-07,맛김,조식
2023-05-07,메추리알장조림,조식
2023-05-07,오징어젓무침,조식
2023-05-07,배추김치,조식
2023-05-08,밥,조식
2023-05-08,사골곰탕,조식
2023-05-08,돼지고기장조림,조식
2023-05-08,콩나물매운무침,조식
2023-05-08,깍두기,조식
2023-05-08,우유,조식
2023-05-09,밥,조식
2023-05-09,쑥갓어묵국,조식
2023-05-09,비엔나소시지케찹볶음,조식
2023-05-09,맛김,조식
2023-05-09,감자조림,조식
2023-05-09,배추김치,조식
2023-05-09,떠먹는 토핑형 발효유,조식
2023-05-09,매일두유 초콜릿 190ml,조식
2023-05-10,밥,조식
2023-05-10,조갯살미역국,조식
2023-05-10,돼지고기김치볶음,조식
2023-05-10,계란찜,조식
2023-05-10,깍두기,조식
2023-05-10,우유,조식
2023-05-11,밥,조식
2023-05-11,시금치된장국,조식
2023-05-11,스팸구이,조식
2023-05-11,계란후라이,조식
2023-05-11,연두부양념장,조식
2023-05-11,배추김치,조식
2023-05-11,우유,조식
2023-05-12,밥,조식
2023-05-12,쇠고기육개장,조식
2023-05-12,느타리버섯볶음,조식
2023-05-12,햄슬라이스야채볶음,조식
2023-05-12,가공우유,조식
2023-05-12,배추김치,조식
2023-05-13,베이컨김치볶음밥,조식
2023-05-13,옥수수스프,조식
2023-05-13,크로와상,조식
2023-05-13,시저샐러드,조식
2023-05-13,우유,조식
2023-04-16,오징어젓무침,조식
2023-04-16,배추김치,조식
2023-04-16,우유,조식
2023-04-17,밥,조식
2023-04-17,설렁탕,조식
2023-04-17,언양식바싹불고기,조식
2023-04-17,계란말이,조식
2023-04-17,가공우유,조식
2023-04-17,깍두기,조식
2023-04-18,밥,조식
2023-04-18,유부어묵국,조식
2023-04-18,햄슬라이스야채볶음,조식
2023-04-18,느타리버섯볶음,조식
2023-04-18,배추김치,조식
2023-04-18,우유,조식
2023-04-19,밥,조식
2023-04-19,조갯살미역국,조식
2023-04-19,돼지고기콩나물볶음,조식
2023-04-19,연근조림,조식
2023-04-19,깍두기,조식
2023-04-19,우유,조식
2023-04-20,밥,조식
2023-04-20,김치찌개,조식
2023-04-20,쇠고기팽이버섯떡볶음,조식
2023-04-20,계란장조림,조식
2023-04-20,배추김치,조식
2023-04-21,간장계란밥,조식
2023-04-21,쇠고기감자국,조식
2023-04-21,마파두부,조식
2023-04-21,김자반,조식
2023-04-21,배추김치,조식
2023-04-21,우유,조식
2023-04-22,앙버터바게트,조식
2023-04-22,닭장각구이,조식
2023-04-22,타코야끼,조식
2023-04-22,우유,조식
2023-04-22,커피음료,조식
2023-04-23,밥,조식
2023-04-23,사골떡만둣국,조식
2023-04-23,메추리알장조림,조식
2023-04-23,콩나물매운무침,조식
2023-04-23,오징어젓무침,조식
2023-04-23,가공우유,조식
2023-04-23,배추김치,조식
2023-04-24,검은콩밥,조식
2023-04-24,쇠고기당면국,조식
2023-04-24,베이컨야채볶음,조식
2023-04-24,두부김치,조식
2023-04-24,맛김,조식
2023-04-24,배추김치,조식
2023-04-24,우유,조식
2023-04-25,밥,조식
2023-04-25,시래기감자탕,조식
2023-04-25,느타리버섯볶음,조식
2023-04-25,계란말이,조식
2023-04-25,깍두기,조식
2023-04-25,우유,조식
2023-04-26,밥,조식
2023-04-26,호박된장찌개,조식
2023-04-26,돼지고기콩나물볶음,조식
2023-04-26,동그랑땡,조식
2023-04-26,맛김,조식
2023-04-26,배추김치,조식
2023-04-27,불고기버거,조식
2023-04-27,우유,조식
2023-04-28,밥,조식
2023-04-28,쇠고기무국,조식
2023-04-28,돼지고기김치볶음,조식
2023-04-28,계란찜,조식
2023-04-28,깍두기,조식
2023-04-28,매일두유 초콜릿 190ml,조식
2023-04-29,햄치즈에그샌드위치,조식
2023-04-29,옥수수스프,조식
2023-04-29,우유,조식
2023-04-30,밥,조식
2023-04-30,사골곰탕,조식
2023-04-30,맛김,조식
2023-04-03,밥,조식
2023-04-03,시금치된장국,조식
2023-04-03,스팸구이,조식
2023-04-03,맛김,조식
2023-04-03,연두부양념장,조식
2023-04-03,깍두기,조식
2023-04-03,우유,조식
2023-04-04,밥,조식
2023-04-04,쇠고기무국,조식
2023-04-04,비엔나소시지케찹볶음,조식
2023-04-04,맛김,조식
2023-04-04,감자조림,조식
2023-04-04,배추김치,조식
2023-04-04,우유,조식
2023-04-05,밥,조식
2023-04-05,호박된장찌개,조식
2023-04-05,돼지고기김치볶음,조식
2023-04-05,계란찜,조식
2023-04-05,맛김,조식
2023-04-05,깍두기,조식
2023-04-05,우유,조식
2023-04-06,간장계란밥,조식
2023-04-06,쇠고기당면국,조식
2023-04-06,햄슬라이스야채볶음,조식
2023-04-06,맛김,조식
2023-04-06,배추김치,조식
2023-04-06,우유,조식
2023-04-07,밥,조식
2023-04-07,사골떡만둣국,조식
2023-04-07,참치김치볶음,조식
2023-04-07,계란장조림,조식
2023-04-07,가공우유,조식
2023-04-07,깍두기,조식
2023-04-08,바베큐폭립,조식
2023-04-08,베이글,조식
2023-04-08,커피음료,조식
2023-04-09,밥,조식
2023-04-09,돼지국밥,조식
2023-04-09,연근조림,조식
2023-04-09,순두부양념장,조식
2023-04-09,간장깻잎지,조식
2023-04-09,배추김치,조식
2023-04-09,우유,조식
2023-04-10,밥,조식
2023-04-10,콩나물김치국,조식
2023-04-10,베이컨조랭이떡볶음,조식
2023-04-10,새송이버섯야채볶음,조식
2023-04-10,가공우유,조식
2023-04-10,깍두기,조식
2023-04-11,밥,조식
2023-04-11,감자계란국,조식
2023-04-11,돼지고기콩나물볶음,조식
2023-04-11,맛김,조식
2023-04-11,메추리알장조림,조식
2023-04-11,배추김치,조식
2023-04-11,우유,조식
2023-04-12,잡곡밥,조식
2023-04-12,사골우거지국,조식
2023-04-12,사각어묵야채볶음,조식
2023-04-12,돼지고기김치볶음,조식
2023-04-12,깍두기,조식
2023-04-12,웅진자연은샤인머스켓,조식
2023-04-13,밥,조식
2023-04-13,황태채국,조식
2023-04-13,맛김,조식
2023-04-13,스팸구이,조식
2023-04-13,스크램블에그,조식
2023-04-13,깍두기,조식
2023-04-13,우유,조식
2023-04-14,밥,조식
2023-04-14,쇠고기무국,조식
2023-04-14,김자반,조식
2023-04-14,그릴소시지구이,조식
2023-04-14,돼지고기장조림,조식
2023-04-14,가공우유,조식
2023-04-14,배추김치,조식
2023-04-15,싸이버거,조식
2023-04-15,우유,조식
2023-04-16,닭죽,조식
2023-04-16,맛김,조식
2023-04-16,메추리알장조림,조식
2023-03-20,쇠고기무국,조식
2023-03-20,베이컨조랭이떡볶음,조식
2023-03-20,메추리알장조림,조식
2023-03-20,배추김치,조식
2023-03-20,우유,조식
2023-03-20,사과,조식
2023-03-21,밥,조식
2023-03-21,쇠고기미역국,조식
2023-03-21,햄슬라이스야채볶음,조식
2023-03-21,스크램블에그,조식
2023-03-21,배추김치,조식
2023-03-21,우유,조식
2023-03-21,웅진자연은샤인머스켓,조식
2023-03-22,밥,조식
2023-03-22,감자수제비,조식
2023-03-22,새송이버섯야채볶음,조식
2023-03-22,쥐어채무침,조식
2023-03-22,배추김치,조식
2023-03-22,우유,조식
2023-03-22,에너지바,조식
2023-03-23,밥,조식
2023-03-23,사골곰탕,조식
2023-03-23,맛김,조식
2023-03-23,스팸구이,조식
2023-03-23,계란장조림,조식
2023-03-23,가공우유,조식
2023-03-23,깍두기,조식
2023-03-24,쇠고기무국,조식
2023-03-24,두부김치,조식
2023-03-24,비엔나소시지케찹볶음,조식
2023-03-24,맛김,조식
2023-03-24,깍두기,조식
2023-03-24,초코과자,조식
2023-03-24,우유,조식
2023-03-25,모닝빵&딸기잼,조식
2023-03-25,닭장각구이,조식
2023-03-25,양송이스프,조식
2023-03-25,커피음료,조식
2023-03-25,우유,조식
2023-03-26,밥,조식
2023-03-26,사골떡만둣국,조식
2023-03-26,사각어묵야채볶음,조식
2023-03-26,오징어젓무침,조식
2023-03-26,배추김치,조식
2023-03-26,우유,조식
2023-03-27,검은콩밥,조식
2023-03-27,쇠고기당면국,조식
2023-03-27,참치김치볶음,조식
2023-03-27,베이컨야채볶음,조식
2023-03-27,맛김,조식
2023-03-27,깍두기,조식
2023-03-27,우유,조식
2023-03-28,밥,조식
2023-03-28,뼈없는감자탕,조식
2023-03-28,느타리버섯볶음,조식
2023-03-28,계란말이,조식
2023-03-28,가공우유,조식
2023-03-28,배추김치,조식
2023-03-29,밥,조식
2023-03-29,감자수제비,조식
2023-03-29,돼지고기콩나물볶음,조식
2023-03-29,맛김,조식
2023-03-29,계란장조림,조식
2023-03-29,배추김치,조식
2023-03-29,우유,조식
2023-03-30,불고기버거,조식
2023-03-30,우유,조식
2023-03-30,대추방울토마토,조식
2023-03-31,밥,조식
2023-03-31,쇠고기무국,조식
2023-03-31,돼지고기김치볶음,조식
2023-03-31,계란찜,조식
2023-03-31,깍두기,조식
2023-03-31,요구르트 아이스크림 떠먹는형,조식
2023-03-31,우유,조식
2023-04-01,새우버거,조식
2023-04-01,우유,조식
2023-04-02,밥,조식
2023-04-02,황태채국,조식
2023-04-02,돼지고기장조림,조식
2023-04-02,스크램블에그,조식
2023-04-02,가공우유,조식
2023-04-02,배추김치,조식
2023-03-06,베이컨조랭이떡볶음,조식
2023-03-06,새송이버섯야채볶음,조식
2023-03-06,깍두기,조식
2023-03-06,우유,조식
2023-03-07,밥,조식
2023-03-07,유부어묵국,조식
2023-03-07,돼지고기콩나물볶음,조식
2023-03-07,맛김,조식
2023-03-07,메추리알장조림,조식
2023-03-07,배추김치,조식
2023-03-07,사과,조식
2023-03-07,우유,조식
2023-03-08,잡곡밥,조식
2023-03-08,감자옹심이국,조식
2023-03-08,마파두부,조식
2023-03-08,돼지고기장조림,조식
2023-03-08,깍두기,조식
2023-03-08,달콤한베지밀비 190ml,조식
2023-03-08,유산균 발효 음료,조식
2023-03-09,밥,조식
2023-03-09,김치찌개,조식
2023-03-09,사각어묵야채볶음,조식
2023-03-09,스팸구이,조식
2023-03-09,맛김,조식
2023-03-09,가공우유,조식
2023-03-09,깍두기,조식
2023-03-10,밥,조식
2023-03-10,감자계란국,조식
2023-03-10,돼지고기김치볶음,조식
2023-03-10,김자반,조식
2023-03-10,연두부양념장,조식
2023-03-10,깍두기,조식
2023-03-10,우유,조식
2023-03-10,배,조식
2023-03-11,햄치즈에그샌드위치,조식
2023-03-11,옥수수스프,조식
2023-03-11,코코팜망고코넛,조식
2023-03-11,우유,조식
2023-03-12,닭죽,조식
2023-03-12,맛김,조식
2023-03-12,메추리알장조림,조식
2023-03-12,오징어젓무침,조식
2023-03-12,배추김치,조식
2023-03-12,탄산음료,조식
2023-03-12,우유,조식
2023-03-13,밥,조식
2023-03-13,설렁탕,조식
2023-03-13,너비아니,조식
2023-03-13,계란말이,조식
2023-03-13,가공우유,조식
2023-03-13,깍두기,조식
2023-03-14,밥,조식
2023-03-14,감자계란국,조식
2023-03-14,느타리버섯볶음,조식
2023-03-14,햄슬라이스야채볶음,조식
2023-03-14,배추김치,조식
2023-03-14,우유,조식
2023-03-15,밥,조식
2023-03-15,조갯살미역국,조식
2023-03-15,돼지고기김치볶음,조식
2023-03-15,쥐어채무침,조식
2023-03-15,깍두기,조식
2023-03-15,우유,조식
2023-03-15,사과,조식
2023-03-16,밥,조식
2023-03-16,김치찌개,조식
2023-03-16,쇠고기팽이버섯떡볶음,조식
2023-03-16,베이컨야채볶음,조식
2023-03-16,배추김치,조식
2023-03-16,대추방울토마토,조식
2023-03-16,우유,조식
2023-03-17,간장계란밥,조식
2023-03-17,쇠고기당면국,조식
2023-03-17,돼지고기청경채볶음,조식
2023-03-17,김자반,조식
2023-03-17,배추김치,조식
2023-03-17,우유,조식
2023-03-17,딸기,조식
2023-03-18,앙버터바게트,조식
2023-03-18,불고기브리또,조식
2023-03-18,우유,조식
2023-03-19,밥,조식
2023-03-19,사골우거지국,조식
2023-03-19,계란말이,조식
2023-03-19,연두부양념장,조식
2023-03-19,배추김치,조식
2023-03-19,우유,조식
2023-03-20,밥,조식
2023-02-20,돼지고기청경채볶음,조식
2023-02-20,순두부양념장,조식
2023-02-20,가공우유,조식
2023-02-20,배추김치,조식
2023-02-21,밥,조식
2023-02-21,설렁탕,조식
2023-02-21,비엔나소시지케찹볶음,조식
2023-02-21,너비아니,조식
2023-02-21,깍두기,조식
2023-02-21,우유,조식
2023-02-21,젤리,조식
2023-02-22,밥,조식
2023-02-22,쇠고기미역국,조식
2023-02-22,제육볶음,조식
2023-02-22,쥐어채무침,조식
2023-02-22,배추김치,조식
2023-02-22,우유,조식
2023-02-23,닭죽,조식
2023-02-23,맛김,조식
2023-02-23,스팸구이,조식
2023-02-23,메추리알장조림,조식
2023-02-23,깍두기,조식
2023-02-23,우유,조식
2023-02-23,딸기,조식
2023-02-24,밥,조식
2023-02-24,사골떡만둣국,조식
2023-02-24,사각어묵야채볶음,조식
2023-02-24,꽃맛살샐러드,조식
2023-02-24,배추김치,조식
2023-02-24,사과,조식
2023-02-24,우유,조식
2023-02-25,앙버터바게트,조식
2023-02-25,고구마치즈스틱,조식
2023-02-25,우유,조식
2023-02-26,밥,조식
2023-02-26,사골우거지국,조식
2023-02-26,계란말이,조식
2023-02-26,연두부양념장,조식
2023-02-26,배추김치,조식
2023-02-26,우유,조식
2023-02-27,밥,조식
2023-02-27,쇠고기무국,조식
2023-02-27,베이컨조랭이떡볶음,조식
2023-02-27,사각어묵야채볶음,조식
2023-02-27,배추김치,조식
2023-02-27,우유,조식
2023-02-28,밥,조식
2023-02-28,쇠고기미역국,조식
2023-02-28,햄슬라이스야채볶음,조식
2023-02-28,스크램블에그,조식
2023-02-28,배추김치,조식
2023-02-28,우유,조식
2023-02-28,복숭아봉봉,조식
2023-03-01,밥,조식
2023-03-01,쇠고기무국,조식
2023-03-01,돼지고기김치볶음,조식
2023-03-01,맛김,조식
2023-03-01,계란찜,조식
2023-03-01,깍두기,조식
2023-03-01,우유,조식
2023-03-02,밥,조식
2023-03-02,들깨미역국,조식
2023-03-02,돼지고기콩나물볶음,조식
2023-03-02,사각어묵야채볶음,조식
2023-03-02,김자반,조식
2023-03-02,배추김치,조식
2023-03-02,요구르트 아이스크림 떠먹는형,조식
2023-03-02,우유,조식
2023-03-03,밥,조식
2023-03-03,사골곰탕,조식
2023-03-03,동그랑땡,조식
2023-03-03,스크램블에그,조식
2023-03-03,배추김치,조식
2023-03-03,우유,조식
2023-03-03,에너지바,조식
2023-03-04,싸이버거,조식
2023-03-04,우유,조식
2023-03-05,밥,조식
2023-03-05,돼지국밥,조식
2023-03-05,간장깻잎지,조식
2023-03-05,순두부양념장,조식
2023-03-05,부추겉절이,조식
2023-03-05,배추김치,조식
2023-03-05,우유,조식
2023-03-06,밥,조식
2023-03-06,콩나물김치국,조식
2023-02-06,스크램블에그,조식
2023-02-06,깍두기,조식
2023-02-06,달콤한베지밀비 190ml,조식
2023-02-07,밥,조식
2023-02-07,감자계란국,조식
2023-02-07,쇠고기팽이버섯떡볶음,조식
2023-02-07,미나리콩나물무침,조식
2023-02-07,배추김치,조식
2023-02-07,우유,조식
2023-02-07,딸기,조식
2023-02-08,밥,조식
2023-02-08,닭곰탕,조식
2023-02-08,맛김,조식
2023-02-08,돼지고기장조림,조식
2023-02-08,계란말이,조식
2023-02-08,배추김치,조식
2023-02-08,우유,조식
2023-02-08,사과,조식
2023-02-09,간장계란밥,조식
2023-02-09,쇠고기당면국,조식
2023-02-09,돼지고기콩나물볶음,조식
2023-02-09,맛김,조식
2023-02-09,가공우유,조식
2023-02-09,배추김치,조식
2023-02-10,밥,조식
2023-02-10,순대국,조식
2023-02-10,참치김치볶음,조식
2023-02-10,부추겉절이,조식
2023-02-10,깍두기,조식
2023-02-10,우유,조식
2023-02-11,모닝빵&딸기잼,조식
2023-02-11,닭장각구이,조식
2023-02-11,양송이스프,조식
2023-02-11,일회용버터,조식
2023-02-11,우유,조식
2023-02-11,커피음료,조식
2023-02-12,밥,조식
2023-02-12,쇠고기당면국,조식
2023-02-12,돼지고기김치볶음,조식
2023-02-12,메추리알장조림,조식
2023-02-12,깍두기,조식
2023-02-12,우유,조식
2023-02-13,간장계란밥,조식
2023-02-13,건새우아욱된장국,조식
2023-02-13,비엔나소시지케찹볶음,조식
2023-02-13,돼지고기장조림,조식
2023-02-13,배추김치,조식
2023-02-13,우유,조식
2023-02-14,밥,조식
2023-02-14,쇠고기무국,조식
2023-02-14,새송이버섯야채볶음,조식
2023-02-14,맛김,조식
2023-02-14,감자조림,조식
2023-02-14,배추김치,조식
2023-02-14,우유,조식
2023-02-15,전복죽,조식
2023-02-15,베이컨야채볶음,조식
2023-02-15,계란말이,조식
2023-02-15,오징어젓무침,조식
2023-02-15,배추김치,조식
2023-02-15,우유,조식
2023-02-16,간장불고기덮밥,조식
2023-02-16,조갯살미역국,조식
2023-02-16,스크램블에그,조식
2023-02-16,무말랭이무침,조식
2023-02-16,가공우유,조식
2023-02-16,깍두기,조식
2023-02-17,밥,조식
2023-02-17,배추된장국,조식
2023-02-17,돼지고기콩나물볶음,조식
2023-02-17,메추리알장조림,조식
2023-02-17,배추김치,조식
2023-02-17,사과,조식
2023-02-17,우유,조식
2023-02-18,햄치즈에그샌드위치,조식
2023-02-18,우유,조식
2023-02-19,밥,조식
2023-02-19,돼지국밥,조식
2023-02-19,스크램블에그,조식
2023-02-19,부추겉절이,조식
2023-02-19,배추김치,조식
2023-02-19,우유,조식
2023-02-19,탄산음료,조식
2023-02-20,감자수제비,조식
2023-02-20,밥,조식
2023-01-24,느타리버섯볶음,조식
2023-01-24,계란말이,조식
2023-01-24,가공우유,조식
2023-01-24,깍두기,조식
2023-01-25,밥,조식
2023-01-25,감자수제비,조식
2023-01-25,돼지고기콩나물볶음,조식
2023-01-25,맛김,조식
2023-01-25,쥐어채무침,조식
2023-01-25,배추김치,조식
2023-01-25,우유,조식
2023-01-26,불고기버거,조식
2023-01-26,자연은 제주감귤 180ml,조식
2023-01-26,우유,조식
2023-01-27,밥,조식
2023-01-27,쇠고기무국,조식
2023-01-27,돼지고기김치볶음,조식
2023-01-27,계란찜,조식
2023-01-27,깍두기,조식
2023-01-27,우유,조식
2023-01-28,싸이버거,조식
2023-01-28,웨지감자,조식
2023-01-28,음료수 탄산 콜라,조식
2023-01-28,바나나,조식
2023-01-28,우유,조식
2023-01-29,간장불고기덮밥,조식
2023-01-29,팽이버섯두부국,조식
2023-01-29,너비아니,조식
2023-01-29,무말랭이무침,조식
2023-01-29,배추김치,조식
2023-01-29,사과,조식
2023-01-30,밥,조식
2023-01-30,배추된장국,조식
2023-01-30,돼지고기김치볶음,조식
2023-01-30,맛김,조식
2023-01-30,메추리알장조림,조식
2023-01-30,배추김치,조식
2023-01-30,우유,조식
2023-01-30,배,조식
2023-01-31,쇠고기미역국,조식
2023-01-31,베이컨야채볶음,조식
2023-01-31,돼지고기장조림,조식
2023-01-31,순두부양념장,조식
2023-01-31,배추김치,조식
2023-01-31,우유,조식
2023-01-31,딸기,조식
2023-02-01,밥,조식
2023-02-01,꼬리곰탕,조식
2023-02-01,마파두부,조식
2023-02-01,계란찜,조식
2023-02-01,깍두기,조식
2023-02-01,우유,조식
2023-02-02,불고기버거,조식
2023-02-02,해쉬브라운,조식
2023-02-02,우유,조식
2023-02-02,사과,조식
2023-02-03,간장계란밥,조식
2023-02-03,쇠고기무국,조식
2023-02-03,햄슬라이스야채볶음,조식
2023-02-03,맛김,조식
2023-02-03,배추김치,조식
2023-02-03,요구르트 아이스크림 떠먹는형,조식
2023-02-04,밥,조식
2023-02-04,콩나물국,조식
2023-02-04,비엔나소시지케찹볶음,조식
2023-02-04,계란장조림,조식
2023-02-04,가공우유,조식
2023-02-04,배추김치,조식
2023-02-05,밥,조식
2023-02-05,사골떡만둣국,조식
2023-02-05,새송이버섯야채볶음,조식
2023-02-05,맛김,조식
2023-02-05,오징어젓무침,조식
2023-02-05,배추김치,조식
2023-02-05,우유,조식
2023-02-06,밥,조식
2023-02-06,쇠고기미역국,조식
2023-02-06,돼지고기김치볶음,조식
2023-01-11,잡곡밥,조식
2023-01-11,삼색감자옹심이국,조식
2023-01-11,돼지고기김치볶음,조식
2023-01-11,스크램블에그,조식
2023-01-11,깍두기,조식
2023-01-11,요구르트 아이스크림 떠먹는형,조식
2023-01-11,두유,조식
2023-01-12,밥,조식
2023-01-12,김치찌개,조식
2023-01-12,사각어묵야채볶음,조식
2023-01-12,스팸구이,조식
2023-01-12,맛김,조식
2023-01-12,가공우유,조식
2023-01-12,깍두기,조식
2023-01-13,밥,조식
2023-01-13,쇠고기무국,조식
2023-01-13,김자반,조식
2023-01-13,돼지고기장조림,조식
2023-01-13,연두부양념장,조식
2023-01-13,배추김치,조식
2023-01-13,우유,조식
2023-01-14,어니언베이글,조식
2023-01-14,옥수수스프,조식
2023-01-14,블루베리잼,조식
2023-01-14,크림치즈,조식
2023-01-14,우유,조식
2023-01-14,커피음료,조식
2023-01-15,닭죽,조식
2023-01-15,맛김,조식
2023-01-15,메추리알장조림,조식
2023-01-15,오징어젓무침,조식
2023-01-15,배추김치,조식
2023-01-15,탄산음료,조식
2023-01-15,우유,조식
2023-01-16,밥,조식
2023-01-16,설렁탕,조식
2023-01-16,언양식바싹불고기,조식
2023-01-16,계란말이,조식
2023-01-16,가공우유,조식
2023-01-16,깍두기,조식
2023-01-17,밥,조식
2023-01-17,유부어묵국,조식
2023-01-17,햄슬라이스야채볶음,조식
2023-01-17,느타리버섯볶음,조식
2023-01-17,배추김치,조식
2023-01-17,우유,조식
2023-01-18,밥,조식
2023-01-18,조갯살미역국,조식
2023-01-18,돼지고기김치볶음,조식
2023-01-18,쥐어채무침,조식
2023-01-18,깍두기,조식
2023-01-18,사과,조식
2023-01-19,밥,조식
2023-01-19,김치찌개,조식
2023-01-19,쇠고기팽이버섯떡볶음,조식
2023-01-19,베이컨야채볶음,조식
2023-01-19,배추김치,조식
2023-01-19,우유,조식
2023-01-20,간장계란밥,조식
2023-01-20,쇠고기무국,조식
2023-01-20,참치김치볶음,조식
2023-01-20,김자반,조식
2023-01-20,배추김치,조식
2023-01-20,우유,조식
2023-01-21,햄치즈에그샌드위치,조식
2023-01-21,우유,조식
2023-01-21,자연은 제주감귤 180ml,조식
2023-01-22,밥,조식
2023-01-22,사골떡만둣국,조식
2023-01-22,사각어묵야채볶음,조식
2023-01-22,메추리알장조림,조식
2023-01-22,오징어젓무침,조식
2023-01-22,배추김치,조식
2023-01-22,우유,조식
2023-01-23,검은콩밥,조식
2023-01-23,쇠고기당면국,조식
2023-01-23,베이컨야채볶음,조식
2023-01-23,두부김치,조식
2023-01-23,맛김,조식
2023-01-23,배추김치,조식
2023-01-23,우유,조식
2023-01-24,밥,조식
2023-01-24,뼈없는감자탕,조식
2025-01-17(금),밥,조식
2025-01-18(토),스크램블에그,조식
2025-01-19(일),밥,조식
2025-01-20(월),밥,조식
2025-01-21(화),벌집감자구이,조식
2025-01-22(수),밥,조식
2025-01-23(목),바베큐볶음밥,조식
2023-01-03,비엔나소시지케찹볶음,조식
2023-01-03,맛김,조식
2023-01-03,연두부양념장,조식
2023-01-03,가공우유,조식
2023-01-03,배추김치,조식
2023-01-04,밥,조식
2023-01-04,쇠고기무국,조식
2023-01-04,돼지고기김치볶음,조식
2023-01-04,맛김,조식
2023-01-04,계란찜,조식
2023-01-04,깍두기,조식
2023-01-04,우유,조식
2023-01-05,밥,조식
2023-01-05,쇠고기미역국,조식
2023-01-05,사각어묵야채볶음,조식
2023-01-05,돼지고기콩나물볶음,조식
2023-01-05,김자반,조식
2023-01-05,배추김치,조식
2023-01-05,우유,조식
2023-01-05,요구르트 아이스크림 떠먹는형,조식
2023-01-06,밥,조식
2023-01-06,꼬리곰탕,조식
2023-01-06,동그랑땡,조식
2023-01-06,스크램블에그,조식
2023-01-06,배추김치,조식
2023-01-06,우유,조식
2023-01-07,햄치즈버거,조식
2023-01-07,자연은 제주감귤 180ml,조식
2023-01-07,우유,조식
2023-01-08,밥,조식
2023-01-08,돼지국밥,조식
2023-01-08,간장깻잎지,조식
2023-01-08,쥐어채무침,조식
2023-01-08,순두부양념장,조식
2023-01-08,배추김치,조식
2023-01-08,우유,조식
2023-01-09,밥,조식
2023-01-09,콩나물김치국,조식
2023-01-09,새송이버섯야채볶음,조식
2023-01-09,베이컨조랭이떡볶음,조식
2023-01-09,깍두기,조식
2023-01-09,우유,조식
2023-01-10,밥,조식
2023-01-10,감자계란국,조식
2023-01-10,돼지고기콩나물볶음,조식
2023-01-10,맛김,조식
2023-01-10,메추리알장조림,조식
2023-01-10,배추김치,조식
2023-01-10,사과,조식
2023-01-10,우유,조식
2024-11-30(토),대만샌드위치,조식
2025-01-01(수),밥,조식
2025-01-02(목),타코샌드위치,조식
2025-01-03(금),밥,조식
2025-01-04(토),뉴욕핫도그,조식
2025-01-05(일),밥,조식
2025-01-06(월),밥,조식
2025-01-07(화),밥,조식
2025-01-08(수),밥,조식
2025-01-09(목),밥,조식
2025-01-10(금),밥,조식
2025-01-11(토),시저샐러드,조식
2025-01-12(일),밥,조식
2025-01-13(월),감자수제비,조식
2025-01-14(화),밥,조식
2025-01-15(수),사골우거지국,조식
2025-01-16(목),스테이크버거,조식
2024-11-12(화),햄치즈에그샌드위치,조식
2024-11-13(수),밥,조식
2024-11-14(목),버터간장계란밥,조식
2024-11-15(금),밥,조식
2024-11-16(토),포테이토크림스프,조식
2024-11-17(일),대만샌드위치,조식
2024-11-18(월),밥,조식
2024-11-19(화),싸이버거,조식
2024-11-20(수),밥,조식
2024-11-21(목),밥,조식
2024-11-22(금),불고기볶음밥,조식
2024-11-23(토),머쉬룸크림스프,조식
2024-11-24(일),밥,조식
2024-11-25(월),밥,조식
2024-11-26(화),밥,조식
2024-11-27(수),밥,조식
2024-11-28(목),햄치즈에그샌드위치,조식
2024-11-29(금),밥,조식
2024-10-26(토),블루베리베이글&크림치즈,조식
2024-10-27(일),밥,조식
2024-10-28(월),밥,조식
2024-10-29(화),밥,조식
2024-10-30(수),밥,조식
2024-10-31(목),밥,조식
2024-11-01(금),밥,조식
2024-11-02(토),밥,조식
2024-11-03(일),밥,조식
2024-11-04(월),밥,조식
2024-11-05(화),밥,조식
2024-11-06(수),밥,조식
2024-11-07(목),싸이버거,조식
2024-11-08(금),밥,조식
2024-11-09(토),햄&치즈크로와상,조식
2024-11-10(일),전복죽,조식
2024-11-11(월),밥,조식
2024-10-09(수),밥,조식
2024-10-10(목),밥,조식
2024-10-11(금),밥,조식
2024-10-12(토),스테이크버거,조식
2024-10-13(일),밥,조식
2024-10-14(월),밥,조식
2024-10-15(화),싸이버거,조식
2024-10-16(수),밥,조식
2024-10-17(목),버터간장계란밥,조식
2024-10-18(금),밥,조식
2024-10-19(토),훈제연어샌드위치,조식
2024-10-20(일),닭죽,조식
2024-10-21(월),밥,조식
2024-10-22(화),밥,조식
2024-10-23(수),햄주먹밥,조식
2024-10-24(목),밥,조식
2024-10-25(금),밥,조식
2024-09-22(일),옛날도시락비빔밥,조식
2024-09-23(월),밥,조식
2024-09-24(화),밥,조식
2024-09-25(수),밥,조식
2024-09-26(목),햄치즈에그샌드위치,조식
2024-09-27(금),셀프참치주먹밥,조식
2024-09-28(토),크로와상,조식
2024-09-29(일),밥,조식
2024-09-30(월),밥,조식
2024-10-01(화),밥,조식
2024-10-02(수),밥,조식
2024-10-03(목),햄치즈에그샌드위치,조식
2024-10-04(금),밥,조식
2024-10-05(토),벌집감자구이,조식
2024-10-06(일),밥,조식
2024-10-07(월),밥,조식
2024-10-08(화),밥,조식
2024-09-05(목),밥,조식
2024-09-06(금),밥,조식
2024-09-07(토),대만샌드위치,조식
2024-09-08(일),밥,조식
2024-09-09(월),밥,조식
2024-09-10(화),밥,조식
2024-09-11(수),밥,조식
2024-09-12(목),깍두기김치볶음밥,조식
2024-09-13(금),병천순대국밥,조식
2024-09-14(토),훈제연어샌드위치,조식
2024-09-15(일),햄주먹밥,조식
2024-09-16(월),밥,조식
2024-09-17(화),밥,조식
2024-09-18(수),밥,조식
2024-09-19(목),버터간장계란밥,조식
2024-09-20(금),밥,조식
2024-09-21(토),싸이버거,조식
2024-08-20(화),싸이버거,조식
2024-08-21(수),밥,조식
2024-08-22(목),밥,조식
2024-08-23(금),깍두기김치볶음밥,조식
2024-08-24(토),피자떡볶이,조식
2024-08-25(일),밥,조식
2024-08-26(월),밥,조식
2024-08-27(화),밥,조식
2024-08-28(수),밥,조식
2024-08-29(목),햄치즈에그샌드위치,조식
2024-08-30(금),밥,조식
2024-08-31(토),잠봉뵈르샌드위치,조식
2024-09-01(일),밥,조식
2024-09-02(월),밥,조식
2024-09-03(화),싸이버거,조식
2024-09-04(수),밥,조식
2024-08-03(토),밥,조식
2024-08-04(일),밥,조식
2024-08-05(월),쇠고기미역국,조식
2024-08-06(화),밥,조식
2024-08-07(수),밥,조식
2024-08-08(목),싸이버거,조식
2024-08-09(금),밥,조식
2024-08-10(토),스테이크버거,조식
2024-08-11(일),밥,조식
2024-08-12(월),밥,조식
2024-08-13(화),햄치즈에그샌드위치,조식
2024-08-14(수),밥,조식
2024-08-15(목),버터간장계란밥,조식
2024-08-16(금),밥,조식
2024-08-17(토),대만샌드위치,조식
2024-08-18(일),밥,조식
2024-08-19(월),밥,조식
2024-07-17(수),밥,조식
2024-07-18(목),버터간장계란밥,조식
2024-07-19(금),밥,조식
2024-07-20(토),대만샌드위치,조식
2024-07-21(일),전복죽,조식
2024-07-22(월),밥,조식
2024-07-23(화),햄치즈에그샌드위치,조식
2024-07-24(수),밥,조식
2024-07-25(목),밥,조식
2024-07-26(금),장조림버터비빔밥,조식
2024-07-27(토),피자떡볶이,조식
2024-07-28(일),밥,조식
2024-07-29(월),밥,조식
2024-07-30(화),밥,조식
2024-07-31(수),장조림버터비빔밥,조식
2024-08-01(목),밥,조식
2024-08-02(금),밥,조식
2024-05-12,에그타르트,조식
2024-05-12,석박지,조식
2024-05-12,우유,조식
2024-07-01(월),밥,조식
2024-07-02(화),밥,조식
2024-07-03(수),밥,조식
2024-07-04(목),밥,조식
2024-07-05(금),밥,조식
2024-07-06(토),마늘바게트,조식
2024-07-07(일),밥,조식
2024-07-08(월),잡곡밥,조식
2024-07-09(화),싸이버거,조식
2024-07-10(수),밥,조식
2024-07-11(목),밥,조식
2024-07-12(금),밥,조식
2024-07-13(토),잠봉뵈르샌드위치,조식
2024-07-14(일),밥,조식
2024-07-15(월),밥,조식
2024-07-16(화),콩나물국,조식
2024-03-30,밥,조식
2024-03-30,쇠고기감자국,조식
2024-03-30,감자조림,조식
2024-03-30,에그랑땡,조식
2024-03-30,가공우유,조식
2024-03-30,배추김치,조식
2024-03-31,유부어묵국,조식
2024-03-31,쇠고기팽이버섯떡볶음,조식
2024-03-31,두부김치,조식
2024-03-31,맛김,조식
2024-03-31,총각김치,조식
2024-05-01,밥,조식
2024-05-01,닭고기육개장,조식
2024-05-01,스팸구이,조식
2024-05-01,해물동그랑땡,조식
2024-05-01,배추김치,조식
2024-05-01,우유,조식
2024-05-02,싸이버거,조식
2024-05-02,치즈볼,조식
2024-05-02,우유,조식
2024-05-03,감자수제비,조식
2024-05-03,밥,조식
2024-05-03,쇠고기팽이버섯볶음,조식
2024-05-03,마파두부,조식
2024-05-03,가공우유,조식
2024-05-03,배추김치,조식
2024-05-04,훈제연어샌드위치,조식
2024-05-04,우유,조식
2024-05-04,바나나,조식
2024-05-05,밥,조식
2024-05-05,돼지국밥,조식
2024-05-05,계란장조림,조식
2024-05-05,부추겉절이,조식
2024-05-05,가공우유,조식
2024-05-05,석박지,조식
2024-05-06,밥,조식
2024-05-06,쇠고기미역국,조식
2024-05-06,두부김치,조식
2024-05-06,동그랑땡,조식
2024-05-06,조각케익,조식
2024-05-06,열무김치,조식
2024-05-06,우유,조식
2024-05-07,밥,조식
2024-05-07,쇠고기당면국,조식
2024-05-07,돼지고기콩나물볶음,조식
2024-05-07,잡채어묵조림,조식
2024-05-07,배추김치,조식
2024-05-07,우유,조식
2024-05-08,밥,조식
2024-05-08,닭고기육개장,조식
2024-05-08,메추리알장조림,조식
2024-05-08,두부조림,조식
2024-05-08,배추김치,조식
2024-05-08,우유,조식
2024-05-09,밥,조식
2024-05-09,쇠고기무국,조식
2024-05-09,애호박나물,조식
2024-05-09,돼지고기김치볶음,조식
2024-05-09,깍두기,조식
2024-05-09,우유,조식
2024-05-10,밥,조식
2024-05-10,쑥갓어묵국,조식
2024-05-10,김자반,조식
2024-05-10,스팸구이,조식
2024-05-10,스크램블에그,조식
2024-05-10,배추김치,조식
2024-05-10,우유,조식
2024-05-11,감자튀김,조식
2024-05-11,크로와상,조식
2024-05-11,바나나,조식
2024-05-11,우유,조식
2024-05-12,누룽지탕,조식
2024-05-12,고기산적,조식
2024-05-12,잡채어묵조림,조식
2024-03-16,랍스터볶음밥,조식
2024-03-16,바나나,조식
2024-03-16,우유,조식
2024-03-17,밥,조식
2024-03-17,순대국,조식
2024-03-17,햄슬라이스야채볶음,조식
2024-03-17,부추겉절이,조식
2024-03-17,배추김치,조식
2024-03-17,우유,조식
2024-03-18,밥,조식
2024-03-18,쇠고기무국,조식
2024-03-18,참치김치볶음,조식
2024-03-18,에그랑땡,조식
2024-03-18,순두부양념장,조식
2024-03-18,깍두기,조식
2024-03-18,우유,조식
2024-03-19,와플&메이플시럽,조식
2024-03-19,샐러드모닝빵,조식
2024-03-19,우유,조식
2024-03-20,밥,조식
2024-03-20,사골곰탕,조식
2024-03-20,잡채어묵조림,조식
2024-03-20,오징어젓무침,조식
2024-03-20,가공우유,조식
2024-03-20,깍두기,조식
2024-03-21,깍두기김치볶음밥,조식
2024-03-21,쇠고기미역국,조식
2024-03-21,계란후라이,조식
2024-03-21,콩나물매운무침,조식
2024-03-21,배추김치,조식
2024-03-21,바나나,조식
2024-03-22,밥,조식
2024-03-22,유부어묵국,조식
2024-03-22,애호박나물,조식
2024-03-22,돼지고기장조림,조식
2024-03-22,배추김치,조식
2024-03-22,우유,조식
2024-03-23,치아바타샌드위치,조식
2024-03-23,스크램블에그,조식
2024-03-23,가공우유,조식
2024-03-23,우유,조식
2024-03-24,닭죽,조식
2024-03-24,맛김,조식
2024-03-24,크래미숙주무침,조식
2024-03-24,오징어젓무침,조식
2024-03-24,배추김치,조식
2024-03-24,우유,조식
2024-03-25,밥,조식
2024-03-25,조갯살미역국,조식
2024-03-25,비엔나소시지케찹볶음,조식
2024-03-25,마파두부,조식
2024-03-25,가공우유,조식
2024-03-25,배추김치,조식
2024-03-26,크로크무슈,조식
2024-03-26,우유,조식
2024-03-27,장조림버터비빔밥,조식
2024-03-27,파송송계란국,조식
2024-03-27,크래미야채볶음,조식
2024-03-27,맛김,조식
2024-03-27,배추김치,조식
2024-03-28,햄치즈에그샌드위치,조식
2024-03-28,우유,조식
2024-03-29,밥,조식
2024-03-29,사골떡만둣국,조식
2024-03-29,맛김,조식
2024-03-29,잡채어묵조림,조식
2024-03-29,낙지젓,조식
2024-03-29,배추김치,조식
2024-03-29,우유,조식
2024-03-02,커피음료,조식
2024-03-02,우유,조식
2024-03-03,밥,조식
2024-03-03,돼지국밥,조식
2024-03-03,계란장조림,조식
2024-03-03,부추겉절이,조식
2024-03-03,석박지,조식
2024-03-03,매일두유 초콜릿 190ml,조식
2024-03-04,밥,조식
2024-03-04,쇠고기미역국,조식
2024-03-04,두부김치,조식
2024-03-04,동그랑땡,조식
2024-03-04,가공우유,조식
2024-03-04,총각김치,조식
2024-03-05,밥,조식
2024-03-05,쇠고기당면국,조식
2024-03-05,돼지고기콩나물볶음,조식
2024-03-05,감자조림,조식
2024-03-05,배추김치,조식
2024-03-05,요구르트,조식
2024-03-06,밥,조식
2024-03-06,닭고기육개장,조식
2024-03-06,계란장조림,조식
2024-03-06,두부매운조림,조식
2024-03-06,배추김치,조식
2024-03-06,우유,조식
2024-03-07,밥,조식
2024-03-07,새우순두부계란탕,조식
2024-03-07,돼지고기김치볶음,조식
2024-03-07,애호박나물,조식
2024-03-07,깍두기,조식
2024-03-08,바나나,조식
2024-03-08,밥,조식
2024-03-08,들깨미역국,조식
2024-03-08,스팸구이,조식
2024-03-08,김자반,조식
2024-03-08,스크램블에그,조식
2024-03-08,배추김치,조식
2024-03-09,감자튀김,조식
2024-03-09,양송이스프,조식
2024-03-09,가공우유,조식
2024-03-09,소금빵,조식
2024-03-09,우유,조식
2024-03-10,밥,조식
2024-03-10,나주곰탕,조식
2024-03-10,고기산적,조식
2024-03-10,푸실리샐러드,조식
2024-03-10,석박지,조식
2024-03-11,우유,조식
2024-03-11,밥,조식
2024-03-11,사골우거지국,조식
2024-03-11,비엔나소시지케찹볶음,조식
2024-03-11,연두부양념장,조식
2024-03-11,배추김치,조식
2024-03-12,우유,조식
2024-03-12,밥,조식
2024-03-12,쇠고기미역국,조식
2024-03-12,돼지고기김치볶음,조식
2024-03-12,감자조림,조식
2024-03-12,배추김치,조식
2024-03-13,떠먹는 토핑형 발효유,조식
2024-03-13,간장계란밥,조식
2024-03-13,콩나물김치국,조식
2024-03-13,새송이버섯야채볶음,조식
2024-03-13,맛김,조식
2024-03-13,총각김치,조식
2024-03-14,우유,조식
2024-03-14,싸이버거,조식
2024-03-14,우유,조식
2024-03-15,밥,조식
2024-03-15,계란조랭이떡국,조식
2024-03-15,에그랑땡,조식
2024-03-15,명란젓,조식
2024-03-15,배추김치,조식
2024-03-15,우유,조식
2024-03-16,잉글리쉬머핀,조식
2024-02-17,커피음료,조식
2024-02-17,우유,조식
2024-02-18,밥,조식
2024-02-18,한우소머리국밥,조식
2024-02-18,돼지고기장조림,조식
2024-02-18,에그랑땡,조식
2024-02-18,배추김치,조식
2024-02-18,우유,조식
2024-02-19,밥,조식
2024-02-19,새우순두부계란탕,조식
2024-02-19,두부김치,조식
2024-02-19,감자조림,조식
2024-02-19,깍두기,조식
2024-02-19,우유,조식
2024-02-20,햄치즈에그샌드위치,조식
2024-02-20,바나나,조식
2024-02-20,우유,조식
2024-02-21,밥,조식
2024-02-21,사골곰탕,조식
2024-02-21,햄슬라이스야채볶음,조식
2024-02-21,명란젓,조식
2024-02-21,깍두기,조식
2024-02-21,마카롱,조식
2024-02-22,깍두기김치볶음밥,조식
2024-02-22,쇠고기무국,조식
2024-02-22,계란후라이,조식
2024-02-22,해물동그랑땡,조식
2024-02-22,배추김치,조식
2024-02-22,우유,조식
2024-02-23,밥,조식
2024-02-23,닭고기육개장,조식
2024-02-23,대패삼겹살볶음,조식
2024-02-23,고기산적,조식
2024-02-23,배추김치,조식
2024-02-23,우유,조식
2024-02-24,할라피뇨소시지구이,조식
2024-02-24,스크램블에그,조식
2024-02-24,베이글,조식
2024-02-24,가공우유,조식
2024-02-24,우유,조식
2024-02-25,닭죽,조식
2024-02-25,맛김,조식
2024-02-25,계란장조림,조식
2024-02-25,오징어젓무침,조식
2024-02-25,배추김치,조식
2024-02-25,우유,조식
2024-02-26,밥,조식
2024-02-26,조갯살미역국,조식
2024-02-26,비엔나소시지케찹볶음,조식
2024-02-26,감자조림,조식
2024-02-26,순두부양념장,조식
2024-02-26,가공우유,조식
2024-02-26,배추김치,조식
2024-02-27,장조림버터비빔밥,조식
2024-02-27,감자수제비,조식
2024-02-27,베이컨야채볶음,조식
2024-02-27,맛김,조식
2024-02-27,총각김치,조식
2024-02-27,우유,조식
2024-02-28,밥,조식
2024-02-28,콩나물김치국,조식
2024-02-28,스팸구이,조식
2024-02-28,스크램블에그,조식
2024-02-28,총각김치,조식
2024-02-28,맛있는 두유GT 담백한맛,조식
2024-02-29,감자튀김,조식
2024-02-29,가공우유,조식
2024-02-29,크로크무슈,조식
2024-03-01,밥,조식
2024-03-01,쇠고기무국,조식
2024-03-01,차돌박이숙주볶음,조식
2024-03-01,계란찜,조식
2024-03-01,배추김치,조식
2024-03-01,우유,조식
2024-03-02,크로와상&딸기쨈,조식
2024-03-02,베이컨구이,조식
2024-03-02,스크램블에그,조식
2024-02-04,배추김치,조식
2024-02-04,우유,조식
2024-02-05,간장계란밥,조식
2024-02-05,꼬치어묵국,조식
2024-02-05,마파두부,조식
2024-02-05,김자반,조식
2024-02-05,배추김치,조식
2024-02-05,매일두유 초콜릿 190ml,조식
2024-02-06,밥,조식
2024-02-06,파송송계란국,조식
2024-02-06,돼지고기콩나물볶음,조식
2024-02-06,크래미숙주무침,조식
2024-02-06,배추김치,조식
2024-02-06,바나나,조식
2024-02-07,밥,조식
2024-02-07,설렁탕,조식
2024-02-07,돈육연탄불고기 ,조식
2024-02-07,두부매운조림,조식
2024-02-07,깍두기,조식
2024-02-07,우유,조식
2024-02-08,밥,조식
2024-02-08,유부어묵국,조식
2024-02-08,참치김치볶음,조식
2024-02-08,스크램블에그,조식
2024-02-08,배추김치,조식
2024-02-08,우유,조식
2024-02-09,밥,조식
2024-02-09,쇠고기당면국,조식
2024-02-09,차돌박이숙주볶음,조식
2024-02-09,감자조림,조식
2024-02-09,가공우유,조식
2024-02-09,배추김치,조식
2024-02-10,밥,조식
2024-02-10,사골떡만둣국,조식
2024-02-10,고기산적,조식
2024-02-10,간장깻잎지,조식
2024-02-10,가공우유,조식
2024-02-10,배추김치,조식
2024-02-11,돼지국밥,조식
2024-02-11,계란말이,조식
2024-02-11,부추겉절이,조식
2024-02-11,낙지젓,조식
2024-02-11,가공우유,조식
2024-02-11,석박지,조식
2024-02-12,밥,조식
2024-02-12,사골우거지국,조식
2024-02-12,비엔나소시지케찹볶음,조식
2024-02-12,연두부양념장,조식
2024-02-12,배추김치,조식
2024-02-12,우유,조식
2024-02-13,밥,조식
2024-02-13,쇠고기미역국,조식
2024-02-13,돼지고기김치볶음,조식
2024-02-13,사각어묵야채볶음,조식
2024-02-13,가공우유,조식
2024-02-13,깍두기,조식
2024-02-14,밥,조식
2024-02-14,쇠고기감자국,조식
2024-02-14,새송이버섯야채볶음,조식
2024-02-14,콩나물매운무침,조식
2024-02-14,배추김치,조식
2024-02-14,우유,조식
2024-02-15,잉글리쉬머핀,조식
2024-02-15,우유,조식
2024-02-16,밥,조식
2024-02-16,쇠고기육개장,조식
2024-02-16,애호박나물,조식
2024-02-16,돼지고기콩나물볶음,조식
2024-02-16,배추김치,조식
2024-02-16,우유,조식
2024-02-17,치아바타샌드위치,조식
2024-02-17,감자튀김,조식
2024-02-17,양송이스프,조식
2024-01-22,돼지고기청경채볶음,조식
2024-01-22,순두부양념장,조식
2024-01-22,배추김치,조식
2024-01-22,마카롱,조식
2024-01-23,샐러드모닝빵,조식
2024-01-23,와플,조식
2024-01-23,우유,조식
2024-01-24,밥,조식
2024-01-24,쇠고기무국,조식
2024-01-24,햄슬라이스야채볶음,조식
2024-01-24,오징어젓무침,조식
2024-01-24,깍두기,조식
2024-01-24,우유,조식
2024-01-25,랍스터볶음밥,조식
2024-01-25,조갯살미역국,조식
2024-01-25,계란후라이,조식
2024-01-25,콩나물매운무침,조식
2024-01-25,배추김치,조식
2024-01-26,밥,조식
2024-01-26,새우순두부계란탕,조식
2024-01-26,돼지고기장조림,조식
2024-01-26,동그랑땡,조식
2024-01-26,배추김치,조식
2024-01-26,우유,조식
2024-01-27,치아바타샌드위치,조식
2024-01-27,감자튀김,조식
2024-01-27,가공우유,조식
2024-01-27,야채샐러드,조식
2024-01-27,우유,조식
2024-01-28,닭죽,조식
2024-01-28,맛김,조식
2024-01-28,감자조림,조식
2024-01-28,오징어젓무침,조식
2024-01-28,가공우유,조식
2024-01-28,배추김치,조식
2024-01-29,밥,조식
2024-01-29,쇠고기미역국,조식
2024-01-29,비엔나소시지케찹볶음,조식
2024-01-29,두부매운조림,조식
2024-01-29,배추김치,조식
2024-01-29,우유,조식
2024-01-30,밥,조식
2024-01-30,쇠고기무국,조식
2024-01-30,돼지고기김치볶음,조식
2024-01-30,계란말이,조식
2024-01-30,배추김치,조식
2024-01-30,요구르트,조식
2024-01-31,장조림버터비빔밥,조식
2024-01-31,콩나물김치국,조식
2024-01-31,크래미야채볶음,조식
2024-01-31,맛김,조식
2024-01-31,총각김치,조식
2024-01-31,사과,조식
2024-02-01,밥,조식
2024-02-01,계란조랭이떡국,조식
2024-02-01,잡채어묵조림,조식
2024-02-01,낙지젓,조식
2024-02-01,가공우유,조식
2024-02-01,깍두기,조식
2024-02-02,밥,조식
2024-02-02,쇠고기무국,조식
2024-02-02,차돌박이숙주볶음,조식
2024-02-02,해물동그랑땡,조식
2024-02-02,배추김치,조식
2024-02-02,우유,조식
2024-02-03,싸이버거,조식
2024-02-03,고구마샐러드,조식
2024-02-03,커피음료,조식
2024-02-03,우유,조식
2024-02-04,밥,조식
2024-02-04,돼지국밥,조식
2024-02-04,크래미야채볶음,조식
2024-02-04,오이부추무침,조식
2024-01-08,가공우유,조식
2024-01-08,배추김치,조식
2024-01-09,밥,조식
2024-01-09,쇠고기당면국,조식
2024-01-09,돼지고기콩나물볶음,조식
2024-01-09,메추리알장조림,조식
2024-01-09,배추김치,조식
2024-01-09,맛있는 두유GT 담백한맛,조식
2024-01-10,밥,조식
2024-01-10,사골곰탕,조식
2024-01-10,두부김치,조식
2024-01-10,오징어채무침,조식
2024-01-10,총각김치,조식
2024-01-10,떠먹는 토핑형 발효유,조식
2024-01-11,밥,조식
2024-01-11,유부어묵국,조식
2024-01-11,김자반,조식
2024-01-11,스팸구이,조식
2024-01-11,스크램블에그,조식
2024-01-11,배추김치,조식
2024-01-11,우유,조식
2024-01-12,밥,조식
2024-01-12,들깨미역국,조식
2024-01-12,돼지고기김치볶음,조식
2024-01-12,감자조림,조식
2024-01-12,총각김치,조식
2024-01-12,우유,조식
2024-01-13,잉글리쉬머핀,조식
2024-01-13,감자튀김,조식
2024-01-13,양송이스프,조식
2024-01-13,가공우유,조식
2024-01-13,우유,조식
2024-01-14,밥,조식
2024-01-14,설렁탕,조식
2024-01-14,고기산적,조식
2024-01-14,두부매운조림,조식
2024-01-14,배추김치,조식
2024-01-14,우유,조식
2024-01-15,밥,조식
2024-01-15,사골우거지국,조식
2024-01-15,비엔나소시지케찹볶음,조식
2024-01-15,연두부양념장,조식
2024-01-15,배추김치,조식
2024-01-15,우유,조식
2024-01-16,싸이버거,조식
2024-01-16,감자튀김,조식
2024-01-16,우유,조식
2024-01-17,콩나물김치국,조식
2024-01-17,베이컨감자채볶음,조식
2024-01-17,사각어묵야채볶음,조식
2024-01-17,맛김,조식
2024-01-17,가공우유,조식
2024-01-17,총각김치,조식
2024-01-18,밥,조식
2024-01-18,계란조랭이떡국,조식
2024-01-18,고기산적,조식
2024-01-18,명란젓,조식
2024-01-18,배추김치,조식
2024-01-18,두유음료,조식
2024-01-19,밥,조식
2024-01-19,쇠고기미역국,조식
2024-01-19,참치김치볶음,조식
2024-01-19,감자조림,조식
2024-01-19,깍두기,조식
2024-01-19,우유,조식
2024-01-20,감자튀김,조식
2024-01-20,소금빵,조식
2024-01-20,우유,조식
2024-01-21,밥,조식
2024-01-21,순대국,조식
2024-01-21,계란장조림,조식
2024-01-21,부추겉절이,조식
2024-01-21,배추김치,조식
2024-01-21,우유,조식
2024-01-22,밥,조식
2024-01-22,닭고기육개장,조식
2023-12-26,사골떡만둣국,조식
2023-12-26,크래미야채볶음,조식
2023-12-26,맛김,조식
2023-12-26,배추김치,조식
2023-12-26,우유,조식
2023-12-27,간장계란밥,조식
2023-12-27,쑥갓어묵국,조식
2023-12-27,베이컨야채볶음,조식
2023-12-27,맛김,조식
2023-12-27,총각김치,조식
2023-12-27,맛있는 두유GT 달콤한맛,조식
2023-12-28,싸이버거,조식
2023-12-28,해쉬브라운,조식
2023-12-28,가공우유,조식
2023-12-28,우유,조식
2023-12-29,조갯살미역국,조식
2023-12-29,돼지고기김치볶음,조식
2023-12-29,쇠고기육전,조식
2023-12-29,계란말이,조식
2023-12-29,총각김치,조식
2023-12-29,우유,조식
2023-12-30,크로와상&딸기쨈,조식
2023-12-30,웨지감자,조식
2023-12-30,우유,조식
2023-12-30,커피음료,조식
2023-12-31,밥,조식
2023-12-31,닭고기육개장,조식
2023-12-31,고기산적,조식
2023-12-31,두부매운조림,조식
2023-12-31,배추김치,조식
2023-12-31,우유,조식
2024-01-01,밥,조식
2024-01-01,사골떡만둣국,조식
2024-01-01,고기산적,조식
2024-01-01,맛김,조식
2024-01-01,낙지젓,조식
2024-01-01,가공우유,조식
2024-01-01,배추김치,조식
2024-01-02,햄치즈에그샌드위치,조식
2024-01-02,감자튀김,조식
2024-01-02,우유,조식
2024-01-03,밥,조식
2024-01-03,쇠고기미역국,조식
2024-01-03,마파두부,조식
2024-01-03,해물동그랑땡,조식
2024-01-03,배추김치,조식
2024-01-03,우유,조식
2024-01-04,간장계란밥,조식
2024-01-04,유부어묵국,조식
2024-01-04,쇠고기팽이버섯떡볶음,조식
2024-01-04,맛김,조식
2024-01-04,총각김치,조식
2024-01-04,매일두유 초콜릿 190ml,조식
2024-01-05,밥,조식
2024-01-05,쇠고기무국,조식
2024-01-05,차돌박이숙주볶음,조식
2024-01-05,애호박나물,조식
2024-01-05,배추김치,조식
2024-01-05,우유,조식
2024-01-06,크로와상&딸기쨈,조식
2024-01-06,베이컨구이,조식
2024-01-06,스크램블에그,조식
2024-01-06,커피음료,조식
2024-01-06,우유,조식
2024-01-07,밥,조식
2024-01-07,돼지국밥,조식
2024-01-07,계란장조림,조식
2024-01-07,부추겉절이,조식
2024-01-07,깍두기,조식
2024-01-07,우유,조식
2024-01-08,밥,조식
2024-01-08,쇠고기미역국,조식
2024-01-08,계란찜,조식
2024-01-08,동그랑땡,조식
2023-12-13,장조림버터비빔밥,조식
2023-12-13,콩나물김치국,조식
2023-12-13,베이컨감자채볶음,조식
2023-12-13,맛김,조식
2023-12-13,총각김치,조식
2023-12-13,마카롱,조식
2023-12-14,밥,조식
2023-12-14,유부어묵국,조식
2023-12-14,스팸구이,조식
2023-12-14,스크램블에그,조식
2023-12-14,가공우유,조식
2023-12-14,배추김치,조식
2023-12-15,밥,조식
2023-12-15,새우순두부계란탕,조식
2023-12-15,돼지고기콩나물볶음,조식
2023-12-15,메추리알장조림,조식
2023-12-15,배추김치,조식
2023-12-15,달콤한베지밀비 190ml,조식
2023-12-16,탱글소시지철판볶음밥,조식
2023-12-16,가공우유,조식
2023-12-16,소금빵,조식
2023-12-16,우유,조식
2023-12-17,밥,조식
2023-12-17,순대국,조식
2023-12-17,계란장조림,조식
2023-12-17,부추겉절이,조식
2023-12-17,배추김치,조식
2023-12-17,유산균 발효 음료,조식
2023-12-18,밥,조식
2023-12-18,쇠고기무국,조식
2023-12-18,참치김치볶음,조식
2023-12-18,콩나물매운무침,조식
2023-12-18,가공우유,조식
2023-12-18,깍두기,조식
2023-12-19,햄치즈에그샌드위치,조식
2023-12-19,해쉬브라운,조식
2023-12-19,와플,조식
2023-12-19,우유,조식
2023-12-20,밥,조식
2023-12-20,사골곰탕,조식
2023-12-20,햄슬라이스야채볶음,조식
2023-12-20,오징어젓무침,조식
2023-12-20,깍두기,조식
2023-12-20,우유,조식
2023-12-21,깍두기김치볶음밥,조식
2023-12-21,감자수제비,조식
2023-12-21,계란후라이,조식
2023-12-21,순두부양념장,조식
2023-12-21,배추김치,조식
2023-12-21,사과,조식
2023-12-22,밥,조식
2023-12-22,쇠고기육개장,조식
2023-12-22,돼지고기장조림,조식
2023-12-22,동그랑땡,조식
2023-12-22,배추김치,조식
2023-12-22,우유,조식
2023-12-23,베이컨구이,조식
2023-12-23,할라피뇨소시지구이,조식
2023-12-23,스크램블에그,조식
2023-12-23,브라운브레드,조식
2023-12-23,야채샐러드,조식
2023-12-23,가공우유,조식
2023-12-23,우유,조식
2023-12-24,새우살야채죽,조식
2023-12-24,맛김,조식
2023-12-24,감자조림,조식
2023-12-24,오징어젓무침,조식
2023-12-24,배추김치,조식
2023-12-24,떠먹는 토핑형 발효유,조식
2023-12-25,밥,조식
2023-12-25,쇠고기미역국,조식
2023-12-25,비엔나소시지케찹볶음,조식
2023-12-25,계란찜,조식
2023-12-25,가공우유,조식
2023-12-25,배추김치,조식
2023-12-26,밥,조식
2023-11-29,달콤한베지밀비 190ml,조식
2023-11-30,싸이버거,조식
2023-11-30,참치마요구운주먹밥,조식
2023-11-30,우유,조식
2023-11-30,콜라,조식
2023-11-30,음료수,조식
2023-12-01,밥,조식
2023-12-01,쇠고기미역국,조식
2023-12-01,돼지고기김치볶음,조식
2023-12-01,계란찜,조식
2023-12-01,깍두기,조식
2023-12-01,우유,조식
2023-12-02,밥,조식
2023-12-02,쇠고기무국,조식
2023-12-02,비엔나소시지케찹볶음,조식
2023-12-02,감자조림,조식
2023-12-02,가공우유,조식
2023-12-02,배추김치,조식
2023-12-03,밥,조식
2023-12-03,돼지국밥,조식
2023-12-03,계란장조림,조식
2023-12-03,부추겉절이,조식
2023-12-03,배추김치,조식
2023-12-03,우유,조식
2023-12-04,밥,조식
2023-12-04,쇠고기미역국,조식
2023-12-04,마파두부,조식
2023-12-04,해물동그랑땡,조식
2023-12-04,배추김치,조식
2023-12-04,매일두유 초콜릿 190ml,조식
2023-12-05,밥,조식
2023-12-05,쇠고기당면국,조식
2023-12-05,돼지고기콩나물볶음,조식
2023-12-05,김자반,조식
2023-12-05,오징어채무침,조식
2023-12-05,배추김치,조식
2023-12-05,우유,조식
2023-12-06,밥,조식
2023-12-06,설렁탕,조식
2023-12-06,두부김치,조식
2023-12-06,언양식바싹불고기,조식
2023-12-06,총각김치,조식
2023-12-06,우유,조식
2023-12-07,밥,조식
2023-12-07,사골떡만둣국,조식
2023-12-07,맛김,조식
2023-12-07,명란젓,조식
2023-12-07,가공우유,조식
2023-12-07,배추김치,조식
2023-12-08,밥,조식
2023-12-08,들깨미역국,조식
2023-12-08,차돌박이숙주볶음,조식
2023-12-08,애호박나물,조식
2023-12-08,배추김치,조식
2023-12-08,우유,조식
2023-12-09,폴드포크버거,조식
2023-12-09,웨지감자,조식
2023-12-09,옥수수스프,조식
2023-12-09,커피음료,조식
2023-12-09,우유,조식
2023-12-10,전복죽,조식
2023-12-10,맛김,조식
2023-12-10,돼지고기장조림,조식
2023-12-10,낙지젓,조식
2023-12-10,배추김치,조식
2023-12-10,우유,조식
2023-12-11,밥,조식
2023-12-11,사골우거지국,조식
2023-12-11,비엔나소시지케찹볶음,조식
2023-12-11,연두부양념장,조식
2023-12-11,배추김치,조식
2023-12-11,요구르트,조식
2023-12-12,밥,조식
2023-12-12,쇠고기미역국,조식
2023-12-12,돼지고기김치볶음,조식
2023-12-12,사각어묵야채볶음,조식
2023-12-12,깍두기,조식
2023-12-12,우유,조식
2025-11-23(일),밥,조식
2025-11-24(월),밥,조식
2025-11-25(화),푸실리샐러드,조식
2025-11-26(수),밥,조식
2025-11-27(목),밥,조식
2025-11-28(금),밥,조식
2023-11-21,가공우유,조식
2023-11-22,밥,조식
2023-11-22,사골곰탕,조식
2023-11-22,햄슬라이스야채볶음,조식
2023-11-22,명란젓,조식
2023-11-22,깍두기,조식
2023-11-22,맛있는 두유GT 달콤한맛,조식
2023-11-23,깍두기김치볶음밥,조식
2023-11-23,새우순두부계란탕,조식
2023-11-23,계란후라이,조식
2023-11-23,순두부양념장,조식
2023-11-23,배추김치,조식
2023-11-23,마카롱,조식
2023-11-24,밥,조식
2023-11-24,닭고기육개장,조식
2023-11-24,대패삼겹살볶음,조식
2023-11-24,고기산적,조식
2023-11-24,배추김치,조식
2023-11-24,우유,조식
2023-11-25,베이컨구이,조식
2023-11-25,할라피뇨소시지구이,조식
2023-11-25,스크램블에그,조식
2023-11-25,브라운브레드,조식
2023-11-25,가공우유,조식
2023-11-25,우유,조식
2023-11-26,닭죽,조식
2023-11-26,맛김,조식
2023-11-26,감자조림,조식
2023-11-26,오징어젓무침,조식
2023-11-26,배추김치,조식
2023-11-26,우유,조식
2023-11-27,밥,조식
2023-11-27,조갯살미역국,조식
2023-11-27,비엔나소시지케찹볶음,조식
2023-11-27,메추리알장조림,조식
2023-11-27,순두부양념장,조식
2023-11-27,배추김치,조식
2023-11-27,우유,조식
2023-11-28,밥,조식
2023-11-28,감자수제비,조식
2023-11-28,스팸구이,조식
2023-11-28,계란말이,조식
2023-11-28,총각김치,조식
2023-11-28,우유,조식
2023-11-29,장조림버터비빔밥,조식
2023-11-29,콩나물김치국,조식
2023-11-29,베이컨야채볶음,조식
2023-11-29,맛김,조식
2023-11-29,총각김치,조식
2025-11-07(금),밥,조식
2025-11-08(토),모듬피클,조식
2025-11-09(일),밥,조식
2025-11-10(월),대만샌드위치,조식
2025-11-11(화),밥,조식
2025-11-12(수),밥,조식
2025-11-13(목),싸이버거,조식
2025-11-14(금),밥,조식
2025-11-15(토),양파절임,조식
2025-11-16(일),밥,조식
2025-11-17(월),밥,조식
2025-11-18(화),언양식납작불고기랩,조식
2025-11-19(수),밥,조식
2025-11-20(목),오지치즈후라이 ,조식
2025-11-21(금),밥,조식
2025-11-22(토),오이피클,조식
2025-10-23(목),밥,조식
2025-10-24(금),밥,조식
2025-10-25(토),단호박크림스프,조식
2025-10-26(일),밥,조식
2025-10-27(월),밥,조식
2025-10-28(화),밥,조식
2025-10-29(수),밥,조식
2025-10-30(목),스위트번,조식
2025-10-31(금),밥,조식
2025-11-01(토),간장계란밥,조식
2025-11-02(일),밥,조식
2025-11-03(월),밥,조식
2025-11-04(화),타코샌드위치,조식
2025-11-05(수),밥,조식
2025-11-06(목),밥,조식
2025-10-06(월),꼬꼬떡국,조식
2025-10-07(화),밥,조식
2025-10-08(수),참치나쵸샐러드,조식
2025-10-09(목),밥,조식
2025-10-10(금),밥,조식
2025-10-11(토),단무지무침,조식
2025-10-12(일),밥,조식
2025-10-13(월),밥,조식
2025-10-14(화),밥,조식
2025-10-15(수),밥,조식
2025-10-16(목),밥,조식
2025-10-17(금),밥,조식
2025-10-18(토),망고샐러드,조식
2025-10-19(일),간장계란밥,조식
2025-10-20(월),밥,조식
2025-10-21(화),불고기새우버거,조식
2025-10-22(수),밥,조식
2025-09-20(토),망고샐러드,조식
2025-09-21(일),밥,조식
2025-09-22(월),밥,조식
2025-09-23(화),크로와상,조식
2025-09-24(수),쇠고기미역국,조식
2025-09-25(목),밥,조식
2025-09-26(금),밥,조식
2025-09-27(토),감자전,조식
2025-09-28(일),밥,조식
2025-09-29(월),밥,조식
2025-09-30(화),밥,조식
2025-10-01(수),밥,조식
2025-10-02(목),밥,조식
2025-10-03(금),밥,조식
2025-10-04(토),오이피클,조식
2025-10-05(일),밥,조식
2025-09-03(수),밥,조식
2025-09-04(목),밥,조식
2025-09-05(금),밥,조식
2025-09-06(토),블루베리야채샐러드,조식
2025-09-07(일),밥,조식
2025-09-08(월),밥,조식
2025-09-09(화),밥,조식
2025-09-10(수),타코샌드위치,조식
2025-09-11(목),밥,조식
2025-09-12(금),간장계란밥,조식
2025-09-13(토),단무지무침,조식
2025-09-14(일),밥,조식
2025-09-15(월),밥,조식
2025-09-16(화),밥,조식
2025-09-17(수),꼬꼬떡국,조식
2025-09-18(목),밥,조식
2025-09-19(금),밥,조식
2025-08-18(월),밥,조식
2025-08-19(화),브리오슈핫도그,조식
2025-08-20(수),밥,조식
2025-08-21(목),밥,조식
2025-08-22(금),베이글&대파크림치즈,조식
2025-08-23(토),들기름막국수,조식
2025-08-24(일),밥,조식
2025-08-25(월),밥,조식
2025-08-26(화),타코샌드위치,조식
2025-08-27(수),밥,조식
2025-08-28(목),스위트번,조식
2025-08-29(금),밥,조식
2025-08-30(토),옛날통닭,조식
2025-08-31(일),밥,조식
2025-09-01(월),밥,조식
2025-09-02(화),스위트번,조식
2025-08-02(토),스크램블에그,조식
2025-08-03(일),밥,조식
2025-08-04(월),밥,조식
2025-08-05(화),밥,조식
2025-08-06(수),밥,조식
2025-08-07(목),맥모닝버거 ,조식
2025-08-08(금),밥,조식
2025-08-09(토),꼬치어묵국,조식
2025-08-10(일),밥,조식
2025-08-11(월),밥,조식
2025-08-12(화),스마일감자튀김/케첩,조식
2025-08-13(수),꼬꼬떡국,조식
2025-08-14(목),밥,조식
2025-08-15(금),밥,조식
2025-08-16(토),베이컨크림스파게티,조식
2025-08-17(일),밥,조식
2025-07-17(목),밥,조식
2025-07-18(금),밥,조식
2025-07-19(토),밥바,조식
2025-07-20(일),밥,조식
2025-07-21(월),밥,조식
2025-07-22(화),브라운브레드,조식
2025-07-23(수),쇠고기미역국,조식
2025-07-24(목),밥,조식
2025-07-25(금),밥,조식
2025-07-26(토),참치마요주먹밥,조식
2025-07-27(일),밥,조식
2025-07-28(월),밥,조식
2025-07-29(화),밥,조식
2025-07-30(수),밥,조식
2025-07-31(목),타코샌드위치,조식
2025-08-01(금),밥,조식
2025-07-02(수),밥,조식
2025-07-03(목),밥,조식
2025-07-04(금),콘소메웨지감자,조식
2025-07-05(토),돈코츠라멘,조식
2025-07-06(일),밥,조식
2025-07-07(월),밥,조식
2025-07-08(화),밥,조식
2025-07-09(수),불고기새우버거,조식
2025-07-10(목),밥,조식
2025-07-11(금),밥,조식
2025-07-12(토),차돌짬뽕,조식
2025-07-13(일),밥,조식
2025-07-14(월),밥,조식
2025-07-15(화),밥,조식
2025-07-16(수),닭가슴살소시지,조식
2025-06-16(월),밥,조식
2025-06-17(화),밥,조식
2025-06-18(수),싸이버거,조식
2025-06-19(목),밥,조식
2025-06-20(금),밥,조식
2025-06-21(토),나쵸&소스,조식
2025-06-22(일),밥,조식
2025-06-23(월),밥,조식
2025-06-24(화),타코샌드위치,조식
2025-06-25(수),밥,조식
2025-06-26(목),밥,조식
2025-06-27(금),밥,조식
2025-06-28(토),김가루주먹밥,조식
2025-06-29(일),밥,조식
2025-06-30(월),밥,조식
2025-07-01(화),밥,조식
2025-05-31(토),스마일감자튀김/케첩,조식
2025-06-01(일),밥,조식
2025-06-02(월),밥,조식
2025-06-03(화),스위트번,조식
2025-06-04(수),밥,조식
2025-06-05(목),밥,조식
2025-06-06(금),밥,조식
2025-06-07(토),고기짜조,조식
2025-06-08(일),밥,조식
2025-06-09(월),밥,조식
2025-06-10(화),밥,조식
2025-06-11(수),불고기새우버거,조식
2025-06-12(목),밥,조식
2025-06-13(금),밥,조식
2025-06-14(토),베이컨리조또,조식
2025-06-15(일),밥,조식
2025-05-16(금),밥,조식
2025-05-17(토),야끼소바,조식
2025-05-18(일),밥,조식
2025-05-19(월),밥,조식
2025-05-20(화),밥,조식
2025-05-21(수),타코샌드위치,조식
2025-05-22(목),밥,조식
2025-05-23(금),밥,조식
2025-05-24(토),순살치킨,조식
2025-05-25(일),밥,조식
2025-05-26(월),밥,조식
2025-05-27(화),닭가슴살소시지,조식
2025-05-28(수),밥,조식
2025-05-29(목),밥,조식
2025-05-30(금),밥,조식
2025-04-30(수),밥,조식
2025-05-01(목),밥,조식
2025-05-02(금),밥,조식
2025-05-03(토),밥,조식
2025-05-04(일),밥,조식
2025-05-05(월),밥,조식
2025-05-06(화),고구마치즈스틱,조식
2025-05-07(수),밥,조식
2025-05-08(목),밥,조식
2025-05-09(금),밥,조식
2025-05-10(토),대만식샌드위치,조식
2025-05-11(일),밥,조식
2025-05-12(월),밥,조식
2025-05-13(화),싸이버거,조식
2025-05-14(수),밥,조식
2025-05-15(목),밥,조식
2025-04-15(화),콘소메웨지감자,조식
2025-04-16(수),밥,조식
2025-04-17(목),밥,조식
2025-04-18(금),밥,조식
2025-04-19(토),차돌볶음우동,조식
2025-04-20(일),밥,조식
2025-04-21(월),밥,조식
2025-04-22(화),싸이버거,조식
2025-04-23(수),밥,조식
2025-04-24(목),밥,조식
2025-04-25(금),밥,조식
2025-04-26(토),오지치즈후라이 ,조식
2025-04-27(일),밥,조식
2025-04-28(월),밥,조식
2025-04-29(화),브로콜리치즈스프,조식
2025-03-29(토),오지치즈후라이 ,조식
2025-03-30(일),밥,조식
2025-03-31(월),밥,조식
2025-04-01(화),밥,조식
2025-04-02(수),밥,조식
2025-04-03(목),밥,조식
2025-04-04(금),흑미밥,조식
2025-04-05(토),닭가슴살소시지,조식
2025-04-06(일),밥,조식
2025-04-07(월),밥,조식
2025-04-08(화),콩나물국밥,조식
2025-04-09(수),타코샌드위치,조식
2025-04-10(목),밥,조식
2025-04-11(금),밥,조식
2025-04-12(토),야끼소바,조식
2025-04-13(일),전복죽,조식
2025-04-14(월),밥,조식
2025-03-13(목),밥,조식
2025-03-14(금),닭곰탕,조식
2025-03-15(토),밥바,조식
2025-03-16(일),밥,조식
2025-03-17(월),밥,조식
2025-03-18(화),치즈불고기버거,조식
2025-03-19(수),밥,조식
2025-03-20(목),밥,조식
2025-03-21(금),밥,조식
2025-03-22(토),치폴레체다치즈프라이,조식
2025-03-23(일),밥,조식
2025-03-24(월),장조림계란밥,조식
2025-03-25(화),훈제연어샌드위치,조식
2025-03-26(수),밥,조식
2025-03-27(목),밥,조식
2025-03-28(금),밥,조식
2025-02-26(수),밥,조식
2025-02-27(목),감자수제비,조식
2025-02-28(금),밥,조식
2025-03-01(토),감바스필라프,조식
2025-03-02(일),밥,조식
2025-03-03(월),밥,조식
2025-03-04(화),햄&치즈크로와상,조식
2025-03-05(수),밥,조식
2025-03-06(목),장조림계란밥,조식
2025-03-07(금),밥,조식
2025-03-08(토),타코샌드위치,조식
2025-03-09(일),밥,조식
2025-03-10(월),밥,조식
2025-03-11(화),싸이버거,조식
2025-03-12(수),밥,조식
2025-02-10(월),잡곡밥,조식
2025-02-11(화),밥,조식
2025-02-12(수),밥,조식
2025-02-13(목),밥,조식
2025-02-14(금),잡곡밥,조식
2025-02-15(토),밥바,조식
2025-02-16(일),오므라이스,조식
2025-02-17(월),햄주먹밥,조식
2025-02-18(화),벌집감자구이,조식
2025-02-19(수),밥,조식
2025-02-20(목),밥,조식
2025-02-21(금),잡곡밥,조식
2025-02-22(토),타코샌드위치,조식
2025-02-23(일),후리가케밥,조식
2025-02-24(월),장조림계란밥,조식
2025-02-25(화),치아바타샌드위치,조식
2025-01-25(토),통새우볶음밥,조식
2025-01-26(일),장조림계란밥,조식
2025-01-27(월),밥,조식
2025-01-28(화),밥,조식
2025-01-29(수),밥,조식
2025-01-30(목),벌집감자구이,조식
2025-01-31(금),설렁탕,조식
2025-02-01(토),치킨데리야끼볶음밥,조식
2025-02-02(일),잡곡밥,조식
2025-02-03(월),밥,조식
2025-02-04(화),싸이버거,조식
2025-02-05(수),잡곡밥,조식
2025-02-06(목),밥,조식
2025-02-07(금),잡곡밥,조식
2025-02-08(토),시저샐러드,조식
2025-02-09(일),밥,조식
2026-09-18(금),밥,조식
2026-09-19(토),하이라이스,조식
2026-09-20(일),밥,조식
2026-09-21(월),밥,조식
2026-09-22(화),타코샌드위치,조식
2026-09-23(수),밥,조식
2026-09-24(목),밥,조식
2026-09-25(금),밥,조식
2026-09-26(토),명태회무침,조식
2026-09-27(일),밥,조식
2026-09-28(월),새우볶음밥&짜장,조식
2026-09-29(화),쇠고기야채죽,조식
2026-09-30(수),밥,조식
2025-01-24(금),햄주먹밥,조식
2026-09-04(금),밥,조식
2026-09-05(토),양갈비스테이크,조식
2026-09-06(일),밥,조식
2026-09-07(월),밥,조식
2026-09-08(화),불고기핫도그,조식
2026-09-09(수),밥,조식
2026-09-10(목),싸이버거,조식
2026-09-11(금),밥,조식
2026-09-12(토),규동덮밥,조식
2026-09-13(일),밥,조식
2026-09-14(월),밥,조식
2026-09-15(화),스크램블에그,조식
2026-09-16(수),밥,조식
2026-09-17(목),밥,조식
2026-08-21(금),맥모닝버거 ,조식
2026-08-22(토),돼지고기덮밥,조식
2026-08-23(일),밥,조식
2026-08-24(월),밥,조식
2026-08-25(화),몽블랑,조식
2026-08-26(수),밥,조식
2026-08-27(목),쇠고기야채죽,조식
2026-08-28(금),밥,조식
2026-08-29(토),콩나물국,조식
2026-08-30(일),밥,조식
2026-08-31(월),굴림만두떡국,조식
2026-09-01(화),치아바타샌드위치,조식
2026-09-02(수),밥,조식
2026-09-03(목),간장계란밥,조식
2026-08-07(금),불고기핫도그,조식
2026-08-08(토),참치마요주먹밥,조식
2026-08-09(일),밥,조식
2026-08-10(월),밥,조식
2026-08-11(화),푸실리샐러드,조식
2026-08-12(수),밥,조식
2026-08-13(목),밥,조식
2026-08-14(금),타코샌드위치,조식
2026-08-15(토),머쉬룸크림스프,조식
2026-08-16(일),밥,조식
2026-08-17(월),밥,조식
2026-08-18(화),스크램블에그,조식
2026-08-19(수),밥,조식
2026-08-20(목),밥,조식
2026-07-24(금),밥,조식
2026-07-25(토),잡채,조식
2026-07-26(일),밥,조식
2026-07-27(월),밥,조식
2026-07-28(화),밥,조식
2026-07-29(수),크래미스크램블,조식
2026-07-30(목),밥,조식
2026-07-31(금),밥,조식
2026-08-01(토),새우볶음밥&짜장,조식
2026-08-02(일),밥,조식
2026-08-03(월),간장계란밥,조식
2026-08-04(화),치아바타샌드위치,조식
2026-08-05(수),밥,조식
2026-08-06(목),밥,조식
2026-07-10(금),뉴욕핫도그,조식
2026-07-11(토),새우볶음밥&짜장,조식
2026-07-12(일),밥,조식
2026-07-13(월),밥,조식
2026-07-14(화),닭가슴살샐러드,조식
2026-07-15(수),밥,조식
2026-07-16(목),싸이버거,조식
2026-07-17(금),밥,조식
2026-07-18(토),후리가케밥,조식
2026-07-19(일),밥,조식
2026-07-20(월),밥,조식
2026-07-21(화),타코샌드위치,조식
2026-07-22(수),간장계란밥,조식
2026-07-23(목),스크램블에그,조식
2026-06-25(목),밥,조식
2026-06-26(금),밥,조식
2026-06-27(토),날치알주먹밥,조식
2026-06-28(일),밥,조식
2026-06-29(월),스팸마요덮밥,조식
2026-06-30(화),단호박크림스프,조식
2026-07-01(수),밥,조식
2026-07-02(목),밥,조식
2026-07-03(금),참치샐러드&모닝빵,조식
2026-07-04(토),목살필라프,조식
2026-07-05(일),밥,조식
2026-07-06(월),밥,조식
2026-07-07(화),치아바타샌드위치,조식
2026-07-08(수),밥,조식
2026-07-09(목),밥,조식
2026-06-11(목),싸이버거,조식
2026-06-12(금),밥,조식
2026-06-13(토),닭다리스테이크,조식
2026-06-14(일),밥,조식
2026-06-15(월),밥,조식
2026-06-16(화),맥모닝버거 ,조식
2026-06-17(수),간장계란밥,조식
2026-06-18(목),밥,조식
2026-06-19(금),싸이버거,조식
2026-06-20(토),새우볶음밥&짜장,조식
2026-06-21(일),감자수제비,조식
2026-06-22(월),밥,조식
2026-06-23(화),옥수수스프,조식
2026-06-24(수),밥,조식
2026-05-27(수),밥,조식
2026-05-28(목),밥,조식
2026-05-29(금),맥모닝버거 ,조식
2026-05-30(토),새우볶음밥&짜장,조식
2026-05-31(일),밥,조식
2026-06-01(월),밥,조식
2026-06-02(화),페퍼로니치아바타,조식
2026-06-03(수),밥,조식
2026-06-04(목),밥,조식
2026-06-05(금),불고기핫도그,조식
2026-06-06(토),에그카츠,조식
2026-06-07(일),밥,조식
2026-06-08(월),밥,조식
2026-06-09(화),타코샌드위치,조식
2026-06-10(수),밥,조식
2026-05-13(수),밥,조식
2026-05-14(목),밥,조식
2026-05-15(금),타코샌드위치,조식
2026-05-16(토),김치어묵우동,조식
2026-05-17(일),밥,조식
2026-05-18(월),밥,조식
2026-05-19(화),단호박크림스프,조식
2026-05-20(수),돼지국밥,조식
2026-05-21(목),밥,조식
2026-05-22(금),싸이버거,조식
2026-05-23(토),모듬쌈&우렁쌈장,조식
2026-05-24(일),밥,조식
2026-05-25(월),간장계란밥,조식
2026-05-26(화),타코샌드위치,조식
2026-04-28(화),밥,조식
2026-04-29(수),밥,조식
2026-04-30(목),싸이버거,조식
2026-05-01(금),뉴욕핫도그,조식
2026-05-02(토),밥,조식
2026-05-03(일),밥,조식
2026-05-04(월),밥,조식
2026-05-05(화),크래미스크램블,조식
2026-05-06(수),밥,조식
2026-05-07(목),싸이버거,조식
2026-05-08(금),밥,조식
2026-05-09(토),우삼겹오일파스타,조식
2026-05-10(일),밥,조식
2026-05-11(월),밥,조식
2026-05-12(화),스위트번,조식
2026-04-14(화),밥,조식
2026-04-15(수),밥,조식
2026-04-16(목),싸이버거,조식
2026-04-17(금),밥,조식
2026-04-18(토),밥,조식
2026-04-19(일),밥,조식
2026-04-20(월),간장계란밥,조식
2026-04-21(화),스위트번,조식
2026-04-22(수),밥,조식
2026-04-23(목),밥,조식
2026-04-24(금),옥수수스프,조식
2026-04-25(토),배추김치,조식
2026-04-26(일),밥,조식
2026-04-27(월),밥,조식
2026-03-30(월),밥,조식
2026-03-31(화),밥,조식
2026-04-01(수),밥,조식
2026-04-02(목),밥,조식
2026-04-03(금),단호박크림스프,조식
2026-04-04(토),브로콜리치즈스프,조식
2026-04-05(일),밥,조식
2026-04-06(월),밥,조식
2026-04-07(화),불고기핫도그,조식
2026-04-08(수),밥,조식
2026-04-09(목),밥,조식
2026-04-10(금),치아바타샌드위치,조식
2026-04-11(토),닭꼬치,조식
2026-04-12(일),밥,조식
2026-04-13(월),밥,조식
2026-03-16(월),굴림만두떡국,조식
2026-03-17(화),스위트번,조식
2026-03-18(수),밥,조식
2026-03-19(목),밥,조식
2026-03-20(금),밥,조식
2026-03-21(토),목살필라프,조식
2026-03-22(일),감자수제비,조식
2026-03-23(월),밥,조식
2026-03-24(화),해쉬브라운케찹,조식
2026-03-25(수),밥,조식
2026-03-26(목),싸이버거,조식
2026-03-27(금),밥,조식
2026-03-28(토),무말랭이무침,조식
2026-03-29(일),밥,조식
2026-03-01(일),간장계란밥,조식
2026-03-02(월),밥,조식
2026-03-03(화),치아바타샌드위치,조식
2026-03-04(수),밥,조식
2026-03-05(목),밥,조식
2026-03-06(금),뉴욕핫도그,조식
2026-03-07(토),후르츠칵테일샐러드,조식
2026-03-08(일),돼지국밥,조식
2026-03-09(월),밥,조식
2026-03-10(화),단호박크림스프,조식
2026-03-11(수),밥,조식
2026-03-12(목),밥,조식
2026-03-13(금),피타브레드샌드위치,조식
2026-03-14(토),새우완탕,조식
2026-03-15(일),밥,조식
2026-02-14(토),콩나물국,조식
2026-02-15(일),밥,조식
2026-02-16(월),스크램블에그,조식
2026-02-17(화),밥,조식
2026-02-18(수),간장계란밥,조식
2026-02-19(목),머쉬룸크림스프,조식
2026-02-20(금),밥,조식
2026-02-21(토),모듬피클,조식
2026-02-22(일),밥,조식
2026-02-23(월),밥,조식
2026-02-24(화),타코샌드위치,조식
2026-02-25(수),밥,조식
2026-02-26(목),싸이버거,조식
2026-02-27(금),밥,조식
2026-02-28(토),왕새우튀김,조식
2026-01-30(금),밥,조식
2026-01-31(토),꼬치어묵국,조식
2026-02-01(일),밥,조식
2026-02-02(월),밥,조식
2026-02-03(화),스크램블에그,조식
2026-02-04(수),밥,조식
2026-02-05(목),밥,조식
2026-02-06(금),뉴욕핫도그,조식
2026-02-07(토),나가사끼짬뽕국,조식
2026-02-08(일),밥,조식
2026-02-09(월),피타브레드샌드위치,조식
2026-02-10(화),밥,조식
2026-02-11(수),베이글&대파크림치즈,조식
2026-02-12(목),밥,조식
2026-02-13(금),밥,조식
2026-01-15(목),밥,조식
2026-01-16(금),스크램블에그,조식
2026-01-17(토),생크림크로와상,조식
2026-01-18(일),밥,조식
2026-01-19(월),밥,조식
2026-01-20(화),치아바타샌드위치,조식
2026-01-21(수),밥,조식
2026-01-22(목),밥,조식
2026-01-23(금),스마일감자튀김/케첩,조식
2026-01-24(토),나시고랭볶음밥,조식
2026-01-25(일),밥,조식
2026-01-26(월),밥,조식
2026-01-27(화),돼지국밥,조식
2026-01-28(수),감자수제비,조식
2026-01-29(목),싸이버거,조식
2025-12-31(수),밥,조식
2026-01-01(목),밥,조식
2026-01-02(금),간장계란밥,조식
2026-01-03(토),언양식납작불고기랩,조식
2026-01-04(일),밥,조식
2026-01-05(월),밥,조식
2026-01-06(화),피타브레드샌드위치,조식
2026-01-07(수),밥,조식
2026-01-08(목),밥,조식
2026-01-09(금),베이글&대파크림치즈,조식
2026-01-10(토),오이피클,조식
2026-01-11(일),밥,조식
2026-01-12(월),밥,조식
2026-01-13(화),뉴욕핫도그,조식
2026-01-14(수),밥,조식
2025-12-15(월),밥,조식
2025-12-16(화),뉴욕핫도그,조식
2025-12-17(수),밥,조식
2025-12-18(목),밥,조식
2025-12-19(금),포테이토크림스프,조식
2025-12-20(토),단무지무침,조식
2025-12-21(일),밥,조식
2025-12-22(월),밥,조식
2025-12-23(화),피타브레드샌드위치,조식
2025-12-24(수),밥,조식
2025-12-25(목),밥,조식
2025-12-26(금),스위트번,조식
2025-12-27(토),무말랭이무침,조식
2025-12-28(일),밥,조식
2025-12-29(월),굴림만두떡국,조식
2025-12-30(화),타코샌드위치,조식
2025-11-29(토),신전st떡볶이,조식
2025-11-30(일),밥,조식
2025-12-01(월),간장계란밥,조식
2025-12-02(화),밥,조식
2025-12-03(수),밥,조식
2025-12-04(목),베이글&대파크림치즈,조식
2025-12-05(금),밥,조식
2025-12-06(토),모듬피클,조식
2025-12-07(일),밥,조식
2025-12-08(월),밥,조식
2025-12-09(화),치아바타샌드위치,조식
2025-12-10(수),밥,조식
2025-12-11(목),밥,조식
2025-12-12(금),밥,조식
2025-12-13(토),고로케1,조식
2025-12-14(일),밥,조식
2021-05-12,우유,조식
2021-05-13,밥,조식
2021-05-13,북어채국,조식
2021-05-13,돼지고기김치볶음,조식
2021-05-13,맛김,조식
2021-05-13,시금치무침,조식
2021-05-13,감귤 주스,조식
2021-05-14,밥,조식
2021-05-14,닭고기육개장,조식
2021-05-14,맛김,조식
2021-05-14,감자조림,조식
2021-05-14,깍두기,조식
2021-05-14,우유,조식
2021-05-15,밥,조식
2021-05-15,쇠고기무국,조식
2021-05-15,닭고기매운조림,조식
2021-05-15,두부양념장,조식
2021-05-15,배추김치,조식
2021-05-15,우유,조식
2021-05-16,밥,조식
2021-05-16,시금치된장국,조식
2021-05-16,참치김치볶음,조식
2021-05-16,맛김,조식
2021-05-16,깍두기,조식
2021-05-16,우유,조식
2021-05-17,밥,조식
2021-04-27,배추김치,중식
2021-04-28,흑미밥,중식
2021-04-28,쇠고기미역국,중식
2021-04-28,두부간장볶음,중식
2021-04-28,갈치순살튀김,중식
2021-04-28,계란찜,중식
2021-04-28,배추김치,중식
2021-04-28,아이스크림 샌드위치,중식
2021-04-29,스파게티,중식
2021-04-29,오징어튀김,중식
2021-04-29,배추김치,중식
2021-04-29,참외,중식
2021-04-30,흑미밥,중식
2021-04-30,호박된장찌개,중식
2021-04-30,마늘종멸치볶음,중식
2021-04-30,탕수육,중식
2021-04-30,배추김치,중식
2021-04-30,반건조고구마,중식
2021-05-01,검은콩밥,중식
2021-05-01,감자양파찌개,중식
2021-05-01,닭갈비,중식
2021-05-01,콩나물무침,중식
2021-05-01,깍두기,중식
2021-05-01,사이다,중식
2021-05-02,밥,중식
2021-05-02,배추된장국,중식
2021-05-02,돼지불고기,중식
2021-05-02,오이무침,중식
2021-05-02,배추김치,중식
2021-05-02,감귤 주스,중식
2021-05-03,흑미밥,중식
2021-05-03,쇠고기육개장,중식
2021-05-03,잡채,중식
2021-05-03,브로콜리/초고추장,중식
2021-05-03,깍두기,중식
2021-05-03,우유,중식
2021-05-04,잡곡밥,중식
2021-05-04,닭곰탕,중식
2021-05-04,갑오징어풋마늘무침M665:갑오징어풋마늘무침대,중식
2021-05-04,시금치된장무침,중식
2021-05-04,깍두기,중식
2021-05-04,참외,중식
2021-05-05,잡곡밥,중식
2021-05-05,김치찌개,중식
2021-05-05,쇠고기파프리카볶음,중식
2021-05-05,오이양파장아찌,중식
2021-05-05,파김치,중식
2021-05-05,아이스크림 콘 완제품,중식
2021-05-06,흑미밥,중식
2021-05-06,생선가스,중식
2021-05-06,궁중닭찜,중식
2021-05-06,감자샐러드,중식
2021-05-06,배추김치,중식
2021-05-06,바나나,중식
2021-05-07,영양밥,중식
2021-05-07,건새우아욱된장국,중식
2021-05-07,계란후라이,중식
2021-05-07,배추김치,중식
2021-05-07,우유,중식
2021-05-07,아이스크림 샌드위치,중식
2021-05-08,닭고기부추밥,중식
2021-05-08,두부맑은국,중식
2021-05-08,오징어젓무침,중식
2021-05-08,배추김치,중식
2021-05-08,에너지바,중식
2021-05-09,밥,중식
2021-05-09,햄소시지찌개,중식
2021-05-09,조기양념찜,중식
2021-05-09,무나물,중식
2021-05-09,깍두기,중식
2021-05-09,감귤 주스,중식
2021-05-10,흑미밥,중식
2021-05-10,광어매운탕,중식
2021-05-10,우엉잡채,중식
2021-05-10,오징어야채무침,중식
2021-05-10,파김치,중식
2021-05-10,코코아 음료 분말,중식
2021-05-10,감귤 주스,중식
2021-05-11,꼬꼬떡국,중식
2021-05-11,잡곡밥,중식
2021-05-11,두부조림,중식
2021-05-11,오징어젓무침,중식
2021-05-11,배추김치,중식
2021-05-11,우유,중식
2021-05-12,쇠고기볶음밥,중식
2021-05-12,계란국,중식
2021-05-12,미트볼케찹조림,중식
2021-04-13,밥,중식
2021-04-13,삼계탕,중식
2021-04-13,비빔당면,중식
2021-04-13,오이양파장아찌,중식
2021-04-13,배추김치,중식
2021-04-13,감귤 주스,중식
2021-04-14,자장면,중식
2021-04-14,깐풍기,중식
2021-04-14,배추김치,중식
2021-04-14,우유,중식
2021-04-15,밥,중식
2021-04-15,콩나물국,중식
2021-04-15,닭강정,중식
2021-04-15,갑오징어야채무침,중식
2021-04-15,백김치,중식
2021-04-16,잡곡밥,중식
2021-04-16,꽃게탕,중식
2021-04-16,쇠고기파프리카볶음,중식
2021-04-16,감자조림,중식
2021-04-16,파김치,중식
2021-04-16,이온음료,중식
2021-04-17,돼지고기부추덮밥,중식
2021-04-17,콩나물김치국,중식
2021-04-17,시금치고추장무침,중식
2021-04-17,깍두기,중식
2021-04-17,사이다,중식
2021-04-18,달걀케첩볶음밥,중식
2021-04-18,생선묵국,중식
2021-04-18,오이양파장아찌,중식
2021-04-18,배추김치,중식
2021-04-18,아이스크림 콘 완제품,중식
2021-04-19,검은콩밥,중식
2021-04-19,홍합탕,중식
2021-04-19,오징어볶음,중식
2021-04-19,치킨텐더,중식
2021-04-19,배추김치,중식
2021-04-19,우유,중식
2021-04-20,잡곡밥,중식
2021-04-20,콩나물국,중식
2021-04-20,오삼불고기,중식
2021-04-20,모듬쌈,중식
2021-04-20,배추김치,중식
2021-04-20,아이스크림 팩형,중식
2021-04-21,영양밥,중식
2021-04-21,북어채국,중식
2021-04-21,계란후라이,중식
2021-04-21,배추김치,중식
2021-04-21,아이스크림 떠먹는형,중식
2021-04-22,불고기버거,중식
2021-04-22,우유,중식
2021-04-23,흑미밥,중식
2021-04-23,쇠고기미역국,중식
2021-04-23,잡채,중식
2021-04-23,코다리조림,중식
2021-04-23,오징어젓무침,중식
2021-04-23,깍두기,중식
2021-04-23,커피음료,중식
2021-04-24,김치덮밥,중식
2021-04-24,시금치된장국,중식
2021-04-24,김자반,중식
2021-04-24,배추김치,중식
2021-04-24,122kcal,중식
2021-04-25,햄야채볶음밥,중식
2021-04-25,생선묵국,중식
2021-04-25,콩나물매운무침,중식
2021-04-25,배추김치,중식
2021-04-25,감귤 주스,중식
2021-04-26,검은콩밥,중식
2021-04-26,햄소시지찌개,중식
2021-04-26,삼치순살튀김,중식
2021-04-26,골뱅이오징어채무침,중식
2021-04-26,파김치,중식
2021-04-26,우유,중식
2021-04-27,흑미밥,중식
2021-04-27,버섯된장찌개,중식
2021-04-27,삼겹살구이,중식
2021-04-27,계란말이,중식
2021-04-27,모듬쌈,중식
2021-03-29,홍합탕,중식
2021-03-29,닭강정,중식
2021-03-29,두부조림,중식
2021-03-29,배추김치,중식
2021-03-29,커피음료,중식
2021-03-30,스파게티,중식
2021-03-30,야채튀김,중식
2021-03-30,백김치,중식
2021-03-30,우유,중식
2021-03-31,잡곡밥,중식
2021-03-31,오징어튀김,중식
2021-03-31,삼겹살구이GN78:갈비탕대,중식
2021-03-31,갓김치,중식
2021-03-31,콜라,중식
2021-03-31,방울토마토,중식
2021-04-01,잡곡밥,중식
2021-04-01,감자탕,중식
2021-04-01,꽈리고추멸치볶음,중식
2021-04-01,계란찜,중식
2021-04-01,백김치,중식
2021-04-01,우유,중식
2021-04-02,흑미밥,중식
2021-04-02,감자수제비국,중식
2021-04-02,우엉잡채,중식
2021-04-02,두부조림,중식
2021-04-02,배추김치,중식
2021-04-03,밥,중식
2021-04-03,콩나물국,중식
2021-04-03,제육볶음,중식
2021-04-03,오이양파장아찌,중식
2021-04-03,배추김치,중식
2021-04-03,감귤 주스,중식
2021-04-04,닭고기부추밥,중식
2021-04-04,두부맑은국,중식
2021-04-04,계란후라이,중식
2021-04-04,깍두기,중식
2021-04-04,농후 발효유,중식
2021-04-05,밥,중식
2021-04-05,광어매운탕,중식
2021-04-05,훈제오리/쌈무/머스타드소스,중식
2021-04-05,오이부추무침,중식
2021-04-05,파김치,중식
2021-04-05,우유,중식
2021-04-06,비빔밥,중식
2021-04-06,건새우아욱된장국,중식
2021-04-06,계란후라이,중식
2021-04-06,배추김치,중식
2021-04-06,우유 살균형,중식
2021-04-07,잡곡밥,중식
2021-04-07,북어채국,중식
2021-04-07,떡볶이,중식
2021-04-07,깐쇼새우,중식
2021-04-07,배추김치,중식
2021-04-07,음료수 탄산 콜라,중식
2021-04-07,방울토마토,중식
2021-04-08,밥,중식
2021-04-08,명태매운탕,중식
2021-04-08,쇠고기불고기,중식
2021-04-08,상추쌈,중식
2021-04-08,배추김치,중식
2021-04-08,감귤 주스,중식
2021-04-09,잡곡밥,중식
2021-04-09,쇠고기무국,중식
2021-04-09,낙지볶음,중식
2021-04-09,김자반,중식
2021-04-09,콩나물무침,중식
2021-04-09,배추김치,중식
2021-04-09,우유,중식
2021-04-10,쇠고기볶음밥,중식
2021-04-10,된장국,중식
2021-04-10,스크램블에그,중식
2021-04-10,배추김치,중식
2021-04-10,감귤 주스,중식
2021-04-11,자장밥,중식
2021-04-11,계란국,중식
2021-04-11,단무지무침,중식
2021-04-11,배추김치,중식
2021-04-11,농후 발효유,중식
2021-04-12,팔보채덮밥,중식
2021-04-12,짬뽕찌개,중식
2021-04-12,야채튀김,중식
2021-04-12,배추김치,중식
2021-04-12,유산균 발효 음료,중식
2021-03-14,김자반,중식
2021-03-14,배추김치,중식
2021-03-14,우유 살균형,중식
2021-03-14,달걀케첩볶음밥,중식
2021-03-15,검은콩밥,중식
2021-03-15,닭고기육개장,중식
2021-03-15,황태찜,중식
2021-03-15,깻잎무침,중식
2021-03-15,배추김치,중식
2021-03-15,우유,중식
2021-03-16,비빔밥,중식
2021-03-16,생선묵국,중식
2021-03-16,계란후라이,중식
2021-03-16,백김치,중식
2021-03-16,한라봉,중식
2021-03-17,배추김치,중식
2021-03-17,우유,중식
2021-03-17,잡곡밥,중식
2021-03-17,한우갈비탕,중식
2021-03-17,꽈리고추멸치볶음,중식
2021-03-17,오징어젓무침,중식
2021-03-18,생우동,중식
2021-03-18,야채튀김,중식
2021-03-18,배추김치,중식
2021-03-18,우유,중식
2021-03-18,사이다,중식
2021-03-19,흑미밥,중식
2021-03-19,감자수제비국,중식
2021-03-19,쭈꾸미볶음,중식
2021-03-19,콩나물무침,중식
2021-03-19,배추김치,중식
2021-03-19,유산균 발효 음료,중식
2021-03-20,햄야채볶음밥,중식
2021-03-20,된장국,중식
2021-03-20,계란후라이,중식
2021-03-20,배추김치,중식
2021-03-20,음료수 탄산 과일,중식
2021-03-21,밥,중식
2021-03-21,햄소시지찌개,중식
2021-03-21,시금치된장무침,중식
2021-03-21,감자샐러드,중식
2021-03-21,배추김치,중식
2021-03-21,워터젤리,중식
2021-03-21,탄산음료,중식
2021-03-22,쇠고기미역국,중식
2021-03-22,깐풍기,중식
2021-03-22,깻잎무침,중식
2021-03-22,배추김치,중식
2021-03-22,우유,중식
2021-03-22,검은콩밥,중식
2021-03-23,검은콩밥,중식
2021-03-23,버섯쇠고기찌개,중식
2021-03-23,갈치순살튀김,중식
2021-03-23,궁중닭찜,중식
2021-03-23,배추김치,중식
2021-03-23,이온음료,중식
2021-03-23,우유,중식
2021-03-24,잡곡밥,중식
2021-03-24,꼬꼬떡국,중식
2021-03-24,낙지볶음,중식
2021-03-24,시금치무침,중식
2021-03-24,배추김치,중식
2021-03-24,요구르트 아이스크림 떠먹는형,중식
2021-03-25,전복삼계탕,중식
2021-03-25,꽈리고추멸치볶음,중식
2021-03-25,오이양파장아찌,중식
2021-03-25,갓김치,중식
2021-03-25,사이다,중식
2021-03-25,잡곡밥,중식
2021-03-26,흑미밥,중식
2021-03-26,조갯살미역국,중식
2021-03-26,쇠고기불고기,중식
2021-03-26,양배추쌈,중식
2021-03-26,배추김치,중식
2021-03-26,우유,중식
2021-03-27,밥,중식
2021-03-27,닭볶음탕,중식
2021-03-27,시금치무침,중식
2021-03-27,순두부양념장,중식
2021-03-27,배추김치,중식
2021-03-27,우유 살균형,중식
2021-03-27,우유,중식
2021-03-28,쇠고기볶음밥,중식
2021-03-28,콩나물김치국,중식
2021-03-28,무나물,중식
2021-03-28,갓김치,중식
2021-03-28,유산균 발효 음료,중식
2021-03-29,검은콩밥,중식
2021-02-27,햄소시지찌개,중식
2021-02-27,까르보나라떡볶이,중식
2021-02-27,김장김치,중식
2021-02-27,콜라,중식
2021-02-28,밥,중식
2021-02-28,닭곰탕,중식
2021-02-28,돼지고기콩나물볶음,중식
2021-02-28,오징어젓무침,중식
2021-02-28,김장김치,중식
2021-02-28,커피음료,중식
2021-03-01,흑미밥,중식
2021-03-01,명태무찌개,중식
2021-03-01,잡채,중식
2021-03-01,감자조림,중식
2021-03-01,깍두기,중식
2021-03-01,감귤 주스,중식
2021-03-02,닭고기부추밥,중식
2021-03-02,북어채국,중식
2021-03-02,김자반,중식
2021-03-02,배추김치,중식
2021-03-02,감귤 주스,중식
2021-03-03,잡곡밥,중식
2021-03-03,감자탕,중식
2021-03-03,꽈리고추멸치볶음,중식
2021-03-03,시금치고추장무침,중식
2021-03-03,배추김치,중식
2021-03-03,아이스크림 바,중식
2021-03-04,냉이국,중식
2021-03-04,오삼불고기,중식
2021-03-04,양배추쌈,중식
2021-03-04,깍두기,중식
2021-03-04,신선형,중식
2021-03-04,우유,중식
2021-03-04,잡곡밥,중식
2021-03-05,흑미밥,중식
2021-03-05,쇠고기육개장,중식
2021-03-05,생선가스,중식
2021-03-05,고구마샐러드,중식
2021-03-05,배추김치,중식
2021-03-05,커피음료,중식
2021-03-06,밥,중식
2021-03-06,버섯쇠고기찌개,중식
2021-03-06,소시지야채볶음,중식
2021-03-06,순두부양념장,중식
2021-03-06,배추김치,중식
2021-03-06,사이다,중식
2021-03-07,계란국,중식
2021-03-07,단무지무침,중식
2021-03-07,배추김치,중식
2021-03-07,커피음료,중식
2021-03-07,자장면,중식
2021-03-08,흑미밥,중식
2021-03-08,북어채국,중식
2021-03-08,버섯호박볶음,중식
2021-03-08,닭고기매운조림,중식
2021-03-08,배추김치,중식
2021-03-08,우유,중식
2021-03-09,새우버거,중식
2021-03-09,우유,중식
2021-03-10,배추김치,중식
2021-03-10,영양밥,중식
2021-03-10,건새우아욱된장국,중식
2021-03-10,탕수육,중식
2021-03-11,잡곡밥,중식
2021-03-11,굴맑은짬뽕,중식
2021-03-11,닭갈비,중식
2021-03-11,시금치된장무침,중식
2021-03-11,배추김치,중식
2021-03-11,우유,중식
2021-03-12,흑미밥,중식
2021-03-12,북어채국,중식
2021-03-12,우엉잡채,중식
2021-03-12,제육볶음,중식
2021-03-12,배추김치,중식
2021-03-12,감귤 주스,중식
2021-03-13,밥,중식
2021-03-13,닭곰탕,중식
2021-03-13,오징어젓무침,중식
2021-03-13,오이양파장아찌,중식
2021-03-13,배추김치,중식
2021-03-13,우유,중식
2021-03-13,요구르트 아이스크림 떠먹는형,중식
2021-03-14,콩나물김치국,중식
2021-02-12,시금치고추장무침,중식
2021-02-12,김장김치,중식
2021-02-12,배,중식
2021-02-13,밥,중식
2021-02-13,한우갈비탕,중식
2021-02-13,오징어젓무침,중식
2021-02-13,오이양파장아찌,중식
2021-02-13,김장김치,중식
2021-02-13,감귤 주스,중식
2021-02-14,밥,중식
2021-02-14,호박된장찌개,중식
2021-02-14,제육볶음,중식
2021-02-14,무나물,중식
2021-02-14,김장김치,중식
2021-02-14,요구르트 아이스크림 떠먹는형,중식
2021-02-15,흑미밥,중식
2021-02-15,버섯쇠고기찌개,중식
2021-02-15,오징어볶음,중식
2021-02-15,김자반,중식
2021-02-15,김장김치,중식
2021-02-15,우유,중식
2021-02-16,잡곡밥,중식
2021-02-16,쇠고기육개장,중식
2021-02-16,꽈리고추멸치볶음,중식
2021-02-16,찹쌀탕수육,중식
2021-02-16,김장김치,중식
2021-02-16,한라봉,중식
2021-02-17,검은콩밥,중식
2021-02-17,감자탕,중식
2021-02-17,갈치순살튀김,중식
2021-02-17,시금치된장무침,중식
2021-02-17,김장김치,중식
2021-02-17,과일푸딩,중식
2021-02-18,잡곡밥,중식
2021-02-18,버섯된장찌개,중식
2021-02-18,돼지불고기,중식
2021-02-18,콩나물매운무침,중식
2021-02-18,김장김치,중식
2021-02-18,우유,중식
2021-02-19,잡곡밥,중식
2021-02-19,감자수제비국,중식
2021-02-19,팝콘형치킨너겟,중식
2021-02-19,갑오징어야채무침,중식
2021-02-19,김장김치,중식
2021-02-19,요구르트 아이스크림 떠먹는형,중식
2021-02-20,닭고기부추밥,중식
2021-02-20,된장국,중식
2021-02-20,김자반,중식
2021-02-20,김장김치,중식
2021-02-20,우유,중식
2021-02-20,감귤 주스,중식
2021-02-21,쇠고기덮밥,중식
2021-02-21,콩나물김치국,중식
2021-02-21,무나물,중식
2021-02-21,김장김치,중식
2021-02-21,이온음료,중식
2021-02-22,흑미밥,중식
2021-02-22,쇠고기미역국,중식
2021-02-22,제육볶음,중식
2021-02-22,단호박튀김,중식
2021-02-22,양배추쌈,중식
2021-02-22,파김치,중식
2021-02-22,감귤 주스,중식
2021-02-23,잡곡밥,중식
2021-02-23,꼬꼬떡국,중식
2021-02-23,우엉잡채,중식
2021-02-23,오징어젓무침,중식
2021-02-23,김장김치,중식
2021-02-23,우유,중식
2021-02-24,검은콩밥,중식
2021-02-24,닭고기육개장,중식
2021-02-24,코다리콩나물찜,중식
2021-02-24,브로콜리/초고추장,중식
2021-02-24,백김치,중식
2021-02-24,커피음료,중식
2021-02-25,잡곡밥,중식
2021-02-25,홍합탕,중식
2021-02-25,골뱅이오징어채볶음,중식
2021-02-25,깐풍기,중식
2021-02-25,김장김치,중식
2021-02-25,감귤 주스,중식
2021-02-26,비빔밥,중식
2021-02-26,달래된장국,중식
2021-02-26,계란후라이,중식
2021-02-26,파김치,중식
2021-02-26,유산균 발효 음료,중식
2021-02-27,감자밥,중식
2022-08-16,오징어링칠리소스,중식
2022-08-16,소갈비찜,중식
2022-08-16,무초절이,중식
2022-08-16,배추김치,중식
2022-08-17,밥,중식
2022-08-17,녹두백숙,중식
2022-08-17,생선묵야채볶음,중식
2022-08-17,모듬야채&쌈장,중식
2022-08-17,무말랭이무침,중식
2022-08-17,배추김치,중식
2022-08-18,물냉면,중식
2022-08-18,김가루주먹밥,중식
2022-08-18,새우튀김,중식
2022-08-18,삶은계란,중식
2022-08-18,핫도그,중식
2022-08-18,배추김치,중식
2022-08-19,흑미밥,중식
2022-08-19,닭고기김치찜,중식
2022-08-19,조기구이,중식
2022-08-19,깻잎육전,중식
2022-08-19,도토리묵&양념장,중식
2022-08-19,깍두기,중식
2022-08-19,복숭아,중식
2022-08-20,베이컨김치볶음밥,중식
2022-08-20,순두부찌개,중식
2022-08-20,가지볶음,중식
2022-08-20,찐만두,중식
2022-08-20,깍두기,중식
2022-08-20,우유,중식
2022-08-21,밥,중식
2022-08-21,닭고기육개장,중식
2022-08-21,베이컨김치볶음,중식
2022-08-21,꽈리고추멸치볶음,중식
2022-08-21,오믈렛,중식
2022-08-16,쫄면,중식
2022-08-15,깍두기,중식
2022-08-15,오이양파무침,중식
2021-02-04,북어채국,중식
2021-02-04,닭고기매운조림,중식
2021-02-04,비빔당면,중식
2021-02-04,김장김치,중식
2021-02-05,잡곡밥,중식
2021-02-05,광어매운탕,중식
2021-02-05,닭강정,중식
2021-02-05,브로콜리/초고추장,중식
2021-02-05,김장김치,중식
2021-02-05,유산균 발효 음료,중식
2021-02-06,달걀케첩볶음밥,중식
2021-02-06,생선묵국,중식
2021-02-06,두부조림,중식
2021-02-06,김장김치,중식
2021-02-06,감귤 주스,중식
2021-02-07,밥,중식
2021-02-07,두부고추장찌개,중식
2021-02-07,궁중닭찜,중식
2021-02-07,무나물,중식
2021-02-07,김장김치,중식
2021-02-08,흑미밥,중식
2021-02-08,쇠고기미역국,중식
2021-02-08,깐풍기,중식
2021-02-08,황태채무침,중식
2021-02-08,김장김치,중식
2021-02-08,우유,중식
2021-02-09,영양밥,중식
2021-02-09,청국장,중식
2021-02-09,오징어튀김,중식
2021-02-09,갓김치,중식
2021-02-09,초콜릿,중식
2021-02-10,검은콩밥,중식
2021-02-10,대구매운탕,중식
2021-02-10,오삼불고기,중식
2021-02-10,양배추쌈,중식
2021-02-10,김장김치,중식
2021-02-10,탄산음료,중식
2021-02-11,쇠고기볶음밥,중식
2021-02-11,콩나물김치국,중식
2021-02-11,계란후라이,중식
2021-02-11,김장김치,중식
2021-02-11,요구르트 아이스크림 떠먹는형,중식
2021-02-12,잡곡밥,중식
2021-02-12,버섯된장찌개,중식
2021-02-12,쇠고기불고기,중식
2021-01-06,흑미밥,중식
2021-01-06,쇠고기감자국,중식
2021-01-06,미트볼케찹조림,중식
2021-01-06,갑오징어야채무침,중식
2021-01-06,김장김치,중식
2022-08-21,깍두기,중식
2022-08-21,자연은 제주감귤 180ml,중식
2022-08-22,잡곡밥,중식
2022-08-22,얼큰홍합탕,중식
2022-08-22,순대야채볶음,중식
2022-08-22,버팔로윙,중식
2022-08-22,깻잎순무침,중식
2022-08-22,배추김치,중식
2022-08-23,비빔냉면,중식
2022-08-23,김가루주먹밥,중식
2022-08-23,치킨텐더,중식
2022-08-23,삶은계란,중식
2022-08-23,깻잎육전,중식
2022-08-23,배추김치,중식
2022-08-23,자두,중식
2022-08-24,전투식량,중식
2022-08-24,호박된장찌개,중식
2022-08-24,잡채,중식
2022-08-24,팥빙수,중식
2022-08-24,우유,중식
2022-08-25,나가사끼짬뽕,중식
2022-08-25,밥,중식
2022-08-25,애호박나물,중식
2022-08-25,궁중닭찜,중식
2022-08-25,배추김치,중식
2022-08-25,신선형,중식
2022-08-26,햄야채볶음밥,중식
2022-08-26,짬뽕찌개,중식
2022-08-26,가지볶음,중식
2022-08-26,만두유린기,중식
2022-08-26,배추김치,중식
2022-08-26,우유,중식
2022-08-27,볶음밥,중식
2022-08-27,콩나물김치국,중식
2022-08-27,새우튀김,중식
2022-08-27,깍두기,중식
2022-08-27,바나나,중식
2022-08-28,자장밥,중식
2022-08-28,배추된장국,중식
2022-08-28,소떡소떡,중식
2022-08-28,계란후라이,중식
2022-08-28,배추김치,중식
2022-08-29,잡곡밥,중식
2022-08-29,도가니탕,중식
2022-08-29,오징어볶음,중식
2022-08-29,오이부추무침,중식
2022-08-29,깍두기,중식
2022-08-29,우유,중식
2022-08-30,냉모밀,중식
2022-08-30,김가루주먹밥,중식
2022-08-30,찐만두,중식
2022-08-30,브리또,중식
2022-08-30,배추김치,중식
2022-08-30,복숭아,중식
2022-08-31,제육덮밥,중식
2022-08-31,쇠고기미역국,중식
2022-08-31,잡채,중식
2022-08-31,야채춘권&칠리소스,중식
2022-08-31,배추김치,중식
2022-09-01,쇠고기덮밥,중식
2022-09-01,김치찌개,중식
2022-09-01,생선가스,중식
2022-09-01,야채샐러드,중식
2022-09-01,깍두기,중식
2022-09-02,냉모밀,중식
2022-09-02,밥,중식
2022-09-02,돈가스,중식
2022-09-02,찐만두,중식
2022-09-02,고구마샐러드,중식
2022-09-02,배추김치,중식
2022-09-03,잡곡밥,중식
2022-09-03,호박된장찌개,중식
2021-01-14,김장김치,중식
2021-01-14,농후 발효유,중식
2021-01-14,감귤 주스,중식
2021-01-15,잡곡밥,중식
2021-01-15,감자수제비국,중식
2021-01-15,떡볶이,중식
2021-01-15,만두튀김,중식
2021-01-15,김장김치,중식
2021-01-15,사이다,중식
2021-01-16,밥,중식
2021-01-16,순두부찌개,중식
2021-01-16,잡채,중식
2021-01-16,조기양념찜,중식
2021-01-16,김장김치,중식
2021-01-16,농후 발효유,중식
2021-01-16,요구르트 아이스크림 떠먹는형,중식
2021-01-17,밥,중식
2021-01-17,두부고추장찌개,중식
2021-01-11,꽈리고추멸치볶음,중식
2021-01-11,닭고기매운조림,중식
2021-01-11,김장김치,중식
2021-01-11,감귤 주스,중식
2021-01-12,잡곡밥,중식
2021-01-12,홍합탕,중식
2021-01-12,돼지고기김치볶음,중식
2021-01-12,비빔당면,중식
2021-01-12,김장김치,중식
2021-01-12,딸기,중식
2021-01-13,잡곡밥,중식
2021-01-13,쇠고기미역국,중식
2021-01-13,오삼불고기,중식
2021-01-13,계란찜,중식
2021-01-13,파김치,중식
2021-01-13,초콜릿,중식
2021-01-14,검은콩밥,중식
2021-01-06,짜먹는요구르트,중식
2021-01-07,검은콩밥,중식
2021-01-07,북어채국,중식
2021-01-07,깐풍기,중식
2021-01-07,오이부추무침,중식
2021-01-07,김장김치,중식
2021-01-08,잡곡밥,중식
2021-01-08,김치찌개,중식
2021-01-08,우엉잡채,중식
2021-01-08,오징어볶음,중식
2021-01-08,깍두기,중식
2021-01-08,요구르트 아이스크림 떠먹는형,중식
2021-01-09,밥,중식
2021-01-09,닭볶음탕,중식
2021-01-09,떡볶이,중식
2021-01-09,콩나물무침,중식
2021-01-09,김장김치,중식
2021-01-09,탄산음료,중식
2021-01-10,고추참치덮밥,중식
2021-01-10,쇠고기무국,중식
2021-01-10,계란후라이,중식
2021-01-10,김장김치,중식
2021-01-11,흑미밥,중식
2021-01-11,명태무찌개,중식
2022-09-03,비엔나소시지케찹볶음,중식
2021-01-01,잡곡밥,중식
2021-01-01,호박된장찌개,중식
2021-01-01,쇠고기불고기,중식
2021-01-01,양배추쌈,중식
2021-01-01,김장김치,중식
2021-01-01,건빵,중식
2021-01-01,음료수 탄산 과일,중식
2021-01-02,밥,중식
2021-01-02,햄소시지찌개,중식
2021-01-02,감자채볶음,중식
2021-01-02,무나물,중식
2021-01-02,김장김치,중식
2021-01-03,밥,중식
2021-01-03,닭곰탕,중식
2021-01-03,느타리버섯볶음,중식
2021-01-03,시금치고추장무침,중식
2021-01-03,깍두기,중식
2021-01-03,콜라,중식
2021-01-03,감귤 주스,중식
2021-01-04,흑미밥,중식
2021-01-04,쇠고기육개장,중식
2021-01-04,탕수육,중식
2021-01-04,무생채,중식
2021-01-04,김장김치,중식
2021-01-04,요구르트 아이스크림 떠먹는형,중식
2021-01-05,바지락비빔밥,중식
2021-01-05,쇠고기미역국,중식
2021-01-05,계란후라이,중식
2021-01-05,김장김치,중식
2021-01-05,감귤,중식
2021-01-29,쇠고기미역국,중식
2021-01-29,닭강정,중식
2021-01-29,오징어젓무침,중식
2021-01-29,김장김치,중식
2021-01-30,햄야채볶음밥,중식
2021-01-30,생선묵국,중식
2021-01-30,스크램블에그,중식
2021-01-30,김장김치,중식
2021-01-30,요구르트 아이스크림 떠먹는형,중식
2021-01-31,밥,중식
2021-01-31,배추된장국,중식
2021-01-31,마파두부,중식
2021-01-31,김자반,중식
2021-01-31,김장김치,중식
2021-01-24,무나물M531:무생채대,중식
2021-01-24,김장김치,중식
2021-01-24,감귤 주스,중식
2021-01-25,흑미밥,중식
2021-01-25,대구매운탕,중식
2021-01-25,닭갈비,중식
2021-01-25,브로콜리/초고추장,중식
2021-01-25,김장김치,중식
2021-01-25,사이다,중식
2021-01-26,스파게티,중식
2021-01-26,오징어튀김,중식
2021-01-26,오이양파장아찌,중식
2021-01-26,김장김치,중식
2021-01-26,감귤,중식
2021-01-27,영양밥,중식
2021-01-27,버섯된장찌개,중식
2021-01-27,꽈리고추멸치볶음,중식
2021-01-27,김장김치,중식
2021-01-27,유산균 발효 음료,중식
2021-01-28,검은콩밥,중식
2021-01-28,쇠고기육개장,중식
2021-01-28,참치김치볶음,중식
2021-01-28,갈치순살튀김,중식
2021-01-28,깍두기,중식
2021-01-21,김장김치,중식
2021-01-21,감귤 주스,중식
2021-01-21,비빔밥,중식
2021-01-21,버섯된장찌개,중식
2021-01-21,계란후라이,중식
2021-01-22,잡곡밥,중식
2021-01-22,닭고기육개장,중식
2021-01-22,아귀찜,중식
2021-01-22,깻잎무침,중식
2021-01-22,김장김치,중식
2021-01-22,유산균 발효 음료,중식
2021-01-23,밥,중식
2021-01-23,햄소시지찌개,중식
2021-01-23,감자채볶음,중식
2021-01-23,꽁치김치조림,중식
2021-01-23,깍두기,중식
2021-01-23,이온음료,중식
2021-01-24,밥,중식
2021-01-24,콩나물김치국,중식
2021-01-24,궁중닭찜,중식
2021-01-17,비엔나소시지야채볶음,중식
2021-01-17,감자조림,중식
2021-01-17,김장김치,중식
2021-01-17,감귤 주스,중식
2021-01-18,흑미밥,중식
2021-01-18,광어매운탕,중식
2021-01-18,쇠고기불고기,중식
2021-01-18,양배추쌈M582:오이무침대,중식
2021-01-18,파김치,중식
2021-01-18,에너지바,중식
2021-01-19,생우동,중식
2021-01-19,야채튀김,중식
2021-01-19,고구마샐러드,중식
2021-01-19,김장김치,중식
2021-01-20,흑미밥,중식
2021-01-20,감자탕,중식
2021-01-20,꽈리고추멸치볶음,중식
2021-01-20,게맛살튀김,중식
2021-01-20,갓김치,중식
2021-01-20,커피음료,중식
2021-01-14,쇠고기육개장,중식
2021-01-14,생선가스,중식
2021-01-14,브로콜리/초고추장,중식
2022-02-26,쇠고기덮밥,중식
2022-02-26,쇠고기미역국,중식
2022-02-26,찹쌀탕수육,중식
2022-02-26,김장김치,중식
2022-02-26,바나나,중식
2022-02-27,밥,중식
2022-02-27,김치찌개,중식
2022-02-27,잡채,중식
2022-02-27,궁중닭찜,중식
2022-02-27,김장김치,중식
2022-02-27,사과,중식
2022-02-28,흑미밥,중식
2022-02-28,쇠고기육개장,중식
2022-02-28,오징어볶음,중식
2022-02-28,우엉조림,중식
2022-02-28,달래무침,중식
2022-02-28,김장김치,중식
2022-02-28,배,중식
2022-03-01,쇠고기덮밥,중식
2022-03-01,김치찌개,중식
2022-03-01,돈가스,중식
2022-03-01,깍두기,중식
2022-03-02,흑미밥,중식
2022-03-02,호박된장찌개,중식
2022-03-02,꽈리고추멸치볶음,중식
2022-03-02,닭강정,중식
2022-03-02,배추김치,중식
2022-03-02,우유,중식
2022-03-03,밥,중식
2022-03-03,홍합탕,중식
2022-03-03,돼지고기김치볶음,중식
2022-03-03,대왕오징어튀김,중식
2022-03-03,깍두기,중식
2022-03-03,초콜릿,중식
2022-03-04,잡곡밥,중식
2022-03-04,김치찌개,중식
2022-03-04,데리야끼갈릭치킨,중식
2022-03-04,야채샐러드,중식
2022-03-04,깍두기,중식
2022-03-04,우유,중식
2022-03-05,밥,중식
2022-03-05,짬뽕찌개,중식
2022-03-05,탕수육,중식
2022-03-05,단무지무침,중식
2022-03-05,배추김치,중식
2022-03-05,감귤 주스,중식
2022-03-06,닭고기덮밥,중식
2022-03-06,새우순두부계란탕,중식
2022-03-06,쇠고기우엉잡채,중식
2022-03-06,배추김치,중식
2022-03-06,사과,중식
2022-03-06,건빵,중식
2022-03-07,잡곡밥,중식
2022-03-07,닭곰탕,중식
2022-03-07,돼지고기김치볶음,중식
2022-03-07,오징어젓무침,중식
2022-03-07,깍두기,중식
2022-03-07,농후 발효유,중식
2022-03-08,밥,중식
2022-03-08,호박된장찌개,중식
2022-03-08,돼지고기수육,중식
2022-03-08,모듬쌈,중식
2022-03-08,콩나물매운무침,중식
2022-03-08,배추김치,중식
2021-01-31,농후 발효유,중식
2021-02-01,흑미밥,중식
2021-02-01,명태무찌개,중식
2021-02-01,닭갈비,중식
2021-02-01,깻잎무침,중식
2021-02-01,김장김치,중식
2021-02-01,감귤 주스,중식
2021-02-02,햄치즈버거,중식
2021-02-02,우유,중식
2021-02-03,쇠고기파프리카볶음,중식
2021-02-03,고구마맛탕,중식
2021-02-03,김장김치,중식
2021-02-03,우유,중식
2021-02-03,검은콩밥,중식
2021-02-03,배추된장국,중식
2021-02-04,잡곡밥,중식
2021-01-28,커피음료,중식
2021-01-29,잡곡밥,중식
2022-02-12,밥,중식
2022-02-12,김치찌개,중식
2022-02-12,닭강정,중식
2022-02-12,김자반,중식
2022-02-12,김장김치,중식
2022-02-12,커피음료,중식
2022-02-13,밥,중식
2022-02-13,호박된장찌개,중식
2022-02-13,제육볶음,중식
2022-02-13,양배추쌈,중식
2022-02-13,콩나물매운무침,중식
2022-02-13,김장김치,중식
2022-02-13,감귤 주스,중식
2022-02-14,흑미밥,중식
2022-02-14,쇠고기미역국,중식
2022-02-14,두부김치,중식
2022-02-14,잡채,중식
2022-02-14,깍두기,중식
2022-02-14,우유,중식
2022-02-15,비빔밥,중식
2022-02-15,황태채국,중식
2022-02-15,깐풍기,중식
2022-02-15,김장김치,중식
2022-02-15,단감,중식
2022-02-16,잡곡밥,중식
2022-02-16,호박된장찌개,중식
2022-02-16,돼지고기수육,중식
2022-02-16,배추쌈,중식
2022-02-16,미나리콩나물무침,중식
2022-02-16,김장김치,중식
2022-02-16,음료수 탄산 과일,중식
2022-02-17,흑미밥,중식
2022-02-17,닭곰탕,중식
2022-02-17,오징어볶음,중식
2022-02-17,브로콜리/초고추장,중식
2022-02-17,김장김치,중식
2022-02-17,딸기,중식
2022-02-18,잡곡밥,중식
2022-02-18,콩나물김치국,중식
2022-02-18,언양식바싹불고기,중식
2022-02-18,오징어브로콜리숙회,중식
2022-02-18,미나리콩나물무침,중식
2022-02-18,깍두기,중식
2022-02-18,사과,중식
2022-02-19,밥,중식
2022-02-19,시금치된장국,중식
2022-02-19,닭고기김치찜,중식
2022-02-19,두부매운조림,중식
2022-02-19,백김치,중식
2022-02-19,배,중식
2022-02-20,밥,중식
2022-02-20,참치미역국,중식
2022-02-20,닭갈비,중식
2022-02-20,미트볼양념조림,중식
2022-02-20,김장김치,중식
2022-02-20,감귤 주스,중식
2022-02-21,햄야채볶음밥,중식
2022-02-21,굴짬뽕찌개,중식
2022-02-21,북경식탕수육 ,중식
2022-02-21,김장김치,중식
2022-02-21,유산균 발효 음료,중식
2022-02-22,잡곡밥,중식
2022-02-22,삼계탕,중식
2022-02-22,오징어볶음,중식
2022-02-22,모듬야채&쌈장,중식
2022-02-22,김장김치,중식
2022-02-23,흑미밥,중식
2022-02-23,쇠고기육개장,중식
2022-02-23,꽈리고추멸치볶음,중식
2022-02-23,골뱅이야채무침,중식
2022-02-23,김장김치,중식
2022-02-23,배,중식
2022-02-24,콩나물밥,중식
2022-02-24,고구마로제찜닭,중식
2022-02-24,순두부계란찜,중식
2022-02-24,김장김치,중식
2022-02-24,이온음료,중식
2022-02-25,닭고기부추밥,중식
2022-02-25,무청시래기국,중식
2022-02-25,찐고구마,중식
2022-02-25,코다리조림,중식
2022-02-25,김장김치,중식
2022-02-25,요구르트 아이스크림 떠먹는형,중식
2022-01-28,요구르트 아이스크림 떠먹는형,중식
2022-01-29,잡곡밥,중식
2022-01-29,김치찌개,중식
2022-01-29,까르보나라떡볶이,중식
2022-01-29,고구마튀김,중식
2022-01-29,깍두기,중식
2022-01-29,커피음료,중식
2022-01-30,밥,중식
2022-01-30,바지락순두부찌개,중식
2022-01-30,제육볶음,중식
2022-01-30,양배추쌈,중식
2022-01-30,김장김치,중식
2022-01-30,배,중식
2022-01-31,잡곡밥,중식
2022-01-31,한우갈비탕,중식
2022-01-31,감자조림,중식
2022-01-31,오징어젓무침,중식
2022-01-31,김장김치,중식
2022-02-01,밥,중식
2022-02-01,바지락순두부찌개,중식
2022-02-01,잡채,중식
2022-02-01,닭강정,중식
2022-02-01,김장김치,중식
2022-02-02,잡곡밥,중식
2022-02-02,호박된장찌개,중식
2022-02-02,오리불고기,중식
2022-02-02,시금치무침,중식
2022-02-02,김장김치,중식
2022-02-02,곶감,중식
2022-02-03,밥,중식
2022-02-03,김치찌개,중식
2022-02-03,돈가스,중식
2022-02-03,맛김,중식
2022-02-03,야채샐러드,중식
2022-02-03,깍두기,중식
2022-02-03,요구르트 아이스크림 떠먹는형,중식
2022-02-04,지코바치킨덮밥,중식
2022-02-04,잡곡밥,중식
2022-02-04,북어들깨미역국,중식
2022-02-04,오징어볶음,중식
2022-02-04,김장김치,중식
2022-02-04,사과,중식
2022-02-05,주먹밥,중식
2022-02-05,쑥갓어묵국,중식
2022-02-05,떡볶이,중식
2022-02-05,김장김치,중식
2022-02-05,농후 발효유,중식
2022-02-06,밥,중식
2022-02-06,김치찌개,중식
2022-02-06,깐쇼새우,중식
2022-02-06,스크램블에그,중식
2022-02-06,깍두기,중식
2022-02-06,감귤,중식
2022-02-07,밥,중식
2022-02-07,순두부찌개,중식
2022-02-07,데리야끼갈릭치킨,중식
2022-02-07,무초절이,중식
2022-02-07,모듬과일샐러드,중식
2022-02-07,김장김치,중식
2022-02-08,비빔밥,중식
2022-02-08,청국장,중식
2022-02-08,계란후라이,중식
2022-02-08,김장김치,중식
2022-02-08,사과,중식
2022-02-09,검은콩밥,중식
2022-02-09,감자탕,중식
2022-02-09,꽈리고추멸치볶음,중식
2022-02-09,계란찜,중식
2022-02-09,파김치,중식
2022-02-10,밥,중식
2022-02-10,감자수제비국,중식
2022-02-10,매운쭈꾸미볶음,중식
2022-02-10,만두유린기,중식
2022-02-10,김자반,중식
2022-02-10,김장김치,중식
2022-02-10,배,중식
2022-02-11,잡곡밥,중식
2022-02-11,냉이국,중식
2022-02-11,돈파육,중식
2022-02-11,미나리콩나물무침,중식
2022-02-11,김장김치,중식
2022-02-11,사과,중식
2022-01-14,탕수육,중식
2022-01-14,김장김치,중식
2022-01-14,음료수 탄산 과일,중식
2022-01-15,잡곡밥,중식
2022-01-15,호박된장찌개,중식
2022-01-15,제육볶음,중식
2022-01-15,콩나물매운무침,중식
2022-01-15,김장김치,중식
2022-01-15,감귤 주스,중식
2022-01-16,밥,중식
2022-01-16,쇠고기무국,중식
2022-01-16,오징어볶음,중식
2022-01-16,김자반,중식
2022-01-16,감자조림,중식
2022-01-16,김장김치,중식
2022-01-17,잡곡밥,중식
2022-01-17,닭볶음탕,중식
2022-01-17,꽈리고추멸치볶음,중식
2022-01-17,삼치순살튀김,중식
2022-01-17,김장김치,중식
2022-01-17,우유,중식
2022-01-18,비빔밥,중식
2022-01-18,황태채국,중식
2022-01-18,오리훈제야채볶음,중식
2022-01-18,김장김치,중식
2022-01-18,우유,중식
2022-01-18,감귤,중식
2022-01-19,검은콩밥,중식
2022-01-19,굴짬뽕찌개,중식
2022-01-19,깐풍기,중식
2022-01-19,시금치무침,중식
2022-01-19,김장김치,중식
2022-01-20,잡곡밥,중식
2022-01-20,연포탕,중식
2022-01-20,쇠고기우엉잡채,중식
2022-01-20,콩나물매운무침,중식
2022-01-20,김장김치,중식
2022-01-20,배,중식
2022-01-21,꼬막비빔밥,중식
2022-01-21,배추된장국,중식
2022-01-21,닭강정,중식
2022-01-21,맛김,중식
2022-01-21,김장김치,중식
2022-01-21,사과,중식
2022-01-22,밥,중식
2022-01-22,김치찌개,중식
2022-01-22,파채돈가스,중식
2022-01-22,야채샐러드,중식
2022-01-22,깍두기,중식
2022-01-23,주먹밥,중식
2022-01-23,쑥갓어묵국,중식
2022-01-23,떡볶이,중식
2022-01-23,삶은계란,중식
2022-01-23,단무지무침,중식
2022-01-23,김장김치,중식
2022-01-23,감귤 주스,중식
2022-01-24,잡곡밥,중식
2022-01-24,북어들깨미역국,중식
2022-01-24,돼지불고기,중식
2022-01-24,시금치고추장무침,중식
2022-01-24,김장김치,중식
2022-01-25,볶음밥,중식
2022-01-25,짬뽕찌개,중식
2022-01-25,북경식탕수육 ,중식
2022-01-25,김장김치,중식
2022-01-25,딸기,중식
2022-01-26,잡곡밥,중식
2022-01-26,콩나물국,중식
2022-01-26,매운쭈꾸미볶음,중식
2022-01-26,계란찜,중식
2022-01-26,김장김치,중식
2022-01-26,배,중식
2022-01-27,스파게티,중식
2022-01-27,치즈돈가스,중식
2022-01-27,야채샐러드,중식
2022-01-27,김장김치,중식
2022-01-27,단감,중식
2022-01-28,카레밥,중식
2022-01-28,쑥갓어묵국,중식
2022-01-28,탄두리치킨,중식
2022-01-28,모듬과일샐러드,중식
2022-01-28,김장김치,중식
2021-12-31,전복버터야채볶음,중식
2021-12-31,닭고기김치찜,중식
2021-12-31,김장김치,중식
2021-12-31,배,중식
2022-01-01,잡곡밥,중식
2022-01-01,호박된장찌개,중식
2022-01-01,쇠고기불고기,중식
2022-01-01,양배추쌈,중식
2022-01-01,김장김치,중식
2022-01-02,흑미밥,중식
2022-01-02,햄소시지찌개,중식
2022-01-02,두부조림,중식
2022-01-02,닭순살샐러드,중식
2022-01-02,김장김치,중식
2022-01-03,잡곡밥,중식
2022-01-03,바지락순두부찌개,중식
2022-01-03,제육볶음,중식
2022-01-03,코다리조림,중식
2022-01-03,무나물,중식
2022-01-03,김장김치,중식
2022-01-04,검은콩밥,중식
2022-01-04,쇠고기육개장,중식
2022-01-04,잡채,중식
2022-01-04,매운돼지갈비찜,중식
2022-01-04,김장김치,중식
2022-01-04,우유 살균형,중식
2022-01-05,밥,중식
2022-01-05,돼지고기고추장찌개,중식
2022-01-05,쫀득치킨꿔바로우후르츠소스,중식
2022-01-05,단호박샐러드,중식
2022-01-05,파김치,중식
2022-01-05,음료수 탄산 과일,중식
2022-01-06,해물볶음우동,중식
2022-01-06,야채튀김,중식
2022-01-06,찐고구마,중식
2022-01-06,김장김치,중식
2022-01-06,단감,중식
2022-01-07,쇠고기덮밥,중식
2022-01-07,된장국,중식
2022-01-07,돈가스,중식
2022-01-07,모듬과일샐러드,중식
2022-01-07,김장김치,중식
2022-01-07,사과,중식
2022-01-08,잡곡밥,중식
2022-01-08,김치찌개,중식
2022-01-08,쇠고기버섯볶음,중식
2022-01-08,팝콘형치킨너겟,중식
2022-01-08,깍두기,중식
2022-01-08,바나나,중식
2022-01-09,밥,중식
2022-01-09,닭고기육개장,중식
2022-01-09,돼지고기김치볶음,중식
2022-01-09,꽈리고추멸치볶음,중식
2022-01-09,김장김치,중식
2022-01-09,배,중식
2022-01-10,잡곡밥,중식
2022-01-10,무청시래기국,중식
2022-01-10,닭갈비,중식
2022-01-10,고등어순살강정,중식
2022-01-10,김장김치,중식
2022-01-10,요구르트 아이스크림 떠먹는형,중식
2022-01-11,비빔밥,중식
2022-01-11,홍합탕,중식
2022-01-11,청양마요치킨,중식
2022-01-11,김장김치,중식
2022-01-11,사과,중식
2022-01-12,검은콩밥,중식
2022-01-12,감자탕,중식
2022-01-12,맑은오징어볶음,중식
2022-01-12,계란찜,중식
2022-01-12,김장김치,중식
2022-01-13,잡곡밥,중식
2022-01-13,시금치된장국,중식
2022-01-13,돈파육,중식
2022-01-13,양배추쌈,중식
2022-01-13,미나리콩나물무침,중식
2022-01-13,김장김치,중식
2022-01-13,배,중식
2022-01-14,자장밥,중식
2022-01-14,짬뽕찌개,중식
2021-12-17,스파게티,중식
2021-12-17,파닭,중식
2021-12-17,모듬과일샐러드,중식
2021-12-17,김장김치,중식
2021-12-17,사이다,중식
2021-12-18,밥,중식
2021-12-18,시금치된장국,중식
2021-12-18,닭고기김치찜,중식
2021-12-18,두부조림,중식
2021-12-18,매쉬포테이토,중식
2021-12-18,감귤 주스,중식
2021-12-19,밥,중식
2021-12-19,닭볶음탕,중식
2021-12-19,쇠고기버섯볶음,중식
2021-12-19,순두부양념장,중식
2021-12-19,김장김치,중식
2021-12-20,볶음밥,중식
2021-12-20,굴짬뽕찌개,중식
2021-12-20,북경식탕수육 ,중식
2021-12-20,김장김치,중식
2021-12-20,우유,중식
2021-12-21,잡곡밥,중식
2021-12-21,삼계탕,중식
2021-12-21,야채스틱앤저염쌈장,중식
2021-12-21,김장김치,중식
2021-12-21,감귤,중식
2021-12-22,흑미밥,중식
2021-12-22,호박된장찌개,중식
2021-12-22,삼겹살구이,중식
2021-12-22,모듬쌈,중식
2021-12-22,미나리콩나물무침,중식
2021-12-22,김장김치,중식
2021-12-22,유산균 발효 음료,중식
2021-12-23,참치마요덮밥,중식
2021-12-23,감자수제비국,중식
2021-12-23,깐풍기,중식
2021-12-23,김장김치,중식
2021-12-23,배,중식
2021-12-24,검은콩밥,중식
2021-12-24,콩나물국,중식
2021-12-24,쇠고기우엉잡채,중식
2021-12-24,골뱅이오징어채무침,중식
2021-12-24,김장김치,중식
2021-12-24,사과,중식
2021-12-25,밥,중식
2021-12-25,호박된장찌개,중식
2021-12-25,돼지불고기,중식
2021-12-25,미나리콩나물무침,중식
2021-12-25,김장김치,중식
2021-12-26,밥,중식
2021-12-26,콩나물국,중식
2021-12-26,꽈리고추멸치볶음,중식
2021-12-26,궁중닭찜,중식
2021-12-26,김장김치,중식
2021-12-26,농후 발효유,중식
2021-12-27,흑미밥,중식
2021-12-27,홍합탕,중식
2021-12-27,제육볶음,중식
2021-12-27,콩나물매운무침,중식
2021-12-27,무초절이,중식
2021-12-27,김장김치,중식
2021-12-28,비빔밥,중식
2021-12-28,콩나물국,중식
2021-12-28,치킨가스,중식
2021-12-28,김장김치,중식
2021-12-28,배,중식
2021-12-29,검은콩밥,중식
2021-12-29,호박된장찌개,중식
2021-12-29,돼지고기수육,중식
2021-12-29,미나리콩나물무침,중식
2021-12-29,상추쌈,중식
2021-12-29,김장김치,중식
2021-12-29,요구르트 아이스크림 떠먹는형,중식
2021-12-30,꼬막비빔밥,중식
2021-12-30,쇠고기감자국,중식
2021-12-30,계란후라이,중식
2021-12-30,시금치고추장무침,중식
2021-12-30,김장김치,중식
2021-12-30,우유,중식
2021-12-30,사과,중식
2021-12-31,검은콩밥,중식
2021-12-31,쇠고기육개장,중식
2021-12-02,두부조림,중식
2021-12-02,초콜릿,중식
2021-12-02,우유,중식
2021-12-03,검은콩밥,중식
2021-12-03,햄소시지찌개,중식
2021-12-03,맑은오징어볶음,중식
2021-12-03,모듬어묵조림,중식
2021-12-03,깍두기,중식
2021-12-03,우유,중식
2021-12-04,밥,중식
2021-12-04,닭볶음탕,중식
2021-12-04,비엔나소시지야채볶음,중식
2021-12-04,매쉬포테이토,중식
2021-12-04,깍두기,중식
2021-12-04,감귤 주스,중식
2021-12-05,잡곡밥,중식
2021-12-05,된장국,중식
2021-12-05,제육볶음,중식
2021-12-05,콩나물매운무침,중식
2021-12-05,야채스틱앤저염쌈장,중식
2021-12-05,김장김치,중식
2021-12-05,단감,중식
2021-12-06,흑미밥,중식
2021-12-06,김치찌개,중식
2021-12-06,데리야끼갈릭치킨,중식
2021-12-06,계란찜,중식
2021-12-06,백김치,중식
2021-12-06,음료수 탄산 콜라,중식
2021-12-07,잡곡밥,중식
2021-12-07,쇠고기감자국,중식
2021-12-07,매운쭈꾸미볶음,중식
2021-12-07,쫀득치킨꿔바로우후르츠소스,중식
2021-12-07,파김치,중식
2021-12-07,배,중식
2021-12-08,흑미밥,중식
2021-12-08,닭곰탕,중식
2021-12-08,낙지젓,중식
2021-12-08,오징어야채무침,중식
2021-12-08,깍두기,중식
2021-12-08,우유,중식
2021-12-09,잡곡밥,중식
2021-12-09,콩나물국,중식
2021-12-09,치킨가스,중식
2021-12-09,단호박샐러드,중식
2021-12-09,갓김치,중식
2021-12-09,단감,중식
2021-12-10,잡곡밥,중식
2021-12-10,배추된장국,중식
2021-12-10,돈파육,중식
2021-12-10,미나리콩나물무침,중식
2021-12-10,김장김치,중식
2021-12-10,사과,중식
2021-12-11,후리카케밥,중식
2021-12-11,김치찌개,중식
2021-12-11,쇠고기불고기,중식
2021-12-11,김자반,중식
2021-12-11,김장김치,중식
2021-12-11,바나나,중식
2021-12-12,베이컨김치볶음밥,중식
2021-12-12,가스오부시어묵탕,중식
2021-12-12,치킨텐더,중식
2021-12-12,맛김,중식
2021-12-12,김장김치,중식
2021-12-12,배,중식
2021-12-13,밥,중식
2021-12-13,김치찌개,중식
2021-12-13,꽈리고추멸치볶음,중식
2021-12-13,궁중닭찜,중식
2021-12-13,두부양념장,중식
2021-12-13,김장김치,중식
2021-12-13,요구르트 아이스크림 떠먹는형,중식
2021-12-14,생우동,중식
2021-12-14,대왕오징어튀김,중식
2021-12-14,김장김치,중식
2021-12-14,사과,중식
2021-12-15,흑미밥,중식
2021-12-15,감자탕,중식
2021-12-15,잡채,중식
2021-12-15,삼치순살튀김,중식
2021-12-15,김장김치,중식
2021-12-16,비빔밥,중식
2021-12-16,청국장,중식
2021-12-16,계란후라이,중식
2021-12-16,백김치,중식
2021-12-16,배,중식
2021-12-16,우유,중식
2021-11-17,배추김치,중식
2021-11-17,배,중식
2021-11-18,흑미밥,중식
2021-11-18,광어매운탕,중식
2021-11-18,돼지고기김치볶음,중식
2021-11-18,맛김,중식
2021-11-18,모듬어묵조림,중식
2021-11-18,감귤,중식
2021-11-19,쇠고기덮밥,중식
2021-11-19,감자수제비국,중식
2021-11-19,돈가스,중식
2021-11-19,김자반,중식
2021-11-19,배추김치,중식
2021-11-20,잡곡밥,중식
2021-11-20,김치찌개,중식
2021-11-20,잡채,중식
2021-11-20,궁중닭찜,중식
2021-11-20,사과,중식
2021-11-21,밥,중식
2021-11-21,제육볶음,중식
2021-11-21,콩나물매운무침,중식
2021-11-21,야채스틱앤저염쌈장,중식
2021-11-21,배추김치,중식
2021-11-21,감귤 주스,중식
2021-11-22,베이컨김치볶음밥,중식
2021-11-22,가스오부시어묵탕,중식
2021-11-22,스크램블에그,중식
2021-11-22,배추김치,중식
2021-11-22,단감,중식
2021-11-23,비빔밥,중식
2021-11-23,콩나물국,중식
2021-11-23,깐풍기,중식
2021-11-23,배추김치,중식
2021-11-23,우유,중식
2021-11-23,사과,중식
2021-11-24,잡곡밥,중식
2021-11-24,된장국,중식
2021-11-24,삼겹살구이,중식
2021-11-24,상추쌈,중식
2021-11-24,미나리콩나물무침,중식
2021-11-24,두유,중식
2021-11-25,생우동,중식
2021-11-25,파닭,중식
2021-11-25,배추김치,중식
2021-11-25,감귤,중식
2021-11-26,꼬막비빔밥,중식
2021-11-26,쇠고기미역국,중식
2021-11-26,김자반,중식
2021-11-26,계란후라이,중식
2021-11-26,파김치,중식
2021-11-26,배,중식
2021-11-27,후리카케밥,중식
2021-11-27,김치찌개,중식
2021-11-27,쇠고기불고기,중식
2021-11-27,바나나,중식
2021-11-28,햄야채볶음밥,중식
2021-11-28,스파게티,중식
2021-11-28,모듬과일샐러드,중식
2021-11-28,배추김치,중식
2021-11-28,감귤 주스,중식
2021-11-29,검은콩밥,중식
2021-11-29,감자탕,중식
2021-11-29,꽈리고추멸치볶음,중식
2021-11-29,계란찜,중식
2021-11-29,갓김치,중식
2021-11-29,우유,중식
2021-11-30,흑미밥,중식
2021-11-30,굴짬뽕찌개,중식
2021-11-30,잡채,중식
2021-11-30,팝콘형치킨너겟,중식
2021-11-30,배추김치,중식
2021-11-30,배,중식
2021-12-01,잡곡밥,중식
2021-12-01,시금치된장국,중식
2021-12-01,닭강정,중식
2021-12-01,오징어브로콜리숙회,중식
2021-12-01,김장김치,중식
2021-12-01,커피음료,중식
2021-12-02,흑미밥,중식
2021-12-02,광어매운탕,중식
2021-12-02,돼지고기김치볶음,중식
2021-12-02,맛김,중식
2021-11-02,음료수 탄산 과일,중식
2021-11-03,잡곡밥,중식
2021-11-03,김치찌개,중식
2021-11-03,돼지불고기,중식
2021-11-03,상추쌈,중식
2021-11-03,요구르트 아이스크림 떠먹는형,중식
2021-11-04,삼겹살마요덮밥,중식
2021-11-04,콩나물국,중식
2021-11-04,고구마맛탕,중식
2021-11-04,김자반,중식
2021-11-04,배추김치,중식
2021-11-04,단감,중식
2021-11-05,잡곡밥,중식
2021-11-05,호박된장찌개,중식
2021-11-05,돼지고기수육,중식
2021-11-05,모듬쌈,중식
2021-11-05,배추김치,중식
2021-11-06,밥,중식
2021-11-06,된장국,중식
2021-11-06,제육볶음,중식
2021-11-06,콩나물매운무침,중식
2021-11-06,배추김치,중식
2021-11-06,사과,중식
2021-11-07,밥,중식
2021-11-07,닭볶음탕,중식
2021-11-07,베이컨청경채볶음,중식
2021-11-07,게맛살마요무침,중식
2021-11-07,배추김치,중식
2021-11-07,감귤 주스,중식
2021-11-08,검은콩밥,중식
2021-11-08,잡채,중식
2021-11-08,삼치순살튀김,중식
2021-11-08,닭고기김치찜,중식
2021-11-08,유산균 발효 음료,중식
2021-11-09,비빔밥,중식
2021-11-09,배추된장국,중식
2021-11-09,치킨너겟,중식
2021-11-09,계란후라이,중식
2021-11-09,배추김치,중식
2021-11-09,사과,중식
2021-11-10,잡곡밥,중식
2021-11-10,꽃게탕,중식
2021-11-10,쇠고기버섯볶음,중식
2021-11-10,계란찜,중식
2021-11-10,배추김치,중식
2021-11-10,단감,중식
2021-11-11,흑미밥,중식
2021-11-11,호박된장찌개,중식
2021-11-11,돈파육,중식
2021-11-11,배추쌈,중식
2021-11-11,미나리콩나물무침,중식
2021-11-11,파김치,중식
2021-11-11,배,중식
2021-11-12,잡곡밥,중식
2021-11-12,쇠고기육개장,중식
2021-11-12,닭갈비,중식
2021-11-12,참돔튀김,중식
2021-11-12,배추김치,중식
2021-11-12,우유,중식
2021-11-13,달걀케첩볶음밥,중식
2021-11-13,짬뽕찌개,중식
2021-11-13,만두튀김,중식
2021-11-13,찹쌀탕수육,중식
2021-11-13,단무지무침,중식
2021-11-13,감귤,중식
2021-11-13,사이다,중식
2021-11-14,밥,중식
2021-11-14,콩나물국,중식
2021-11-14,베이컨청경채볶음,중식
2021-11-14,닭고기김치찜,중식
2021-11-14,김자반,중식
2021-11-14,배,중식
2021-11-15,검은콩밥,중식
2021-11-15,김치찌개,중식
2021-11-15,오징어볶음,중식
2021-11-15,데리야끼갈릭치킨,중식
2021-11-15,우유,중식
2021-11-16,흑미밥,중식
2021-11-16,햄소시지찌개,중식
2021-11-16,새송이버섯야채볶음,중식
2021-11-16,치킨너겟,중식
2021-11-16,깍두기,중식
2021-11-16,사과,중식
2021-11-17,잡곡밥,중식
2021-11-17,시금치된장국,중식
2021-11-17,닭강정,중식
2021-11-17,오징어브로콜리숙회,중식
2023-06-17,새우튀김,중식
2023-06-17,단무지무침,중식
2023-06-17,배추김치,중식
2023-06-18,김가루주먹밥,중식
2023-06-18,콩나물국,중식
2023-06-18,돼지고기김치볶음,중식
2023-06-18,깐쇼새우,중식
2023-06-18,열무김치,중식
2023-06-18,음료수,중식
2023-06-19,자장밥,중식
2023-06-19,짬뽕찌개,중식
2023-06-19,고추잡채&꽃빵,중식
2023-06-19,멘보샤,중식
2023-06-19,배추김치,중식
2023-06-19,비타민음료,중식
2023-06-20,베이컨김치볶음밥,중식
2023-06-20,쫄면,중식
2023-06-20,깐계란,중식
2023-06-20,바베큐폭립,중식
2023-06-20,총각김치,중식
2023-06-20,수박,중식
2023-06-21,밥,중식
2023-06-21,광어매운탕,중식
2023-06-21,차돌박이청경채볶음,중식
2023-06-21,부추겉절이,중식
2023-06-21,청포묵김가루무침,중식
2023-06-21,열무김치,중식
2023-06-22,밥,중식
2023-06-22,닭곰탕,중식
2023-06-22,견과류멸치볶음,중식
2023-06-22,새우튀김,중식
2023-06-22,골뱅이소면무침,중식
2023-06-22,총각김치,중식
2023-06-22,멜론,중식
2023-06-23,참치마요덮밥,중식
2023-06-23,쇠고기미역국,중식
2023-06-23,분모자떡볶이,중식
2023-06-23,그릴소시지구이,중식
2023-06-23,깐계란,중식
2023-06-23,배추김치,중식
2023-06-24,햄야채볶음밥,중식
2023-06-24,꼬치어묵국,중식
2023-06-24,계란후라이,중식
2023-06-24,무&비트피클,중식
2023-06-24,배추김치,중식
2023-06-25,자장밥,중식
2023-06-25,짬뽕찌개,중식
2023-06-25,고추잡채&꽃빵,중식
2023-06-25,계란후라이,중식
2023-06-25,배추김치,중식
2023-06-25,아이스크림,중식
2021-10-28,카레밥,중식
2021-10-28,치킨까스,중식
2021-10-28,야채샐러드,중식
2021-10-28,배추김치,중식
2021-10-28,사과,중식
2021-10-29,잡곡밥,중식
2021-10-29,시금치된장국,중식
2021-10-29,제육볶음,중식
2021-10-29,콩나물매운무침,중식
2021-10-29,배추김치,중식
2021-10-29,배,중식
2021-10-30,검은콩밥,중식
2021-10-30,김치찌개,중식
2021-10-30,잡채,중식
2021-10-30,궁중닭찜,중식
2021-10-30,사과,중식
2021-10-31,카레밥,중식
2021-10-31,치킨너겟,중식
2021-10-31,모듬과일샐러드,중식
2021-10-31,배추김치,중식
2021-10-31,떠먹는 토핑형 발효유,중식
2021-11-01,검은콩밥,중식
2021-11-01,닭볶음탕,중식
2021-11-01,고등어순살강정,중식
2021-11-01,두부조림,중식
2021-11-01,배추김치,중식
2021-11-01,배,중식
2021-11-02,흑미밥,중식
2021-11-02,매운쭈꾸미볶음,중식
2021-11-02,쫀득치킨꿔바로우후르츠소스,중식
2021-11-02,매쉬포테이토,중식
2021-11-02,배추김치,중식
2021-10-25,쇠고기육개장,중식
2021-10-25,오징어볶음,중식
2021-10-25,게맛살마요무침,중식
2021-10-25,갓김치,중식
2021-10-26,잡곡밥,중식
2021-10-26,감자수제비국,중식
2021-10-26,매운쭈꾸미볶음,중식
2021-10-26,돼지갈비찜,중식
2021-10-26,파김치,중식
2021-10-26,우유 살균형,중식
2021-10-27,전투식량 1형1식단,중식
2021-10-27,가스오부시어묵탕,중식
2021-10-27,계란후라이,중식
2021-10-27,배추김치,중식
2021-10-27,아이스크림 샌드위치,중식
2023-06-07,마커니커리라이스,중식
2023-06-07,유부된장국,중식
2023-06-07,치즈롤까스,중식
2023-06-07,시저샐러드,중식
2023-06-07,배추김치,중식
2023-06-08,밥,중식
2023-06-08,홍합탕,중식
2023-06-08,돼지불고기,중식
2023-06-08,감자전,중식
2023-06-08,모듬야채&쌈장,중식
2023-06-08,보쌈김치,중식
2023-06-08,이온음료,중식
2023-06-09,전투식량,중식
2023-06-10,김가루주먹밥,중식
2023-06-10,짬뽕찌개,중식
2023-06-10,동그랑땡,중식
2023-06-10,닭꼬치,중식
2023-06-10,단무지무침,중식
2023-06-10,배추김치,중식
2023-06-11,잡곡밥,중식
2023-06-11,햄소시지찌개,중식
2023-06-11,베이컨야채볶음,중식
2023-06-11,잡채어묵조림,중식
2023-06-11,배추김치,중식
2023-06-11,해태에이치티비,중식
2023-06-12,쇠고기덮밥,중식
2023-06-12,김치찌개,중식
2023-06-12,생선가스,중식
2023-06-12,깻잎양념무침,중식
2023-06-12,유자드레싱샐러드,중식
2023-06-12,총각김치,중식
2023-06-12,요구르트,중식
2023-06-13,영양밥&부추양념장,중식
2023-06-13,조랭이떡들깨탕,중식
2023-06-13,장어강정,중식
2023-06-13,파채무침,중식
2023-06-13,총각김치,중식
2023-06-13,멜론,중식
2023-06-14,비빔밥,중식
2023-06-14,유부어묵국,중식
2023-06-14,언양식바싹불고기,중식
2023-06-14,청포묵김가루무침,중식
2023-06-14,열무김치,중식
2023-06-14,참외,중식
2023-06-15,밥,중식
2023-06-15,갑오징어물회,중식
2023-06-15,순대야채볶음,중식
2023-06-15,가지튀김,중식
2023-06-15,양념고추지,중식
2023-06-15,배추김치,중식
2023-06-15,바나나,중식
2023-06-16,흑미밥,중식
2023-06-16,짬뽕수제비,중식
2023-06-16,돼지고기양장피볶음,중식
2023-06-16,오이부추무침,중식
2023-06-16,배추김치,중식
2023-06-16,아이스크림 팩형,중식
2023-06-17,생우동,중식
2023-06-17,후리가케밥,중식
2021-10-10,야채스틱앤저염쌈장,중식
2021-10-10,배추김치,중식
2021-10-10,감귤 주스,중식
2021-10-11,흑미밥,중식
2021-10-11,잡채,중식
2021-10-11,삼치순살튀김,중식
2021-10-11,닭고기김치찜,중식
2021-10-11,우유,중식
2021-10-12,비빔밥,중식
2021-10-12,배추된장국,중식
2021-10-12,계란후라이,중식
2021-10-12,배추김치,중식
2021-10-12,메론,중식
2021-10-13,밥,중식
2021-10-13,꽃게탕,중식
2021-10-13,마파두부,중식
2021-10-13,고구마맛탕,중식
2021-10-13,배추김치,중식
2021-10-13,사과,중식
2021-10-14,잡곡밥,중식
2021-10-14,돼지불고기,중식
2021-10-14,황태찜,중식
2021-10-14,야채스틱앤저염쌈장,중식
2021-10-14,갓김치,중식
2021-10-14,우유,중식
2021-10-15,흑미밥,중식
2021-10-15,콩나물국,중식
2021-10-15,오징어볶음,중식
2021-10-15,비엔나소시지강정,중식
2021-10-15,김자반,중식
2021-10-15,배추김치,중식
2021-10-15,커피음료,중식
2021-10-16,밥,중식
2021-10-16,된장국,중식
2021-10-16,제육볶음,중식
2021-10-16,양배추쌈,중식
2021-10-16,콩나물매운무침,중식
2021-10-16,배추김치,중식
2021-10-16,배,중식
2021-10-17,밥,중식
2021-10-17,검은콩밥,중식
2021-10-17,콩나물국,중식
2021-10-17,베이컨청경채볶음,중식
2021-10-17,닭고기김치찜,중식
2021-10-18,잡곡밥,중식
2021-10-18,청국장,중식
2021-10-18,오징어볶음,중식
2021-10-18,파닭,중식
2021-10-18,갑오징어야채무침,중식
2021-10-18,야채샐러드,중식
2021-10-18,음료수 탄산 과일,중식
2021-10-19,자장면,중식
2021-10-19,북경식탕수육 ,중식
2021-10-19,단무지무침,중식
2021-10-19,배추김치,중식
2021-10-19,배,중식
2021-10-20,잡곡밥,중식
2021-10-20,콩나물국,중식
2021-10-20,삼겹살구이,중식
2021-10-20,상추쌈,중식
2021-10-20,파김치,중식
2021-10-20,사이다,중식
2021-10-21,잡곡밥,중식
2021-10-21,닭곰탕,중식
2021-10-21,동그랑땡,중식
2021-10-21,골뱅이오징어채무침,중식
2021-10-21,배추김치,중식
2021-10-21,우유,중식
2021-10-22,참치야채비빔밥,중식
2021-10-22,콩나물국,중식
2021-10-22,단호박튀김,중식
2021-10-22,배추김치,중식
2021-10-22,배,중식
2021-10-23,스파게티,중식
2021-10-23,쇠고기팽이버섯떡볶음,중식
2021-10-23,팝콘형치킨너겟,중식
2021-10-23,배추김치,중식
2021-10-23,바나나,중식
2021-10-23,음료수 탄산 콜라,중식
2021-10-24,통새우볶음밥,중식
2021-10-24,콩나물국,중식
2021-10-24,생선가스,중식
2021-10-24,쫄면야채무침,중식
2021-10-24,깍두기,중식
2021-10-24,아이스크림 팩형,중식
2021-10-25,검은콩밥,중식
2021-09-26,밥,중식
2021-09-26,떡볶이,중식
2021-09-26,김자반,중식
2021-09-26,뿌리채소닭순살조림,중식
2021-09-26,배추김치,중식
2021-09-26,아이스크림 팩형,중식
2021-09-27,전투식량 1형1식단,중식
2021-09-27,가스오부시어묵탕,중식
2021-09-27,계란후라이,중식
2021-09-27,갓김치,중식
2021-09-27,유산균 발효 음료,중식
2021-09-28,자장면,중식
2021-09-28,탕수육,중식
2021-09-28,단무지무침,중식
2021-09-28,배추김치,중식
2021-09-28,거봉포도,중식
2021-09-29,잡곡밥,중식
2021-09-29,감자짜글이,중식
2021-09-29,삼겹살구이,중식
2021-09-29,미나리콩나물무침,중식
2021-09-29,깍두기,중식
2021-09-29,음료수 탄산 과일,중식
2021-09-30,잡곡밥,중식
2021-09-30,김치찌개,중식
2021-09-30,잡채,중식
2021-09-30,햄버그스테이크,중식
2021-09-30,갓김치,중식
2021-09-30,아이스크림 떠먹는형,중식
2021-10-01,밥,중식
2021-10-01,호박된장찌개,중식
2021-10-01,돼지고기수육,중식
2021-10-01,모듬쌈,중식
2021-10-01,미나리콩나물무침,중식
2021-10-01,배추김치,중식
2021-10-01,아이스크림 떠먹는형,중식
2021-10-02,흑미밥,중식
2021-10-02,돼지불고기,중식
2021-10-02,쫄면야채무침,중식
2021-10-02,단호박샐러드,중식
2021-10-02,깍두기,중식
2021-10-02,감귤 주스,중식
2021-10-02,우유,중식
2021-10-03,밥,중식
2021-10-03,닭볶음탕,중식
2021-10-03,베이컨청경채볶음,중식
2021-10-03,두부조림,중식
2021-10-03,배추김치,중식
2021-10-03,사과,중식
2021-10-04,제육덮밥,중식
2021-10-04,오징어튀김,중식
2021-10-04,계란후라이,중식
2021-10-04,배추김치,중식
2021-10-04,감귤 주스,중식
2021-10-05,잡곡밥,중식
2021-10-05,쇠고기육개장,중식
2021-10-05,감자채볶음,중식
2021-10-05,마파두부,중식
2021-10-05,배추김치,중식
2021-10-05,메론,중식
2021-10-06,검은콩밥,중식
2021-10-06,김치찌개,중식
2021-10-06,조기튀김,중식
2021-10-06,궁중닭찜,중식
2021-10-06,요구르트 아이스크림 떠먹는형,중식
2021-10-07,볶음밥,중식
2021-10-07,짬뽕찌개,중식
2021-10-07,만두튀김,중식
2021-10-07,단무지무침,중식
2021-10-07,배추김치,중식
2021-10-07,배,중식
2021-10-08,흑미밥,중식
2021-10-08,김치찌개,중식
2021-10-08,닭강정,중식
2021-10-08,오징어브로콜리숙회,중식
2021-10-08,사이다,중식
2021-10-09,쫄면,중식
2021-10-09,콩나물국,중식
2021-10-09,떡볶이,중식
2021-10-09,깐쇼새우,중식
2021-10-09,배추김치,중식
2021-10-09,사인머스켓,중식
2021-10-10,밥,중식
2021-10-10,쇠고기불고기,중식
2021-10-10,콩나물매운무침,중식
2021-09-10,우유,중식
2021-09-11,새우볶음밥,중식
2021-09-11,생선가스,중식
2021-09-11,쫄면야채무침,중식
2021-09-11,배추김치,중식
2021-09-11,사인머스켓,중식
2021-09-12,밥,중식
2021-09-12,햄소시지찌개,중식
2021-09-12,오징어볶음,중식
2021-09-12,계란찜,중식
2021-09-12,배추김치,중식
2021-09-13,검은콩밥,중식
2021-09-13,아귀탕,중식
2021-09-13,마파두부,중식
2021-09-13,치킨너겟,중식
2021-09-13,배추김치,중식
2021-09-13,아이스크림 샌드위치,중식
2021-09-14,쫄면,중식
2021-09-14,콩나물국,중식
2021-09-14,만두튀김,중식
2021-09-14,무초절이,중식
2021-09-14,배추김치,중식
2021-09-14,거봉포도,중식
2021-09-15,흑미밥,중식
2021-09-15,잡채,중식
2021-09-15,삼치순살튀김,중식
2021-09-15,닭고기김치찜,중식
2021-09-15,우유,중식
2021-09-16,비빔밥,중식
2021-09-16,배추된장국,중식
2021-09-16,깐풍기,중식
2021-09-16,열무김치,중식
2021-09-16,방울토마토,중식
2021-09-16,우유,중식
2021-09-17,참치야채비빔밥,중식
2021-09-17,감자수제비국,중식
2021-09-17,단호박샐러드,중식
2021-09-17,열무김치,중식
2021-09-17,우유 살균형,중식
2021-09-18,밥,중식
2021-09-18,돼지고기수육,중식
2021-09-18,콩나물매운무침,중식
2021-09-18,상추쌈,중식
2021-09-18,배추김치,중식
2021-09-18,우유,중식
2021-09-19,잡곡밥,중식
2021-09-19,김치찌개,중식
2021-09-19,쇠고기불고기,중식
2021-09-19,계란찜,중식
2021-09-19,야채스틱앤저염쌈장,중식
2021-09-19,우유,중식
2021-09-20,흑미밥,중식
2021-09-20,감자탕,중식
2021-09-20,게맛살마요무침,중식
2021-09-20,콩나물매운무침,중식
2021-09-20,열무김치,중식
2021-09-20,감귤 주스,중식
2021-09-21,잡곡밥,중식
2021-09-21,잡채,중식
2021-09-21,조기튀김,중식
2021-09-21,소양념갈비,중식
2021-09-21,백김치,중식
2021-09-21,신선형,중식
2021-09-22,밥,중식
2021-09-22,돼지불고기,중식
2021-09-22,계란찜,중식
2021-09-22,야채스틱앤저염쌈장,중식
2021-09-22,배추김치,중식
2021-09-22,아이스크림 콘 완제품,중식
2021-09-23,닭고기부추밥,중식
2021-09-23,배추된장국,중식
2021-09-23,만두튀김,중식
2021-09-23,맛김,중식
2021-09-23,깍두기,중식
2021-09-23,우유,중식
2021-09-24,잡곡밥,중식
2021-09-24,사골곰탕,중식
2021-09-24,오징어볶음,중식
2021-09-24,두부조림,중식
2021-09-24,깍두기,중식
2021-09-24,우유,중식
2021-09-25,짬뽕찌개,중식
2021-09-25,새우튀김,중식
2021-09-25,파채돈가스,중식
2021-09-25,멕시칸샐러드,중식
2021-09-25,깍두기,중식
2021-09-25,음료수 탄산 과일,중식
2021-08-26,매운소갈비찜,중식
2021-08-26,배추김치,중식
2021-08-26,수박,중식
2021-08-27,잡곡밥,중식
2021-08-27,닭곰탕,중식
2021-08-27,미트볼케찹조림,중식
2021-08-27,오징어채무침,중식
2021-08-27,깍두기,중식
2021-08-27,아이스크림 떠먹는형,중식
2021-08-28,참치야채비빔밥,중식
2021-08-28,치킨텐더,중식
2021-08-28,매쉬포테이토,중식
2021-08-28,배추김치,중식
2021-08-28,신선형,중식
2021-08-29,검은콩밥,중식
2021-08-29,김치찌개,중식
2021-08-29,잡채,중식
2021-08-29,팝콘형치킨너겟,중식
2021-08-29,두유,중식
2021-08-30,볶음밥,중식
2021-08-30,깐풍기,중식
2021-08-30,계란후라이,중식
2021-08-30,배추김치,중식
2021-08-30,우유,중식
2021-08-31,새우버거,중식
2021-08-31,음료수 탄산 콜라,중식
2021-08-31,우유,중식
2021-09-01,잡곡밥,중식
2021-09-01,콩나물국,중식
2021-09-01,제육볶음,중식
2021-09-01,양배추쌈,중식
2021-09-01,열무김치,중식
2021-09-01,아이스크림 떠먹는형,중식
2021-09-02,잡곡밥,중식
2021-09-02,찹스테이크,중식
2021-09-02,쫄면야채무침,중식
2021-09-02,매쉬포테이토,중식
2021-09-02,백김치,중식
2021-09-02,방울토마토,중식
2021-09-03,흑미밥,중식
2021-09-03,베이컨청경채볶음,중식
2021-09-03,야채튀김,중식
2021-09-03,닭고기김치찜,중식
2021-09-03,이온음료,중식
2021-09-04,볶음밥,중식
2021-09-04,짬뽕찌개,중식
2021-09-04,스크램블에그,중식
2021-09-04,배추김치,중식
2021-09-05,밥,중식
2021-09-05,닭볶음탕,중식
2021-09-05,돈육굴소스양배추볶음,중식
2021-09-05,두부양념장,중식
2021-09-05,배추김치,중식
2021-09-05,아이스크림 샌드위치,중식
2021-09-06,검은콩밥,중식
2021-09-06,짬뽕찌개,중식
2021-09-06,북경식탕수육 ,중식
2021-09-06,단무지무침,중식
2021-09-06,배추김치,중식
2021-09-06,우유,중식
2021-09-07,잡곡밥,중식
2021-09-07,호박된장찌개,중식
2021-09-07,오리불고기,중식
2021-09-07,모듬쌈,중식
2021-09-07,배추김치,중식
2021-09-07,신선형,중식
2021-09-08,흑미밥,중식
2021-09-08,김치찌개,중식
2021-09-08,야채튀김,중식
2021-09-08,궁중닭찜,중식
2021-09-08,아이스크림 콘 완제품,중식
2021-09-09,쇠고기덮밥,중식
2021-09-09,중화식돈까스,중식
2021-09-09,매쉬포테이토,중식
2021-09-09,열무김치,중식
2021-09-10,잡곡밥,중식
2021-09-10,김치찌개,중식
2021-09-10,데리야끼갈릭치킨,중식
2021-09-10,맛김,중식
2021-09-10,감자어묵조림,중식
2021-09-10,배추김치,중식
2021-08-11,야채샐러드,중식
2021-08-12,열무비빔밥,중식
2021-08-12,깐풍기,중식
2021-08-12,갑오징어야채무침,중식
2021-08-12,배추김치,중식
2021-08-12,신선형,중식
2021-08-13,잡곡밥,중식
2021-08-13,베이컨청경채볶음,중식
2021-08-13,단호박튀김,중식
2021-08-13,닭고기김치찜,중식
2021-08-13,우유,중식
2021-08-13,팥빙수,중식
2021-08-14,참치야채비빔밥,중식
2021-08-14,쇠고기파프리카볶음,중식
2021-08-14,오징어채무침,중식
2021-08-14,배추김치,중식
2021-08-14,바나나,중식
2021-08-15,밥,중식
2021-08-15,돈육굴소스양배추볶음,중식
2021-08-15,꽈리고추멸치볶음,중식
2021-08-15,닭고기매운조림,중식
2021-08-15,배추김치,중식
2021-08-16,흑미밥,중식
2021-08-16,아귀탕,중식
2021-08-16,쇠고기버섯볶음,중식
2021-08-16,야채튀김,중식
2021-08-16,배추김치,중식
2021-08-16,우유,중식
2021-08-17,비빔냉면,중식
2021-08-17,새우튀김,중식
2021-08-17,열무김치,중식
2021-08-17,수박,중식
2021-08-18,검은콩밥,중식
2021-08-18,김치찌개,중식
2021-08-18,새송이버섯야채볶음,중식
2021-08-18,뿌리채소닭순살조림,중식
2021-08-18,에너지바,중식
2021-08-19,비빔밥,중식
2021-08-19,콩나물국,중식
2021-08-19,청양마요치킨,중식
2021-08-19,열무김치,중식
2021-08-19,음료수 탄산 콜라,중식
2021-08-20,밥,중식
2021-08-20,호박된장찌개,중식
2021-08-20,오리불고기,중식
2021-08-20,양배추쌈,중식
2021-08-20,배추김치,중식
2021-08-20,복숭아,중식
2021-08-21,밥,중식
2021-08-21,쇠고기버섯볶음,중식
2021-08-21,닭갈비,중식
2021-08-21,쫄면야채무침,중식
2021-08-21,열무김치,중식
2021-08-21,사인머스켓,중식
2021-08-21,우유,중식
2021-08-22,밥,중식
2021-08-22,배추된장국,중식
2021-08-22,제육볶음,중식
2021-08-22,두부조림,중식
2021-08-22,배추김치,중식
2021-08-22,아이스크림 샌드위치,중식
2021-08-23,흑미밥,중식
2021-08-23,짬뽕찌개,중식
2021-08-23,야채튀김,중식
2021-08-23,닭고기매운조림,중식
2021-08-23,단무지무침,중식
2021-08-23,배추김치,중식
2021-08-23,우유,중식
2021-08-24,비빔밥,중식
2021-08-24,콩나물국,중식
2021-08-24,계란후라이,중식
2021-08-24,열무김치,중식
2021-08-24,멜론,중식
2021-08-24,우유,중식
2021-08-25,잡곡밥,중식
2021-08-25,햄소시지찌개,중식
2021-08-25,삼겹살구이,중식
2021-08-25,두부케첩조림,중식
2021-08-25,백김치,중식
2021-08-25,음료수 탄산 과일,중식
2021-08-26,잡곡밥,중식
2021-08-26,호박된장찌개,중식
2021-08-26,잡채,중식
2021-08-26,조기튀김,중식
2021-07-28,홍합탕,중식
2021-07-28,오징어튀김,중식
2021-07-28,닭고기매운조림,중식
2021-07-28,총각김치,중식
2021-07-29,참치야채비빔밥,중식
2021-07-29,생선묵국,중식
2021-07-29,돈육굴소스양배추볶음,중식
2021-07-29,계란후라이,중식
2021-07-29,배추김치,중식
2021-07-29,아이스크림 샌드위치,중식
2021-07-29,우유,중식
2021-07-30,잡곡밥,중식
2021-07-30,콩나물국,중식
2021-07-30,쇠고기버섯볶음,중식
2021-07-30,깐풍기,중식
2021-07-30,배추김치,중식
2021-07-30,복숭아,중식
2021-07-31,달걀케첩볶음밥,중식
2021-07-31,쇠고기당면국,중식
2021-07-31,김자반,중식
2021-07-31,매쉬포테이토,중식
2021-07-31,총각김치,중식
2021-07-31,신선형,중식
2021-08-01,밥,중식
2021-08-01,닭볶음탕,중식
2021-08-01,꽈리고추멸치볶음,중식
2021-08-01,소시지야채볶음,중식
2021-08-01,배추김치,중식
2021-08-01,아이스크림 샌드위치,중식
2021-08-02,흑미밥,중식
2021-08-02,짬뽕찌개,중식
2021-08-02,북경식탕수육 ,중식
2021-08-02,단무지무침,중식
2021-08-02,배추김치,중식
2021-08-03,잡곡밥,중식
2021-08-03,호박된장찌개,중식
2021-08-03,오리불고기,중식
2021-08-03,양배추쌈,중식
2021-08-03,열무김치,중식
2021-08-03,수박,중식
2021-08-04,흑미밥,중식
2021-08-04,김치찌개,중식
2021-08-04,새송이버섯야채볶음,중식
2021-08-04,뿌리채소닭순살조림,중식
2021-08-04,우유,중식
2021-08-05,물냉면,중식
2021-08-05,쇠고기불고기,중식
2021-08-05,열무김치,중식
2021-08-05,멜론,중식
2021-08-06,제육덮밥,중식
2021-08-06,계란후라이,중식
2021-08-06,단호박샐러드,중식
2021-08-06,오이김치,중식
2021-08-07,밥,중식
2021-08-07,마파두부,중식
2021-08-07,닭강정,중식
2021-08-07,쫄면야채무침,중식
2021-08-07,열무김치,중식
2021-08-07,우유,중식
2021-08-07,자두,중식
2021-08-08,밥,중식
2021-08-08,쇠고기육개장,중식
2021-08-08,잡채,중식
2021-08-08,돼지고기부추볶음,중식
2021-08-08,열무김치,중식
2021-08-09,흑미밥,중식
2021-08-09,감자탕,중식
2021-08-09,계란찜,중식
2021-08-09,게맛살냉채,중식
2021-08-09,깍두기,중식
2021-08-09,우유,중식
2021-08-10,잡곡밥,중식
2021-08-10,한방삼계탕,중식
2021-08-10,야채스틱앤저염쌈장,중식
2021-08-10,배추김치,중식
2021-08-10,수박,중식
2021-08-11,잡곡밥,중식
2021-08-11,김치찌개,중식
2021-08-11,파닭,중식
2021-08-11,무초절이,중식
2021-07-13,백김치,중식
2021-07-13,수박,중식
2021-07-14,밥,중식
2021-07-14,쇠고기미역국,중식
2021-07-14,베이컨청경채볶음,중식
2021-07-14,장어강정,중식
2021-07-14,치커리유자청무침,중식
2021-07-14,배추김치,중식
2021-07-14,워터젤리,중식
2021-07-15,잡곡밥,중식
2021-07-15,김치찌개,중식
2021-07-15,파닭,중식
2021-07-15,순두부양념장,중식
2021-07-15,야채샐러드,중식
2021-07-15,멜론,중식
2021-07-16,잡곡밥,중식
2021-07-16,생선가스,중식
2021-07-16,쫄면야채무침,중식
2021-07-16,단무지무침,중식
2021-07-16,매쉬포테이토,중식
2021-07-17,밥,중식
2021-07-17,김치찌개,중식
2021-07-17,쇠고기파프리카볶음,중식
2021-07-17,맛김,중식
2021-07-17,마요오징어실채무침,중식
2021-07-17,멜론,중식
2021-07-18,밥,중식
2021-07-18,콩나물국,중식
2021-07-18,닭갈비,중식
2021-07-18,오징어채무침,중식
2021-07-18,배추김치,중식
2021-07-18,복숭아,중식
2021-07-19,잡곡밥,중식
2021-07-19,생선묵국,중식
2021-07-19,쇠고기버섯볶음,중식
2021-07-19,두부김치,중식
2021-07-20,흑미밥,중식
2021-07-20,돼지고기수육,중식
2021-07-20,미나리콩나물무침,중식
2021-07-20,모듬쌈,중식
2021-07-20,배추김치,중식
2021-07-21,밥,중식
2021-07-21,한방삼계탕,중식
2021-07-21,오징어젓무침,중식
2021-07-21,야채스틱앤저염쌈장,중식
2021-07-21,총각김치,중식
2021-07-21,수박,중식
2021-07-22,비빔밥,중식
2021-07-22,도토리냉국,중식
2021-07-22,깐풍기,중식
2021-07-22,배추김치,중식
2021-07-23,잡곡밥,중식
2021-07-23,감자수제비국,중식
2021-07-23,베이컨청경채볶음,중식
2021-07-23,닭강정,중식
2021-07-23,총각김치,중식
2021-07-24,밥,중식
2021-07-24,쇠고기육개장,중식
2021-07-24,치킨너겟,중식
2021-07-24,콩나물매운무침,중식
2021-07-24,총각김치,중식
2021-07-24,신선형,중식
2021-07-25,밥,중식
2021-07-25,햄소시지찌개,중식
2021-07-25,쇠고기가지볶음,중식
2021-07-25,두부조림,중식
2021-07-25,총각김치,중식
2021-07-25,아이스크림 콘 완제품,중식
2021-07-26,밥,중식
2021-07-26,마파두부,중식
2021-07-26,북경식탕수육 ,중식
2021-07-26,갑오징어야채무침,중식
2021-07-26,배추김치,중식
2021-07-26,우유,중식
2021-07-27,비빔냉면,중식
2021-07-27,새우튀김,중식
2021-07-27,백김치,중식
2021-07-28,잡곡밥,중식
2021-06-29,생선묵국,중식
2021-06-29,새송이버섯야채볶음,중식
2021-06-29,스크램블에그,중식
2021-06-29,배추김치,중식
2021-06-29,우유,중식
2021-06-30,흑미밥,중식
2021-06-30,닭곰탕,중식
2021-06-30,매운소시지떡볶음,중식
2021-06-30,가지튀김,중식
2021-06-30,오징어젓무침,중식
2021-07-01,잡곡밥,중식
2021-07-01,햄소시지찌개,중식
2021-07-01,돼지고기부추볶음,중식
2021-07-01,두부케첩조림,중식
2021-07-01,깍두기,중식
2021-07-01,멜론,중식
2021-07-02,밥,중식
2021-07-02,감자탕,중식
2021-07-02,계란찜,중식
2021-07-02,게맛살냉채,중식
2021-07-02,오이김치,중식
2021-07-03,흑미밥,중식
2021-07-03,감자수제비국,중식
2021-07-03,쇠고기가지볶음,중식
2021-07-03,닭강정,중식
2021-07-03,배추김치,중식
2021-07-03,신선형,중식
2021-07-04,흑미밥,중식
2021-07-04,닭볶음탕,중식
2021-07-04,꽈리고추멸치볶음,중식
2021-07-04,소시지야채볶음,중식
2021-07-04,배추김치,중식
2021-07-05,흑미밥,중식
2021-07-05,우렁된장찌개,중식
2021-07-05,잡채,중식
2021-07-05,조기튀김,중식
2021-07-05,매운소갈비찜,중식
2021-07-05,배추김치,중식
2021-07-05,팥빙수,중식
2021-07-05,우유,중식
2021-07-06,햄치즈버거,중식
2021-07-06,음료수 탄산 콜라,중식
2021-07-06,우유,중식
2021-07-07,잡곡밥,중식
2021-07-07,김치찌개,중식
2021-07-07,베이컨청경채볶음,중식
2021-07-07,뿌리채소닭순살조림,중식
2021-07-08,비빔밥,중식
2021-07-08,도토리냉국,중식
2021-07-08,깐풍기,중식
2021-07-08,계란후라이,중식
2021-07-08,배추김치,중식
2021-07-08,멜론,중식
2021-07-09,잡곡밥,중식
2021-07-09,전복삼계탕,중식
2021-07-09,야채스틱앤저염쌈장,중식
2021-07-09,깍두기,중식
2021-07-10,검은콩밥,중식
2021-07-10,김치찌개,중식
2021-07-10,쇠고기불고기,중식
2021-07-10,콩나물매운무침,중식
2021-07-10,음료수 탄산 과일,중식
2021-07-11,밥,중식
2021-07-11,쇠고기미역국,중식
2021-07-11,비엔나소시지케찹볶음,중식
2021-07-11,계란찜,중식
2021-07-11,배추김치,중식
2021-07-11,우유,중식
2021-07-12,흑미밥,중식
2021-07-12,닭볶음탕,중식
2021-07-12,고등어순살강정,중식
2021-07-12,게맛살마요무침,중식
2021-07-12,배추김치,중식
2021-07-12,아이스크림 팩형,중식
2021-07-13,물냉면,중식
2021-07-13,탕수육,중식
2021-06-14,오이소박이,중식
2021-06-14,우유,중식
2021-06-15,밥,중식
2021-06-15,버섯된장찌개,중식
2021-06-15,돼지불고기,중식
2021-06-15,상추쌈,중식
2021-06-15,배추김치,중식
2021-06-15,우유,중식
2021-06-16,흑미밥,중식
2021-06-16,명태매운탕,중식
2021-06-16,잡채,중식
2021-06-16,치킨너겟,중식
2021-06-16,총각김치,중식
2021-06-16,이온음료,중식
2021-06-17,비빔밥,중식
2021-06-17,생선묵국,중식
2021-06-17,계란후라이,중식
2021-06-17,배추김치,중식
2021-06-17,수박,중식
2021-06-18,검은콩밥,중식
2021-06-18,시금치된장국,중식
2021-06-18,가지굴소스볶음,중식
2021-06-18,닭강정,중식
2021-06-18,배추김치,중식
2021-06-18,우유,중식
2021-06-19,밥,중식
2021-06-19,감자양파찌개,중식
2021-06-19,잡채,중식
2021-06-19,브로콜리/초고추장,중식
2021-06-19,시금치무침,중식
2021-06-19,총각김치,중식
2021-06-19,아이스크림 샌드위치,중식
2021-06-20,햄야채볶음밥,중식
2021-06-20,계란국,중식
2021-06-20,감자샐러드,중식
2021-06-20,배추김치,중식
2021-06-20,젤리,중식
2021-06-21,밥,중식
2021-06-21,버섯된장찌개,중식
2021-06-21,비엔나소시지케찹볶음,중식
2021-06-21,코다리조림,중식
2021-06-21,깻잎무침,중식
2021-06-21,총각김치,중식
2021-06-21,커피음료,중식
2021-06-22,새우버거,중식
2021-06-22,우유,중식
2021-06-22,음료수 탄산 콜라,중식
2021-06-23,밥,중식
2021-06-23,쇠고기미역국,중식
2021-06-23,브로콜리새우살볶음,중식
2021-06-23,미트볼케찹조림,중식
2021-06-23,파김치,중식
2021-06-23,아이스크림 떠먹는형,중식
2021-06-24,잡곡밥,중식
2021-06-24,김치찌개,중식
2021-06-24,모듬버섯볶음,중식
2021-06-24,애호박나물,중식
2021-06-24,골뱅이오징어채무침,중식
2021-06-24,우유,중식
2021-06-24,멜론,중식
2021-06-25,검은콩밥,중식
2021-06-25,북어채국,중식
2021-06-25,마라제육볶음,중식
2021-06-25,치커리유자청무침,중식
2021-06-25,배추김치,중식
2021-06-25,아이스크림 콘 완제품,중식
2021-06-26,밥,중식
2021-06-26,닭곰탕,중식
2021-06-26,마파두부,중식
2021-06-26,오징어젓무침,중식
2021-06-26,총각김치,중식
2021-06-26,우유,중식
2021-06-27,밥,중식
2021-06-27,햄소시지찌개,중식
2021-06-27,가지굴소스쇠고기볶음,중식
2021-06-27,브로콜리/초고추장,중식
2021-06-27,총각김치,중식
2021-06-28,흑미밥,중식
2021-06-28,짬뽕찌개,중식
2021-06-28,데리야끼갈릭치킨,중식
2021-06-28,단무지무침,중식
2021-06-28,야채샐러드,중식
2021-06-28,배추김치,중식
2021-06-29,밥,중식
2021-06-01,밥,중식
2021-06-01,감자탕,중식
2021-06-01,쇠고기버섯볶음,중식
2021-06-01,야채튀김,중식
2021-06-01,계란찜,중식
2021-06-01,총각김치,중식
2021-06-01,바나나,중식
2021-06-02,밥,중식
2021-06-02,북어채국,중식
2021-06-02,꽈리고추멸치볶음,중식
2021-06-02,닭강정,중식
2021-06-02,총각김치,중식
2021-06-02,아이스크림 콘 완제품,중식
2021-06-03,밥,중식
2021-06-03,감자양파찌개,중식
2021-06-03,쇠고기파프리카볶음,중식
2021-06-03,오징어튀김,중식
2021-06-03,배추김치,중식
2021-06-03,우유,중식
2021-06-04,검은콩밥,중식
2021-06-04,광어매운탕,중식
2021-06-04,잡채,중식
2021-06-04,애호박나물,중식
2021-06-04,배추김치,중식
2021-06-04,음료수 탄산 과일,중식
2021-06-05,밥,중식
2021-06-05,시금치된장국,중식
2021-06-05,제육볶음,중식
2021-06-05,오이무침,중식
2021-06-05,파김치,중식
2021-06-05,우유,중식
2021-06-06,돼지고기부추덮밥,중식
2021-06-06,오징어국,중식
2021-06-06,맛김,중식
2021-06-06,감자샐러드,중식
2021-06-06,총각김치,중식
2021-06-06,아이스크림 콘 완제품,중식
2021-06-07,밥,중식
2021-06-07,짬뽕찌개,중식
2021-06-07,고추잡채,중식
2021-06-07,오이무침,중식
2021-06-07,배추김치,중식
2021-06-08,밥,중식
2021-06-08,닭곰탕,중식
2021-06-08,오징어볶음,중식
2021-06-08,잡채,중식
2021-06-08,총각김치,중식
2021-06-08,우유,중식
2021-06-09,밥,중식
2021-06-09,호박된장찌개,중식
2021-06-09,꽈리고추멸치볶음,중식
2021-06-09,궁중닭찜,중식
2021-06-09,총각김치,중식
2021-06-09,아이스크림 샌드위치,중식
2021-06-10,비빔밥,중식
2021-06-10,건새우아욱된장국,중식
2021-06-10,계란후라이,중식
2021-06-10,배추김치,중식
2021-06-10,신선형,중식
2021-06-11,검은콩밥,중식
2021-06-11,닭고기육개장,중식
2021-06-11,조기튀김,중식
2021-06-11,시금치맛살무침,중식
2021-06-11,갓김치,중식
2021-06-12,밥,중식
2021-06-12,짬뽕찌개,중식
2021-06-12,고추잡채,중식
2021-06-12,단무지무침,중식
2021-06-12,배추김치,중식
2021-06-13,밥,중식
2021-06-13,순두부찌개,중식
2021-06-13,버섯호박볶음,중식
2021-06-13,궁중닭찜,중식
2021-06-13,총각김치,중식
2021-06-13,아이스크림 팩형,중식
2021-06-14,밥,중식
2021-06-14,햄소시지찌개,중식
2021-06-14,파닭,중식
2021-06-14,무생채,중식
2021-05-18,검은콩밥,중식
2021-05-18,북어채국,중식
2021-05-18,오삼불고기,중식
2021-05-18,모듬쌈,중식
2021-05-18,배추김치,중식
2021-05-18,우유,중식
2021-05-18,사이다,중식
2021-05-19,비빔밥,중식
2021-05-19,호박된장찌개,중식
2021-05-19,계란후라이,중식
2021-05-19,배추김치,중식
2021-05-19,아이스크림 떠먹는형,중식
2021-05-20,생우동,중식
2021-05-20,오징어튀김,중식
2021-05-20,배추김치,중식
2021-05-20,우유,중식
2021-05-21,잡곡밥,중식
2021-05-21,감자수제비국,중식
2021-05-21,낙지볶음,중식
2021-05-21,오이부추무침,중식
2021-05-21,배추김치,중식
2021-05-21,아이스크림 콘 완제품,중식
2021-05-22,햄야채볶음밥,중식
2021-05-22,계란국,중식
2021-05-22,김자반,중식
2021-05-22,콩나물매운무침,중식
2021-05-22,배추김치,중식
2021-05-22,감귤 주스,중식
2021-05-23,자장면,중식
2021-05-23,고추잡채,중식
2021-05-23,총각김치,중식
2021-05-23,단무지무침,중식
2021-05-23,배추김치,중식
2021-05-23,요구르트 아이스크림 떠먹는형,중식
2021-05-24,흑미밥,중식
2021-05-24,북어채국,중식
2021-05-24,쇠고기불고기,중식
2021-05-24,오이무침,중식
2021-05-24,파김치,중식
2021-05-24,감귤 주스,중식
2021-05-25,쫄면,중식
2021-05-25,콩나물국,중식
2021-05-25,만두튀김,중식
2021-05-25,배추김치,중식
2021-05-25,멜론,중식
2021-05-26,잡곡밥,중식
2021-05-26,홍합탕,중식
2021-05-26,돈가스,중식
2021-05-26,오이부추무침,중식
2021-05-26,배추김치,중식
2021-05-26,우유,중식
2021-05-27,잡곡밥,중식
2021-05-27,호박된장찌개,중식
2021-05-27,삼겹살구이,중식
2021-05-27,상추쌈,중식
2021-05-27,배추김치,중식
2021-05-27,우유,중식
2021-05-27,음료수 탄산 콜라,중식
2021-05-28,잡곡밥,중식
2021-05-28,느타리버섯볶음,중식
2021-05-28,게맛살튀김,중식
2021-05-28,갑오징어야채무침,중식
2021-05-28,배추김치,중식
2021-05-28,팥빙수,중식
2021-05-29,밥,중식
2021-05-29,김치찌개,중식
2021-05-29,오리불고기,중식
2021-05-29,오이양파장아찌,중식
2021-05-29,깍두기,중식
2021-05-29,감귤 주스,중식
2021-05-30,고추참치덮밥,중식
2021-05-30,햄소시지찌개,중식
2021-05-30,계란후라이,중식
2021-05-30,깍두기,중식
2021-05-30,아이스크림 팩형,중식
2021-05-31,버섯쇠고기찌개,중식
2021-05-31,장어강정,중식
2021-05-31,마요오징어실채무침,중식
2021-05-31,배추김치,중식
2021-05-31,우유,중식
2022-12-22,너비아니,중식
2022-12-22,오징어젓무침,중식
2022-12-22,핫도그,중식
2022-12-22,백김치,중식
2022-12-22,배,중식
2022-12-23,참치마요덮밥,중식
2022-12-23,쇠고기미역국,중식
2022-12-23,베이컨감자채볶음,중식
2022-12-23,분모자떡볶이,중식
2022-12-23,호빵,중식
2022-12-23,배추김치,중식
2022-12-24,스파게티,중식
2022-12-24,단무지무침,중식
2022-12-24,단호박샐러드,중식
2022-12-24,배추김치,중식
2022-12-25,밥,중식
2022-12-25,쇠고기무국,중식
2022-12-25,마파두부,중식
2022-12-25,순대야채볶음,중식
2022-12-25,배추김치,중식
2022-12-25,요구르트 아이스크림 떠먹는형,중식
2022-12-26,햄야채볶음밥,중식
2022-12-26,건새우아욱된장국,중식
2022-12-26,탕수육,중식
2022-12-26,브로콜리초고추장,중식
2022-12-26,배추김치,중식
2022-12-27,밥,중식
2022-12-27,굴국,중식
2022-12-27,낙지볶음,중식
2022-12-27,돼지훈제,중식
2022-12-27,상추쌈,중식
2022-12-27,배추김치,중식
2022-12-28,잡곡밥,중식
2022-12-28,햄소시지찌개,중식
2022-12-28,새우가스,중식
2022-12-28,궁중닭찜,중식
2022-12-28,오이부추무침,중식
2022-12-28,배추김치,중식
2022-12-29,비빔국수,중식
2022-12-29,잡곡밥,중식
2022-12-29,콩나물국,중식
2022-12-29,느타리버섯볶음,중식
2022-12-29,바베큐폭립,중식
2022-12-29,배추김치,중식
2022-12-30,잡곡밥,중식
2022-12-30,명태매운탕,중식
2022-12-30,오징어볶음,중식
2022-12-30,청양마요치킨,중식
2022-12-30,배추김치,중식
2022-12-30,감귤,중식
2022-12-31,자장밥,중식
2022-12-31,짬뽕찌개,중식
2022-12-31,찹쌀꿔바로우,중식
2022-12-31,계란후라이,중식
2022-12-31,배추김치,중식
2022-12-31,음료수 탄산 콜라,중식
2023-01-01,잡곡밥,중식
2023-01-01,감자탕,중식
2023-01-01,멸치볶음,중식
2023-01-01,햄슬라이스야채볶음,중식
2023-01-01,배추김치,중식
2023-01-02,영양밥&부추양념장,중식
2023-01-02,굴국,중식
2023-01-02,제육볶음,중식
2023-01-02,코다리순살콩나물찜,중식
2023-01-02,파채무침,중식
2023-01-02,배추김치,중식
2023-01-03,쇠고기덮밥,중식
2023-01-03,김치찌개,중식
2021-05-17,명태매운탕,중식
2021-05-17,잡채,중식
2021-05-17,훈제오리/쌈무/머스타드소스,중식
2021-05-17,배추김치,중식
2021-05-17,워터젤리,중식
2022-12-10,밥,중식
2022-12-10,배추된장국,중식
2022-12-10,잡채,중식
2022-12-10,너비아니,중식
2022-12-10,스크램블에그,중식
2022-12-10,배추김치,중식
2022-12-10,사과,중식
2022-12-11,김가루주먹밥,중식
2022-12-11,꼬치어묵국,중식
2022-12-11,분모자떡볶이,중식
2022-12-11,고추잡채김말이,중식
2022-12-11,순대,중식
2022-12-11,배추김치,중식
2022-12-11,단감,중식
2022-12-12,장어덮밥,중식
2022-12-12,도토리묵사발,중식
2022-12-12,우엉채조림,중식
2022-12-12,계란말이,중식
2022-12-12,오이부추무침,중식
2022-12-12,배추김치,중식
2022-12-13,나가사끼짬뽕,중식
2022-12-13,밥,중식
2022-12-13,데리야끼갈릭치킨,중식
2022-12-13,청포묵김가루무침,중식
2022-12-13,배추김치,중식
2022-12-13,배,중식
2022-12-14,영양밥&부추양념장,중식
2022-12-14,쇠고기육개장,중식
2022-12-14,바베큐폭립,중식
2022-12-14,닭고기김치찜,중식
2022-12-14,깻잎양념무침,중식
2022-12-14,배추김치,중식
2022-12-15,잡곡밥,중식
2022-12-15,닭칼국수,중식
2022-12-15,순대야채볶음,중식
2022-12-15,고구마튀김,중식
2022-12-15,간장깻잎지,중식
2022-12-15,배추김치,중식
2022-12-15,감귤,중식
2022-12-16,잡곡밥,중식
2022-12-16,감자탕,중식
2022-12-16,견과류멸치볶음,중식
2022-12-16,언양식바싹불고기,중식
2022-12-16,깍두기,중식
2022-12-17,밥,중식
2022-12-17,시금치된장국,중식
2022-12-17,새우튀김,중식
2022-12-17,오징어브로콜리숙회,중식
2022-12-17,배추김치,중식
2022-12-18,스팸마요덮밥,중식
2022-12-18,꼬치어묵국,중식
2022-12-18,분모자떡볶이,중식
2022-12-18,계란후라이,중식
2022-12-18,배추김치,중식
2022-12-18,탄산음료,중식
2022-12-19,차슈덮밥,중식
2022-12-19,굴국,중식
2022-12-19,애호박나물,중식
2022-12-19,회오리감자,중식
2022-12-19,코다리순살콩나물찜,중식
2022-12-19,배추김치,중식
2022-12-20,김가루주먹밥,중식
2022-12-20,생우동,중식
2022-12-20,치즈롤까스,중식
2022-12-20,콘옥수수야채무침,중식
2022-12-20,시저샐러드,중식
2022-12-20,배추김치,중식
2022-12-20,감귤,중식
2022-12-21,흑미밥,중식
2022-12-21,갈비탕,중식
2022-12-21,오징어튀김,중식
2022-12-21,훈제삼겹,중식
2022-12-21,쌈무,중식
2022-12-21,모듬쌈,중식
2022-12-21,보쌈김치,중식
2022-12-22,팥죽,중식
2022-12-22,후리가케밥,중식
2022-11-26,짬뽕찌개,중식
2022-11-26,찹쌀꿔바로우,중식
2022-11-26,야채샐러드,중식
2022-11-26,참깨드레싱,중식
2022-11-26,배추김치,중식
2022-11-26,사이다,중식
2022-11-27,잡곡밥,중식
2022-11-27,팽이버섯두부국,중식
2022-11-27,제육볶음,중식
2022-11-27,고등어무조림,중식
2022-11-27,깻잎양념무침,중식
2022-11-27,배추김치,중식
2022-11-28,잡곡밥,중식
2022-11-28,생선가스,중식
2022-11-28,매운소갈비찜,중식
2022-11-28,청포묵김가루무침,중식
2022-11-28,배추김치,중식
2022-11-29,잡곡밥,중식
2022-11-29,비빔국수,중식
2022-11-29,얼큰홍합탕,중식
2022-11-29,삼겹살구이,중식
2022-11-29,상추쌈,중식
2022-11-29,배추김치,중식
2022-11-29,배,중식
2022-11-30,잡곡밥,중식
2022-11-30,삼계탕,중식
2022-11-30,견과류멸치볶음,중식
2022-11-30,너비아니,중식
2022-11-30,깻잎양념무침,중식
2022-11-30,배추김치,중식
2022-12-01,쇠고기덮밥,중식
2022-12-01,김치찌개,중식
2022-12-01,생선가스,중식
2022-12-01,오징어야채무침,중식
2022-12-01,모듬과일샐러드,중식
2022-12-01,깍두기,중식
2022-12-01,사이다,중식
2022-12-02,전투식량 2형1식단,중식
2022-12-03,잡곡밥,중식
2022-12-03,호박된장찌개,중식
2022-12-03,비엔나소시지케찹볶음,중식
2022-12-03,치킨텐더,중식
2022-12-03,배추김치,중식
2022-12-03,배,중식
2022-12-04,검은콩밥,중식
2022-12-04,콩나물국,중식
2022-12-04,제육볶음,중식
2022-12-04,모듬야채&쌈장,중식
2022-12-04,배추김치,중식
2022-12-05,잡곡밥,중식
2022-12-05,호박된장찌개,중식
2022-12-05,쇠고기불고기,중식
2022-12-05,주꾸미볶음,중식
2022-12-05,방어순살튀김,중식
2022-12-05,배추김치,중식
2022-12-06,잡곡밥,중식
2022-12-06,참치김치찌개,중식
2022-12-06,삼겹살구이,중식
2022-12-06,미나리콩나물무침,중식
2022-12-06,모듬쌈,중식
2022-12-06,깍두기,중식
2022-12-06,사이다,중식
2022-12-07,밥,중식
2022-12-07,삼계탕,중식
2022-12-07,멸치볶음,중식
2022-12-07,오징어젓무침,중식
2022-12-07,배추김치,중식
2022-12-07,배,중식
2022-12-08,검은콩밥,중식
2022-12-08,건새우아욱된장국,중식
2022-12-08,갈치순살튀김,중식
2022-12-08,매운돼지갈비찜,중식
2022-12-08,무말랭이무침,중식
2022-12-08,배추김치,중식
2022-12-08,감귤,중식
2022-12-09,전투식량 2형1식단,중식
2022-11-13,흑미밥,중식
2022-11-13,사골떡만둣국,중식
2022-11-13,잡채,중식
2022-11-13,그릴소시지구이,중식
2022-11-13,오징어젓무침,중식
2022-11-13,배추김치,중식
2022-11-14,잡곡밥,중식
2022-11-14,쇠고기육개장,중식
2022-11-14,돼지고기김치볶음,중식
2022-11-14,청양마요치킨,중식
2022-11-14,단호박샐러드,중식
2022-11-14,갓김치,중식
2022-11-15,밥,중식
2022-11-15,갈비탕,중식
2022-11-15,훈제오리볶음,중식
2022-11-15,오이파프리카무침,중식
2022-11-15,상추쌈,중식
2022-11-15,깍두기,중식
2022-11-15,대추방울토마토,중식
2022-11-16,밥,중식
2022-11-16,김치찌개,중식
2022-11-16,견과류멸치볶음,중식
2022-11-16,베이컨야채볶음,중식
2022-11-16,궁중닭찜,중식
2022-11-16,깍두기,중식
2022-11-16,우유,중식
2022-11-17,밥,중식
2022-11-17,꽃게탕,중식
2022-11-17,매운돼지갈비찜,중식
2022-11-17,감자조림,중식
2022-11-17,콘옥수수야채무침,중식
2022-11-17,배추김치,중식
2022-11-17,감귤,중식
2022-11-18,밥,중식
2022-11-18,꼬치어묵국,중식
2022-11-18,궁중떡볶이,중식
2022-11-18,야채튀김,중식
2022-11-18,순대,중식
2022-11-18,배추김치,중식
2022-11-18,단감,중식
2022-11-19,후리가케밥,중식
2022-11-19,쇠고기미역국,중식
2022-11-19,버팔로윙,중식
2022-11-19,무&비트피클,중식
2022-11-19,배추김치,중식
2022-11-19,우유,중식
2022-11-20,잡곡밥,중식
2022-11-20,호박된장찌개,중식
2022-11-20,돼지불고기,중식
2022-11-20,야채스틱앤저염쌈장,중식
2022-11-20,콩나물매운무침,중식
2022-11-20,깍두기,중식
2022-11-21,카레밥,중식
2022-11-21,유부된장국,중식
2022-11-21,치즈롤까스,중식
2022-11-21,고들빼기무침,중식
2022-11-21,시저샐러드,중식
2022-11-21,배추김치,중식
2022-11-22,검은콩밥,중식
2022-11-22,닭칼국수,중식
2022-11-22,새우가스,중식
2022-11-22,우엉채조림,중식
2022-11-22,무말랭이무침,중식
2022-11-22,배추김치,중식
2022-11-22,우유,중식
2022-11-23,전투식량 2형1식단,중식
2022-11-24,돈코츠라멘,중식
2022-11-24,후리가케밥,중식
2022-11-24,새우튀김,중식
2022-11-24,무말랭이무침,중식
2022-11-24,배추김치,중식
2022-11-24,요구르트 아이스크림 떠먹는형,중식
2022-11-25,영양밥&부추양념장,중식
2022-11-25,굴국,중식
2022-11-25,제육볶음,중식
2022-11-25,잡채,중식
2022-11-25,해물파전,중식
2022-11-25,갓김치,중식
2022-11-26,햄야채볶음밥,중식
2022-10-31,잔치국수,중식
2022-10-31,치킨가라아게,중식
2022-10-31,무&비트피클,중식
2022-10-31,배추김치,중식
2022-10-31,치킨가스,중식
2022-10-31,과일샐러드,중식
2022-10-31,배추김치,중식
2022-10-31,배,중식
2022-10-31,우유,중식
2022-11-01,잡곡밥,중식
2022-11-01,굴미역국,중식
2022-11-01,쇠고기불고기,중식
2022-11-01,물만두,중식
2022-11-01,상추쌈,중식
2022-11-01,오이부추무침,중식
2022-11-01,배추김치,중식
2022-11-01,감귤,중식
2022-11-02,후리가케밥,중식
2022-11-02,쑥갓어묵국,중식
2022-11-02,분모자떡볶이,중식
2022-11-02,고추잡채김말이,중식
2022-11-02,순대,중식
2022-11-02,배추김치,중식
2022-11-02,요구르트 아이스크림 떠먹는형,중식
2022-11-03,전투식량 2형1식단,중식
2022-11-04,스파게티,중식
2022-11-04,밥,중식
2022-11-04,바게트,중식
2022-11-04,유부어묵국,중식
2022-11-04,치즈함박스테이크소스,중식
2022-11-04,단무지무침,중식
2022-11-04,배추김치,중식
2022-11-05,후리가케밥,중식
2022-11-05,데리야끼갈릭치킨,중식
2022-11-05,계란말이,중식
2022-11-05,무&비트피클,중식
2022-11-05,배추김치,중식
2022-11-05,우유,중식
2022-11-06,잡곡밥,중식
2022-11-06,호박된장찌개,중식
2022-11-06,제육볶음,중식
2022-11-06,간장깻잎지,중식
2022-11-06,미나리콩나물무침,중식
2022-11-06,배추김치,중식
2022-11-06,음료수 탄산 과일,중식
2022-11-07,스팸마요덮밥,중식
2022-11-07,건새우아욱된장국,중식
2022-11-07,미트볼케찹조림,중식
2022-11-07,갑오징어야채무침,중식
2022-11-07,배추김치,중식
2022-11-07,탄산음료,중식
2022-11-08,새우버거,중식
2022-11-08,고구마치즈스틱,중식
2022-11-08,음료수 탄산 콜라,중식
2022-11-08,우유,중식
2022-11-09,전투식량 2형1식단,중식
2022-11-10,밥,중식
2022-11-10,나가사끼짬뽕,중식
2022-11-10,후리가케밥,중식
2022-11-10,찹쌀꿔바로우,중식
2022-11-10,바베큐폭립,중식
2022-11-10,고구마샐러드,중식
2022-11-10,배추김치,중식
2022-11-10,감귤,중식
2022-11-11,잡곡밥,중식
2022-11-11,삼계탕,중식
2022-11-11,견과류멸치볶음,중식
2022-11-11,모듬야채&쌈장,중식
2022-11-11,무말랭이무침,중식
2022-11-11,배추김치,중식
2022-11-11,배,중식
2022-11-12,잡곡밥,중식
2022-11-12,베이컨김치볶음밥,중식
2022-11-12,감자계란국,중식
2022-11-12,버팔로윙,중식
2022-11-12,깍두기,중식
2022-11-12,커피음료,중식
2022-10-18,나가사끼짬뽕,중식
2022-10-18,애호박나물,중식
2022-10-18,찹쌀꿔바로우,중식
2022-10-18,시저샐러드,중식
2022-10-18,배추김치,중식
2022-10-18,단감,중식
2022-10-19,닭칼국수,중식
2022-10-19,검은콩밥,중식
2022-10-19,새우가스,중식
2022-10-19,우엉채조림,중식
2022-10-19,무말랭이무침,중식
2022-10-19,배추김치,중식
2022-10-20,불고기버거,중식
2022-10-20,고구마치즈스틱,중식
2022-10-20,양송이스프,중식
2022-10-20,배,중식
2022-10-21,카레밥,중식
2022-10-21,유부된장국,중식
2022-10-21,치즈롤까스,중식
2022-10-21,고들빼기무침,중식
2022-10-21,시저샐러드,중식
2022-10-21,배추김치,중식
2022-10-22,잡곡밥,중식
2022-10-22,쇠고기미역국,중식
2022-10-22,버팔로윙,중식
2022-10-22,계란찜,중식
2022-10-22,깍두기,중식
2022-10-22,바나나,중식
2022-10-23,후리가케밥,중식
2022-10-23,꼬치어묵국,중식
2022-10-23,궁중떡볶이,중식
2022-10-23,삶은계란,중식
2022-10-23,순대,중식
2022-10-23,배추김치,중식
2022-10-23,사과,중식
2022-10-24,잡곡밥,중식
2022-10-24,설렁탕,중식
2022-10-24,제육볶음,중식
2022-10-24,고등어무조림,중식
2022-10-24,깻잎양념무침,중식
2022-10-24,배추김치,중식
2022-10-24,에너지바,중식
2022-10-25,후리가케밥,중식
2022-10-25,돈코츠라멘,중식
2022-10-25,새우튀김,중식
2022-10-25,고들빼기무침,중식
2022-10-25,배추김치,중식
2022-10-26,잡곡밥,중식
2022-10-26,감자탕,중식
2022-10-26,생선가스,중식
2022-10-26,청포묵김가루무침,중식
2022-10-26,오이양파무침,중식
2022-10-26,백김치,중식
2022-10-27,비빔국수,중식
2022-10-27,잡곡밥,중식
2022-10-27,얼큰홍합탕,중식
2022-10-27,무말랭이무침,중식
2022-10-27,소불고기덮밥소스,중식
2022-10-27,배추김치,중식
2022-10-27,배,중식
2022-10-28,영양밥&부추양념장,중식
2022-10-28,쇠고기무국,중식
2022-10-28,주꾸미볶음,중식
2022-10-28,김자반,중식
2022-10-28,고구마샐러드,중식
2022-10-28,갓김치,중식
2022-10-28,우유,중식
2022-10-29,잡곡밥,중식
2022-10-29,돼지국밥,중식
2022-10-29,고구마튀김,중식
2022-10-29,부추겉절이,중식
2022-10-29,배추김치,중식
2022-10-29,사인머스켓,중식
2022-10-30,잡곡밥,중식
2022-10-30,호박된장찌개,중식
2022-10-30,돼지불고기,중식
2022-10-30,야채스틱앤저염쌈장,중식
2022-10-30,콩나물매운무침,중식
2022-10-30,깍두기,중식
2022-10-30,단감,중식
2022-10-31,햄야채볶음밥,중식
2022-10-04,스파게티,중식
2022-10-04,밥,중식
2022-10-04,바게트,중식
2022-10-04,바베큐폭립,중식
2022-10-04,단무지무침,중식
2022-10-04,배추김치,중식
2022-10-04,비타민음료,중식
2022-10-05,검은콩밥,중식
2022-10-05,김치찌개,중식
2022-10-05,데리야끼갈릭치킨,중식
2022-10-05,계란말이,중식
2022-10-05,무&비트피클,중식
2022-10-05,갓김치,중식
2022-10-05,사이다,중식
2022-10-06,잡곡밥,중식
2022-10-06,호박된장찌개,중식
2022-10-06,삼겹살구이,중식
2022-10-06,미나리콩나물무침,중식
2022-10-06,모듬쌈,중식
2022-10-06,간장깻잎지,중식
2022-10-06,배추김치,중식
2022-10-06,음료수 탄산 콜라,중식
2022-10-07,스팸마요덮밥,중식
2022-10-07,건새우아욱된장국,중식
2022-10-07,맛김,중식
2022-10-07,미트볼케찹조림,중식
2022-10-07,갑오징어야채무침,중식
2022-10-07,배추김치,중식
2022-10-08,잡곡밥,중식
2022-10-08,베이컨김치볶음밥,중식
2022-10-08,감자계란국,중식
2022-10-08,버팔로윙,중식
2022-10-08,깍두기,중식
2022-10-09,햄야채볶음밥,중식
2022-10-09,꼬치어묵국,중식
2022-10-09,분모자떡볶이,중식
2022-10-09,순대,중식
2022-10-09,물만두,중식
2022-10-09,배추김치,중식
2022-10-10,밥,중식
2022-10-10,순두부찌개,중식
2022-10-10,치즈함박스테이크소스,중식
2022-10-10,감자조림,중식
2022-10-10,콘옥수수야채무침,중식
2022-10-10,배추김치,중식
2022-10-11,잡곡밥,중식
2022-10-11,삼계탕,중식
2022-10-11,견과류멸치볶음,중식
2022-10-11,모듬야채&쌈장,중식
2022-10-11,고들빼기무침,중식
2022-10-11,배추김치,중식
2022-10-11,우유,중식
2022-10-12,전투식량 2형1식단,중식
2022-10-13,흑미밥,중식
2022-10-13,사골떡만둣국,중식
2022-10-13,잡채,중식
2022-10-13,그릴소시지구이,중식
2022-10-13,오징어젓무침,중식
2022-10-13,배추김치,중식
2022-10-13,배,중식
2022-10-14,꼬막비빔밥,중식
2022-10-14,콩나물국,중식
2022-10-14,치킨텐더,중식
2022-10-14,김자반,중식
2022-10-14,계란말이,중식
2022-10-14,간장깻잎지,중식
2022-10-14,깍두기,중식
2022-10-15,잡곡밥,중식
2022-10-15,건새우아욱된장국,중식
2022-10-15,녹두전,중식
2022-10-15,돼지훈제,중식
2022-10-15,고들빼기무침,중식
2022-10-15,배추김치,중식
2022-10-15,요구르트 아이스크림 떠먹는형,중식
2022-10-16,밥,중식
2022-10-16,닭고기육개장,중식
2022-10-16,베이컨야채볶음,중식
2022-10-16,견과류멸치볶음,중식
2022-10-16,깍두기,중식
2022-10-17,전투식량 2형1식단,중식
2022-09-19,차슈덮밥,중식
2022-09-19,시금치된장국,중식
2022-09-19,애호박나물,중식
2022-09-19,회오리감자,중식
2022-09-19,코다리순살조림,중식
2022-09-19,배추김치,중식
2022-09-20,비빔밥,중식
2022-09-20,차돌된장찌개,중식
2022-09-20,하와이안함박,중식
2022-09-20,고들빼기무침,중식
2022-09-20,청포묵김가루무침,중식
2022-09-20,배추김치,중식
2022-09-21,흑미밥,중식
2022-09-21,수육&비빔국수,중식
2022-09-21,얼큰홍합탕,중식
2022-09-21,모듬쌈,중식
2022-09-21,무말랭이무침,중식
2022-09-21,열무김치,중식
2022-09-22,쫄면,중식
2022-09-22,김가루주먹밥,중식
2022-09-22,치즈롤까스,중식
2022-09-22,그린샐러드,중식
2022-09-22,참깨드레싱,중식
2022-09-22,열무김치,중식
2022-09-23,참치마요덮밥,중식
2022-09-23,쇠고기미역국,중식
2022-09-23,분모자떡볶이,중식
2022-09-23,그릴소시지구이,중식
2022-09-23,계란후라이,중식
2022-09-23,배추김치,중식
2022-09-24,베이컨김치볶음밥,중식
2022-09-24,쑥갓어묵국,중식
2022-09-24,계란후라이,중식
2022-09-24,열무김치,중식
2022-09-25,밥,중식
2022-09-25,쇠고기무국,중식
2022-09-25,마파두부,중식
2022-09-25,오징어볶음,중식
2022-09-25,김자반,중식
2022-09-25,배추김치,중식
2022-09-26,잡곡밥,중식
2022-09-26,닭칼국수,중식
2022-09-26,물만두,중식
2022-09-26,구운어묵볶음,중식
2022-09-26,고들빼기무침,중식
2022-09-26,배추김치,중식
2022-09-27,잡곡밥,중식
2022-09-27,호박된장찌개,중식
2022-09-27,삼겹살구이,중식
2022-09-27,해물파전,중식
2022-09-27,미나리콩나물무침,중식
2022-09-27,모듬쌈,중식
2022-09-27,배추김치,중식
2022-09-28,전투식량 2형1식단,중식
2022-09-29,후리가케밥,중식
2022-09-29,돈코츠라멘,중식
2022-09-29,새우튀김,중식
2022-09-29,오이양파무침,중식
2022-09-29,배추김치,중식
2022-09-30,밥,중식
2022-09-30,아욱된장국,중식
2022-09-30,순대야채볶음,중식
2022-09-30,깐쇼새우,중식
2022-09-30,콘옥수수야채무침,중식
2022-09-30,배추김치,중식
2022-10-01,잡곡밥,중식
2022-10-01,들깨미역국,중식
2022-10-01,쇠고기불고기,중식
2022-10-01,오이부추무침,중식
2022-10-01,쌈무,중식
2022-10-01,배추김치,중식
2022-10-01,배,중식
2022-10-02,후리가케밥,중식
2022-10-02,쑥갓어묵국,중식
2022-10-02,분모자떡볶이,중식
2022-10-02,고추잡채김말이,중식
2022-10-02,순대,중식
2022-10-02,배추김치,중식
2022-10-03,잡곡밥,중식
2022-10-03,닭볶음탕,중식
2022-10-03,견과류멸치볶음,중식
2022-10-03,너비아니,중식
2022-10-03,깻잎양념무침,중식
2022-10-03,배추김치,중식
2022-10-03,사과,중식
2022-09-04,쇠고기불고기,중식
2022-09-04,계란찜,중식
2022-09-04,모듬야채&쌈장,중식
2022-09-04,콩나물매운무침,중식
2022-09-04,배추김치,중식
2022-09-05,잡곡밥,중식
2022-09-05,닭볶음탕,중식
2022-09-05,오징어볶음,중식
2022-09-05,가지볶음,중식
2022-09-05,단호박튀김,중식
2022-09-05,배추김치,중식
2022-09-06,밥,중식
2022-09-06,스파게티,중식
2022-09-06,알떡스테이크,중식
2022-09-06,야채샐러드,중식
2022-09-06,참깨드레싱,중식
2022-09-06,배추김치,중식
2022-09-07,영양밥&부추양념장,중식
2022-09-07,들깨미역국,중식
2022-09-07,장어강정,중식
2022-09-07,깻잎양념무침,중식
2022-09-07,배추김치,중식
2022-09-08,흑미밥,중식
2022-09-08,김치찌개,중식
2022-09-08,찹쌀탕수육,중식
2022-09-08,전복버터구이,중식
2022-09-08,오이부추무침,중식
2022-09-08,깍두기,중식
2022-09-09,검은콩밥,중식
2022-09-09,햄소시지찌개,중식
2022-09-09,청양마요치킨,중식
2022-09-09,무말랭이무침,중식
2022-09-09,배추김치,중식
2022-09-10,밥,중식
2022-09-10,배추된장국,중식
2022-09-10,갈치순살튀김,중식
2022-09-10,소갈비찜,중식
2022-09-10,치즈함박스테이크소스,중식
2022-09-10,배추김치,중식
2022-09-11,밥,중식
2022-09-11,감자탕,중식
2022-09-11,꽈리고추멸치볶음,중식
2022-09-11,닭고기김치찜,중식
2022-09-11,깍두기,중식
2022-09-12,잡곡밥,중식
2022-09-12,김치찌개,중식
2022-09-12,돼지갈비찜,중식
2022-09-12,장어양념구이,중식
2022-09-12,브로콜리초고추장,중식
2022-09-12,파김치,중식
2022-09-13,자장밥,중식
2022-09-13,짬뽕찌개,중식
2022-09-13,버팔로윙,중식
2022-09-13,계란후라이,중식
2022-09-13,배추김치,중식
2022-09-14,검은콩밥,중식
2022-09-14,쇠고기육개장,중식
2022-09-14,언양식바싹불고기파채,중식
2022-09-14,찐새우만두,중식
2022-09-14,깻잎양념무침,중식
2022-09-14,배추김치,중식
2022-09-15,잡곡밥,중식
2022-09-15,삼계탕,중식
2022-09-15,잡채,중식
2022-09-15,녹두전,중식
2022-09-15,야채스틱앤저염쌈장,중식
2022-09-15,배추김치,중식
2022-09-16,전투식량 2형1식단,중식
2022-09-17,밥,중식
2022-09-17,시금치된장국,중식
2022-09-17,오징어볶음,중식
2022-09-17,새우튀김,중식
2022-09-17,열무김치,중식
2022-09-18,꼬치어묵국,중식
2022-09-18,분모자떡볶이,중식
2022-09-18,계란후라이,중식
2022-09-18,치킨마요덮밥,중식
2022-09-18,배추김치,중식
2024-05-19,생선가스,중식
2024-05-19,리코타치즈샐러드,중식
2024-05-19,배추김치,중식
2024-05-20,베이컨김치볶음밥,중식
2024-05-20,밥,중식
2024-05-20,유부된장국,중식
2024-05-20,탄두리치킨,중식
2024-05-20,갈릭버터난,중식
2024-05-20,야채샐러드,중식
2024-05-20,갓김치,중식
2024-05-20,카페라떼,중식
2024-05-21,꼬막비빔밥,중식
2024-05-21,쇠고기미역국,중식
2024-05-21,계란후라이,중식
2024-05-21,수수부꾸미,중식
2024-05-21,콩나물매운무침,중식
2024-05-21,열무김치,중식
2024-05-21,참외,중식
2024-05-22,잡곡밥,중식
2024-05-22,닭볶음탕,중식
2024-05-22,피자떡볶이,중식
2024-05-22,새우가스,중식
2024-05-22,할라피뇨,중식
2024-05-22,배추김치,중식
2024-05-22,에너지드링크,중식
2024-05-23,오징어먹물면크림파스타,중식
2024-05-23,블랙타이거새우구이,중식
2024-05-23,바베큐폭립,중식
2024-05-23,모듬피클,중식
2024-05-23,만다린오렌지샐러드,중식
2024-05-24,잡곡밥,중식
2024-05-24,닭곰탕,중식
2024-05-24,잡채,중식
2024-05-24,아귀찜,중식
2024-05-24,오징어젓무침,중식
2024-05-24,석박지,중식
2024-05-25,김가루주먹밥,중식
2024-05-25,미니우동,중식
2024-05-25,햄버거스테이크,중식
2024-05-25,리코타치즈샐러드,중식
2024-05-25,배추김치,중식
2024-05-26,스팸마요덮밥,중식
2024-05-26,참치김치찌개,중식
2024-05-26,김말이튀김,중식
2024-05-26,오이양파무침,중식
2024-05-26,백김치,중식
2024-05-27,베이컨김치볶음밥,중식
2024-05-27,배추된장국,중식
2024-05-27,할라피뇨소시지구이,중식
2024-05-27,함박스테이크,중식
2024-05-27,마카로니후르츠샐러드,중식
2024-05-27,깍두기,중식
2024-05-28,밥,중식
2024-05-28,꽃게탕,중식
2024-05-28,치즈닭갈비,중식
2024-05-28,골뱅이소면무침,중식
2024-05-28,쌈무,중식
2024-05-28,배추김치,중식
2024-05-28,참외,중식
2024-05-29,한우소머리국밥,중식
2024-05-29,잡곡밥,중식
2024-05-29,불막창야채볶음,중식
2024-05-29,날치알계란찜,중식
2024-05-29,마늘종무침,중식
2024-05-29,깍두기,중식
2024-05-30,잡곡밥,중식
2024-05-30,키조개미역국,중식
2024-05-30,삼겹살구이,중식
2024-05-30,파채콩나물무침,중식
2024-05-30,상추쌈,중식
2024-05-30,모듬소시지구이,중식
2024-05-30,배추김치,중식
2024-05-31,밥,중식
2024-05-31,들깨오리탕,중식
2024-05-31,잡채,중식
2024-05-31,낙지볶음,중식
2024-05-31,양배추쌈&저염쌈장,중식
2024-05-31,배추김치,중식
2022-09-03,치킨텐더,중식
2022-09-03,콩나물매운무침,중식
2022-09-03,배추김치,중식
2022-09-04,밥,중식
2022-08-08,우유,중식
2022-08-09,잡곡밥,중식
2022-08-09,호박된장찌개,중식
2022-08-09,삼겹살구이,중식
2022-08-09,모듬야채&쌈장,중식
2022-08-09,미나리콩나물무침,중식
2022-08-09,배추김치,중식
2022-08-09,대추방울토마토,중식
2022-08-10,흑미밥,중식
2022-08-10,도토리냉국,중식
2022-08-10,언양식바싹불고기파채,중식
2022-08-10,볼어묵볶음,중식
2022-08-10,깻잎양념무침,중식
2022-08-10,배추김치,중식
2022-08-10,복숭아,중식
2022-08-11,밥,중식
2022-08-11,햄소시지찌개,중식
2022-08-11,소떡소떡,중식
2022-08-11,감자조림,중식
2022-08-11,닭순살샐러드,중식
2022-08-11,깍두기,중식
2022-08-12,배추된장국,중식
2022-08-12,깻잎육전,중식
2022-08-12,오믈렛,중식
2022-08-12,치킨마요덮밥,중식
2022-08-12,배추김치,중식
2022-08-13,냉모밀,중식
2022-08-13,치즈돈가스,중식
2022-08-13,새우볼,중식
2022-08-13,배추김치,중식
2022-08-13,복숭아,중식
2022-08-14,햄야채볶음밥,중식
2022-08-14,떡볶이,중식
2022-08-14,고추잡채김말이,중식
2022-08-14,순대,중식
2022-08-14,배추김치,중식
2022-08-15,검은콩밥,중식
2022-08-15,김치찌개,중식
2022-08-15,잡채,중식
2022-08-15,찹쌀꿔바로우,중식
2022-08-15,김자반,중식
2024-05-13,옛날도시락비빔밥,중식
2024-05-13,콩나물국,중식
2024-05-13,쭈꾸미야채볶음,중식
2024-05-13,오지치즈후라이 ,중식
2024-05-13,열무김치,중식
2024-05-13,콜라,중식
2024-05-14,불고기치아바타샌드위치,중식
2024-05-14,쌀국수,중식
2024-05-14,탕후루,중식
2024-05-14,배추김치,중식
2024-05-14,식혜,중식
2024-05-15,비빔밥,중식
2024-05-15,청국장,중식
2024-05-15,돈육연탄불고기,중식
2024-05-15,계란후라이,중식
2024-05-15,열무김치,중식
2024-05-15,아이스크림,중식
2024-05-16,쇠고기덮밥,중식
2024-05-16,유부어묵국,중식
2024-05-16,치즈롤까스,중식
2024-05-16,만다린오렌지샐러드,중식
2024-05-16,깍두기,중식
2024-05-16,바나나,중식
2024-05-17,데리야끼삼겹살덮밥,중식
2024-05-17,닭장각짬뽕탕,중식
2024-05-17,꽈배기,중식
2024-05-17,야채샐러드,중식
2024-05-17,배추김치,중식
2024-05-18,밥,중식
2024-05-18,콩나물국,중식
2024-05-18,분모자떡볶이,중식
2024-05-18,옛날통닭,중식
2024-05-18,오리엔탈샐러드,중식
2024-05-18,배추김치,중식
2024-05-19,마크니커리덮밥,중식
2024-05-19,김치찌개,중식
2022-07-26,모듬야채&쌈장,중식
2022-07-26,배추김치,중식
2022-07-26,수박,중식
2022-07-27,흑미밥,중식
2022-07-27,건새우아욱국,중식
2022-07-27,베이컨야채볶음,중식
2022-07-27,닭고기김치찜,중식
2022-07-27,단호박샐러드,중식
2022-07-27,총각김치,중식
2022-07-27,우유,중식
2022-07-28,주먹밥,중식
2022-07-28,비빔냉면,중식
2022-07-28,언양식바싹불고기파채,중식
2022-07-28,삶은계란,중식
2022-07-28,배추김치,중식
2022-07-28,바나나,중식
2022-07-29,잡곡밥,중식
2022-07-29,가지볶음,중식
2022-07-29,치즈함박스테이크소스,중식
2022-07-29,양송이스프,중식
2022-07-29,꽃맛살샐러드,중식
2022-07-29,배추김치,중식
2022-07-30,잡곡밥,중식
2022-07-30,감자수제비,중식
2022-07-30,데리야끼장어덮밥,중식
2022-07-30,순대야채볶음,중식
2022-07-30,무말랭이무침,중식
2022-07-30,백김치,중식
2022-07-31,통새우볶음밥,중식
2022-07-31,치즈돈가스,중식
2022-07-31,오징어채무침,중식
2022-07-31,야채샐러드,중식
2022-07-31,참깨드레싱,중식
2022-07-31,배추김치,중식
2022-08-01,달걀케첩볶음밥,중식
2022-08-01,콩나물국,중식
2022-08-01,치즈볼,중식
2022-08-01,오이파프리카무침,중식
2022-08-01,닭순살샐러드,중식
2022-08-01,배추김치,중식
2022-08-01,아이스크림 콘 완제품,중식
2022-08-02,잡곡밥,중식
2022-08-02,배추된장국,중식
2022-08-02,청양마요치킨,중식
2022-08-02,메추리알장조림,중식
2022-08-02,깻잎양념무침,중식
2022-08-02,깍두기,중식
2022-08-02,신선형,중식
2022-08-03,비빔밥,중식
2022-08-03,도토리냉국,중식
2022-08-03,새우튀김,중식
2022-08-03,계란후라이,중식
2022-08-03,배추김치,중식
2022-08-03,우유,중식
2022-08-04,잔치국수,중식
2022-08-04,김가루주먹밥,중식
2022-08-04,볼어묵볶음,중식
2022-08-04,찐만두,중식
2022-08-04,오징어야채무침,중식
2022-08-04,배추김치,중식
2022-08-04,신선형,중식
2022-08-05,잡곡밥,중식
2022-08-05,닭곰탕,중식
2022-08-05,새우볼,중식
2022-08-05,떡갈비스테이크,중식
2022-08-05,무말랭이무침,중식
2022-08-05,배추김치,중식
2022-08-05,아이스크림 팩형,중식
2022-08-06,검은콩밥,중식
2022-08-06,순두부찌개,중식
2022-08-06,비엔나소시지케찹볶음,중식
2022-08-06,치즈스틱,중식
2022-08-06,배추김치,중식
2022-08-07,밥,중식
2022-08-07,콩나물국,중식
2022-08-07,애호박나물,중식
2022-08-07,돼지훈제,중식
2022-08-07,계란찜,중식
2022-08-07,쌈무,중식
2022-08-07,배추김치,중식
2022-08-08,잡곡밥,중식
2022-08-08,닭볶음탕,중식
2022-08-08,꽈리고추멸치볶음,중식
2022-08-08,가지볶음,중식
2022-08-08,치즈돈가스,중식
2022-08-08,배추김치,중식
2022-07-12,백김치,중식
2022-07-12,수박,중식
2022-07-13,밥,중식
2022-07-13,감자수제비,중식
2022-07-13,가지볶음,중식
2022-07-13,아귀순살해물찜,중식
2022-07-13,배추김치,중식
2022-07-13,팥빙수,중식
2022-07-13,우유,중식
2022-07-14,잡곡밥,중식
2022-07-14,순대국,중식
2022-07-14,장어강정,중식
2022-07-14,오이파프리카무침,중식
2022-07-14,배추김치,중식
2022-07-14,바나나,중식
2022-07-15,잡곡밥,중식
2022-07-15,삼계탕,중식
2022-07-15,무말랭이무침,중식
2022-07-15,모듬야채&쌈장,중식
2022-07-15,배추김치,중식
2022-07-15,대추방울토마토,중식
2022-07-16,베이컨김치볶음밥,중식
2022-07-16,쇠고기미역국,중식
2022-07-16,찐만두,중식
2022-07-16,맛김,중식
2022-07-16,계란후라이,중식
2022-07-16,총각김치,중식
2022-07-17,밥,중식
2022-07-17,제육볶음,중식
2022-07-17,계란찜,중식
2022-07-17,모듬야채&쌈장,중식
2022-07-17,콩나물매운무침,중식
2022-07-17,배추김치,중식
2022-07-18,잡곡밥,중식
2022-07-18,닭볶음탕,중식
2022-07-18,애호박나물,중식
2022-07-18,꽈리고추멸치볶음,중식
2022-07-18,깐쇼새우,중식
2022-07-18,배추김치,중식
2022-07-18,아이스크림 콘 완제품,중식
2022-07-19,밥,중식
2022-07-19,물냉면,중식
2022-07-19,언양식바싹불고기파채,중식
2022-07-19,찐만두,중식
2022-07-19,삶은계란,중식
2022-07-19,배추김치,중식
2022-07-19,수박,중식
2022-07-20,검은콩밥,중식
2022-07-20,도토리냉국,중식
2022-07-20,돈가스,중식
2022-07-20,계란말이,중식
2022-07-20,깻잎순무침,중식
2022-07-20,배추김치,중식
2022-07-20,우유,중식
2022-07-21,밥,중식
2022-07-21,감자탕,중식
2022-07-21,오징어볶음,중식
2022-07-21,깻잎육전,중식
2022-07-21,백김치,중식
2022-07-22,영양밥&부추양념장,중식
2022-07-22,건새우아욱국,중식
2022-07-22,새우튀김,중식
2022-07-22,오믈렛,중식
2022-07-22,배추김치,중식
2022-07-23,볶음밥,중식
2022-07-23,짬뽕찌개,중식
2022-07-23,계란후라이,중식
2022-07-23,배추김치,중식
2022-07-23,멜론,중식
2022-07-24,햄야채볶음밥,중식
2022-07-24,떡볶이,중식
2022-07-24,찹쌀꿔바로우,중식
2022-07-24,오믈렛,중식
2022-07-24,배추김치,중식
2022-07-25,볶음밥,중식
2022-07-25,짬뽕찌개,중식
2022-07-25,만두유린기,중식
2022-07-25,계란후라이,중식
2022-07-25,배추김치,중식
2022-07-25,우유,중식
2022-07-26,잡곡밥,중식
2022-07-26,삼계탕,중식
2022-07-26,깻잎양념무침,중식
2022-06-29,야채샐러드,중식
2022-06-29,배추김치,중식
2022-06-29,대추방울토마토,중식
2022-06-30,밥,중식
2022-06-30,배추된장국,중식
2022-06-30,치즈함박스테이크소스,중식
2022-06-30,오믈렛,중식
2022-06-30,오이도라지무침,중식
2022-06-30,배추김치,중식
2022-06-30,수박,중식
2022-07-01,흑미밥,중식
2022-07-01,광어매운탕,중식
2022-07-01,가지볶음,중식
2022-07-01,마파두부,중식
2022-07-01,계란말이,중식
2022-07-01,배추김치,중식
2022-07-01,우유,중식
2022-07-02,잡곡밥,중식
2022-07-02,호박된장찌개,중식
2022-07-02,돼지훈제,중식
2022-07-02,해물동그랑땡야채볶음,중식
2022-07-02,쌈무,중식
2022-07-02,배추김치,중식
2022-07-02,아이스크림 팩형,중식
2022-07-03,밥,중식
2022-07-03,닭고기육개장,중식
2022-07-03,꽈리고추멸치볶음,중식
2022-07-03,베이컨김치볶음,중식
2022-07-03,총각김치,중식
2022-07-03,감귤 주스,중식
2022-07-04,감자수제비,중식
2022-07-04,잡곡밥,중식
2022-07-04,볼어묵볶음,중식
2022-07-04,치킨가스,중식
2022-07-04,도토리묵무침,중식
2022-07-04,깍두기,중식
2022-07-05,검은콩밥,중식
2022-07-05,한우갈비탕,중식
2022-07-05,새우튀김,중식
2022-07-05,장어양념구이,중식
2022-07-05,오이도라지무침,중식
2022-07-05,총각김치,중식
2022-07-05,탄산음료,중식
2022-07-06,냉모밀,중식
2022-07-06,치즈돈가스,중식
2022-07-06,허니요거트드레싱,중식
2022-07-06,야채샐러드,중식
2022-07-06,배추김치,중식
2022-07-06,멜론,중식
2022-07-07,비빔밥,중식
2022-07-07,오징어링칠리소스,중식
2022-07-07,계란후라이,중식
2022-07-07,배추김치,중식
2022-07-07,복숭아,중식
2022-07-08,밥,중식
2022-07-08,갑오징어물회,중식
2022-07-08,가지볶음,중식
2022-07-08,순대야채볶음,중식
2022-07-08,배추김치,중식
2022-07-08,우유,중식
2022-07-08,팥빙수,중식
2022-07-09,밥,중식
2022-07-09,팽이버섯두부국,중식
2022-07-09,오징어볶음,중식
2022-07-09,소떡소떡,중식
2022-07-09,총각김치,중식
2022-07-09,수박,중식
2022-07-10,밥,중식
2022-07-10,닭고기육개장,중식
2022-07-10,꽈리고추멸치볶음,중식
2022-07-10,돼지고기김치볶음,중식
2022-07-10,김자반,중식
2022-07-10,총각김치,중식
2022-07-11,잡곡밥,중식
2022-07-11,호박된장찌개,중식
2022-07-11,삼겹살구이,중식
2022-07-11,미나리콩나물무침,중식
2022-07-11,쌈무,중식
2022-07-11,배추김치,중식
2022-07-11,음료수 탄산 콜라,중식
2022-07-12,흑미밥,중식
2022-07-12,콩나물국,중식
2022-07-12,낙지볶음,중식
2022-07-12,고추잡채김말이,중식
2022-07-12,계란찜,중식
2022-07-12,김자반,중식
2022-06-16,고추잡채김말이,중식
2022-06-16,돼지훈제,중식
2022-06-16,상추쌈,중식
2022-06-16,미나리콩나물무침,중식
2022-06-16,배추김치,중식
2022-06-16,탄산음료,중식
2022-06-17,밥,중식
2022-06-17,순대국,중식
2022-06-17,청양마요치킨,중식
2022-06-17,부추겉절이,중식
2022-06-17,배추김치,중식
2022-06-17,수박,중식
2022-06-18,밥,중식
2022-06-18,북어들깨미역국,중식
2022-06-18,순대야채볶음,중식
2022-06-18,찹쌀꿔바로우,중식
2022-06-18,야채샐러드,중식
2022-06-18,배추김치,중식
2022-06-19,베이컨김치볶음밥,중식
2022-06-19,고추잡채김말이,중식
2022-06-19,계란후라이,중식
2022-06-19,단무지무침,중식
2022-06-19,배추김치,중식
2022-06-19,음료수 탄산 과일,중식
2022-06-20,잡곡밥,중식
2022-06-20,광어매운탕,중식
2022-06-20,가지볶음,중식
2022-06-20,소떡소떡,중식
2022-06-20,떡갈비스테이크,중식
2022-06-20,배추김치,중식
2022-06-21,비빔밥,중식
2022-06-21,미역오이냉국,중식
2022-06-21,깐풍기,중식
2022-06-21,김치전,중식
2022-06-21,계란후라이,중식
2022-06-21,배추김치,중식
2022-06-21,참외,중식
2022-06-22,흑미밥,중식
2022-06-22,배추된장국,중식
2022-06-22,고등어순살강정,중식
2022-06-22,닭고기김치찜,중식
2022-06-22,도토리묵무침,중식
2022-06-22,갓김치,중식
2022-06-23,냉모밀,중식
2022-06-23,밥,중식
2022-06-23,치즈돈가스,중식
2022-06-23,꽃맛살샐러드,중식
2022-06-23,배추김치,중식
2022-06-23,수박,중식
2022-06-24,참치야채비빔밥,중식
2022-06-24,쇠고기미역국,중식
2022-06-24,고추잡채김말이,중식
2022-06-24,계란후라이,중식
2022-06-24,배추김치,중식
2022-06-24,아이스크림 팩형,중식
2022-06-25,베이컨김치볶음밥,중식
2022-06-25,팽이버섯두부국,중식
2022-06-25,새우튀김,중식
2022-06-25,계란후라이,중식
2022-06-25,배추김치,중식
2022-06-25,멜론,중식
2022-06-26,제육덮밥,중식
2022-06-26,황태해장국,중식
2022-06-26,애호박나물,중식
2022-06-26,볼어묵볶음,중식
2022-06-26,배추김치,중식
2022-06-26,참외,중식
2022-06-27,잡곡밥,중식
2022-06-27,닭칼국수,중식
2022-06-27,김치전,중식
2022-06-27,무말랭이무침,중식
2022-06-27,총각김치,중식
2022-06-28,잡곡밥,중식
2022-06-28,호박된장찌개,중식
2022-06-28,삼겹살구이,중식
2022-06-28,모듬쌈,중식
2022-06-28,미나리콩나물무침,중식
2022-06-28,배추김치,중식
2022-06-28,음료수 탄산 콜라,중식
2022-06-29,크림스파게티,중식
2022-06-29,깻잎육전,중식
2022-06-29,무&비트피클,중식
2022-06-29,참깨드레싱,중식
2022-06-02,삶은계란,중식
2022-06-02,배추김치,중식
2022-06-02,대추방울토마토,중식
2022-06-03,호박된장찌개,중식
2022-06-03,제육볶음,중식
2022-06-03,미나리콩나물무침,중식
2022-06-03,상추쌈,중식
2022-06-03,배추김치,중식
2022-06-03,멜론,중식
2022-06-04,자장밥,중식
2022-06-04,짬뽕찌개,중식
2022-06-04,소떡소떡,중식
2022-06-04,계란후라이,중식
2022-06-04,배추김치,중식
2022-06-04,감귤 주스,중식
2022-06-05,밥,중식
2022-06-05,쇠고기무국,중식
2022-06-05,꽈리고추멸치볶음,중식
2022-06-05,두부김치,중식
2022-06-05,브로콜리/초고추장,중식
2022-06-05,총각김치,중식
2022-06-06,잡곡밥,중식
2022-06-06,순두부찌개,중식
2022-06-06,느타리버섯볶음,중식
2022-06-06,야채튀김,중식
2022-06-06,궁중닭찜,중식
2022-06-06,배추김치,중식
2022-06-07,비빔밥,중식
2022-06-07,호박된장찌개,중식
2022-06-07,치킨가라아게,중식
2022-06-07,계란후라이,중식
2022-06-07,배추김치,중식
2022-06-07,대추방울토마토,중식
2022-06-08,검은콩밥,중식
2022-06-08,감자탕,중식
2022-06-08,오징어채볶음,중식
2022-06-08,잡채,중식
2022-06-08,새우가스,중식
2022-06-08,배추김치,중식
2022-06-09,잡곡밥,중식
2022-06-09,꽃게탕,중식
2022-06-09,돼지훈제,중식
2022-06-09,상추쌈,중식
2022-06-09,배추김치,중식
2022-06-09,멜론,중식
2022-06-10,참치마요덮밥,중식
2022-06-10,도토리냉국,중식
2022-06-10,소떡소떡,중식
2022-06-10,계란후라이,중식
2022-06-10,배추김치,중식
2022-06-10,음료수 탄산 콜라,중식
2022-06-11,잡곡밥,중식
2022-06-11,시금치된장국,중식
2022-06-11,새우가스,중식
2022-06-11,오믈렛,중식
2022-06-11,오이김치,중식
2022-06-11,참외,중식
2022-06-12,잡곡밥,중식
2022-06-12,닭고기육개장,중식
2022-06-12,잡채,중식
2022-06-12,맛김,중식
2022-06-12,떡갈비스테이크,중식
2022-06-12,배추김치,중식
2022-06-13,잡곡밥,중식
2022-06-13,닭볶음탕,중식
2022-06-13,오징어볶음,중식
2022-06-13,고추잡채김말이,중식
2022-06-13,오이파프리카무침,중식
2022-06-13,배추김치,중식
2022-06-14,밥,중식
2022-06-14,왕만두국,중식
2022-06-14,대왕오징어튀김,중식
2022-06-14,도토리묵무침,중식
2022-06-14,배추김치,중식
2022-06-14,참외,중식
2022-06-15,영양밥&부추양념장,중식
2022-06-15,미역오이냉국,중식
2022-06-15,치킨가라아게,중식
2022-06-15,깻잎양념무침,중식
2022-06-15,배추김치,중식
2022-06-15,멜론,중식
2022-06-16,밥,중식
2022-06-16,김치찌개,중식
2022-05-19,오징어볶음,중식
2022-05-19,소떡소떡,중식
2022-05-19,배추김치,중식
2022-05-19,대추방울토마토,중식
2022-05-20,영양밥&부추양념장,중식
2022-05-20,홍합탕,중식
2022-05-20,떡산적,중식
2022-05-20,맛김,중식
2022-05-20,배추김치,중식
2022-05-20,우유,중식
2022-05-21,밥,중식
2022-05-21,감자짜글이,중식
2022-05-21,떡갈비스테이크,중식
2022-05-21,브로콜리/초고추장,중식
2022-05-21,파김치,중식
2022-05-21,참외,중식
2022-05-22,볶음밥,중식
2022-05-22,짬뽕찌개,중식
2022-05-22,찹쌀꿔바로우,중식
2022-05-22,단무지무침,중식
2022-05-22,배추김치,중식
2022-05-23,잡곡밥,중식
2022-05-23,닭곰탕,중식
2022-05-23,떡갈비구이,중식
2022-05-23,오이파프리카무침,중식
2022-05-23,깍두기,중식
2022-05-24,비빔밥,중식
2022-05-24,쑥갓어묵국,중식
2022-05-24,고추잡채김말이,중식
2022-05-24,계란후라이,중식
2022-05-24,배추김치,중식
2022-05-25,흑미밥,중식
2022-05-25,순대야채볶음,중식
2022-05-25,삼치순살튀김,중식
2022-05-25,닭고기김치찜,중식
2022-05-25,깍두기,중식
2022-05-25,아이스크림 팩형,중식
2022-05-26,잡곡밥,중식
2022-05-26,시금치된장국,중식
2022-05-26,삼겹살구이,중식
2022-05-26,김치메밀전병,중식
2022-05-26,모듬쌈,중식
2022-05-26,미나리콩나물무침,중식
2022-05-26,배추김치,중식
2022-05-26,사이다,중식
2022-05-27,참치야채비빔밥,중식
2022-05-27,쇠고기미역국,중식
2022-05-27,동그랑땡,중식
2022-05-27,계란후라이,중식
2022-05-27,배추김치,중식
2022-05-28,잡곡밥,중식
2022-05-28,호박된장찌개,중식
2022-05-28,제육볶음,중식
2022-05-28,상추쌈,중식
2022-05-28,배추김치,중식
2022-05-29,주먹밥,중식
2022-05-29,쑥갓어묵국,중식
2022-05-29,떡볶이,중식
2022-05-29,납작만두,중식
2022-05-29,삶은계란,중식
2022-05-29,배추김치,중식
2022-05-30,잡곡밥,중식
2022-05-30,북어들깨미역국,중식
2022-05-30,새우가스,중식
2022-05-30,도토리묵무침,중식
2022-05-30,야채샐러드,중식
2022-05-30,배추김치,중식
2022-05-31,자장밥,중식
2022-05-31,짬뽕찌개,중식
2022-05-31,찹쌀꿔바로우,중식
2022-05-31,오믈렛,중식
2022-05-31,깍두기,중식
2022-05-31,음료수 탄산 콜라,중식
2022-06-01,쇠고기덮밥,중식
2022-06-01,배추된장국,중식
2022-06-01,새우볼,중식
2022-06-01,오이도라지무침,중식
2022-06-01,총각김치,중식
2022-06-02,쫄면,중식
2022-06-02,콩나물국,중식
2022-06-02,만두유린기,중식
2022-05-05,동그랑땡,중식
2022-05-05,삶은계란,중식
2022-05-05,깍두기,중식
2022-05-05,대추방울토마토,중식
2022-05-06,볶음밥,중식
2022-05-06,팽이버섯두부국,중식
2022-05-06,계란후라이,중식
2022-05-06,치킨샐러드,중식
2022-05-06,배추김치,중식
2022-05-06,우유,중식
2022-05-07,잡곡밥,중식
2022-05-07,사골우거지국,중식
2022-05-07,순대야채볶음,중식
2022-05-07,치킨가라아게,중식
2022-05-07,배추김치,중식
2022-05-07,참외,중식
2022-05-08,밥,중식
2022-05-08,닭고기육개장,중식
2022-05-08,꽈리고추멸치볶음,중식
2022-05-08,새우가스,중식
2022-05-08,깍두기,중식
2022-05-09,잡곡밥,중식
2022-05-09,김치찌개,중식
2022-05-09,훈제오리볶음,중식
2022-05-09,해물동그랑땡,중식
2022-05-09,도토리묵무침,중식
2022-05-09,백김치,중식
2022-05-10,쫄면,중식
2022-05-10,콩나물국,중식
2022-05-10,치킨가라아게,중식
2022-05-10,삶은계란,중식
2022-05-10,배추김치,중식
2022-05-10,메론,중식
2022-05-11,검은콩밥,중식
2022-05-11,닭볶음탕,중식
2022-05-11,순대야채볶음,중식
2022-05-11,고등어순살강정,중식
2022-05-11,깍두기,중식
2022-05-11,아이스크림 콘 완제품,중식
2022-05-12,쇠고기덮밥,중식
2022-05-12,배추된장국,중식
2022-05-12,파채돈가스,중식
2022-05-12,야채샐러드,중식
2022-05-12,깍두기,중식
2022-05-12,참외,중식
2022-05-13,자장면,중식
2022-05-13,밥,중식
2022-05-13,만두유린기,중식
2022-05-13,계란후라이,중식
2022-05-13,단무지무침,중식
2022-05-13,배추김치,중식
2022-05-13,음료수 탄산 과일,중식
2022-05-14,하이라이스덮밥,중식
2022-05-14,팽이버섯두부국,중식
2022-05-14,치킨너겟,중식
2022-05-14,깍두기,중식
2022-05-14,메론,중식
2022-05-15,밥,중식
2022-05-15,콩나물국,중식
2022-05-15,오징어볶음,중식
2022-05-15,김자반,중식
2022-05-15,감자조림,중식
2022-05-15,배추김치,중식
2022-05-16,잡곡밥,중식
2022-05-16,순대국,중식
2022-05-16,꽈리고추멸치볶음,중식
2022-05-16,오이파프리카무침,중식
2022-05-16,배추김치,중식
2022-05-17,밥,중식
2022-05-17,호박된장찌개,중식
2022-05-17,쇠고기불고기,중식
2022-05-17,계란찜,중식
2022-05-17,상추쌈,중식
2022-05-17,배추김치,중식
2022-05-17,참외,중식
2022-05-18,검은콩밥,중식
2022-05-18,꽃게탕,중식
2022-05-18,돈가스,중식
2022-05-18,마카로니샐러드,중식
2022-05-18,깍두기,중식
2022-05-18,젤리,중식
2022-05-19,밥,중식
2022-05-19,맑은콩나물국,중식
2022-04-21,닭고기덮밥,중식
2022-04-21,잡곡밥,중식
2022-04-21,삼겹김치찌개,중식
2022-04-21,쇠고기우엉잡채,중식
2022-04-21,배추김치,중식
2022-04-22,밥,중식
2022-04-22,맑은콩나물국,중식
2022-04-22,찹쌀꿔바로우,중식
2022-04-22,오믈렛,중식
2022-04-22,오이부추무침,중식
2022-04-22,배추김치,중식
2022-04-23,카레밥,중식
2022-04-23,꽈리고추멸치볶음,중식
2022-04-23,돈가스,중식
2022-04-23,야채샐러드,중식
2022-04-23,깍두기,중식
2022-04-23,초코과자,중식
2022-04-24,잡곡밥,중식
2022-04-24,북어들깨미역국,중식
2022-04-24,동그랑땡,중식
2022-04-24,오이파프리카무침,중식
2022-04-24,배추김치,중식
2022-04-24,참외,중식
2022-04-25,참치야채비빔밥,중식
2022-04-25,쇠고기감자국,중식
2022-04-25,햄버그스테이크,중식
2022-04-25,배추김치,중식
2022-04-25,아이스크림 콘 완제품,중식
2022-04-26,검은콩밥,중식
2022-04-26,꽃게탕,중식
2022-04-26,닭갈비,중식
2022-04-26,묵김가루무침,중식
2022-04-26,배추김치,중식
2022-04-26,참외,중식
2022-04-27,잡곡밥,중식
2022-04-27,콩나물국,중식
2022-04-27,순대야채볶음,중식
2022-04-27,치킨가라아게,중식
2022-04-27,미나리고추장무침,중식
2022-04-27,깍두기,중식
2022-04-28,검은콩밥,중식
2022-04-28,추어탕,중식
2022-04-28,잡채,중식
2022-04-28,매운돼지갈비찜,중식
2022-04-28,오이파프리카무침,중식
2022-04-28,배추김치,중식
2022-04-28,음료수 탄산 콜라,중식
2022-04-29,잡곡밥,중식
2022-04-29,오믈렛,중식
2022-04-29,떡갈비스테이크,중식
2022-04-29,골뱅이오징어채무침,중식
2022-04-29,마카로니샐러드,중식
2022-04-29,배추김치,중식
2022-04-30,소불고기덮밥,중식
2022-04-30,잡곡밥,중식
2022-04-30,바지락순두부찌개,중식
2022-04-30,까르보나라떡볶이,중식
2022-04-30,깍두기,중식
2022-04-30,팥빙수,중식
2022-05-01,잡곡밥,중식
2022-05-01,삼겹김치찌개,중식
2022-05-01,찹쌀꿔바로우,중식
2022-05-01,두부조림,중식
2022-05-01,깍두기,중식
2022-05-01,음료수 탄산 과일,중식
2022-05-02,흑미밥,중식
2022-05-02,바지락순두부찌개,중식
2022-05-02,잡채,중식
2022-05-02,햄버그스테이크,중식
2022-05-02,계란후라이,중식
2022-05-02,배추김치,중식
2022-05-03,검은콩밥,중식
2022-05-03,감자탕,중식
2022-05-03,꽈리고추멸치볶음,중식
2022-05-03,도토리묵무침,중식
2022-05-03,배추김치,중식
2022-05-03,참외,중식
2022-05-04,밥,중식
2022-05-04,추어탕,중식
2022-05-04,고추잡채김말이,중식
2022-05-04,궁중닭찜,중식
2022-05-04,야채샐러드,중식
2022-05-04,깍두기,중식
2022-05-04,우유,중식
2022-05-05,생우동,중식
2022-04-06,모듬야채,중식
2022-04-06,배추김치,중식
2022-04-06,요구르트 아이스크림 떠먹는형,중식
2022-04-07,밥,중식
2022-04-07,자장면,중식
2022-04-07,짬뽕찌개,중식
2022-04-07,북경식탕수육 ,중식
2022-04-07,배추김치,중식
2022-04-07,사이다,중식
2022-04-08,쇠고기덮밥,중식
2022-04-08,돈가스,중식
2022-04-08,야채샐러드,중식
2022-04-08,배추김치,중식
2022-04-08,사과,중식
2022-04-09,볶음밥,중식
2022-04-09,감자계란국,중식
2022-04-09,치킨텐더,중식
2022-04-09,맛김,중식
2022-04-09,배추김치,중식
2022-04-10,밥,중식
2022-04-10,닭고기육개장,중식
2022-04-10,돼지고기김치볶음,중식
2022-04-10,꽈리고추멸치볶음,중식
2022-04-10,배추김치,중식
2022-04-10,참외,중식
2022-04-11,잡곡밥,중식
2022-04-11,광어매운탕,중식
2022-04-11,오이파프리카무침,중식
2022-04-11,닭순살샐러드,중식
2022-04-11,배추김치,중식
2022-04-12,잡곡밥,중식
2022-04-12,배추된장국,중식
2022-04-12,햄버그스테이크,중식
2022-04-12,시금치고추장무침,중식
2022-04-12,파김치,중식
2022-04-12,우유,중식
2022-04-13,검은콩밥,중식
2022-04-13,순대국,중식
2022-04-13,오징어볶음,중식
2022-04-13,깻잎양념무침,중식
2022-04-13,배추김치,중식
2022-04-14,스파게티,중식
2022-04-14,치킨가라아게,중식
2022-04-14,오믈렛,중식
2022-04-14,백김치,중식
2022-04-14,우유,중식
2022-04-15,잡곡밥,중식
2022-04-15,닭곰탕,중식
2022-04-15,잡채,중식
2022-04-15,메추리알장조림,중식
2022-04-15,배추김치,중식
2022-04-15,참외,중식
2022-04-16,하이라이스덮밥,중식
2022-04-16,감자계란국,중식
2022-04-16,새우가스,중식
2022-04-16,마카로니샐러드,중식
2022-04-16,배추김치,중식
2022-04-16,감귤 주스,중식
2022-04-17,잡곡밥,중식
2022-04-17,쇠고기무국,중식
2022-04-17,오징어볶음,중식
2022-04-17,김자반,중식
2022-04-17,감자조림,중식
2022-04-17,배추김치,중식
2022-04-18,잡곡밥,중식
2022-04-18,닭볶음탕,중식
2022-04-18,순대야채볶음,중식
2022-04-18,꽈리고추멸치볶음,중식
2022-04-18,배추김치,중식
2022-04-19,비빔밥,중식
2022-04-19,황태채국,중식
2022-04-19,치킨가라아게,중식
2022-04-19,파김치,중식
2022-04-19,대추방울토마토,중식
2022-04-20,검은콩밥,중식
2022-04-20,참치미역국,중식
2022-04-20,햄버그스테이크,중식
2022-04-20,시금치무침,중식
2022-04-20,배추김치,중식
2022-04-20,사과,중식
2022-03-23,잡채,중식
2022-03-23,대왕오징어튀김,중식
2022-03-23,깍두기,중식
2022-03-24,스파게티,중식
2022-03-24,고구마맛탕,중식
2022-03-24,닭순살샐러드,중식
2022-03-24,배추김치,중식
2022-03-24,농후 발효유,중식
2022-03-25,밥,중식
2022-03-25,바지락순두부찌개,중식
2022-03-25,오징어볶음,중식
2022-03-25,매운돼지갈비찜,중식
2022-03-25,미나리콩나물무침,중식
2022-03-25,배추김치,중식
2022-03-26,쇠고기덮밥,중식
2022-03-26,돈가스,중식
2022-03-26,맛김,중식
2022-03-26,야채샐러드,중식
2022-03-26,깍두기,중식
2022-03-26,커피음료,중식
2022-03-27,자장면,중식
2022-03-27,북경식탕수육 ,중식
2022-03-27,삶은계란,중식
2022-03-27,배추김치,중식
2022-03-27,배,중식
2022-03-28,햄야채볶음밥,중식
2022-03-28,생선묵국,중식
2022-03-28,찐만두,중식
2022-03-28,계란후라이,중식
2022-03-28,배추김치,중식
2022-03-28,요구르트 아이스크림 떠먹는형,중식
2022-03-29,밥,중식
2022-03-29,차돌박이된장찌개,중식
2022-03-29,삼겹살구이,중식
2022-03-29,모듬쌈,중식
2022-03-29,배추김치,중식
2022-03-29,음료수 탄산 콜라,중식
2022-03-30,흑미밥,중식
2022-03-30,황태채국,중식
2022-03-30,야채튀김,중식
2022-03-30,닭고기김치찜,중식
2022-03-30,깍두기,중식
2022-03-30,우유,중식
2022-03-31,비빔밥,중식
2022-03-31,시금치된장국,중식
2022-03-31,찐고구마,중식
2022-03-31,계란후라이,중식
2022-03-31,배추김치,중식
2022-03-31,배,중식
2022-04-01,검은콩밥,중식
2022-04-01,맑은콩나물국,중식
2022-04-01,오징어볶음,중식
2022-04-01,쫀득치킨꿔바로우,중식
2022-04-01,배추김치,중식
2022-04-01,아이스크림 콘 완제품,중식
2022-04-02,주먹밥,중식
2022-04-02,쑥갓어묵국,중식
2022-04-02,떡볶이,중식
2022-04-02,만두유린기,중식
2022-04-02,배추김치,중식
2022-04-02,사과,중식
2022-04-03,밥,중식
2022-04-03,삼겹김치찌개,중식
2022-04-03,깐쇼새우,중식
2022-04-03,스크램블에그,중식
2022-04-03,파김치,중식
2022-04-03,참외,중식
2022-04-04,잡곡밥,중식
2022-04-04,바지락순두부찌개,중식
2022-04-04,데리야끼갈릭치킨,중식
2022-04-04,오이파프리카무침,중식
2022-04-04,무초절이,중식
2022-04-04,배추김치,중식
2022-04-04,우유,중식
2022-04-05,비빔밥,중식
2022-04-05,건새우아욱된장국,중식
2022-04-05,오리훈제야채볶음,중식
2022-04-05,배추김치,중식
2022-04-05,참외,중식
2022-04-06,잡곡밥,중식
2022-04-06,오징어볶음,중식
2022-04-06,궁중닭찜,중식
2022-03-09,맑은콩나물국,중식
2022-03-09,만두튀김,중식
2022-03-09,맛김,중식
2022-03-09,배추김치,중식
2022-03-09,우유,중식
2022-03-10,비빔밥,중식
2022-03-10,배추된장국,중식
2022-03-10,깐풍기,중식
2022-03-10,배추김치,중식
2022-03-10,배,중식
2022-03-11,카레밥,중식
2022-03-11,김치찌개,중식
2022-03-11,청양크림돈가스,중식
2022-03-11,야채샐러드,중식
2022-03-11,깍두기,중식
2022-03-11,우유 살균형,중식
2022-03-12,볶음밥,중식
2022-03-12,맑은어묵탕,중식
2022-03-12,닭강정,중식
2022-03-12,배추김치,중식
2022-03-12,커피음료,중식
2022-03-13,밥,중식
2022-03-13,쇠고기해장국,중식
2022-03-13,닭갈비,중식
2022-03-13,시금치무침,중식
2022-03-13,배추김치,중식
2022-03-13,라면,중식
2022-03-13,배,중식
2022-03-14,잡곡밥,중식
2022-03-14,대구매운탕,중식
2022-03-14,감자채볶음,중식
2022-03-14,닭고기김치찜,중식
2022-03-14,깍두기,중식
2022-03-14,요구르트 아이스크림 떠먹는형,중식
2022-03-15,생우동,중식
2022-03-15,야채튀김,중식
2022-03-15,찐만두,중식
2022-03-15,단무지무침,중식
2022-03-15,배추김치,중식
2022-03-15,사과,중식
2022-03-16,잡곡밥,중식
2022-03-16,무청시래기국,중식
2022-03-16,잡채,중식
2022-03-16,아귀찜,중식
2022-03-16,찐고구마,중식
2022-03-16,배추김치,중식
2022-03-16,우유,중식
2022-03-17,밥,중식
2022-03-17,짬뽕순두부찌개,중식
2022-03-17,파닭,중식
2022-03-17,야채샐러드,중식
2022-03-17,배추김치,중식
2022-03-17,배,중식
2022-03-18,잡곡밥,중식
2022-03-18,부대찌개,중식
2022-03-18,오리훈제야채볶음,중식
2022-03-18,미나리콩나물무침,중식
2022-03-18,백김치,중식
2022-03-18,우유,중식
2022-03-19,밥,중식
2022-03-19,닭볶음탕,중식
2022-03-19,두부김치,중식
2022-03-19,꽈리고추멸치볶음,중식
2022-03-19,깍두기,중식
2022-03-19,감귤 주스,중식
2022-03-19,우유,중식
2022-03-20,밥,중식
2022-03-20,바지락순두부찌개,중식
2022-03-20,제육볶음,중식
2022-03-20,양배추쌈,중식
2022-03-20,깍두기,중식
2022-03-20,배,중식
2022-03-21,잡곡밥,중식
2022-03-21,대구매운탕,중식
2022-03-21,마파두부,중식
2022-03-21,쫀득치킨꿔바로우후르츠소스,중식
2022-03-21,배추김치,중식
2022-03-21,요구르트 아이스크림 떠먹는형,중식
2022-03-22,잡곡밥,중식
2022-03-22,삼계탕,중식
2022-03-22,꽈리고추멸치볶음,중식
2022-03-22,오이부추무침,중식
2022-03-22,배추김치,중식
2022-03-22,사과,중식
2022-03-23,잡곡밥,중식
2022-03-23,김치찌개,중식
2023-11-08,등뼈감자탕,중식
2023-11-08,모듬버섯볶음,중식
2023-11-08,갑오징어야채무침,중식
2023-11-08,총각김치,중식
2023-11-08,식혜,중식
2023-11-09,흑미밥,중식
2023-11-09,문어굴국,중식
2023-11-09,제육볶음,중식
2023-11-09,무생채,중식
2023-11-09,배추김치,중식
2023-11-09,사인머스켓,중식
2023-11-10,밥,중식
2023-11-10,꽃게탕,중식
2023-11-10,닭갈비,중식
2023-11-10,쌈무,중식
2023-11-10,도토리묵무침,중식
2023-11-10,깍두기,중식
2023-11-10,배,중식
2023-11-11,닭가슴살스테이크,중식
2023-11-11,단호박샐러드,중식
2023-11-11,샐러드파스타,중식
2023-11-11,배추김치,중식
2023-11-12,참치마요덮밥,중식
2023-11-12,팽이버섯두부국,중식
2023-11-12,베이컨야채볶음,중식
2023-11-12,오징어채무침,중식
2023-11-12,배추김치,중식
2023-11-13,잡곡밥,중식
2023-11-13,돼지고기애호박찌개,중식
2023-11-13,청양마요치킨,중식
2023-11-13,우엉채조림,중식
2023-11-13,무&비트피클,중식
2023-11-13,배추김치,중식
2023-11-13,사이다,중식
2023-11-14,비빔밥,중식
2023-11-14,우렁강된장찌개,중식
2023-11-14,돈육연탄불고기 ,중식
2023-11-14,계란후라이,중식
2023-11-14,갓김치,중식
2023-11-15,잡곡밥,중식
2023-11-15,짬뽕수제비,중식
2023-11-15,곱창야채볶음,중식
2023-11-15,소떡소떡,중식
2023-11-15,모듬야채&쌈장,중식
2023-11-15,배추김치,중식
2023-11-16,밥,중식
2023-11-16,갈비탕,중식
2023-11-16,오미산적,중식
2023-11-16,양념고추지,중식
2023-11-16,청포묵김가루무침,중식
2023-11-16,배추김치,중식
2023-11-16,사인머스켓,중식
2023-11-17,잡곡밥,중식
2023-11-17,김치찌개,중식
2023-11-17,삼겹살구이,중식
2023-11-17,날치알계란찜,중식
2023-11-17,모듬야채&쌈장,중식
2023-11-17,파김치,중식
2023-11-17,음료수,중식
2023-11-17,콜라,중식
2023-11-18,베이컨김치볶음밥,중식
2023-11-18,크림감자뇨끼,중식
2023-11-18,유부된장국,중식
2023-11-18,피자,중식
2023-11-18,총각김치,중식
2023-11-19,데리야끼삼겹살덮밥,중식
2023-11-19,닭고기육개장,중식
2023-11-19,잡채,중식
2023-11-19,시저샐러드,중식
2023-11-19,깍두기,중식
2023-11-20,자장밥,중식
2023-11-20,마라탕,중식
2023-11-20,고추잡채&꽃빵,중식
2023-11-20,비빔만두,중식
2023-11-20,배추김치,중식
2023-11-20,우유,중식
2023-11-21,비빔밥,중식
2023-11-21,들깨미역국,중식
2022-03-09,닭고기부추밥,중식
2023-10-26,잡곡밥,중식
2023-10-26,청국장,중식
2023-10-26,제육볶음,중식
2023-10-26,모듬야채&쌈장,중식
2023-10-26,명이나물절임,중식
2023-10-26,파김치,중식
2023-10-26,배,중식
2023-10-27,유부어묵국,중식
2023-10-27,돈가스,중식
2023-10-27,날치알김치덮밥,중식
2023-10-27,야채샐러드,중식
2023-10-27,갓김치,중식
2023-10-27,사과,중식
2023-10-28,탱글소시지철판볶음밥,중식
2023-10-28,우동장국,중식
2023-10-28,단호박샐러드,중식
2023-10-28,샐러드파스타,중식
2023-10-28,배추김치,중식
2023-10-29,밥,중식
2023-10-29,당면고추장찌개,중식
2023-10-29,닭고기김치찜,중식
2023-10-29,에그랑땡,중식
2023-10-29,배추김치,중식
2023-10-30,김가루주먹밥,중식
2023-10-30,햄소시지찌개,중식
2023-10-30,매운족발볶음,중식
2023-10-30,쌈무,중식
2023-10-30,보쌈김치,중식
2023-10-30,식혜,중식
2023-10-31,밥,중식
2023-10-31,배추된장국,중식
2023-10-31,잡채,중식
2023-10-31,돼지불고기,중식
2023-10-31,상추쌈,중식
2023-10-31,총각김치,중식
2023-10-31,단감,중식
2023-11-01,밥,중식
2023-11-01,호박된장찌개,중식
2023-11-01,마늘보쌈,중식
2023-11-01,쇠고기육전,중식
2023-11-01,골뱅이소면무침,중식
2023-11-01,보쌈김치,중식
2023-11-01,사인머스켓,중식
2023-11-01,탄산음료,중식
2023-11-02,전복버섯영양밥,중식
2023-11-02,도토리묵국,중식
2023-11-02,제육볶음,중식
2023-11-02,파채무침,중식
2023-11-02,깍두기,중식
2023-11-02,감귤,중식
2023-11-03,잡곡밥,중식
2023-11-03,황태채국,중식
2023-11-03,견과류멸치볶음,중식
2023-11-03,매운돼지갈비찜,중식
2023-11-03,무말랭이무침,중식
2023-11-03,간장깻잎지,중식
2023-11-03,배추김치,중식
2023-11-03,에너지드링크,중식
2023-11-04,랍스터볶음밥,중식
2023-11-04,파송송계란국,중식
2023-11-04,고추바사삭치킨,중식
2023-11-04,무&비트피클,중식
2023-11-04,배추김치,중식
2023-11-05,닭고기덮밥,중식
2023-11-05,배추된장국,중식
2023-11-05,고추튀김,중식
2023-11-05,콘치즈오븐구이,중식
2023-11-05,배추김치,중식
2023-11-06,쇠고기콩나물밥&부추양념장,중식
2023-11-06,홍합탕,중식
2023-11-06,치킨너겟,중식
2023-11-06,고등어카레구이,중식
2023-11-06,배추김치,중식
2023-11-07,꼬막비빔밥,중식
2023-11-07,쇠고기미역국,중식
2023-11-07,잡채,중식
2023-11-07,계란후라이,중식
2023-11-07,콩나물매운무침,중식
2023-11-07,배추김치,중식
2023-11-07,감귤,중식
2023-11-08,검은콩밥,중식
2023-10-13,잡곡밥,중식
2023-10-13,우럭매운탕,중식
2023-10-13,대패삼겹살볶음,중식
2023-10-13,파채콩나물무침,중식
2023-10-13,배추김치,중식
2023-10-13,우유,중식
2023-10-14,베이컨김치볶음밥,중식
2023-10-14,유부된장국,중식
2023-10-14,하와이안찹스테이크,중식
2023-10-14,배추김치,중식
2023-10-15,밥,중식
2023-10-15,닭고기육개장,중식
2023-10-15,새우가스,중식
2023-10-15,시저샐러드,중식
2023-10-15,배추김치,중식
2023-10-16,잡곡밥,중식
2023-10-16,닭볶음탕,중식
2023-10-16,견과류멸치볶음,중식
2023-10-16,마파두부,중식
2023-10-16,백김치,중식
2023-10-16,초코과자,중식
2023-10-17,쇠고기덮밥,중식
2023-10-17,꽃게탕,중식
2023-10-17,도토리묵무침,중식
2023-10-17,콘옥수수야채무침,중식
2023-10-17,총각김치,중식
2023-10-17,배,중식
2023-10-18,비빔밥,중식
2023-10-18,돼지고기애호박찌개,중식
2023-10-18,생선가스,중식
2023-10-18,계란후라이,중식
2023-10-18,갓김치,중식
2023-10-19,돈코츠라멘,중식
2023-10-19,새우튀김,중식
2023-10-19,단무지무침,중식
2023-10-19,오리엔탈샐러드,중식
2023-10-19,배추김치,중식
2023-10-19,사과,중식
2023-10-20,밥,중식
2023-10-20,짬뽕수제비,중식
2023-10-20,고추잡채&꽃빵,중식
2023-10-20,광어순살튀김,중식
2023-10-20,배추김치,중식
2023-10-20,사인머스켓,중식
2023-10-21,베이컨김치볶음밥,중식
2023-10-21,크림감자뇨끼,중식
2023-10-21,파송송계란국,중식
2023-10-21,배추김치,중식
2023-10-22,밥,중식
2023-10-22,당면고추장찌개,중식
2023-10-22,차돌박이숙주볶음,중식
2023-10-22,파채무침,중식
2023-10-22,배추김치,중식
2023-10-23,영양밥&부추양념장,중식
2023-10-23,잡곡밥,중식
2023-10-23,닭곰탕,중식
2023-10-23,쭈꾸미야채볶음,중식
2023-10-23,명란젓,중식
2023-10-23,깍두기,중식
2023-10-24,비빔밥,중식
2023-10-24,우렁강된장찌개,중식
2023-10-24,계란후라이,중식
2023-10-24,쇠고기육전,중식
2023-10-24,배추김치,중식
2023-10-24,사인머스켓,중식
2023-10-25,쇠고기콩나물밥&부추양념장,중식
2023-10-25,배추된장국,중식
2023-10-25,데리야끼갈릭치킨,중식
2023-10-25,우엉채조림,중식
2023-10-25,배추김치,중식
2023-10-25,음료수,중식
2023-09-29,배추김치,중식
2023-09-29,배,중식
2023-09-30,밥,중식
2023-09-30,쇠고기육개장,중식
2023-09-30,깐쇼새우,중식
2023-09-30,닭고기김치찜,중식
2023-09-30,갓김치,중식
2023-10-01,베이컨김치볶음밥,중식
2023-10-01,콩나물국,중식
2023-10-01,바베큐폭립,중식
2023-10-01,오지치즈후라이 ,중식
2023-10-01,계란후라이,중식
2023-10-01,깍두기,중식
2023-10-01,사인머스켓,중식
2023-10-02,닭고기덮밥,중식
2023-10-02,김치찌개,중식
2023-10-02,고추튀김,중식
2023-10-02,청포묵김가루무침,중식
2023-10-02,배추김치,중식
2023-10-03,밥,중식
2023-10-03,배추된장국,중식
2023-10-03,삼겹살구이,중식
2023-10-03,파채무침,중식
2023-10-03,모듬야채&쌈장,중식
2023-10-03,깍두기,중식
2023-10-03,사이다,중식
2023-10-04,검은콩밥,중식
2023-10-04,등뼈감자탕,중식
2023-10-04,김말이튀김,중식
2023-10-04,고등어유자청구이,중식
2023-10-04,오이풋고추무침,중식
2023-10-04,총각김치,중식
2023-10-05,꼬막비빔밥,중식
2023-10-05,쇠고기미역국,중식
2023-10-05,닭꼬치,중식
2023-10-05,계란후라이,중식
2023-10-05,쌈무무침,중식
2023-10-05,배추김치,중식
2023-10-05,사과,중식
2023-10-06,마커니커리라이스,중식
2023-10-06,유부어묵국,중식
2023-10-06,탄두리치킨또띠아,중식
2023-10-06,리코타치즈샐러드,중식
2023-10-06,배추김치,중식
2023-10-06,사인머스켓,중식
2023-10-06,랍스터볶음밥,중식
2023-10-07,우동장국,중식
2023-10-07,모듬피클,중식
2023-10-07,어린잎채소샐러드,중식
2023-10-07,배추김치,중식
2023-10-08,스쿨치밥,중식
2023-10-08,팽이버섯두부국,중식
2023-10-08,베이컨야채볶음,중식
2023-10-08,궁중떡볶이,중식
2023-10-08,배추김치,중식
2023-10-08,우유,중식
2023-10-09,흑미밥,중식
2023-10-09,황태채국,중식
2023-10-09,돼지고기양장피볶음,중식
2023-10-09,지파이,중식
2023-10-09,배추김치,중식
2023-10-10,아란치니,중식
2023-10-10,마늘바게트,중식
2023-10-10,스파게티,중식
2023-10-10,모듬피클,중식
2023-10-10,만다린오렌지샐러드,중식
2023-10-10,이온음료,중식
2023-10-11,잡곡밥,중식
2023-10-11,고추장수제비,중식
2023-10-11,잡채,중식
2023-10-11,버섯강정,중식
2023-10-11,아귀찜,중식
2023-10-11,배추김치,중식
2023-10-12,밥,중식
2023-10-12,마라탕,중식
2023-10-12,고추잡채&꽃빵,중식
2023-10-12,탕수육,중식
2023-10-12,단무지무침,중식
2023-10-12,배추김치,중식
2023-10-12,배,중식
2023-09-16,배추김치,중식
2023-09-17,밥,중식
2023-09-17,닭고기육개장,중식
2023-09-17,새우가스,중식
2023-09-17,시저샐러드,중식
2023-09-17,파김치,중식
2023-09-18,잡곡밥,중식
2023-09-18,닭볶음탕,중식
2023-09-18,궁중떡볶이,중식
2023-09-18,전복버터구이,중식
2023-09-18,백김치,중식
2023-09-19,비빔밥,중식
2023-09-19,돼지고기애호박찌개,중식
2023-09-19,생선가스,중식
2023-09-19,계란후라이,중식
2023-09-19,총각김치,중식
2023-09-20,쇠고기볶음밥,중식
2023-09-20,들깨미역국,중식
2023-09-20,비빔만두,중식
2023-09-20,스크램블에그,중식
2023-09-20,배추김치,중식
2023-09-20,멜론,중식
2023-09-21,쫄면,중식
2023-09-21,마늘보쌈,중식
2023-09-21,쇠고기육전,중식
2023-09-21,쌈무,중식
2023-09-21,보쌈김치,중식
2023-09-22,밥,중식
2023-09-22,짬뽕수제비,중식
2023-09-22,고추잡채&꽃빵,중식
2023-09-22,탕수육,중식
2023-09-22,배추김치,중식
2023-09-22,배,중식
2023-09-23,쇠고기덮밥,중식
2023-09-23,김치찌개,중식
2023-09-23,크림떡볶이,중식
2023-09-23,하와이안찹스테이크,중식
2023-09-23,배추김치,중식
2023-09-23,바나나,중식
2023-09-24,스팸마요덮밥,중식
2023-09-24,참치김치찌개,중식
2023-09-24,대패삼겹살소시지구이,중식
2023-09-24,오이파프리카무침,중식
2023-09-24,배추김치,중식
2023-09-25,잡곡밥,중식
2023-09-25,닭곰탕,중식
2023-09-25,쭈꾸미야채볶음,중식
2023-09-25,계란찜,중식
2023-09-25,파채콩나물무침,중식
2023-09-25,총각김치,중식
2023-09-26,스파게티,중식
2023-09-26,마늘바게트,중식
2023-09-26,아란치니,중식
2023-09-26,만다린오렌지샐러드,중식
2023-09-26,무&비트피클,중식
2023-09-27,잡곡밥,중식
2023-09-27,청국장,중식
2023-09-27,제육볶음,중식
2023-09-27,모듬야채&쌈장,중식
2023-09-27,명이나물절임,중식
2023-09-27,파김치,중식
2023-09-28,참치마요덮밥,중식
2023-09-28,쇠고기육개장,중식
2023-09-28,버섯강정,중식
2023-09-28,그릴소시지구이,중식
2023-09-28,갓김치,중식
2023-09-29,밥,중식
2023-09-29,햄소시지찌개,중식
2023-09-29,훈제삼겹살구이/명이나물,중식
2023-09-29,오미산적,중식
2023-09-29,양념고추지,중식
2023-07-06,음료수,중식
2023-07-07,스팸마요덮밥,중식
2023-07-07,배추된장국,중식
2023-07-07,견과류멸치볶음,중식
2023-07-07,닭꼬치,중식
2023-07-07,배추김치,중식
2023-07-07,복숭아,중식
2023-07-08,베이컨김치볶음밥,중식
2023-07-08,감자계란국,중식
2023-07-08,스크램블에그,중식
2023-07-08,리코타치즈샐러드,중식
2023-07-08,깍두기,중식
2023-07-08,수박,중식
2023-07-09,햄야채볶음밥,중식
2023-07-09,꼬치어묵국,중식
2023-07-09,분모자떡볶이,중식
2023-07-09,순대,중식
2023-07-09,배추김치,중식
2023-07-10,마커니커리라이스,중식
2023-07-10,유부된장국,중식
2023-07-10,치즈롤까스,중식
2023-07-10,유자드레싱샐러드,중식
2023-07-10,깍두기,중식
2023-07-10,사이다,중식
2023-07-11,잡곡밥,중식
2023-07-11,삼계탕,중식
2023-07-11,모듬야채&쌈장,중식
2023-07-11,간장깻잎지,중식
2023-06-26,키조개미역국,중식
2023-06-26,제육볶음,중식
2023-06-26,조기튀김,중식
2023-06-26,파채무침,중식
2023-06-26,백김치,중식
2023-06-26,이온음료,중식
2023-06-27,후리가케밥,중식
2023-06-27,냉모밀,중식
2023-06-27,돈가스,중식
2023-06-27,단무지무침,중식
2023-06-27,시저샐러드,중식
2023-06-27,배추김치,중식
2023-06-27,멜론,중식
2023-06-28,잡곡밥,중식
2023-06-28,순대국,중식
2023-06-28,언양식바싹불고기,중식
2023-06-28,잡채어묵조림,중식
2023-06-28,부추겉절이,중식
2023-06-28,파김치,중식
2023-06-28,수박,중식
2023-06-29,김가루주먹밥,중식
2023-06-29,비빔국수,중식
2023-06-29,콩나물국,중식
2023-06-29,감자전,중식
2023-06-29,냉채족발,중식
2023-06-29,보쌈김치,중식
2023-06-29,사이다,중식
2023-06-30,잡곡밥,중식
2023-06-30,호박된장찌개,중식
2023-06-30,잡채,중식
2023-06-30,훈제삼겹살구이/명이나물,중식
2023-06-30,파채무침,중식
2023-06-30,배추김치,중식
2023-07-01,잡곡밥,중식
2023-07-01,순두부찌개,중식
2023-07-01,쇠고기불고기,중식
2023-07-01,상추쌈,중식
2023-07-01,배추김치,중식
2023-07-01,멜론,중식
2023-07-02,잡곡밥,중식
2023-07-02,닭볶음탕,중식
2023-07-02,동그랑땡,중식
2023-07-02,깻잎양념무침,중식
2023-07-02,배추김치,중식
2023-07-02,초코과자,중식
2023-06-26,잡곡밥,중식
2023-09-15,영양밥&부추양념장,중식
2023-09-15,꽃게탕,중식
2023-09-15,돼지고기양장피볶음,중식
2023-09-15,파채무침,중식
2023-09-15,백김치,중식
2023-09-16,참치마요구운주먹밥,중식
2023-09-16,유부된장국,중식
2023-09-16,큐브스테이크,중식
2023-07-12,민어매운탕,중식
2023-07-12,쇠고기팽이버섯떡볶음,중식
2023-07-12,청포묵김가루무침,중식
2023-07-12,파김치,중식
2023-07-13,김가루주먹밥,중식
2023-07-13,쫄면,중식
2023-07-13,감자전,중식
2023-07-13,냉채족발,중식
2023-07-13,보쌈김치,중식
2023-07-14,밥,중식
2023-07-14,갑오징어물회,중식
2023-07-14,차돌박이청경채볶음,중식
2023-07-14,비빔만두,중식
2023-07-14,열무김치,중식
2023-07-14,복숭아,중식
2023-07-15,후리가케밥,중식
2023-07-15,생우동,중식
2023-07-15,새우튀김,중식
2023-07-15,단무지무침,중식
2023-07-15,시저샐러드,중식
2023-07-15,깍두기,중식
2023-07-15,수박,중식
2023-07-16,잡곡밥,중식
2023-07-16,햄소시지찌개,중식
2023-07-16,순대야채볶음,중식
2023-07-16,견과류멸치볶음,중식
2023-07-16,깍두기,중식
2023-07-17,비빔밥,중식
2023-07-17,쇠고기육개장,중식
2023-07-17,청양마요치킨,중식
2023-07-17,계란후라이,중식
2023-07-17,배추김치,중식
2023-07-17,우유,중식
2023-07-18,물냉면,중식
2023-07-18,김가루주먹밥,중식
2023-07-18,돈육연탄불고기 ,중식
2023-07-18,백김치,중식
2023-07-18,자두,중식
2023-07-19,잡곡밥,중식
2023-07-19,호박된장찌개,중식
2023-07-19,돼지불고기,중식
2023-07-19,감자전,중식
2023-07-19,양념고추지,중식
2023-07-19,쌈무,중식
2023-07-19,배추김치,중식
2023-07-19,멜론,중식
2023-07-20,영양밥&부추양념장,중식
2023-07-20,광어매운탕,중식
2023-07-20,애호박나물,중식
2023-07-20,닭갈비,중식
2023-07-20,연근조림,중식
2023-07-20,열무김치,중식
2023-07-20,참외,중식
2023-07-21,잡곡밥,중식
2023-07-03,쇠고기덮밥,중식
2023-07-03,김치찌개,중식
2023-07-03,장어강정,중식
2023-07-03,오이부추무침,중식
2023-07-03,열무김치,중식
2023-07-04,비빔밥,중식
2023-07-04,청국장,중식
2023-07-04,언양식바싹불고기,중식
2023-07-04,계란후라이,중식
2023-07-04,배추김치,중식
2023-07-04,유산균 발효 음료,중식
2023-07-05,잡곡밥,중식
2023-07-05,등뼈감자탕,중식
2023-07-05,잡채,중식
2023-07-05,우엉채조림,중식
2023-07-05,청포묵김가루무침,중식
2023-07-05,배추김치,중식
2023-07-05,아이스크림 콘,중식
2023-07-06,잡곡밥,중식
2023-07-06,콩나물국,중식
2023-07-06,삼겹살구이,중식
2023-07-06,모듬야채&쌈장,중식
2023-07-06,명이나물절임,중식
2023-07-06,파김치,중식
2023-08-05,시저샐러드,중식
2023-08-05,무&비트피클,중식
2023-08-05,배추김치,중식
2023-08-06,닭고기덮밥,중식
2023-08-06,팽이버섯두부국,중식
2023-08-06,고추튀김,중식
2023-08-06,청포묵김가루무침,중식
2023-08-06,배추김치,중식
2023-08-06,우유,중식
2023-08-07,쇠고기콩나물밥&부추양념장,중식
2023-08-07,차돌육개장,중식
2023-08-07,마파두부,중식
2023-08-07,양념고추지,중식
2023-08-07,배추김치,중식
2023-08-08,물냉면,중식
2023-08-08,김가루주먹밥,중식
2023-08-08,언양식바싹불고기,중식
2023-08-08,찐만두&간장,중식
2023-07-21,삼계탕,중식
2023-07-21,견과류멸치볶음,중식
2023-07-21,가지튀김,중식
2023-07-21,모듬야채&쌈장,중식
2023-07-21,배추김치,중식
2023-07-21,수박,중식
2023-07-22,조각피자,중식
2023-07-22,스파게티,중식
2023-07-22,무&비트피클,중식
2023-07-22,만다린오렌지샐러드,중식
2023-07-22,배추김치,중식
2023-07-23,햄야채볶음밥,중식
2023-07-23,감자수제비,중식
2023-07-23,계란후라이,중식
2023-07-23,청포묵김가루무침,중식
2023-07-23,열무김치,중식
2023-07-24,밥,중식
2023-07-24,배추된장국,중식
2023-07-24,매운돼지갈비찜,중식
2023-07-24,야채스틱앤저염쌈장,중식
2023-07-24,오이양파무침,중식
2023-07-24,깍두기,중식
2023-07-25,잡곡밥,중식
2023-07-25,쇠고기미역국,중식
2023-07-25,대패삼겹살볶음,중식
2023-07-25,파채무침,중식
2023-07-25,명이나물절임,중식
2023-07-25,배추김치,중식
2023-07-25,아이스크림,중식
2023-07-26,잡곡밥,중식
2023-07-26,순두부찌개,중식
2023-07-26,아귀찜,중식
2023-07-26,잡채어묵조림,중식
2023-07-26,깻잎양념무침,중식
2023-07-26,배추김치,중식
2023-07-27,열무비빔냉면,중식
2023-07-27,치즈롤까스,중식
2023-07-27,찐만두&간장,중식
2023-07-27,시저샐러드,중식
2023-07-27,오이소박이,중식
2023-07-28,쇠고기콩나물밥&부추양념장,중식
2023-07-28,키조개미역국,중식
2023-07-28,오징어볶음,중식
2023-07-28,팝콘형치킨너겟,중식
2023-07-28,배추김치,중식
2023-07-28,복숭아,중식
2023-07-29,달걀케첩볶음밥,중식
2023-07-29,유부된장국,중식
2023-07-29,큐브스테이크,중식
2023-07-29,배추김치,중식
2023-07-30,잡곡밥,중식
2023-07-30,순대국,중식
2023-07-30,잡채,중식
2023-07-30,부추겉절이,중식
2023-07-30,양파절임,중식
2023-07-11,배추김치,중식
2023-07-11,수박,중식
2023-07-12,흑미밥,중식
2023-08-10,야채스틱앤저염쌈장,중식
2023-08-10,낙지젓,중식
2023-08-10,깍두기,중식
2023-08-10,수박,중식
2023-08-11,잡곡밥,중식
2023-08-11,김치찌개,중식
2023-08-11,삼겹살구이,중식
2023-08-11,모듬야채&쌈장,중식
2023-08-11,파채무침,중식
2023-08-11,오이소박이,중식
2023-08-12,생우동,중식
2023-08-12,후리가케밥,중식
2023-08-12,바베큐폭립,중식
2023-08-12,단무지무침,중식
2023-08-12,배추김치,중식
2023-08-13,검은콩밥,중식
2023-08-13,팽이버섯두부국,중식
2023-08-13,닭갈비,중식
2023-08-13,연근조림,중식
2023-08-13,배추김치,중식
2023-08-13,남양유업,중식
2023-08-14,비빔밥,중식
2023-08-14,우렁강된장찌개,중식
2023-08-14,계란후라이,중식
2023-08-14,쇠고기육전,중식
2023-08-14,열무김치,중식
2023-08-15,잡곡밥,중식
2023-08-15,쇠고기육개장,중식
2023-08-15,청양마요치킨,중식
2023-08-15,골뱅이소면무침,중식
2023-08-15,총각김치,중식
2023-08-16,잡곡밥,중식
2023-08-16,짬뽕수제비,중식
2023-08-16,잡채,중식
2023-08-16,아귀찜,중식
2023-08-16,배추김치,중식
2023-08-16,복숭아,중식
2023-08-17,냉모밀,중식
2023-08-17,후리가케밥,중식
2023-08-17,닭꼬치,중식
2023-08-17,계란말이,중식
2023-08-17,배추김치,중식
2023-08-18,잡곡밥,중식
2023-07-30,배추김치,중식
2023-07-31,잡곡밥,중식
2023-07-31,닭곰탕,중식
2023-07-31,제육볶음,중식
2023-07-31,두부매운조림,중식
2023-07-31,오이소박이,중식
2023-07-31,아이스크림 팩형,중식
2023-08-01,밥,중식
2023-08-01,광어매운탕,중식
2023-08-01,닭강정,중식
2023-08-01,쇠고기육전,중식
2023-08-01,콘옥수수야채무침,중식
2023-08-01,열무김치,중식
2023-08-02,데리야끼삼겹살덮밥,중식
2023-08-02,유부된장국,중식
2023-08-02,치즈롤까스,중식
2023-08-02,만다린오렌지샐러드,중식
2023-08-02,깍두기,중식
2023-08-02,옥수수,중식
2023-08-03,흑미밥,중식
2023-08-03,등뼈감자탕,중식
2023-08-03,견과류멸치볶음,중식
2023-08-03,쇠고기꽈리고추조림,중식
2023-08-03,오이소박이,중식
2023-08-03,참외,중식
2023-08-04,참치마요덮밥,중식
2023-08-04,꼬치어묵국,중식
2023-08-04,분모자떡볶이,중식
2023-08-04,김말이튀김,중식
2023-08-04,순대,중식
2023-08-04,배추김치,중식
2023-08-05,베이컨김치볶음밥,중식
2023-08-05,파송송계란국,중식
2023-08-05,고추바사삭치킨,중식
2023-09-02,무&비트피클,중식
2023-09-02,배추김치,중식
2023-09-03,닭고기덮밥,중식
2023-09-03,미역오이냉국,중식
2023-09-03,고추튀김,중식
2023-09-03,콘옥수수야채무침,중식
2023-09-03,배추김치,중식
2023-09-04,쇠고기콩나물밥&부추양념장,중식
2023-09-04,홍합탕,중식
2023-09-04,치킨너겟,중식
2023-09-04,계란후라이,중식
2023-09-04,무말랭이무침,중식
2023-09-04,파김치,중식
2023-09-05,자장밥,중식
2023-09-05,짬뽕찌개,중식
2023-08-18,김치찌개,중식
2023-08-18,훈제오리볶음,중식
2023-08-18,장어강정,중식
2023-08-18,쌈무,중식
2023-08-18,양파절임,중식
2023-08-18,백김치,중식
2023-08-19,참치마요구운주먹밥,중식
2023-08-19,유부된장국,중식
2023-08-19,훈제닭다리,중식
2023-08-19,배추김치,중식
2023-08-20,밥,중식
2023-08-20,참치김치찌개,중식
2023-08-20,대패삼겹살볶음,중식
2023-08-20,양배추쌈&저염쌈장,중식
2023-08-20,깍두기,중식
2023-08-21,잡곡밥,중식
2023-08-21,닭곰탕,중식
2023-08-21,애호박나물,중식
2023-08-21,버섯강정,중식
2023-08-21,오징어젓무침,중식
2023-08-21,총각김치,중식
2023-08-22,콩나물불고기덮밥,중식
2023-08-22,미역오이냉국,중식
2023-08-22,깐쇼새우,중식
2023-08-22,쌈무무침,중식
2023-08-22,열무김치,중식
2023-08-23,스팸마요덮밥,중식
2023-08-23,쑥갓어묵국,중식
2023-08-23,데리야끼갈릭치킨,중식
2023-08-23,오이양파무침,중식
2023-08-23,배추김치,중식
2023-08-23,복숭아,중식
2023-08-24,밥,중식
2023-08-24,갑오징어물회,중식
2023-08-24,차돌박이숙주볶음,중식
2023-08-24,오이풋고추무침,중식
2023-08-24,배추김치,중식
2023-08-24,수박,중식
2023-08-25,밥,중식
2023-08-25,황태채국,중식
2023-08-25,오징어볶음,중식
2023-08-25,매운돼지갈비찜,중식
2023-08-25,파채콩나물무침,중식
2023-08-25,배추김치,중식
2023-08-25,자두,중식
2023-08-26,베이컨김치볶음밥,중식
2023-08-26,크림떡볶이,중식
2023-08-26,하와이안찹스테이크,중식
2023-08-26,무&비트피클,중식
2023-08-08,열무김치,중식
2023-08-08,바나나,중식
2023-08-09,자장밥,중식
2023-08-09,짬뽕수제비,중식
2023-08-09,멘보샤,중식
2023-08-09,단무지무침,중식
2023-08-09,배추김치,중식
2023-08-10,밥,중식
2023-08-10,삼계탕,중식
2023-08-10,잡채,중식
2023-09-08,오이풋고추무침,중식
2023-09-08,모듬야채&쌈장,중식
2023-09-08,깍두기,중식
2023-09-08,사이다,중식
2023-09-09,생우동,중식
2023-09-09,후리가케밥,중식
2023-09-09,고추바사삭치킨,중식
2023-09-09,단무지무침,중식
2023-09-09,배추김치,중식
2023-09-09,바나나,중식
2023-09-10,스쿨치밥,중식
2023-09-10,팽이버섯두부국,중식
2023-09-10,베이컨야채볶음,중식
2023-09-10,연근조림,중식
2023-09-10,배추김치,중식
2023-09-11,잡곡밥,중식
2023-09-11,황태채국,중식
2023-09-11,청양마요치킨,중식
2023-09-11,우엉채조림,중식
2023-09-11,골뱅이소면무침,중식
2023-09-11,배추김치,중식
2023-09-12,비빔밥,중식
2023-09-12,우렁강된장찌개,중식
2023-09-12,돈육연탄불고기 ,중식
2023-09-12,계란후라이,중식
2023-09-12,배추김치,중식
2023-09-13,잡곡밥,중식
2023-09-13,짬뽕수제비,중식
2023-09-13,잡채,중식
2023-09-13,아귀순살튀김,중식
2023-09-13,배추김치,중식
2023-09-13,비타민음료,중식
2023-09-14,냉모밀,중식
2023-09-14,새우튀김,중식
2023-09-14,닭꼬치,중식
2023-09-14,계란말이,중식
2023-09-14,배추김치,중식
2023-08-26,배추김치,중식
2023-08-27,잡곡밥,중식
2023-08-27,당면고추장찌개,중식
2023-08-27,두부김치,중식
2023-08-27,치킨너겟,중식
2023-08-27,깍두기,중식
2023-08-28,밥,중식
2023-08-28,쇠고기육개장,중식
2023-08-28,대패삼겹살볶음,중식
2023-08-28,새우가스,중식
2023-08-28,간장깻잎지,중식
2023-08-28,배추김치,중식
2023-08-29,영양밥&부추양념장,중식
2023-08-29,닭볶음탕,중식
2023-08-29,오징어볶음,중식
2023-08-29,견과류멸치볶음,중식
2023-08-29,배추김치,중식
2023-08-29,참외,중식
2023-08-30,밥,중식
2023-08-30,짬뽕찌개,중식
2023-08-30,고추잡채&꽃빵,중식
2023-08-30,탕수육,중식
2023-08-30,단무지무침,중식
2023-08-30,배추김치,중식
2023-08-31,비빔밥,중식
2023-08-31,청국장,중식
2023-08-31,치킨텐더,중식
2023-08-31,계란후라이,중식
2023-08-31,배추김치,중식
2023-08-31,수박,중식
2023-09-01,잡곡밥,중식
2023-09-01,감자수제비,중식
2023-09-01,견과류멸치볶음,중식
2023-09-01,매운돼지갈비찜,중식
2023-09-01,간장깻잎지,중식
2023-09-01,배추김치,중식
2023-09-02,베이컨김치볶음밥,중식
2023-09-02,파송송계란국,중식
2023-09-02,바베큐폭립,중식
2023-05-27,총각김치,중식
2023-05-28,스팸마요덮밥,중식
2023-05-28,배추된장국,중식
2023-05-28,깐쇼새우,중식
2023-05-28,맛김,중식
2023-05-28,땅콩조림,중식
2023-05-28,배추김치,중식
2023-05-28,해태에이치티비,중식
2023-05-29,스쿨치밥,중식
2023-05-29,감자짜글이,중식
2023-05-29,우엉채조림,중식
2023-05-29,유자드레싱샐러드,중식
2023-05-29,배추김치,중식
2023-05-30,밥,중식
2023-05-30,쫄면,중식
2023-05-30,차돌박이청경채볶음,중식
2023-05-30,깐계란,중식
2023-05-30,찐만두&간장,중식
2023-05-30,배추김치,중식
2023-05-30,사이다,중식
2023-05-31,영양밥&부추양념장,중식
2023-05-31,키조개미역국,중식
2023-05-31,잡채,중식
2023-05-31,청양마요치킨,중식
2023-05-31,총각김치,중식
2023-05-31,아이스크림,중식
2023-06-01,잡곡밥,중식
2023-06-01,호박된장찌개,중식
2023-06-01,삼겹살구이,중식
2023-06-01,파채콩나물무침,중식
2023-06-01,상추쌈,중식
2023-06-01,배추김치,중식
2023-06-01,멜론,중식
2023-06-02,밥,중식
2023-06-02,감자수제비,중식
2023-06-02,동그랑땡,중식
2023-06-02,아귀찜,중식
2023-06-02,땅콩조림,중식
2023-06-02,배추김치,중식
2023-06-02,아이스크림 콘,중식
2023-06-03,스파게티,중식
2023-06-03,베이컨김치볶음밥,중식
2023-06-03,리코타치즈샐러드,중식
2023-06-03,무&비트피클,중식
2023-06-03,열무김치,중식
2023-06-04,잡곡밥,중식
2023-06-04,콩나물국,중식
2023-06-04,견과류멸치볶음,중식
2023-06-04,매운돼지갈비찜,중식
2023-06-04,연근조림,중식
2023-06-04,배추김치,중식
2023-06-05,밥,중식
2023-06-05,햄소시지찌개,중식
2023-06-05,잡채,중식
2023-06-05,닭갈비,중식
2023-06-05,양배추쌈&저염쌈장,중식
2023-06-05,총각김치,중식
2023-06-05,과일푸딩,중식
2023-06-06,비빔밥,중식
2023-06-06,청국장,중식
2023-06-06,치킨텐더,중식
2023-06-06,우엉채조림,중식
2023-06-06,열무김치,중식
2023-06-06,탄산음료,중식
2023-09-05,돼지고기양장피볶음,중식
2023-09-05,멘보샤,중식
2023-09-05,배추김치,중식
2023-09-06,검은콩밥,중식
2023-09-06,등뼈감자탕,중식
2023-09-06,잡채,중식
2023-09-06,고등어유자청구이,중식
2023-09-06,총각김치,중식
2023-09-07,흑미밥,중식
2023-09-07,우럭매운탕,중식
2023-09-07,닭갈비,중식
2023-09-07,청포묵김가루무침,중식
2023-09-07,쌈무,중식
2023-09-07,배추김치,중식
2023-09-08,잡곡밥,중식
2023-09-08,김치찌개,중식
2023-09-08,삼겹살구이,중식
2023-05-14,밥,중식
2023-05-14,콩나물국,중식
2023-05-14,김자반,중식
2023-05-14,감자조림,중식
2023-05-14,궁중닭찜,중식
2023-05-14,배추김치,중식
2023-05-15,잡곡밥,중식
2023-05-15,순대국,중식
2023-05-15,오징어튀김,중식
2023-05-15,해물파전,중식
2023-05-15,부추겉절이,중식
2023-05-15,갓김치,중식
2023-05-16,쌀국수,중식
2023-05-16,나시고랭볶음밥,중식
2023-05-16,스프링롤,중식
2023-05-16,양파절임,중식
2023-05-16,총각김치,중식
2023-05-16,토마토,중식
2023-05-17,검은콩밥,중식
2023-05-17,꽃게탕,중식
2023-05-17,제육볶음,중식
2023-05-17,오미산적,중식
2023-05-17,야채스틱앤저염쌈장,중식
2023-05-17,파김치,중식
2023-05-17,참외,중식
2023-05-18,밥,중식
2023-05-18,콩나물국,중식
2023-05-18,오징어볶음,중식
2023-05-18,큐브스테이크,중식
2023-05-18,간장깻잎지,중식
2023-05-18,배추김치,중식
2023-05-18,사과,중식
2023-05-19,전투식량,중식
2023-05-20,달걀케첩볶음밥,중식
2023-05-20,감자짜글이,중식
2023-05-20,궁중떡볶이,중식
2023-05-20,고구마샐러드,중식
2023-05-20,파김치,중식
2023-05-20,탄산음료,중식
2023-05-21,햄야채볶음밥,중식
2023-05-21,짬뽕찌개,중식
2023-05-21,찹쌀꿔바로우,중식
2023-05-21,단무지무침,중식
2023-05-21,배추김치,중식
2023-05-22,잡곡밥,중식
2023-05-22,닭곰탕,중식
2023-05-22,쭈꾸미야채볶음,중식
2023-05-22,오징어젓무침,중식
2023-05-22,총각김치,중식
2023-05-23,잡곡밥,중식
2023-05-23,청국장,중식
2023-05-23,삼겹살구이,중식
2023-05-23,모듬야채&쌈장,중식
2023-05-23,명이나물절임,중식
2023-05-23,파김치,중식
2023-05-24,참치마요덮밥,중식
2023-05-24,쇠고기육개장,중식
2023-05-24,그릴소시지구이,중식
2023-05-24,김자반,중식
2023-05-24,배추김치,중식
2023-05-25,베이컨김치볶음밥,중식
2023-05-25,배추된장국,중식
2023-05-25,데리야끼갈릭치킨,중식
2023-05-25,무&비트피클,중식
2023-05-25,열무김치,중식
2023-05-25,음료수,중식
2023-05-26,김가루주먹밥,중식
2023-05-26,황태채국,중식
2023-05-26,매운족발볶음,중식
2023-05-26,감자전,중식
2023-05-26,양념고추지,중식
2023-05-26,쌈무,중식
2023-05-26,배추김치,중식
2023-05-26,이온음료,중식
2023-05-27,쇠고기덮밥,중식
2023-05-27,김치찌개,중식
2023-05-27,회오리감자,중식
2023-04-30,두부매운조림,중식
2023-04-30,배추김치,중식
2023-05-01,감자수제비,중식
2023-05-01,잡곡밥,중식
2023-05-01,견과류멸치볶음,중식
2023-05-01,매운돼지갈비찜,중식
2023-05-01,깻잎양념무침,중식
2023-05-01,배추김치,중식
2023-05-01,음료수,중식
2023-05-02,흑미밥,중식
2023-05-02,광어매운탕,중식
2023-05-02,닭갈비,중식
2023-05-02,감자전,중식
2023-05-02,상추쌈,중식
2023-05-02,열무김치,중식
2023-05-02,사과,중식
2023-05-03,비빔밥,중식
2023-05-03,홍합탕,중식
2023-05-03,생선가스,중식
2023-05-03,계란후라이,중식
2023-05-03,파김치,중식
2023-05-03,참외,중식
2023-05-04,검은콩밥,중식
2023-05-04,등뼈감자탕,중식
2023-05-04,잡채,중식
2023-05-04,고등어무조림,중식
2023-05-04,마늘쫑고추장무침,중식
2023-05-04,총각김치,중식
2023-05-05,자장밥,중식
2023-05-05,짬뽕찌개,중식
2023-05-05,돼지고기양장피볶음,중식
2023-05-05,멘보샤,중식
2023-05-05,배추김치,중식
2023-05-05,사이다,중식
2023-05-06,잡곡밥,중식
2023-05-06,햄소시지찌개,중식
2023-05-06,제육볶음,중식
2023-05-06,상추쌈,중식
2023-05-06,총각김치,중식
2023-05-06,토마토,중식
2023-05-07,밥,중식
2023-05-07,닭고기육개장,중식
2023-05-07,새우가스,중식
2023-05-07,시저샐러드,중식
2023-05-07,파김치,중식
2023-05-08,후리가케밥,중식
2023-05-08,닭볶음탕,중식
2023-05-08,견과류멸치볶음,중식
2023-05-08,동그랑땡,중식
2023-05-08,골뱅이소면무침,중식
2023-05-08,백김치,중식
2023-05-09,쇠고기덮밥,중식
2023-05-09,순두부찌개,중식
2023-05-09,생선가스,중식
2023-05-09,모듬과일샐러드,중식
2023-05-09,총각김치,중식
2023-05-10,잡곡밥,중식
2023-05-10,조랭이떡들깨탕,중식
2023-05-10,순대야채볶음,중식
2023-05-10,장어강정,중식
2023-05-10,파채무침,중식
2023-05-10,열무김치,중식
2023-05-10,아이스크림 콘,중식
2023-05-11,김가루주먹밥,중식
2023-05-11,비빔국수,중식
2023-05-11,팝콘형치킨너겟,중식
2023-05-11,냉채족발,중식
2023-05-11,보쌈김치,중식
2023-05-11,사과,중식
2023-05-12,밥,중식
2023-05-12,짬뽕수제비,중식
2023-05-12,고추잡채&꽃빵,중식
2023-05-12,탕수육,중식
2023-05-12,열무김치,중식
2023-05-13,생우동,중식
2023-05-13,닭꼬치,중식
2023-05-13,단무지무침,중식
2023-05-13,배추김치,중식
2023-04-16,견과류멸치볶음,중식
2023-04-16,깍두기,중식
2023-04-17,자장밥,중식
2023-04-17,짬뽕찌개,중식
2023-04-17,멘보샤,중식
2023-04-17,청포묵김가루무침,중식
2023-04-17,단무지무침,중식
2023-04-17,파김치,중식
2023-04-17,사이다,중식
2023-04-18,흑미밥,중식
2023-04-18,꽃게탕,중식
2023-04-18,돼지불고기,중식
2023-04-18,땅콩조림,중식
2023-04-18,상추쌈,중식
2023-04-18,배추김치,중식
2023-04-19,김가루주먹밥,중식
2023-04-19,건새우아욱된장국,중식
2023-04-19,매운족발볶음,중식
2023-04-19,감자전,중식
2023-04-19,양념고추지,중식
2023-04-19,쌈무,중식
2023-04-19,배추김치,중식
2023-04-20,햄야채볶음밥,중식
2023-04-20,유부된장국,중식
2023-04-20,치즈롤까스,중식
2023-04-20,시저샐러드,중식
2023-04-20,배추김치,중식
2023-04-21,감자수제비,중식
2023-04-21,비빔밥,중식
2023-04-21,찹쌀탕수육,중식
2023-04-21,계란후라이,중식
2023-04-21,배추김치,중식
2023-04-22,알리오올리오파스타,중식
2023-04-22,단무지무침,중식
2023-04-22,리코타치즈샐러드,중식
2023-04-22,배추김치,중식
2023-04-23,밥,중식
2023-04-23,배추된장국,중식
2023-04-23,매운돼지갈비찜,중식
2023-04-23,야채스틱앤저염쌈장,중식
2023-04-23,시금치무침,중식
2023-04-23,깍두기,중식
2023-04-24,잡곡밥,중식
2023-04-24,광어매운탕,중식
2023-04-24,돼지고기양장피볶음,중식
2023-04-24,해물파전,중식
2023-04-24,깻잎양념무침,중식
2023-04-24,배추김치,중식
2023-04-25,나시고랭볶음밥,중식
2023-04-25,쌀국수,중식
2023-04-25,베이컨시금치볶음,중식
2023-04-25,스프링롤,중식
2023-04-25,배추김치,중식
2023-04-26,잡곡밥,중식
2023-04-26,순대국,중식
2023-04-26,방어순살튀김,중식
2023-04-26,잡채어묵조림,중식
2023-04-26,파채무침,중식
2023-04-26,배추김치,중식
2023-04-27,나가사끼짬뽕,중식
2023-04-27,밥,중식
2023-04-27,고추잡채&꽃빵,중식
2023-04-27,찹쌀꿔바로우,중식
2023-04-27,배추김치,중식
2023-04-28,영양밥&부추양념장,중식
2023-04-28,키조개미역국,중식
2023-04-28,오징어볶음,중식
2023-04-28,팝콘형치킨너겟,중식
2023-04-28,배추김치,중식
2023-04-29,잡곡밥,중식
2023-04-29,돼지국밥,중식
2023-04-29,잡채,중식
2023-04-29,부추겉절이,중식
2023-04-29,배추김치,중식
2023-04-30,잡곡밥,중식
2023-04-30,닭고기육개장,중식
2023-04-30,제육볶음,중식
2023-04-02,사이다,중식
2023-04-03,잡곡밥,중식
2023-04-03,닭볶음탕,중식
2023-04-03,동그랑땡,중식
2023-04-03,깻잎양념무침,중식
2023-04-03,배추김치,중식
2023-04-04,쇠고기덮밥,중식
2023-04-04,김치찌개,중식
2023-04-04,생선가스,중식
2023-04-04,오이파프리카무침,중식
2023-04-04,깍두기,중식
2023-04-05,잡곡밥,중식
2023-04-05,쇠고기미역국,중식
2023-04-05,잡채,중식
2023-04-05,치킨텐더,중식
2023-04-05,오징어젓무침,중식
2023-04-05,배추김치,중식
2023-04-05,비타민음료,중식
2023-04-06,잡곡밥,중식
2023-04-06,감자짜글이,중식
2023-04-06,삼겹살구이,중식
2023-04-06,모듬야채&쌈장,중식
2023-04-06,명이나물절임,중식
2023-04-06,배추김치,중식
2023-04-06,콜라,중식
2023-04-07,스팸마요덮밥,중식
2023-04-07,건새우아욱된장국,중식
2023-04-07,견과류멸치볶음,중식
2023-04-07,깐쇼새우,중식
2023-04-07,맛김,중식
2023-04-07,배추김치,중식
2023-04-08,잡곡밥,중식
2023-04-08,베이컨김치볶음밥,중식
2023-04-08,감자계란국,중식
2023-04-08,모듬과일샐러드,중식
2023-04-08,깍두기,중식
2023-04-09,햄야채볶음밥,중식
2023-04-09,꼬치어묵국,중식
2023-04-09,분모자떡볶이,중식
2023-04-09,순대,중식
2023-04-09,배추김치,중식
2023-04-09,122kcal,중식
2023-04-10,카레밥,중식
2023-04-10,유부된장국,중식
2023-04-10,치즈롤까스,중식
2023-04-10,계란말이,중식
2023-04-10,유자드레싱샐러드,중식
2023-04-10,배추김치,중식
2023-04-10,사이다,중식
2023-04-11,잡곡밥,중식
2023-04-11,등뼈감자탕,중식
2023-04-11,견과류멸치볶음,중식
2023-04-11,우엉채조림,중식
2023-04-11,오이부추무침,중식
2023-04-11,배추김치,중식
2023-04-11,122kcal,중식
2023-04-12,흑미밥,중식
2023-04-12,배추된장국,중식
2023-04-12,닭갈비,중식
2023-04-12,청포묵김가루무침,중식
2023-04-12,오징어젓무침,중식
2023-04-12,파김치,중식
2023-04-13,김가루주먹밥,중식
2023-04-13,비빔국수,중식
2023-04-13,콩나물국,중식
2023-04-13,냉채족발,중식
2023-04-13,보쌈김치,중식
2023-04-14,꼬막비빔밥,중식
2023-04-14,쇠고기미역국,중식
2023-04-14,애호박나물,중식
2023-04-14,닭꼬치,중식
2023-04-14,계란후라이,중식
2023-04-14,배추김치,중식
2023-04-15,잡곡밥,중식
2023-04-15,건새우아욱된장국,중식
2023-04-15,제육볶음,중식
2023-04-15,상추쌈,중식
2023-04-15,배추김치,중식
2023-04-15,탄산음료,중식
2023-04-16,잡곡밥,중식
2023-04-16,쇠고기육개장,중식
2023-04-16,순대야채볶음,중식
2023-03-20,짬뽕찌개,중식
2023-03-20,고추잡채&꽃빵,중식
2023-03-20,물만두,중식
2023-03-20,배추김치,중식
2023-03-21,쌀국수,중식
2023-03-21,나시고랭볶음밥,중식
2023-03-21,스프링롤,중식
2023-03-21,씨앗호떡,중식
2023-03-21,배추김치,중식
2023-03-21,배,중식
2023-03-22,밥,중식
2023-03-22,김치찌개,중식
2023-03-22,함박스테이크,중식
2023-03-22,부추겉절이,중식
2023-03-22,청포묵김가루무침,중식
2023-03-22,배추김치,중식
2023-03-23,쇠고기덮밥,중식
2023-03-23,나가사끼짬뽕,중식
2023-03-23,생선가스,중식
2023-03-23,깻잎양념무침,중식
2023-03-23,고구마샐러드,중식
2023-03-23,깍두기,중식
2023-03-23,바나나,중식
2023-03-24,참치마요덮밥,중식
2023-03-24,쇠고기미역국,중식
2023-03-24,분모자떡볶이,중식
2023-03-24,그릴소시지구이,중식
2023-03-24,배추김치,중식
2023-03-24,122kcal,중식
2023-03-25,생우동,중식
2023-03-25,밥,중식
2023-03-25,돼지고기장조림,중식
2023-03-25,단무지무침,중식
2023-03-25,배추김치,중식
2023-03-26,밥,중식
2023-03-26,쇠고기미역국,중식
2023-03-26,잡채,중식
2023-03-26,조기순살튀김,중식
2023-03-26,매운돼지갈비찜,중식
2023-03-26,깍두기,중식
2023-03-27,잡곡밥,중식
2023-03-27,닭고기육개장,중식
2023-03-27,제육볶음,중식
2023-03-27,고등어무조림,중식
2023-03-27,파채무침,중식
2023-03-27,배추김치,중식
2023-03-28,돈코츠라멘,중식
2023-03-28,후리가케밥,중식
2023-03-28,타코야끼,중식
2023-03-28,오이양파무침,중식
2023-03-28,배추김치,중식
2023-03-29,잡곡밥,중식
2023-03-29,순대국,중식
2023-03-29,갈치순살튀김,중식
2023-03-29,언양식바싹불고기,중식
2023-03-29,부추겉절이,중식
2023-03-29,배추김치,중식
2023-03-29,비타민음료,중식
2023-03-30,김가루주먹밥,중식
2023-03-30,비빔국수,중식
2023-03-30,콩나물국,중식
2023-03-30,감자전,중식
2023-03-30,냉채족발,중식
2023-03-30,보쌈김치,중식
2023-03-30,사과,중식
2023-03-31,영양밥&부추양념장,중식
2023-03-31,쇠고기육개장,중식
2023-03-31,팝콘형치킨너겟,중식
2023-03-31,해물파전,중식
2023-03-31,배추김치,중식
2023-03-31,122kcal,중식
2023-04-01,잡곡밥,중식
2023-04-01,굴미역국,중식
2023-04-01,소불고기,중식
2023-04-01,오이부추무침,중식
2023-04-01,보쌈김치,중식
2023-04-02,후리가케밥,중식
2023-04-02,쑥갓어묵국,중식
2023-04-02,분모자떡볶이,중식
2023-04-02,김말이튀김,중식
2023-04-02,순대,중식
2023-04-02,배추김치,중식
2023-03-06,치즈롤까스,중식
2023-03-06,계란말이,중식
2023-03-06,유자드레싱샐러드,중식
2023-03-06,배추김치,중식
2023-03-07,잡곡밥,중식
2023-03-07,누룽지삼계탕,중식
2023-03-07,견과류멸치볶음,중식
2023-03-07,오이부추무침,중식
2023-03-07,양념고추지,중식
2023-03-07,배추김치,중식
2023-03-08,영양밥&부추양념장,중식
2023-03-08,쇠고기미역국,중식
2023-03-08,베이컨야채볶음,중식
2023-03-08,찹쌀탕수육,중식
2023-03-08,배추김치,중식
2023-03-08,음료수 탄산 과일,중식
2023-03-09,김가루주먹밥,중식
2023-03-09,건새우아욱된장국,중식
2023-03-09,편육/쌈무,중식
2023-03-09,감자전,중식
2023-03-09,모듬야채&쌈장,중식
2023-03-09,보쌈김치,중식
2023-03-10,전투식량 즉각취식형 1식단,중식
2023-03-11,밥,중식
2023-03-11,배추된장국,중식
2023-03-11,닭갈비,중식
2023-03-11,두부매운조림,중식
2023-03-11,배추김치,중식
2023-03-12,잡곡밥,중식
2023-03-12,쇠고기육개장,중식
2023-03-12,견과류멸치볶음,중식
2023-03-12,베이컨감자채볶음,중식
2023-03-12,깍두기,중식
2023-03-13,자장밥,중식
2023-03-13,짬뽕찌개,중식
2023-03-13,멘보샤,중식
2023-03-13,청포묵김가루무침,중식
2023-03-13,배추김치,중식
2023-03-14,닭칼국수,중식
2023-03-14,검은콩밥,중식
2023-03-14,새우가스,중식
2023-03-14,우엉채조림,중식
2023-03-14,모듬과일샐러드,중식
2023-03-14,배추김치,중식
2023-03-14,요구르트 아이스크림 떠먹는형,중식
2023-03-15,비빔밥,중식
2023-03-15,유부된장국,중식
2023-03-15,언양식바싹불고기,중식
2023-03-15,계란후라이,중식
2023-03-15,배추김치,중식
2023-03-15,우유,중식
2023-03-16,김치볶음밥,중식
2023-03-16,건새우아욱된장국,중식
2023-03-16,치즈롤까스,중식
2023-03-16,땅콩조림,중식
2023-03-16,시저샐러드,중식
2023-03-16,깍두기,중식
2023-03-16,딸기,중식
2023-03-17,흑미밥,중식
2023-03-17,짬뽕찌개,중식
2023-03-17,돼지고기양장피볶음,중식
2023-03-17,낙지볶음,중식
2023-03-17,우엉채조림,중식
2023-03-17,배추김치,중식
2023-03-18,알리오올리오파스타,중식
2023-03-18,단무지무침,중식
2023-03-18,리코타치즈샐러드,중식
2023-03-18,배추김치,중식
2023-03-19,김가루주먹밥,중식
2023-03-19,콩나물국,중식
2023-03-19,돼지고기김치볶음,중식
2023-03-19,깐쇼새우,중식
2023-03-19,무생채,중식
2023-03-19,122kcal,중식
2023-03-20,자장밥,중식
2023-02-20,매운돼지갈비찜,중식
2023-02-20,계란장조림,중식
2023-02-20,깍두기,중식
2023-02-21,비빔밥,중식
2023-02-21,콩나물김치국,중식
2023-02-21,오지치즈후라이,중식
2023-02-21,달래사과무침,중식
2023-02-21,배추김치,중식
2023-02-21,유산균 발효 음료,중식
2023-02-22,잡곡밥,중식
2023-02-22,명태매운탕,중식
2023-02-22,잡채,중식
2023-02-22,청양마요치킨,중식
2023-02-22,시저샐러드,중식
2023-02-22,배추김치,중식
2023-02-23,나시고랭볶음밥,중식
2023-02-23,쌀국수,중식
2023-02-23,스프링롤,중식
2023-02-23,짜사이,중식
2023-02-23,배추김치,중식
2023-02-24,잡곡밥,중식
2023-02-24,냉이된장국,중식
2023-02-24,계란찜,중식
2023-02-24,삼겹살구이,중식
2023-02-24,파채무침,중식
2023-02-24,배추김치,중식
2023-02-24,122kcal,중식
2023-02-25,알리오올리오파스타,중식
2023-02-25,단무지무침,중식
2023-02-25,리코타치즈샐러드,중식
2023-02-25,배추김치,중식
2023-02-26,쇠고기덮밥,중식
2023-02-26,돈코츠라멘,중식
2023-02-26,생선가스,중식
2023-02-26,고구마샐러드,중식
2023-02-26,깍두기,중식
2023-02-26,배,중식
2023-02-27,흑미밥,중식
2023-02-27,배추된장국,중식
2023-02-27,고추잡채&꽃빵,중식
2023-02-27,치즈돈가스,중식
2023-02-27,오이파프리카무침,중식
2023-02-27,배추김치,중식
2023-02-28,닭칼국수,중식
2023-02-28,김가루주먹밥,중식
2023-02-28,돼지고기김치볶음,중식
2023-02-28,깐쇼새우,중식
2023-02-28,무생채,중식
2023-03-01,잡곡밥,중식
2023-03-01,호박된장찌개,중식
2023-03-01,치킨텐더,중식
2023-03-01,삼겹살구이,중식
2023-03-01,파채콩나물무침,중식
2023-03-01,배추김치,중식
2023-03-01,122kcal,중식
2023-03-02,밥,중식
2023-03-02,건새우아욱된장국,중식
2023-03-02,오징어튀김,중식
2023-03-02,닭고기김치찜,중식
2023-03-02,연근조림,중식
2023-03-02,배추김치,중식
2023-03-02,비타민음료,중식
2023-03-02,122kcal,중식
2023-03-03,밥,중식
2023-03-03,순두부찌개,중식
2023-03-03,주꾸미볶음,중식
2023-03-03,쇠고기불고기,중식
2023-03-03,상추쌈,중식
2023-03-03,배추김치,중식
2023-03-04,김가루주먹밥,중식
2023-03-04,꼬치어묵국,중식
2023-03-04,분모자떡볶이,중식
2023-03-04,순대,중식
2023-03-04,배추김치,중식
2023-03-05,햄야채볶음밥,중식
2023-03-05,짬뽕찌개,중식
2023-03-05,단무지무침,중식
2023-03-05,요우티아오연유,중식
2023-03-05,배추김치,중식
2023-03-06,후리가케밥,중식
2023-03-06,팽이버섯두부국,중식
2023-02-06,오징어튀김,중식
2023-02-06,땅콩조림,중식
2023-02-06,배추김치,중식
2023-02-07,바게트,중식
2023-02-07,스파게티,중식
2023-02-07,단무지무침,중식
2023-02-07,옥수수스프,중식
2023-02-07,리코타치즈샐러드,중식
2023-02-07,배추김치,중식
2023-02-08,영양밥&부추양념장,중식
2023-02-08,들깨미역국,중식
2023-02-08,지파이,중식
2023-02-08,아귀순살콩나물찜,중식
2023-02-08,배추김치,중식
2023-02-08,코코팜망고코넛,중식
2023-02-09,밥,중식
2023-02-09,짬뽕,중식
2023-02-09,찹쌀탕수육,중식
2023-02-09,짜사이,중식
2023-02-09,배추김치,중식
2023-02-10,검은콩밥,중식
2023-02-10,건새우아욱된장국,중식
2023-02-10,오징어볶음,중식
2023-02-10,청양마요치킨,중식
2023-02-10,깻잎양념무침,중식
2023-02-10,배추김치,중식
2023-02-11,생우동,중식
2023-02-11,단무지무침,중식
2023-02-11,훈제계란,중식
2023-02-11,배추김치,중식
2023-02-12,밥,중식
2023-02-12,감자탕,중식
2023-02-12,견과류멸치볶음,중식
2023-02-12,언양식바싹불고기,중식
2023-02-12,깍두기,중식
2023-02-12,비타민음료,중식
2023-02-13,자장밥,중식
2023-02-13,짬뽕찌개,중식
2023-02-13,새우가스,중식
2023-02-13,오이양파무침,중식
2023-02-13,배추김치,중식
2023-02-14,나가사끼짬뽕,중식
2023-02-14,후리가케밥,중식
2023-02-14,치즈롤까스,중식
2023-02-14,타코야끼,중식
2023-02-14,배추김치,중식
2023-02-14,배,중식
2023-02-15,검은콩밥,중식
2023-02-15,쇠고기육개장,중식
2023-02-15,집게맛살튀김,중식
2023-02-15,닭고기김치찜,중식
2023-02-15,깍두기,중식
2023-02-16,잔치국수,중식
2023-02-16,밥,중식
2023-02-16,쇠고기팽이버섯떡볶음,중식
2023-02-16,주꾸미볶음,중식
2023-02-16,감자전,중식
2023-02-16,배추김치,중식
2023-02-17,잡곡밥,중식
2023-02-17,누룽지삼계탕,중식
2023-02-17,견과류멸치볶음,중식
2023-02-17,양념고추지,중식
2023-02-17,야채스틱앤저염쌈장,중식
2023-02-17,배추김치,중식
2023-02-18,밥,중식
2023-02-18,뼈없는감자탕,중식
2023-02-18,두부김치,중식
2023-02-18,브로콜리초고추장,중식
2023-02-18,깍두기,중식
2023-02-18,에너지바,중식
2023-02-19,닭고기덮밥,중식
2023-02-19,유부어묵국,중식
2023-02-19,해물파전,중식
2023-02-19,청포묵김가루무침,중식
2023-02-19,배추김치,중식
2023-02-19,배,중식
2023-02-20,참치김치찌개,중식
2023-02-20,조기순살튀김,중식
2023-01-24,갈치순살튀김,중식
2023-01-24,언양식바싹불고기,중식
2023-01-24,땅콩조림,중식
2023-01-24,배추김치,중식
2023-01-25,후리가케밥,중식
2023-01-25,돈코츠라멘,중식
2023-01-25,타코야끼,중식
2023-01-25,오이양파무침,중식
2023-01-25,배추김치,중식
2023-01-26,나가사끼짬뽕,중식
2023-01-26,밥,중식
2023-01-26,고추잡채&꽃빵,중식
2023-01-26,찹쌀꿔바로우,중식
2023-01-26,짜사이,중식
2023-01-26,배추김치,중식
2023-01-26,사과,중식
2023-01-27,영양밥&부추양념장,중식
2023-01-27,쇠고기육개장,중식
2023-01-27,팝콘형치킨너겟,중식
2023-01-27,해물파전,중식
2023-01-27,고구마샐러드,중식
2023-01-27,갓김치,중식
2023-01-28,후리가케밥,중식
2023-01-28,생우동,중식
2023-01-28,단무지무침,중식
2023-01-28,배추김치,중식
2023-01-29,잡곡밥,중식
2023-01-29,호박된장찌개,중식
2023-01-29,제육볶음,중식
2023-01-29,야채스틱앤저염쌈장,중식
2023-01-29,콩나물매운무침,중식
2023-01-29,배추김치,중식
2023-01-30,흑미밥,중식
2023-01-30,명태매운탕,중식
2023-01-30,잡채,중식
2023-01-30,닭장각구이,중식
2023-01-30,무&비트피클,중식
2023-01-30,배추김치,중식
2023-01-30,떠먹는 토핑형 발효유,중식
2023-01-31,후리가케밥,중식
2023-01-31,스파게티,중식
2023-01-31,바게트,중식
2023-01-31,새우튀김,중식
2023-01-31,양송이스프,중식
2023-01-31,리코타치즈샐러드,중식
2023-01-31,배추김치,중식
2023-01-31,비타민음료,중식
2023-02-01,흑미밥,중식
2023-02-01,호박된장찌개,중식
2023-02-01,데리야끼갈릭치킨,중식
2023-02-01,우엉채조림,중식
2023-02-01,무&비트피클,중식
2023-02-01,배추김치,중식
2023-02-01,사이다,중식
2023-02-02,밥,중식
2023-02-02,쇠고기육개장,중식
2023-02-02,돼지고기김치볶음,중식
2023-02-02,오징어튀김,중식
2023-02-02,연근조림,중식
2023-02-02,깍두기,중식
2023-02-02,감귤,중식
2023-02-03,카레밥,중식
2023-02-03,유부된장국,중식
2023-02-03,치즈롤까스,중식
2023-02-03,유자드레싱샐러드,중식
2023-02-03,깍두기,중식
2023-02-03,우유,중식
2023-02-04,베이컨김치볶음밥,중식
2023-02-04,짬뽕찌개,중식
2023-02-04,탕수육,중식
2023-02-04,단무지무침,중식
2023-02-04,깍두기,중식
2023-02-04,배,중식
2023-02-05,밥,중식
2023-02-05,김치찌개,중식
2023-02-05,쇠고기불고기,중식
2023-02-05,계란찜,중식
2023-02-05,양배추쌈&저염쌈장,중식
2023-02-05,깍두기,중식
2023-02-06,잡곡밥,중식
2023-02-06,닭고기육개장,중식
2023-02-06,베이컨야채볶음,중식
2023-01-11,흑미밥,중식
2023-01-11,사골떡만둣국,중식
2023-01-11,그릴소시지구이,중식
2023-01-11,오징어젓무침,중식
2023-01-11,청포묵김가루무침,중식
2023-01-11,핫도그,중식
2023-01-11,배추김치,중식
2023-01-12,밥,중식
2023-01-12,건새우아욱된장국,중식
2023-01-12,훈제삼겹,중식
2023-01-12,감자전,중식
2023-01-12,쌈무,중식
2023-01-12,모듬야채&쌈장,중식
2023-01-12,보쌈김치,중식
2023-01-13,영양밥&부추양념장,중식
2023-01-13,굴미역국,중식
2023-01-13,베이컨야채볶음,중식
2023-01-13,찹쌀꿔바로우,중식
2023-01-13,갓김치,중식
2023-01-14,김가루주먹밥,중식
2023-01-14,스파게티,중식
2023-01-14,해쉬브라운,중식
2023-01-14,무&비트피클,중식
2023-01-14,배추김치,중식
2023-01-15,잡곡밥,중식
2023-01-15,쇠고기육개장,중식
2023-01-15,견과류멸치볶음,중식
2023-01-15,베이컨야채볶음,중식
2023-01-15,깍두기,중식
2023-01-16,자장밥,중식
2023-01-16,짬뽕찌개,중식
2023-01-16,멘보샤,중식
2023-01-16,청포묵김가루무침,중식
2023-01-16,짜사이,중식
2023-01-16,배추김치,중식
2023-01-17,검은콩밥,중식
2023-01-17,닭칼국수,중식
2023-01-17,새우가스,중식
2023-01-17,우엉채조림,중식
2023-01-17,모듬과일샐러드,중식
2023-01-17,배추김치,중식
2023-01-17,딸기,중식
2023-01-18,김가루주먹밥,중식
2023-01-18,건새우아욱된장국,중식
2023-01-18,매운족발볶음,중식
2023-01-18,오미산적,중식
2023-01-18,양념고추지,중식
2023-01-18,모듬야채&쌈장,중식
2023-01-18,배추김치,중식
2023-01-18,우유,중식
2023-01-19,카레밥,중식
2023-01-19,유부된장국,중식
2023-01-19,치즈롤까스,중식
2023-01-19,땅콩조림,중식
2023-01-19,시저샐러드,중식
2023-01-19,배추김치,중식
2023-01-19,바나나,중식
2023-01-20,비빔밥,중식
2023-01-20,건새우아욱된장국,중식
2023-01-20,계란후라이,중식
2023-01-20,해물파전,중식
2023-01-20,씨앗호떡,중식
2023-01-20,배추김치,중식
2023-01-21,밥,중식
2023-01-21,쇠고기미역국,중식
2023-01-21,닭갈비,중식
2023-01-21,두부매운조림,중식
2023-01-21,배추김치,중식
2023-01-21,감귤,중식
2023-01-22,밥,중식
2023-01-22,배추된장국,중식
2023-01-22,잡채,중식
2023-01-22,조기순살튀김,중식
2023-01-22,매운돼지갈비찜,중식
2023-01-22,깍두기,중식
2023-01-23,잡곡밥,중식
2023-01-23,도토리묵사발,중식
2023-01-23,제육볶음,중식
2023-01-23,감자전,중식
2023-01-23,깻잎양념무침,중식
2023-01-23,배추김치,중식
2023-01-24,잡곡밥,중식
2023-01-24,순대국,중식
2025-01-17(금),잡곡밥,중식
2025-01-18(토),국물떡볶이,중식
2025-01-19(일),밥,중식
2025-01-20(월),베이컨김치볶음밥,중식
2025-01-21(화),밥,중식
2025-01-22(수),잡곡밥,중식
2025-01-23(목),황태채국,중식
2023-01-03,생선가스,중식
2023-01-03,오징어야채무침,중식
2023-01-03,깍두기,중식
2023-01-03,배,중식
2023-01-04,잡곡밥,중식
2023-01-04,호박된장찌개,중식
2023-01-04,치킨텐더,중식
2023-01-04,삼겹살구이,중식
2023-01-04,미나리콩나물무침,중식
2023-01-04,배추김치,중식
2023-01-05,밥,중식
2023-01-05,건새우아욱된장국,중식
2023-01-05,방어순살튀김,중식
2023-01-05,닭고기김치찜,중식
2023-01-05,부추겉절이,중식
2023-01-05,배추김치,중식
2023-01-06,밥,중식
2023-01-06,순두부찌개,중식
2023-01-06,쇠고기불고기,중식
2023-01-06,주꾸미볶음,중식
2023-01-06,무생채,중식
2023-01-06,배추김치,중식
2023-01-07,김가루주먹밥,중식
2023-01-07,꼬치어묵국,중식
2023-01-07,분모자떡볶이,중식
2023-01-07,순대,중식
2023-01-07,배추김치,중식
2023-01-08,햄야채볶음밥,중식
2023-01-08,짬뽕찌개,중식
2023-01-08,단무지무침,중식
2023-01-08,요우티아오연유,중식
2023-01-08,배추김치,중식
2023-01-08,감귤,중식
2023-01-09,카레밥,중식
2023-01-09,유부어묵국,중식
2023-01-09,치즈롤까스,중식
2023-01-09,계란말이,중식
2023-01-09,유자드레싱샐러드,중식
2023-01-09,배추김치,중식
2023-01-10,잡곡밥,중식
2023-01-10,누룽지삼계탕,중식
2023-01-10,견과류멸치볶음,중식
2023-01-10,양념고추지,중식
2023-01-10,오이부추무침,중식
2023-01-10,배추김치,중식
2024-11-30(토),햄버거스테이크,중식
2025-01-01(수),차돌깍두기볶음밥,중식
2025-01-02(목),잡곡밥,중식
2025-01-03(금),쇠고기콩나물밥&부추양념장,중식
2025-01-04(토),숯불바베큐치킨,중식
2025-01-05(일),차슈덮밥,중식
2025-01-06(월),잡곡밥,중식
2025-01-07(화),보리밥&고추장,중식
2025-01-08(수),잡곡밥,중식
2025-01-09(목),곤드레밥&양념장,중식
2025-01-10(금),흑미밥,중식
2025-01-11(토),조각피자,중식
2025-01-12(일),볼카츠덮밥,중식
2025-01-13(월),밥,중식
2025-01-14(화),하이라이스덮밥,중식
2025-01-15(수),비빔밥,중식
2025-01-16(목),김치알밥,중식
2024-11-12(화),쇠고기콩나물밥&부추양념장,중식
2024-11-13(수),밥,중식
2024-11-14(목),비빔밥,중식
2024-11-15(금),밥,중식
2024-11-16(토),고추바사삭치킨,중식
2024-11-17(일),잡곡밥,중식
2024-11-18(월),잡곡밥,중식
2024-11-19(화),밥,중식
2024-11-20(수),곤드레밥&양념장,중식
2024-11-21(목),잔치국수,중식
2024-11-22(금),밥,중식
2024-11-23(토),피자떡볶이,중식
2024-11-24(일),스팸마요덮밥,중식
2024-11-25(월),흑미밥,중식
2024-11-26(화),보리밥&고추장,중식
2024-11-27(수),밥,중식
2024-11-28(목),흑미밥,중식
2024-11-29(금),잡곡밥,중식
2024-10-26(토),미트볼스파게티,중식
2024-10-27(일),잡곡밥,중식
2024-10-28(월),밥,중식
2024-10-29(화),밥,중식
2024-10-30(수),밥,중식
2024-10-31(목),카레덮밥,중식
2024-11-01(금),셀프충무김밥,중식
2024-11-02(토),잡곡밥,중식
2024-11-03(일),옛날도시락비빔밥,중식
2024-11-04(월),수제비만두전골,중식
2024-11-05(화),차돌짬뽕,중식
2024-11-06(수),흑미밥,중식
2024-11-07(목),흑미밥,중식
2024-11-08(금),잡곡밥,중식
2024-11-09(토),미트볼스파게티,중식
2024-11-10(일),밥,중식
2024-11-11(월),밥,중식
2024-10-09(수),후리가케밥,중식
2024-10-10(목),비빔쫄면,중식
2024-10-11(금),잡곡밥,중식
2024-10-12(토),숯불바베큐치킨,중식
2024-10-13(일),김밥,중식
2024-10-14(월),붉은대게살장비빔밥,중식
2024-10-15(화),미트볼스파게티,중식
2024-10-16(수),흑미밥,중식
2024-10-17(목),잡곡밥,중식
2024-10-18(금),흑미밥,중식
2024-10-19(토),불닭마요주먹밥,중식
2024-10-20(일),밥,중식
2024-10-21(월),밥,중식
2024-10-22(화),김치찌개,중식
2024-10-23(수),자장밥,중식
2024-10-24(목),밥,중식
2024-10-25(금),비빔밥,중식
2024-09-22(일),밥,중식
2024-09-23(월),잡곡밥,중식
2024-09-24(화),비빔밥,중식
2024-09-25(수),밥,중식
2024-09-26(목),비빔쫄면,중식
2024-09-27(금),밥,중식
2024-09-28(토),피자떡볶이,중식
2024-09-29(일),잡곡밥,중식
2024-09-30(월),흑미밥,중식
2024-10-01(화),비빔국수,중식
2024-10-02(수),밥,중식
2024-10-03(목),밥,중식
2024-10-04(금),수제비만두전골,중식
2024-10-05(토),크림우동,중식
2024-10-06(일),잡곡밥,중식
2024-10-07(월),곤드레밥&양념장,중식
2024-10-08(화),콩국수,중식
2024-09-05(목),김치말이국수,중식
2024-09-06(금),흑미밥,중식
2024-09-07(토),미니우동,중식
2024-09-08(일),밥,중식
2024-09-09(월),자장밥,중식
2024-09-10(화),메밀소바,중식
2024-09-11(수),흑미밥,중식
2024-09-12(목),비빔밥,중식
2024-09-13(금),밥,중식
2024-09-14(토),버팔로봉,중식
2024-09-15(일),전투식량 1형1식단,중식
2024-09-16(월),잡곡밥,중식
2024-09-17(화),미역오이냉국,중식
2024-09-18(수),흑미밥,중식
2024-09-19(목),명태회냉면,중식
2024-09-20(금),잡곡밥,중식
2024-09-21(토),미트볼스파게티,중식
2024-08-20(화),명란마요아보카도덮밥,중식
2024-08-21(수),곤드레밥&양념장,중식
2024-08-22(목),비빔쫄면,중식
2024-08-23(금),밥,중식
2024-08-25(일),스팸마요덮밥,중식
2024-08-26(월),흑미밥,중식
2024-08-27(화),명태회냉면,중식
2024-08-28(수),밥,중식
2024-08-29(목),보리밥&고추장,중식
2024-08-30(금),감자수제비,중식
2024-09-01(일),달걀케첩볶음밥,중식
2024-09-02(월),잡곡밥,중식
2024-09-03(화),카레덮밥,중식
2024-09-04(수),곤드레밥&양념장,중식
2024-08-03(토),잡곡밥,중식
2024-08-04(일),옛날도시락비빔밥,중식
2024-08-05(월),메밀소바,중식
2024-08-06(화),잡곡밥,중식
2024-08-07(수),흑미밥,중식
2024-08-08(목),흑미밥,중식
2024-08-09(금),잡곡밥,중식
2024-08-11(일),밥,중식
2024-08-12(월),키조개미역국,중식
2024-08-13(화),쇠고기덮밥,중식
2024-08-14(수),닭죽장각삼계탕,중식
2024-08-15(목),비빔밥,중식
2024-08-16(금),밥,중식
2024-08-18(일),잡곡밥,중식
2024-08-19(월),잡곡밥,중식
2024-07-17(수),잡곡밥,중식
2024-07-18(목),미트볼스파게티,중식
2024-07-19(금),잡곡밥,중식
2024-07-21(일),잡곡밥,중식
2024-07-22(월),잡곡밥,중식
2024-07-23(화),자장밥,중식
2024-07-24(수),밥,중식
2024-07-25(목),초계국수,중식
2024-07-26(금),밥,중식
2024-07-28(일),베이컨김치볶음밥,중식
2024-07-29(월),명란마요아보카도덮밥,중식
2024-07-30(화),김치말이국수,중식
2024-07-31(수),카레덮밥,중식
2024-08-01(목),냉우동,중식
2024-08-02(금),도토리묵국,중식
2024-05-12,치즈닭갈비,중식
2024-05-12,배추김치,중식
2024-07-01(월),밥,중식
2024-07-02(화),보리밥&고추장,중식
2024-07-03(수),곤드레밥&양념장,중식
2024-07-04(목),병천순대국밥,중식
2024-07-05(금),도토리묵국,중식
2024-07-07(일),잡곡밥,중식
2024-07-08(월),흑미밥,중식
2024-07-09(화),명태회냉면,중식
2024-07-10(수),비빔밥,중식
2024-07-11(목),옛날도시락비빔밥,중식
2024-07-12(금),데리야끼삼겹살덮밥,중식
2024-07-14(일),마크니커리덮밥,중식
2024-07-15(월),밥,중식
2024-07-16(화),밥,중식
2024-03-30,쇠고기콩나물밥&부추양념장,중식
2024-03-30,김치찌개,중식
2024-03-30,고추바사삭치킨,중식
2024-03-30,오이풋고추무침,중식
2024-03-30,배추김치,중식
2024-03-30,사이다,중식
2024-03-31,밥,중식
2024-03-31,쇠고기감자국,중식
2024-03-31,오지치즈후라이 ,중식
2024-03-31,숯불돼지LA갈비,중식
2024-03-31,오이양파무침,중식
2024-03-31,배추김치,중식
2024-05-01,밥,중식
2024-05-01,명란순두부탕,중식
2024-05-01,마늘보쌈,중식
2024-05-01,오이풋고추된장무침,중식
2024-05-01,상추쌈,중식
2024-05-01,보쌈김치,중식
2024-05-01,콜라,중식
2024-05-02,비빔국수,중식
2024-05-02,콩나물국,중식
2024-05-02,옛날통닭,중식
2024-05-02,야채샐러드,중식
2024-05-02,열무김치,중식
2024-05-02,대추방울토마토,중식
2024-05-03,잡곡밥,중식
2024-05-03,등뼈감자탕,중식
2024-05-03,소바바치킨,중식
2024-05-03,오이양파무침,중식
2024-05-03,무&비트피클,중식
2024-05-03,배추김치,중식
2024-05-03,콜라,중식
2024-05-04,밥,중식
2024-05-04,감자튀김,중식
2024-05-04,햄버거스테이크,중식
2024-05-04,머쉬룸크림스프,중식
2024-05-04,할라피뇨,중식
2024-05-04,배추김치,중식
2024-05-05,차슈덮밥,중식
2024-05-05,순두부찌개,중식
2024-05-05,베이컨감자채볶음,중식
2024-05-05,김말이튀김,중식
2024-05-05,배추김치,중식
2024-05-06,잡곡밥,중식
2024-05-06,쇠고기육개장,중식
2024-05-06,방어순살튀김,중식
2024-05-06,매운돼지갈비찜,중식
2024-05-06,명이나물절임,중식
2024-05-06,깍두기,중식
2024-05-07,마제소바덮밥,중식
2024-05-07,배추된장국,중식
2024-05-07,치즈롤까스,중식
2024-05-07,시저샐러드,중식
2024-05-07,깍두기,중식
2024-05-07,대추방울토마토,중식
2024-05-08,곤드레밥&양념장,중식
2024-05-08,명태매운탕,중식
2024-05-08,잡채,중식
2024-05-08,고기산적,중식
2024-05-08,열무김치,중식
2024-05-08,아이스크림,중식
2024-05-09,들기름막국수,중식
2024-05-09,숯불돼지LA갈비,중식
2024-05-09,쌈무,중식
2024-05-09,도토리묵무침,중식
2024-05-09,배추겉절이,중식
2024-05-10,흑미밥,중식
2024-05-10,도토리묵국,중식
2024-05-10,고등어카레구이,중식
2024-05-10,닭고기김치찜,중식
2024-05-10,마늘종무침,중식
2024-05-10,파김치,중식
2024-05-10,요구르트,중식
2024-05-11,미트볼스파게티,중식
2024-05-11,피자,중식
2024-05-11,시저샐러드,중식
2024-05-11,모듬피클,중식
2024-05-11,배추김치,중식
2024-05-12,잡곡밥,중식
2024-05-12,호박된장찌개,중식
2024-05-12,오징어볶음,중식
2024-03-16,햄버거스테이크,중식
2024-03-16,피자,중식
2024-03-16,양송이스프,중식
2024-03-16,배추김치,중식
2024-03-17,마커니커리라이스,중식
2024-03-17,김치찌개,중식
2024-03-17,생선가스,중식
2024-03-17,리코타치즈샐러드,중식
2024-03-17,깍두기,중식
2024-03-18,꼬막비빔밥,중식
2024-03-18,쇠고기미역국,중식
2024-03-18,김치메밀전병,중식
2024-03-18,계란후라이,중식
2024-03-18,쌈무무침,중식
2024-03-18,갓김치,중식
2024-03-18,마카롱,중식
2024-03-19,비빔국수,중식
2024-03-19,콩나물국,중식
2024-03-19,옛날통닭,중식
2024-03-19,야채샐러드,중식
2024-03-19,배추김치,중식
2024-03-19,콜라,중식
2024-03-20,잡곡밥,중식
2024-03-20,닭볶음탕,중식
2024-03-20,피자떡볶이,중식
2024-03-20,새우가스,중식
2024-03-20,할라피뇨,중식
2024-03-20,배추김치,중식
2024-03-20,사이다,중식
2024-03-21,로제스파게티,중식
2024-03-21,블랙타이거새우구이,중식
2024-03-21,바베큐폭립,중식
2024-03-21,시저샐러드,중식
2024-03-21,마늘바게트,중식
2024-03-21,오이피클,중식
2024-03-21,콜라,중식
2024-03-22,잡곡밥,중식
2024-03-22,닭곰탕,중식
2024-03-22,햄슬라이스야채볶음,중식
2024-03-22,아귀찜,중식
2024-03-22,석박지,중식
2024-03-23,달걀케첩볶음밥,중식
2024-03-23,어묵김치우동,중식
2024-03-23,할라피뇨소시지구이,중식
2024-03-23,깍두기,중식
2024-03-24,마커니커리라이스,중식
2024-03-24,참치김치찌개,중식
2024-03-24,돈가스,중식
2024-03-24,콘치즈오븐구이,중식
2024-03-24,배추김치,중식
2024-03-25,훈제연어스테이크,중식
2024-03-25,할라피뇨소시지구이,중식
2024-03-25,양송이스프,중식
2024-03-25,샐러드모닝빵,중식
2024-03-25,배추김치,중식
2024-03-26,밥,중식
2024-03-26,홍합탕,중식
2024-03-26,닭갈비,중식
2024-03-26,쌈무,중식
2024-03-26,시금치무침,중식
2024-03-26,배추김치,중식
2024-03-26,식혜,중식
2024-03-27,잡곡밥,중식
2024-03-27,한우소머리국밥,중식
2024-03-27,불막창야채볶음,중식
2024-03-27,날치알계란찜,중식
2024-03-27,석박지,중식
2024-03-27,에너지드링크,중식
2024-03-28,잡곡밥,중식
2024-03-28,키조개미역국,중식
2024-03-28,삼겹살구이,중식
2024-03-28,파채무침,중식
2024-03-28,상추쌈,중식
2024-03-28,석박지,중식
2024-03-28,콜라,중식
2024-03-29,밥,중식
2024-03-29,들깨오리탕,중식
2024-03-29,잡채,중식
2024-03-29,두부구이,중식
2024-03-29,모듬해초샐러드,중식
2024-03-29,배추김치,중식
2024-03-29,맛있는 두유GT 담백한맛,중식
2024-03-02,오리엔탈샐러드,중식
2024-03-02,배추김치,중식
2024-03-03,차슈덮밥,중식
2024-03-03,순두부찌개,중식
2024-03-03,베이컨감자채볶음,중식
2024-03-03,김말이튀김,중식
2024-03-03,총각김치,중식
2024-03-04,흑미밥,중식
2024-03-04,배추된장국,중식
2024-03-04,견과류멸치볶음,중식
2024-03-04,닭고기김치찜,중식
2024-03-04,고등어카레구이,중식
2024-03-04,파김치,중식
2024-03-04,이온음료,중식
2024-03-05,밥,중식
2024-03-05,김치찌개,중식
2024-03-05,잡채,중식
2024-03-05,깐풍새우,중식
2024-03-05,오이양파무침,중식
2024-03-05,갓김치,중식
2024-03-05,딸기,중식
2024-03-06,밥,중식
2024-03-06,청국장,중식
2024-03-06,마늘보쌈,중식
2024-03-06,해물파전,중식
2024-03-06,알배기배추,중식
2024-03-06,보쌈김치,중식
2024-03-07,밥,중식
2024-03-07,명란순두부탕,중식
2024-03-07,베이컨야채볶음,중식
2024-03-07,차돌박이숙주찜,중식
2024-03-07,배추김치,중식
2024-03-08,두유음료,중식
2024-03-08,잡곡밥,중식
2024-03-08,계란조랭이떡국,중식
2024-03-08,방어순살튀김,중식
2024-03-08,매운돼지갈비찜,중식
2024-03-08,간장깻잎지,중식
2024-03-08,깍두기,중식
2024-03-09,식혜,중식
2024-03-09,불닭마요주먹밥,중식
2024-03-09,크림감자뇨끼,중식
2024-03-09,쑥갓어묵국,중식
2024-03-09,양파링튀김,중식
2024-03-09,배추김치,중식
2024-03-10,잡곡밥,중식
2024-03-10,감자짜글이,중식
2024-03-10,닭갈비,중식
2024-03-10,김말이튀김,중식
2024-03-10,배추김치,중식
2024-03-11,커피음료,중식
2024-03-11,곤드레밥&양념장,중식
2024-03-11,명태매운탕,중식
2024-03-11,잡채,중식
2024-03-11,떡갈비,중식
2024-03-11,배추김치,중식
2024-03-12,비타민음료,중식
2024-03-12,치킨데리야끼마요덮밥,중식
2024-03-12,스파게티,중식
2024-03-12,유부어묵국,중식
2024-03-12,오이피클,중식
2024-03-12,시저샐러드,중식
2024-03-13,비빔밥,중식
2024-03-13,우렁강된장찌개,중식
2024-03-13,쭈꾸미야채볶음,중식
2024-03-13,계란후라이,중식
2024-03-13,배추김치,중식
2024-03-14,쇠고기덮밥,중식
2024-03-14,도토리묵국,중식
2024-03-14,치즈롤까스,중식
2024-03-14,우엉채조림,중식
2024-03-14,깍두기,중식
2024-03-15,사이다,중식
2024-03-15,데리야끼삼겹살덮밥,중식
2024-03-15,황태채국,중식
2024-03-15,콘치즈오븐구이,중식
2024-03-15,만다린오렌지샐러드,중식
2024-03-15,배추김치,중식
2024-03-15,과일젤리,중식
2024-03-16,감자튀김,중식
2024-02-17,모듬피클,중식
2024-02-17,배추김치,중식
2024-02-18,데리야끼삼겹살덮밥,중식
2024-02-18,닭고기육개장,중식
2024-02-18,잡채,중식
2024-02-18,파채콩나물무침,중식
2024-02-18,깍두기,중식
2024-02-19,자장밥,중식
2024-02-19,마라탕,중식
2024-02-19,목화솜탕수육,중식
2024-02-19,단무지무침,중식
2024-02-19,배추김치,중식
2024-02-19,사이다,중식
2024-02-20,스파게티,중식
2024-02-20,돈마호크,중식
2024-02-20,시저샐러드,중식
2024-02-20,마늘바게트,중식
2024-02-20,모듬피클,중식
2024-02-20,콜라,중식
2024-02-21,잡곡밥,중식
2024-02-21,닭볶음탕,중식
2024-02-21,방어순살튀김,중식
2024-02-21,두부구이,중식
2024-02-21,모듬해초샐러드,중식
2024-02-21,백김치,중식
2024-02-22,황태채국,중식
2024-02-22,양파링튀김,중식
2024-02-22,구슬비프스테이크,중식
2024-02-22,날치알김치덮밥,중식
2024-02-22,배추김치,중식
2024-02-22,한라봉,중식
2024-02-23,비빔국수,중식
2024-02-23,국물떡볶이,중식
2024-02-23,옛날통닭,중식
2024-02-23,무&비트피클,중식
2024-02-23,야채샐러드,중식
2024-02-23,배추김치,중식
2024-02-23,음료수,중식
2024-02-24,감바스필라프볶음밥,중식
2024-02-24,김치찌개,중식
2024-02-24,피자,중식
2024-02-24,유자드레싱샐러드,중식
2024-02-24,총각김치,중식
2024-02-24,바나나,중식
2024-02-25,스팸마요덮밥,중식
2024-02-25,참치김치찌개,중식
2024-02-25,오이파프리카무침,중식
2024-02-25,만다린오렌지샐러드,중식
2024-02-25,파김치,중식
2024-02-26,잡곡밥,중식
2024-02-26,한우소머리국밥,중식
2024-02-26,잡채,중식
2024-02-26,동그랑땡,중식
2024-02-26,콩나물매운무침,중식
2024-02-26,총각김치,중식
2024-02-27,비빔밥,중식
2024-02-27,명란순두부탕,중식
2024-02-27,숯불돼지LA갈비,중식
2024-02-27,계란후라이,중식
2024-02-27,총각김치,중식
2024-02-27,딸기,중식
2024-02-28,베이컨김치볶음밥,중식
2024-02-28,허브치킨플레로티,중식
2024-02-28,양송이스프,중식
2024-02-28,푸실리샐러드,중식
2024-02-28,백김치,중식
2024-02-29,잡곡밥,중식
2024-02-29,청국장,중식
2024-02-29,제육볶음,중식
2024-02-29,알배기배추,중식
2024-02-29,명이나물절임,중식
2024-02-29,갓김치,중식
2024-02-29,대추방울토마토,중식
2024-03-01,밥,중식
2024-03-01,등뼈감자탕,중식
2024-03-01,버섯강정,중식
2024-03-01,갑오징어야채무침,중식
2024-03-01,총각김치,중식
2024-03-01,사인머스켓,중식
2024-03-02,콩나물국,중식
2024-03-02,로제떡볶이,중식
2024-03-02,옛날통닭,중식
2024-02-04,배추김치,중식
2024-02-05,곤드레밥&양념장,중식
2024-02-05,홍합탕,중식
2024-02-05,치킨너겟,중식
2024-02-05,고등어카레구이,중식
2024-02-05,배추김치,중식
2024-02-06,베이컨김치볶음밥,중식
2024-02-06,쇠고기미역국,중식
2024-02-06,훈제연어스테이크,중식
2024-02-06,계란후라이,중식
2024-02-06,만다린오렌지샐러드,중식
2024-02-06,깍두기,중식
2024-02-06,딸기,중식
2024-02-07,검은콩밥,중식
2024-02-07,등뼈감자탕,중식
2024-02-07,모듬버섯볶음,중식
2024-02-07,갑오징어야채무침,중식
2024-02-07,석박지,중식
2024-02-08,흑미밥,중식
2024-02-08,들깨오리탕,중식
2024-02-08,쭈꾸미야채볶음,중식
2024-02-08,계란찜,중식
2024-02-08,김치메밀전병,중식
2024-02-08,배추김치,중식
2024-02-08,사인머스켓,중식
2024-02-09,밥,중식
2024-02-09,명태매운탕,중식
2024-02-09,닭갈비,중식
2024-02-09,도토리묵무침,중식
2024-02-09,쌈무,중식
2024-02-09,깍두기,중식
2024-02-10,밥,중식
2024-02-10,쇠고기육개장,중식
2024-02-10,날치알계란찜,중식
2024-02-10,숯불돼지LA갈비,중식
2024-02-10,해물파전,중식
2024-02-10,명이나물절임,중식
2024-02-10,배추김치,중식
2024-02-10,한라봉,중식
2024-02-11,참치마요덮밥,중식
2024-02-11,팽이버섯두부국,중식
2024-02-11,베이컨야채볶음,중식
2024-02-11,멘보샤,중식
2024-02-11,배추김치,중식
2024-02-12,잡곡밥,중식
2024-02-12,돼지고기애호박찌개,중식
2024-02-12,청양마요치킨,중식
2024-02-12,우엉채조림,중식
2024-02-12,골뱅이소면무침,중식
2024-02-12,배추김치,중식
2024-02-12,이온음료,중식
2024-02-13,후리가케밥,중식
2024-02-13,어묵김치우동,중식
2024-02-13,새우가스,중식
2024-02-13,콘치즈오븐구이,중식
2024-02-13,단무지무침,중식
2024-02-13,사이다,중식
2024-02-14,쇠고기콩나물밥&부추양념장,중식
2024-02-14,냉이된장국,중식
2024-02-14,돈육연탄불고기 ,중식
2024-02-14,계란후라이,중식
2024-02-14,갓김치,중식
2024-02-15,밥,중식
2024-02-15,시래기감자탕,중식
2024-02-15,버섯강정,중식
2024-02-15,떡갈비,중식
2024-02-15,동태전,중식
2024-02-15,배추김치,중식
2024-02-15,두유음료,중식
2024-02-16,잡곡밥,중식
2024-02-16,시래기들깨된장국,중식
2024-02-16,날치알계란찜,중식
2024-02-16,삼겹살구이,중식
2024-02-16,달래무침,중식
2024-02-16,파김치,중식
2024-02-16,콜라,중식
2024-02-17,베이컨김치볶음밥,중식
2024-02-17,파송송계란국,중식
2024-02-17,블랙타이거새우구이,중식
2024-01-22,고추잡채&꽃빵,중식
2024-01-22,멘보샤,중식
2024-01-22,배추김치,중식
2024-01-23,밥,중식
2024-01-23,명란순두부탕,중식
2024-01-23,쇠고기육전,중식
2024-01-23,골뱅이소면무침,중식
2024-01-23,배추김치,중식
2024-01-23,딸기,중식
2024-01-24,잡곡밥,중식
2024-01-24,닭볶음탕,중식
2024-01-24,피자떡볶이,중식
2024-01-24,두부구이,중식
2024-01-24,무생채,중식
2024-01-24,백김치,중식
2024-01-25,후리카케밥,중식
2024-01-25,돈코츠라멘,중식
2024-01-25,야채고로케,중식
2024-01-25,새우튀김,중식
2024-01-25,단무지무침,중식
2024-01-25,배추김치,중식
2024-01-26,잡곡밥,중식
2024-01-26,닭곰탕,중식
2024-01-26,견과류멸치볶음,중식
2024-01-26,아귀찜,중식
2024-01-26,크래미숙주무침,중식
2024-01-26,석박지,중식
2024-01-27,생우동,중식
2024-01-27,감바스필라프볶음밥,중식
2024-01-27,할라피뇨소시지구이,중식
2024-01-27,배추김치,중식
2024-01-28,제육덮밥,중식
2024-01-28,참치김치찌개,중식
2024-01-28,고추튀김,중식
2024-01-28,오이파프리카무침,중식
2024-01-28,백김치,중식
2024-01-29,햄야채볶음밥,중식
2024-01-29,훈제연어스테이크,중식
2024-01-29,오지치즈후라이 ,중식
2024-01-29,양송이스프,중식
2024-01-29,배추김치,중식
2024-01-29,콜라,중식
2024-01-30,잡곡밥,중식
2024-01-30,황태채국,중식
2024-01-30,잡채,중식
2024-01-30,삼겹살구이,중식
2024-01-30,파채콩나물무침,중식
2024-01-30,석박지,중식
2024-01-30,감귤,중식
2024-01-31,잡곡밥,중식
2024-01-31,한우소머리국밥,중식
2024-01-31,쭈꾸미야채볶음,중식
2024-01-31,날치알계란찜,중식
2024-01-31,마늘쫑무침,중식
2024-01-31,깍두기,중식
2024-02-01,잡곡밥,중식
2024-02-01,도토리묵국,중식
2024-02-01,제육볶음,중식
2024-02-01,파채무침,중식
2024-02-01,알배기배추,중식
2024-02-01,깍두기,중식
2024-02-01,한라봉,중식
2024-02-02,잡곡밥,중식
2024-02-02,재첩국,중식
2024-02-02,계란찜,중식
2024-02-02,매운돼지갈비찜,중식
2024-02-02,브로콜리&초고추장,중식
2024-02-02,배추김치,중식
2024-02-02,배,중식
2024-02-03,크림감자뇨끼,중식
2024-02-03,쇠고기덮밥,중식
2024-02-03,유부된장국,중식
2024-02-03,돈마호크,중식
2024-02-03,시저샐러드,중식
2024-02-03,총각김치,중식
2024-02-04,닭고기덮밥,중식
2024-02-04,배추된장국,중식
2024-02-04,탕수육,중식
2024-02-04,오지치즈후라이 ,중식
2024-01-08,파김치,중식
2024-01-08,식혜,중식
2024-01-09,밥,중식
2024-01-09,마커니커리라이스,중식
2024-01-09,김치찌개,중식
2024-01-09,야채고로케,중식
2024-01-09,브로콜리&초고추장,중식
2024-01-09,깍두기,중식
2024-01-09,감귤,중식
2024-01-10,밥,중식
2024-01-10,청국장,중식
2024-01-10,마늘보쌈,중식
2024-01-10,우엉채조림,중식
2024-01-10,알배기배추,중식
2024-01-10,보쌈김치,중식
2024-01-11,잔치국수,중식
2024-01-11,비빔만두,중식
2024-01-11,떡갈비,중식
2024-01-11,단무지무침,중식
2024-01-11,배추김치,중식
2024-01-11,딸기,중식
2024-01-12,잡곡밥,중식
2024-01-12,만두육개장,중식
2024-01-12,방어순살튀김,중식
2024-01-12,매운돼지갈비찜,중식
2024-01-12,파채무침,중식
2024-01-12,배추김치,중식
2024-01-12,한라봉,중식
2024-01-13,크림감자뇨끼,중식
2024-01-13,불닭마요주먹밥,중식
2024-01-13,쑥갓어묵국,중식
2024-01-13,양파링튀김,중식
2024-01-13,배추김치,중식
2024-01-14,잡곡밥,중식
2024-01-14,조랭이떡들깨탕,중식
2024-01-14,닭갈비,중식
2024-01-14,오징어볶음,중식
2024-01-14,배추김치,중식
2024-01-15,곤드레밥&양념장,중식
2024-01-15,명태매운탕,중식
2024-01-15,잡채,중식
2024-01-15,에그랑땡,중식
2024-01-15,배추김치,중식
2024-01-15,배,중식
2024-01-16,아란치니,중식
2024-01-16,스파게티,중식
2024-01-16,돈마호크,중식
2024-01-16,양송이스프,중식
2024-01-16,시저샐러드,중식
2024-01-16,모듬피클,중식
2024-01-16,콜라,중식
2024-01-17,비빔밥,중식
2024-01-17,우렁강된장찌개,중식
2024-01-17,돈육연탄불고기 ,중식
2024-01-17,계란후라이,중식
2024-01-17,배추김치,중식
2024-01-17,유산균 발효 음료,중식
2024-01-18,쇠고기덮밥,중식
2024-01-18,도토리묵국,중식
2024-01-18,치즈롤까스,중식
2024-01-18,만다린오렌지샐러드,중식
2024-01-18,깍두기,중식
2024-01-18,사인머스켓,중식
2024-01-19,비빔국수,중식
2024-01-19,황태채국,중식
2024-01-19,청양마요치킨,중식
2024-01-19,무&비트피클,중식
2024-01-19,배추김치,중식
2024-01-19,사이다,중식
2024-01-20,랍스터볶음밥,중식
2024-01-20,피자,중식
2024-01-20,햄버거스테이크,중식
2024-01-20,모듬피클,중식
2024-01-20,배추김치,중식
2024-01-21,마커니커리라이스,중식
2024-01-21,고추장수제비,중식
2024-01-21,생선가스,중식
2024-01-21,리코타치즈샐러드,중식
2024-01-21,배추김치,중식
2024-01-22,밥,중식
2024-01-22,마라탕,중식
2023-12-26,콩나물국,중식
2023-12-26,옛날통닭,중식
2023-12-26,야채샐러드,중식
2023-12-26,배추김치,중식
2023-12-26,콜라,중식
2023-12-27,한우소머리국밥,중식
2023-12-27,잡곡밥,중식
2023-12-27,쭈꾸미야채볶음,중식
2023-12-27,날치알계란찜,중식
2023-12-27,파채콩나물무침,중식
2023-12-27,총각김치,중식
2023-12-27,단감,중식
2023-12-28,차돌짬뽕,중식
2023-12-28,닭고기오이냉채,중식
2023-12-28,단무지무침,중식
2023-12-28,찐만두&간장,중식
2023-12-28,배추김치,중식
2023-12-28,배,중식
2023-12-29,베이컨김치볶음밥,중식
2023-12-29,꼬치어묵국,중식
2023-12-29,분모자떡볶이,중식
2023-12-29,김말이튀김,중식
2023-12-29,순대,중식
2023-12-29,한라봉,중식
2023-12-30,랍스터볶음밥,중식
2023-12-30,파송송계란국,중식
2023-12-30,고추바사삭치킨,중식
2023-12-30,무&비트피클,중식
2023-12-30,단호박샐러드,중식
2023-12-30,배추김치,중식
2023-12-31,유부어묵국,중식
2023-12-31,치즈롤까스,중식
2023-12-31,오리엔탈샐러드,중식
2023-12-31,날치알김치덮밥,중식
2023-12-31,배추김치,중식
2024-01-01,깍두기김치볶음밥,중식
2024-01-01,콩나물국,중식
2024-01-01,오지치즈후라이 ,중식
2024-01-01,바베큐폭립,중식
2024-01-01,계란후라이,중식
2024-01-01,배추김치,중식
2024-01-01,한라봉,중식
2024-01-02,검은콩밥,중식
2024-01-02,등뼈감자탕,중식
2024-01-02,모듬버섯볶음,중식
2024-01-02,갑오징어야채무침,중식
2024-01-02,총각김치,중식
2024-01-02,이온음료,중식
2024-01-03,쇠고기콩나물밥&부추양념장,중식
2024-01-03,홍합탕,중식
2024-01-03,고추바사삭치킨,중식
2024-01-03,김치메밀전병,중식
2024-01-03,배추김치,중식
2024-01-04,후리가케밥,중식
2024-01-04,어묵김치우동,중식
2024-01-04,새우가스,중식
2024-01-04,콘치즈오븐구이,중식
2024-01-04,단무지무침,중식
2024-01-04,단감,중식
2024-01-05,밥,중식
2024-01-05,들깨오리탕,중식
2024-01-05,낙지볶음,중식
2024-01-05,오이풋고추무침,중식
2024-01-05,배추김치,중식
2024-01-06,콩나물국,중식
2024-01-06,로제떡볶이,중식
2024-01-06,옛날통닭,중식
2024-01-06,오리엔탈샐러드,중식
2024-01-06,배추김치,중식
2024-01-07,차슈덮밥,중식
2024-01-07,순두부찌개,중식
2024-01-07,베이컨감자채볶음,중식
2024-01-07,김말이튀김,중식
2024-01-07,총각김치,중식
2024-01-08,흑미밥,중식
2024-01-08,배추된장국,중식
2024-01-08,닭고기김치찜,중식
2024-01-08,고등어카레구이,중식
2023-12-13,잡곡밥,중식
2023-12-13,만두육개장,중식
2023-12-13,곱창야채볶음,중식
2023-12-13,광어순살튀김,중식
2023-12-13,천사채마요무침,중식
2023-12-13,배추김치,중식
2023-12-14,밥,중식
2023-12-14,갈비탕,중식
2023-12-14,고등어카레구이,중식
2023-12-14,간장깻잎지,중식
2023-12-14,도토리묵무침,중식
2023-12-14,배추김치,중식
2023-12-14,우유,중식
2023-12-15,잡곡밥,중식
2023-12-15,시금치된장국,중식
2023-12-15,잡채,중식
2023-12-15,삼겹살구이,중식
2023-12-15,모듬야채&쌈장,중식
2023-12-15,배추김치,중식
2023-12-15,콜라,중식
2023-12-16,닭가슴살스테이크,중식
2023-12-16,피자,중식
2023-12-16,샐러드파스타,중식
2023-12-16,모듬피클,중식
2023-12-16,배추김치,중식
2023-12-16,바나나,중식
2023-12-17,밥,중식
2023-12-17,쇠고기육개장,중식
2023-12-17,새송이버섯야채볶음,중식
2023-12-17,치킨텐더,중식
2023-12-17,시저샐러드,중식
2023-12-17,파김치,중식
2023-12-17,웅진식품,중식
2023-12-18,밥,중식
2023-12-18,마라탕,중식
2023-12-18,고추잡채&꽃빵,중식
2023-12-18,새우가스,중식
2023-12-18,배추김치,중식
2023-12-18,비타민음료,중식
2023-12-19,크림감자뇨끼,중식
2023-12-19,돈코츠라멘,중식
2023-12-19,새우튀김,중식
2023-12-19,단무지무침,중식
2023-12-19,배추김치,중식
2023-12-20,날치알김가루주먹밥,중식
2023-12-20,도토리묵국,중식
2023-12-20,무뼈닭발,중식
2023-12-20,계란찜,중식
2023-12-20,우엉채조림,중식
2023-12-20,배추김치,중식
2023-12-20,감귤,중식
2023-12-21,밥,중식
2023-12-21,청국장,중식
2023-12-21,마늘보쌈,중식
2023-12-21,상추쌈,중식
2023-12-21,골뱅이소면무침,중식
2023-12-21,보쌈김치,중식
2023-12-21,단감,중식
2023-12-22,팥죽,중식
2023-12-22,닭볶음탕,중식
2023-12-22,쇠고기육전,중식
2023-12-22,크래미숙주무침,중식
2023-12-22,배추김치,중식
2023-12-22,한라봉,중식
2023-12-23,쇠고기덮밥,중식
2023-12-23,생우동,중식
2023-12-23,하와이안찹스테이크,중식
2023-12-23,배추김치,중식
2023-12-23,바나나,중식
2023-12-24,스팸마요덮밥,중식
2023-12-24,참치김치찌개,중식
2023-12-24,대패삼겹살소시지구이,중식
2023-12-24,오이파프리카무침,중식
2023-12-24,배추김치,중식
2023-12-25,깍두기김치볶음밥,중식
2023-12-25,바베큐폭립,중식
2023-12-25,오지치즈후라이 ,중식
2023-12-25,양송이스프,중식
2023-12-25,백김치,중식
2023-12-25,사이다,중식
2023-12-26,비빔국수,중식
2023-11-29,깍두기,중식
2023-11-29,우유,중식
2023-11-30,잡곡밥,중식
2023-11-30,청국장,중식
2023-11-30,제육볶음,중식
2023-11-30,모듬야채&쌈장,중식
2023-11-30,명이나물절임,중식
2023-11-30,갓김치,중식
2023-11-30,감귤,중식
2023-12-01,검은콩밥,중식
2023-12-01,등뼈감자탕,중식
2023-12-01,잡채,중식
2023-12-01,갑오징어야채무침,중식
2023-12-01,총각김치,중식
2023-12-01,사인머스켓,중식
2023-12-02,마커니커리라이스,중식
2023-12-02,유부된장국,중식
2023-12-02,돈가스,중식
2023-12-02,시저샐러드,중식
2023-12-02,배추김치,중식
2023-12-03,차슈덮밥,중식
2023-12-03,순두부찌개,중식
2023-12-03,베이컨감자채볶음,중식
2023-12-03,김말이튀김,중식
2023-12-03,총각김치,중식
2023-12-03,감귤,중식
2023-12-04,전복버섯영양밥,중식
2023-12-04,홍합탕,중식
2023-12-04,훈제삼겹살구이/명이나물,중식
2023-12-04,도토리묵무침,중식
2023-12-04,파김치,중식
2023-12-04,단감,중식
2023-12-05,스파게티,중식
2023-12-05,샐러드모닝빵,중식
2023-12-05,아란치니,중식
2023-12-05,모듬피클,중식
2023-12-05,리코타치즈샐러드,중식
2023-12-05,사이다,중식
2023-12-06,밥,중식
2023-12-06,삼계탕,중식
2023-12-06,쇠고기육전,중식
2023-12-06,오이풋고추무침,중식
2023-12-06,낙지젓,중식
2023-12-06,배추김치,중식
2023-12-06,배,중식
2023-12-07,흑미밥,중식
2023-12-07,문어굴국,중식
2023-12-07,모듬버섯볶음,중식
2023-12-07,벌집양념갈비,중식
2023-12-07,상추쌈,중식
2023-12-07,배추김치,중식
2023-12-08,밥,중식
2023-12-08,푸팟퐁커리,중식
2023-12-08,고추바사삭치킨,중식
2023-12-08,만다린오렌지샐러드,중식
2023-12-08,배추김치,중식
2023-12-08,음료수,중식
2023-12-09,소불고기구운주먹밥,중식
2023-12-09,유부된장국,중식
2023-12-09,로제떡볶이,중식
2023-12-09,배추김치,중식
2023-12-10,잡곡밥,중식
2023-12-10,조랭이떡들깨탕,중식
2023-12-10,오징어볶음,중식
2023-12-10,지파이,중식
2023-12-10,배추김치,중식
2023-12-11,쇠고기덮밥,중식
2023-12-11,꽃게탕,중식
2023-12-11,생선가스,중식
2023-12-11,브로콜리&초고추장,중식
2023-12-11,배추김치,중식
2023-12-12,비빔밥,중식
2023-12-12,우렁강된장찌개,중식
2023-12-12,장어강정,중식
2023-12-12,계란후라이,중식
2023-12-12,배추김치,중식
2023-12-12,에너지드링크,중식
2025-11-23(일),오므라이스,중식
2025-11-24(월),잡곡밥,중식
2025-11-25(화),김치알밥,중식
2025-11-26(수),감자수제비,중식
2025-11-27(목),라구파스타,중식
2025-11-28(금),잡곡밥,중식
2023-11-21,광어순살튀김,중식
2023-11-21,계란후라이,중식
2023-11-21,총각김치,중식
2023-11-21,감귤,중식
2023-11-22,잡곡밥,중식
2023-11-22,닭볶음탕,중식
2023-11-22,궁중떡볶이,중식
2023-11-22,두부구이,중식
2023-11-22,백김치,중식
2023-11-22,사인머스켓,중식
2023-11-23,쑥갓어묵국,중식
2023-11-23,돈가스,중식
2023-11-23,천사채마요무침,중식
2023-11-23,날치알김치덮밥,중식
2023-11-23,배추김치,중식
2023-11-23,배,중식
2023-11-24,김가루주먹밥,중식
2023-11-24,감자짜글이,중식
2023-11-24,옛날통닭,중식
2023-11-24,야채샐러드,중식
2023-11-24,무&비트피클,중식
2023-11-24,배추김치,중식
2023-11-25,쇠고기덮밥,중식
2023-11-25,김치찌개,중식
2023-11-25,하와이안찹스테이크,중식
2023-11-25,총각김치,중식
2023-11-25,바나나,중식
2023-11-26,스팸마요덮밥,중식
2023-11-26,참치김치찌개,중식
2023-11-26,대패삼겹살소시지구이,중식
2023-11-26,오이파프리카무침,중식
2023-11-26,파김치,중식
2023-11-27,잡곡밥,중식
2023-11-27,한우소머리국밥,중식
2023-11-27,쭈꾸미야채볶음,중식
2023-11-27,계란찜,중식
2023-11-27,콩나물매운무침,중식
2023-11-27,총각김치,중식
2023-11-28,스파게티,중식
2023-11-28,마늘바게트,중식
2023-11-28,고추바사삭치킨,중식
2023-11-28,모듬피클,중식
2023-11-28,만다린오렌지샐러드,중식
2023-11-28,사과,중식
2023-11-29,밥,중식
2023-11-29,삼계탕,중식
2023-11-29,오미산적,중식
2023-11-29,오이부추무침,중식
2023-11-29,낙지젓,중식
2025-11-07(금),비빔밥,중식
2025-11-08(토),생우동,중식
2025-11-09(일),밥,중식
2025-11-10(월),잡곡밥,중식
2025-11-11(화),콩나물밥&부추양념장,중식
2025-11-12(수),흑미밥,중식
2025-11-13(목),잡곡밥,중식
2025-11-14(금),잡곡밥,중식
2025-11-15(토),치아바타샌드위치,중식
2025-11-16(일),가츠동덮밥,중식
2025-11-17(월),전투식량,중식
2025-11-18(화),밥,중식
2025-11-19(수),잡곡밥,중식
2025-11-20(목),흑미밥,중식
2025-11-21(금),잔치국수,중식
2025-11-22(토),미트볼토마토스파게티,중식
2025-10-23(목),전투식량,중식
2025-10-24(금),잡곡밥,중식
2025-10-25(토),타코샌드위치,중식
2025-10-26(일),불닭덮밥,중식
2025-10-27(월),꼬막비빔밥,중식
2025-10-28(화),열무보리비빔밥,중식
2025-10-29(수),흑미밥,중식
2025-10-30(목),잡곡밥,중식
2025-10-31(금),비빔밥,중식
2025-11-01(토),밥,중식
2025-11-02(일),불닭덮밥,중식
2025-11-03(월),볶음짬뽕,중식
2025-11-04(화),밥,중식
2025-11-05(수),밥,중식
2025-11-06(목),열무보리비빔밥,중식
2025-10-06(월),밥,중식
2025-10-07(화),스팸마요덮밥,중식
2025-10-08(수),잡곡밥,중식
2025-10-09(목),참치마요덮밥,중식
2025-10-10(금),밥,중식
2025-10-11(토),차돌짬뽕,중식
2025-10-12(일),밥,중식
2025-10-13(월),콩나물밥&부추양념장,중식
2025-10-14(화),새우,중식
2025-10-15(수),추억의도시락,중식
2025-10-16(목),흑미밥,중식
2025-10-17(금),밥,중식
2025-10-18(토),돈코츠라멘,중식
2025-10-19(일),밥,중식
2025-10-20(월),콩나물밥&부추양념장,중식
2025-10-21(화),전투식량,중식
2025-10-22(수),감자수제비,중식
2025-09-20(토),상하이파스타,중식
2025-09-21(일),밥,중식
2025-09-22(월),콩나물밥&부추양념장,중식
2025-09-23(화),잡곡밥,중식
2025-09-24(수),고깃집된장찌개,중식
2025-09-25(목),열무보리비빔밥,중식
2025-09-26(금),밥,중식
2025-09-27(토),비빔국수,중식
2025-09-28(일),불닭덮밥,중식
2025-09-29(월),장어덮밥,중식
2025-09-30(화),감자수제비,중식
2025-10-01(수),잡곡밥,중식
2025-10-02(목),들기름막국수,중식
2025-10-03(금),밥,중식
2025-10-04(토),라구파스타,중식
2025-10-05(일),밥,중식
2025-09-03(수),잡곡밥,중식
2025-09-04(목),김치말이국수,중식
2025-09-05(금),잡곡밥,중식
2025-09-06(토),돈코츠라멘,중식
2025-09-07(일),밥,중식
2025-09-08(월),밥,중식
2025-09-09(화),검은콩밥,중식
2025-09-10(수),전투식량,중식
2025-09-11(목),물냉면vs비빔냉면,중식
2025-09-12(금),잡곡밥,중식
2025-09-13(토),차돌짬뽕,중식
2025-09-14(일),밥,중식
2025-09-15(월),한우소머리국밥,중식
2025-09-16(화),닭스테이크,중식
2025-09-17(수),전투식량,중식
2025-09-18(목),흑미밥,중식
2025-09-19(금),추억의도시락,중식
2025-08-18(월),전투식량,중식
2025-08-19(화),흑미밥,중식
2025-08-20(수),잡곡밥,중식
2025-08-21(목),탄탄면,중식
2025-08-22(금),쭈꾸미덮밥,중식
2025-08-23(토),감자전,중식
2025-08-24(일),밥,중식
2025-08-25(월),비빔밥,중식
2025-08-26(화),메밀소바,중식
2025-08-27(수),가츠동덮밥,중식
2025-08-28(목),밥,중식
2025-08-29(금),잡곡밥,중식
2025-08-30(토),비빔국수,중식
2025-08-31(일),참치마요덮밥,중식
2025-09-01(월),비빔밥,중식
2025-09-02(화),밥,중식
2025-08-02(토),스팸마요덮밥,중식
2025-08-03(일),자장밥,중식
2025-08-04(월),잡곡밥,중식
2025-08-05(화),물냉면vs비빔냉면,중식
2025-08-06(수),중화비빔밥,중식
2025-08-07(목),잡곡밥,중식
2025-08-08(금),찹쌀밥,중식
2025-08-09(토),참치마요주먹밥,중식
2025-08-10(일),밥,중식
2025-08-11(월),검은콩밥,중식
2025-08-12(화),밥,중식
2025-08-13(수),잡곡밥,중식
2025-08-14(목),김치말이국수,중식
2025-08-15(금),잡곡밥,중식
2025-08-16(토),소바바치킨,중식
2025-08-17(일),밥,중식
2025-07-17(목),흑미밥,중식
2025-07-18(금),추억의도시락,중식
2025-07-19(토),망고샐러드,중식
2025-07-20(일),삼계탕,중식
2025-07-21(월),콩나물국밥,중식
2025-07-22(화),콩비지찌개,중식
2025-07-23(수),곤드레밥&양념장,중식
2025-07-24(목),열무보리비빔밥,중식
2025-07-25(금),밥,중식
2025-07-26(토),비빔국수,중식
2025-07-27(일),메밀소바,중식
2025-07-28(월),영양밥&부추양념장,중식
2025-07-29(화),가츠동덮밥,중식
2025-07-30(수),찹쌀밥,중식
2025-07-31(목),잡곡밥,중식
2025-08-01(금),추억의도시락,중식
2025-07-02(수),잡곡밥,중식
2025-07-03(목),김치말이국수,중식
2025-07-04(금),잡곡밥,중식
2025-07-05(토),카레덮밥,중식
2025-07-06(일),밥,중식
2025-07-07(월),쭈꾸미덮밥,중식
2025-07-08(화),어향가지덮밥,중식
2025-07-09(수),잡곡밥,중식
2025-07-10(목),이탈리아식배추구이,중식
2025-07-11(금),잡곡밥,중식
2025-07-12(토),탕수육,중식
2025-07-13(일),밥,중식
2025-07-14(월),한우소머리국밥,중식
2025-07-15(화),물냉면vs비빔냉면,중식
2025-07-16(수),잡곡밥,중식
2025-06-16(월),잡곡밥,중식
2025-06-17(화),김치말이국수,중식
2025-06-18(수),잡곡밥,중식
2025-06-19(목),콩나물밥&부추양념장,중식
2025-06-20(금),들기름막국수,중식
2025-06-21(토),파스타샐러드,중식
2025-06-22(일),달걀케첩볶음밥,중식
2025-06-23(월),콩나물국밥,중식
2025-06-24(화),밥,중식
2025-06-25(수),전투식량,중식
2025-06-26(목),야끼소바,중식
2025-06-27(금),잡곡밥,중식
2025-06-28(토),보쌈&족발,중식
2025-06-29(일),가츠동덮밥,중식
2025-06-30(월),영양밥&부추양념장,중식
2025-07-01(화),비빔밥,중식
2025-05-31(토),로제파스타,중식
2025-06-01(일),밥,중식
2025-06-02(월),꼬막비빔밥,중식
2025-06-03(화),치킨텐더,중식
2025-06-04(수),잡곡밥,중식
2025-06-05(목),곤드레밥&양념장,중식
2025-06-06(금),잡곡밥,중식
2025-06-07(토),오야꼬동,중식
2025-06-08(일),밥,중식
2025-06-09(월),쭈꾸미덮밥,중식
2025-06-10(화),잡곡밥,중식
2025-06-11(수),비빔밥,중식
2025-06-12(목),물냉면vs비빔냉면,중식
2025-06-13(금),잡곡밥,중식
2025-06-14(토),닭스테이크,중식
2025-06-15(일),스팸마요덮밥,중식
2025-05-16(금),콩나물국밥,중식
2025-05-17(토),옛날통닭,중식
2025-05-18(일),밥,중식
2025-05-19(월),밥,중식
2025-05-20(화),밥,중식
2025-05-21(수),밥,중식
2025-05-22(목),라구파스타,중식
2025-05-23(금),참치야채비빔밥,중식
2025-05-24(토),햄야채볶음밥,중식
2025-05-25(일),오야꼬동,중식
2025-05-26(월),곤드레밥&양념장,중식
2025-05-27(화),밥,중식
2025-05-28(수),차돌볶음우동,중식
2025-05-29(목),가츠동덮밥,중식
2025-05-30(금),밥,중식
2025-04-30(수),달걀케첩볶음밥,중식
2025-05-01(목),추억의도시락,중식
2025-05-02(금),온모밀,중식
2025-05-03(토),잡곡밥,중식
2025-05-04(일),밥,중식
2025-05-05(월),밥,중식
2025-05-06(화),장칼국수,중식
2025-05-07(수),영양밥&부추양념장,중식
2025-05-08(목),밥,중식
2025-05-09(금),잡곡밥,중식
2025-05-10(토),짬뽕파스타,중식
2025-05-11(일),밥바,중식
2025-05-12(월),비빔밥,중식
2025-05-13(화),검은콩밥,중식
2025-05-14(수),자장면,중식
2025-05-15(목),밥,중식
2025-04-15(화),잡곡밥,중식
2025-04-16(수),밥,중식
2025-04-17(목),밥,중식
2025-04-18(금),밥,중식
2025-04-19(토),새우볶음밥,중식
2025-04-20(일),스팸마요덮밥,중식
2025-04-21(월),쭈꾸미덮밥,중식
2025-04-22(화),잡곡밥,중식
2025-04-23(수),잡곡밥,중식
2025-04-24(목),잡곡밥,중식
2025-04-25(금),잡곡밥,중식
2025-04-26(토),라구파스타,중식
2025-04-27(일),제육덮밥,중식
2025-04-28(월),연잎밥,중식
2025-04-29(화),곤드레밥&양념장,중식
2025-03-29(토),오야꼬동,중식
2025-03-30(일),오므라이스,중식
2025-03-31(월),밥,중식
2025-04-01(화),잡곡밥,중식
2025-04-02(수),영양밥&부추양념장,중식
2025-04-03(목),잡곡밥,중식
2025-04-04(금),베이글&대파크림치즈,중식
2025-04-05(토),나쵸&소스,중식
2025-04-06(일),오야꼬동,중식
2025-04-07(월),검은콩밥,중식
2025-04-08(화),전투식량,중식
2025-04-09(수),비빔밥,중식
2025-04-10(목),잡곡밥,중식
2025-04-11(금),치즈롤까스,중식
2025-04-12(토),순살치킨,중식
2025-04-13(일),밥,중식
2025-04-14(월),자장면,중식
2025-03-13(목),볼로네제스파게티,중식
2025-03-14(금),콩나물국밥,중식
2025-03-15(토),카레우동,중식
2025-03-16(일),밥,중식
2025-03-17(월),검은콩밥,중식
2025-03-18(화),잡곡밥,중식
2025-03-19(수),잡곡밥,중식
2025-03-20(목),비빔국수,중식
2025-03-21(금),흑미밥,중식
2025-03-22(토),미트볼스파게티,중식
2025-03-23(일),흑미밥,중식
2025-03-24(월),곤드레밥&양념장,중식
2025-03-25(화),잔치국수,중식
2025-03-26(수),쇠고기콩나물밥&부추양념장,중식
2025-03-27(목),잡곡밥,중식
2025-03-28(금),자장밥,중식
2025-02-26(수),곤드레밥&양념장,중식
2025-02-27(목),불닭덮밥,중식
2025-02-28(금),자장밥,중식
2025-03-01(토),크리미어니언치킨까스,중식
2025-03-02(일),잡곡밥,중식
2025-03-03(월),쇠고기콩나물밥&부추양념장,중식
2025-03-04(화),흑미밥,중식
2025-03-05(수),밥,중식
2025-03-06(목),잡곡밥,중식
2025-03-07(금),밥,중식
2025-03-08(토),베이컨크림스파게티,중식
2025-03-09(일),밥,중식
2025-03-10(월),차돌짬뽕,중식
2025-03-11(화),영양밥&부추양념장,중식
2025-03-12(수),비빔밥,중식
2025-02-10(월),밥,중식
2025-02-11(화),검은콩밥,중식
2025-02-12(수),오곡밥,중식
2025-02-13(목),차돌깍두기볶음밥,중식
2025-02-14(금),콩나물국밥,중식
2025-02-15(토),바게트,중식
2025-02-16(일),밥,중식
2025-02-17(월),잡곡밥,중식
2025-02-18(화),밥,중식
2025-02-19(수),영양밥&부추양념장,중식
2025-02-20(목),잔치국수,중식
2025-02-21(금),밥,중식
2025-02-22(토),베이컨김치볶음밥,중식
2025-02-23(일),흑미밥,중식
2025-02-24(월),잡곡밥,중식
2025-02-25(화),김치알밥,중식
2025-01-25(토),유부우동,중식
2025-01-26(일),스팸마요덮밥,중식
2025-01-27(월),불닭덮밥,중식
2025-01-28(화),밥,중식
2025-01-29(수),잡곡밥,중식
2025-01-30(목),감자수제비,중식
2025-01-31(금),흑미밥,중식
2025-02-01(토),베이컨크림스파게티,중식
2025-02-02(일),스팸마요덮밥,중식
2025-02-03(월),잡곡밥,중식
2025-02-04(화),흑미밥,중식
2025-02-05(수),감자수제비,중식
2025-02-06(목),밥,중식
2025-02-07(금),흑미밥,중식
2025-02-08(토),달걀케첩볶음밥,중식
2025-02-09(일),참치마요덮밥,중식
2026-09-18(금),밥,중식
2026-09-19(토),어묵김치찌개,중식
2026-09-20(일),돼지고기덮밥,중식
2026-09-21(월),콩나물밥&부추양념장,중식
2026-09-22(화),밥,중식
2026-09-23(수),밥,중식
2026-09-24(목),밥,중식
2026-09-25(금),밥,중식
2026-09-26(토),밥,중식
2026-09-27(일),불고기비빔밥,중식
2026-09-28(월),잡곡밥,중식
2026-09-29(화),우삼겹쌀국수,중식
2026-09-30(수),밥,중식
2025-01-24(금),카레덮밥,중식
2026-09-04(금),잡곡밥,중식
2026-09-05(토),치즈사각피자,중식
2026-09-06(일),밥,중식
2026-09-07(월),쭈꾸미덮밥,중식
2026-09-08(화),잡곡밥,중식
2026-09-09(수),흑미밥,중식
2026-09-10(목),김치말이국수,중식
2026-09-11(금),옥수수밥,중식
2026-09-12(토),김치어묵우동,중식
2026-09-13(일),밥,중식
2026-09-14(월),고깃집볶음밥,중식
2026-09-15(화),밥,중식
2026-09-16(수),밥,중식
2026-09-17(목),치즈스틱,중식
2026-08-21(금),밥,중식
2026-08-22(토),김치어묵우동,중식
2026-08-23(일),밥,중식
2026-08-24(월),옥수수밥,중식
2026-08-25(화),불고기비빔밥,중식
2026-08-26(수),밥,중식
2026-08-27(목),물냉면vs비빔냉면,중식
2026-08-28(금),잡곡밥,중식
2026-08-29(토),비빔국수,중식
2026-08-30(일),불고기포케,중식
2026-08-31(월),밥,중식
2026-09-01(화),잡곡밥,중식
2026-09-02(수),잡곡밥,중식
2026-09-03(목),메밀소바,중식
2026-08-07(금),쭈꾸미덮밥,중식
2026-08-08(토),모듬쌈&우렁쌈장,중식
2026-08-09(일),밥,중식
2026-08-10(월),아비꼬카레,중식
2026-08-11(화),김치알밥,중식
2026-08-12(수),밥,중식
2026-08-13(목),밥,중식
2026-08-14(금),찹쌀밥,중식
2026-08-15(토),닭스테이크,중식
2026-08-16(일),밥,중식
2026-08-17(월),베이컨김치볶음밥,중식
2026-08-18(화),잡곡밥,중식
2026-08-19(수),흑미밥,중식
2026-08-20(목),열무보리비빔밥,중식
2026-07-24(금),비빔국수,중식
2026-07-25(토),밥,중식
2026-07-26(일),밥,중식
2026-07-27(월),잡곡밥,중식
2026-07-28(화),취나물밥&양념장,중식
2026-07-29(수),밥,중식
2026-07-30(목),물냉면vs비빔냉면,중식
2026-07-31(금),밥,중식
2026-08-01(토),차돌짬뽕,중식
2026-08-02(일),불고기비빔밥,중식
2026-08-03(월),흑미밥,중식
2026-08-04(화),잡곡밥,중식
2026-08-05(수),잡곡밥,중식
2026-08-06(목),싸이버거,중식
2026-07-10(금),잡곡밥,중식
2026-07-11(토),볶음짬뽕,중식
2026-07-12(일),밥,중식
2026-07-13(월),잡곡밥,중식
2026-07-14(화),잡곡밥,중식
2026-07-15(수),찹쌀밥,중식
2026-07-16(목),불고기비빔밥,중식
2026-07-17(금),밥,중식
2026-07-18(토),메밀소바,중식
2026-07-19(일),훈제오리볶음밥,중식
2026-07-20(월),김치알밥,중식
2026-07-21(화),잡곡밥,중식
2026-07-22(수),잡곡밥,중식
2026-07-23(목),밥,중식
2026-06-25(목),흑미밥,중식
2026-06-26(금),잡곡밥,중식
2026-06-27(토),비빔막국수,중식
2026-06-28(일),불고기비빔밥,중식
2026-06-29(월),잡곡밥,중식
2026-06-30(화),쌀국수,중식
2026-07-01(수),잡곡밥,중식
2026-07-02(목),비빔막국수,중식
2026-07-03(금),흑미밥,중식
2026-07-04(토),유부된장국,중식
2026-07-05(일),불고기비빔밥,중식
2026-07-06(월),잡곡밥,중식
2026-07-07(화),잡곡밥,중식
2026-07-08(수),쭈꾸미덮밥,중식
2026-07-09(목),열무보리비빔밥,중식
2026-06-11(목),영양밥&부추양념장,중식
2026-06-12(금),잡곡밥,중식
2026-06-13(토),토마토해물스파게티,중식
2026-06-14(일),불고기포케,중식
2026-06-15(월),완두콩밥,중식
2026-06-16(화),취나물밥&양념장,중식
2026-06-17(수),김치알밥,중식
2026-06-18(목),물냉면vs비빔냉면,중식
2026-06-19(금),찹쌀밥,중식
2026-06-20(토),차돌짬뽕,중식
2026-06-21(일),밥,중식
2026-06-22(월),잡곡밥,중식
2026-06-23(화),꼬막비빔밥,중식
2026-06-24(수),비빔국수,중식
2026-05-27(수),잡곡밥,중식
2026-05-28(목),메밀소바,중식
2026-05-29(금),밥,중식
2026-05-30(토),차돌짬뽕,중식
2026-05-31(일),김치볶음밥,중식
2026-06-01(월),잡곡밥,중식
2026-06-02(화),잡곡밥,중식
2026-06-03(수),밥,중식
2026-06-04(목),잡곡밥,중식
2026-06-05(금),밥,중식
2026-06-06(토),후리가케밥,중식
2026-06-07(일),밥,중식
2026-06-08(월),자장밥,중식
2026-06-09(화),밥,중식
2026-06-10(수),잡곡밥,중식
2026-05-13(수),잡곡밥,중식
2026-05-14(목),김치알밥,중식
2026-05-15(금),잡곡밥,중식
2026-05-16(토),소불고기덮밥,중식
2026-05-17(일),불고기비빔밥,중식
2026-05-18(월),밥,중식
2026-05-19(화),잡곡밥,중식
2026-05-20(수),잡곡밥,중식
2026-05-21(목),김치말이국수,중식
2026-05-22(금),잡곡밥,중식
2026-05-23(토),비빔국수,중식
2026-05-24(일),밥,중식
2026-05-25(월),밥,중식
2026-05-26(화),추억의도시락,중식
2026-04-28(화),잡곡밥,중식
2026-04-29(수),잡곡밥,중식
2026-04-30(목),얼큰칼국수,중식
2026-05-01(금),자장밥,중식
2026-05-02(토),불닭덮밥,중식
2026-05-03(일),쭈꾸미덮밥,중식
2026-05-04(월),잡곡밥,중식
2026-05-05(화),잡곡밥,중식
2026-05-06(수),밥,중식
2026-05-07(목),쫄면,중식
2026-05-08(금),잡곡밥,중식
2026-05-09(토),랍스터치즈버터구이,중식
2026-05-10(일),밥,중식
2026-05-11(월),밥,중식
2026-05-12(화),흑미밥,중식
2026-04-14(화),밥,중식
2026-04-15(수),잡곡밥,중식
2026-04-16(목),전투식량,중식
2026-04-17(금),밥,중식
2026-04-18(토),쭈꾸미덮밥,중식
2026-04-19(일),감자수제비,중식
2026-04-20(월),밥,중식
2026-04-21(화),잡곡밥,중식
2026-04-22(수),흑미밥,중식
2026-04-23(목),유부주머니어묵탕,중식
2026-04-24(금),밥,중식
2026-04-25(토),계란볶음밥,중식
2026-04-26(일),밥,중식
2026-04-27(월),잡곡밥,중식
2026-03-30(월),잡곡밥,중식
2026-03-31(화),감자수제비,중식
2026-04-01(수),비빔밥,중식
2026-04-02(목),잔치국수,중식
2026-04-03(금),잡곡밥,중식
2026-04-04(토),토마토해물스파게티,중식
2026-04-05(일),밥,중식
2026-04-06(월),잡곡밥,중식
2026-04-07(화),곤드레밥&양념장,중식
2026-04-08(수),밥,중식
2026-04-09(목),해물칼국수,중식
2026-04-10(금),잡곡밥,중식
2026-04-11(토),돼지고기덮밥,중식
2026-04-12(일),밥,중식
2026-04-13(월),잡곡밥,중식
2026-03-16(월),쭈꾸미덮밥,중식
2026-03-17(화),밥,중식
2026-03-18(수),콩나물국,중식
2026-03-19(목),나시고랭볶음밥,중식
2026-03-20(금),흑미밥,중식
2026-03-21(토),토마토해물스파게티,중식
2026-03-22(일),밥,중식
2026-03-23(월),잡곡밥,중식
2026-03-24(화),잡곡밥,중식
2026-03-25(수),잡곡밥,중식
2026-03-26(목),돼지고기덮밥,중식
2026-03-27(금),잡곡밥,중식
2026-03-28(토),참치마요주먹밥,중식
2026-03-29(일),달걀케첩볶음밥,중식
2026-03-01(일),밥,중식
2026-03-02(월),밥,중식
2026-03-03(화),오곡밥,중식
2026-03-04(수),잡곡밥,중식
2026-03-05(목),닭꼬치,중식
2026-03-06(금),잡곡밥,중식
2026-03-07(토),돈코츠라멘,중식
2026-03-08(일),밥,중식
2026-03-09(월),곤드레밥&양념장,중식
2026-03-10(화),잡곡밥,중식
2026-03-11(수),잡곡밥,중식
2026-03-12(목),잔치국수,중식
2026-03-13(금),잡곡밥,중식
2026-03-14(토),계란볶음밥,중식
2026-03-15(일),하이라이스,중식
2026-02-14(토),참치마요주먹밥,중식
2026-02-15(일),밥,중식
2026-02-16(월),잡곡밥,중식
2026-02-17(화),밥,중식
2026-02-18(수),흑미밥,중식
2026-02-19(목),목살필라프,중식
2026-02-20(금),밥,중식
2026-02-21(토),언양식납작불고기랩,중식
2026-02-22(일),밥,중식
2026-02-23(월),토마토해물스파게티,중식
2026-02-24(화),밥,중식
2026-02-25(수),밥,중식
2026-02-26(목),해물칼국수,중식
2026-02-27(금),흑미밥,중식
2026-02-28(토),밥,중식
2026-01-30(금),밥,중식
2026-01-31(토),참치마요덮밥,중식
2026-02-01(일),김치알밥,중식
2026-02-02(월),굴영양밥&양념장,중식
2026-02-03(화),잡곡밥,중식
2026-02-04(수),잡곡밥,중식
2026-02-05(목),잡곡밥,중식
2026-02-06(금),밥,중식
2026-02-07(토),달걀케첩볶음밥,중식
2026-02-08(일),밥,중식
2026-02-09(월),김치볶음밥,중식
2026-02-10(화),잡곡밥,중식
2026-02-11(수),잡곡밥,중식
2026-02-12(목),비빔밥,중식
2026-02-13(금),잡곡밥,중식
2026-01-15(목),오므라이스,중식
2026-01-16(금),잡곡밥,중식
2026-01-17(토),아비꼬카레,중식
2026-01-18(일),밥,중식
2026-01-19(월),볶음짬뽕,중식
2026-01-20(화),흑미밥,중식
2026-01-21(수),잡곡밥,중식
2026-01-22(목),명동칼국수,중식
2026-01-23(금),잡곡밥,중식
2026-01-24(토),쌀국수,중식
2026-01-25(일),참치야채비빔밥,중식
2026-01-26(월),흑미밥,중식
2026-01-27(화),잡곡밥,중식
2026-01-28(수),밥,중식
2026-01-29(목),잡곡밥,중식
2025-12-31(수),쭈꾸미덮밥,중식
2026-01-01(목),밥,중식
2026-01-02(금),비빔밥,중식
2026-01-03(토),밥,중식
2026-01-04(일),밥,중식
2026-01-05(월),밥,중식
2026-01-06(화),밥,중식
2026-01-07(수),잔치국수,중식
2026-01-08(목),밥,중식
2026-01-09(금),추억의도시락,중식
2026-01-10(토),훈제오리포케,중식
2026-01-11(일),밥,중식
2026-01-12(월),곤드레밥&양념장,중식
2026-01-13(화),밥,중식
2026-01-14(수),쭈꾸미덮밥,중식
2025-12-15(월),잡곡밥,중식
2025-12-16(화),잡곡밥,중식
2025-12-17(수),잡곡밥,중식
2025-12-18(목),우동장국,중식
2025-12-19(금),흑미밥,중식
2025-12-20(토),잡채밥,중식
2025-12-21(일),밥,중식
2025-12-22(월),새알심팥칼국수,중식
2025-12-23(화),잡곡밥,중식
2025-12-24(수),김치알밥,중식
2025-12-25(목),라구파스타,중식
2025-12-26(금),밥,중식
2025-12-27(토),비빔국수,중식
2025-12-28(일),밥,중식
2025-12-29(월),밥,중식
2025-12-30(화),흑미밥,중식
2025-11-29(토),참치마요덮밥,중식
2025-11-30(일),밥,중식
2025-12-01(월),밥,중식
2025-12-02(화),비빔밥,중식
2025-12-03(수),아비꼬카레,중식
2025-12-04(목),해물칼국수,중식
2025-12-05(금),잡곡밥,중식
2025-12-06(토),피자,중식
2025-12-07(일),밥,중식
2025-12-08(월),전투식량,중식
2025-12-09(화),잡곡밥,중식
2025-12-10(수),잡곡밥,중식
2025-12-11(목),흑미밥,중식
2025-12-12(금),추억의도시락,중식
2025-12-13(토),돈코츠라멘,중식
2025-12-14(일),밥,중식
2021-05-12,배추김치,중식
2021-05-12,유산균 발효 음료,중식
2021-05-13,핫도그빵,중식
2021-05-13,우유,중식
2021-05-14,잡곡밥,중식
2021-05-14,감자탕,중식
2021-05-14,마늘종멸치볶음,중식
2021-05-14,콩나물매운무침,중식
2021-05-14,백김치,중식
2021-05-14,아이스크림 샌드위치,중식
2021-05-15,달걀케첩볶음밥,중식
2021-05-15,생선묵국,중식
2021-05-15,돼지고기부추볶음,중식
2021-05-15,오이무침,중식
2021-05-15,배추김치,중식
2021-05-15,감귤 주스,중식
2021-05-16,밥,중식
2021-05-16,두부맑은국,중식
2021-05-16,까르보나라떡볶이,중식
2021-05-16,닭고기매운조림,중식
2021-05-16,배추김치,중식
2021-05-16,감귤 주스,중식
2021-05-17,흑미밥,중식
2021-04-27,컵과일,석식
2021-04-28,잡곡밥,석식
2021-04-28,순두부찌개,석식
2021-04-28,떡볶이,석식
2021-04-28,만두튀김,석식
2021-04-28,배추김치,석식
2021-04-29,잡곡밥,석식
2021-04-29,감자양파찌개,석식
2021-04-29,쇠고기불고기,석식
2021-04-29,양배추쌈,석식
2021-04-29,배추김치,석식
2021-04-29,우유,석식
2021-04-30,밥,석식
2021-04-30,닭고기육개장,석식
2021-04-30,돼지고기김치볶음,석식
2021-04-30,시금치된장무침,석식
2021-04-30,깍두기,석식
2021-05-01,밥,석식
2021-05-01,버섯쇠고기찌개,석식
2021-05-01,소시지야채볶음,석식
2021-05-01,두부조림,석식
2021-05-01,배추김치,석식
2021-05-02,김치덮밥,석식
2021-05-02,계란국,석식
2021-05-02,김자반,석식
2021-05-02,깍두기,석식
2021-05-03,밥,석식
2021-05-03,두부고추장찌개,석식
2021-05-03,닭강정,석식
2021-05-03,야채샐러드,석식
2021-05-03,배추김치,석식
2021-05-04,잡곡밥,석식
2021-05-04,생선묵국,석식
2021-05-04,떡볶이,석식
2021-05-04,야채튀김,석식
2021-05-04,배추김치,석식
2021-05-04,우유,석식
2021-05-05,돼지고기부추덮밥,석식
2021-05-05,콩나물국,석식
2021-05-05,감자조림,석식
2021-05-05,배추김치,석식
2021-05-06,잡곡밥,석식
2021-05-06,순두부찌개,석식
2021-05-06,삼치순살튀김,석식
2021-05-06,브로콜리/초고추장,석식
2021-05-06,배추김치,석식
2021-05-07,자장밥,석식
2021-05-07,짬뽕찌개,석식
2021-05-07,단무지무침,석식
2021-05-07,깍두기,석식
2021-05-07,라면,석식
2021-05-07,건빵,석식
2021-05-08,밥,석식
2021-05-08,감자양파찌개,석식
2021-05-08,쇠고기불고기,석식
2021-05-08,양배추쌈,석식
2021-05-08,깍두기,석식
2021-05-08,우유,석식
2021-05-09,밥,석식
2021-05-09,된장국,석식
2021-05-09,돼지고기김치볶음,석식
2021-05-09,시금치무침,석식
2021-05-09,깍두기,석식
2021-05-10,밥,석식
2021-05-10,김치찌개,석식
2021-05-10,닭고기튀김양념,석식
2021-05-10,야채샐러드,석식
2021-05-10,백김치,석식
2021-05-11,카레밥,석식
2021-05-11,돈가스,석식
2021-05-11,감자샐러드,석식
2021-05-11,배추김치,석식
2021-05-11,라면,석식
2021-05-12,잡곡밥,석식
2021-05-12,쇠고기미역국,석식
2021-05-12,깐풍기,석식
2021-04-13,잡곡밥,석식
2021-04-13,쇠고기감자국,석식
2021-04-13,돼지고기부추볶음,석식
2021-04-13,꽈리고추멸치볶음,석식
2021-04-13,배추김치,석식
2021-04-13,우유,석식
2021-04-14,잡곡밥,석식
2021-04-14,쇠고기육개장,석식
2021-04-14,잡채,석식
2021-04-14,미트볼케찹조림,석식
2021-04-14,배추김치,석식
2021-04-14,음료수 탄산 콜라,석식
2021-04-15,잡곡밥,석식
2021-04-15,순두부찌개,석식
2021-04-15,까르보나라떡볶이,석식
2021-04-15,야채튀김,석식
2021-04-15,깍두기,석식
2021-04-15,컵과일,석식
2021-04-16,카레밥,석식
2021-04-16,돈가스,석식
2021-04-16,야채샐러드,석식
2021-04-16,배추김치,석식
2021-04-17,밥,석식
2021-04-17,김치찌개,석식
2021-04-17,궁중닭찜,석식
2021-04-17,무생채,석식
2021-04-17,배추김치,석식
2021-04-17,우유,석식
2021-04-18,밥,석식
2021-04-18,닭고기육개장,석식
2021-04-18,마파두부,석식
2021-04-18,콩나물매운무침,석식
2021-04-18,배추김치,석식
2021-04-19,고추참치덮밥,석식
2021-04-19,된장국,석식
2021-04-19,감자샐러드,석식
2021-04-19,배추김치,석식
2021-04-19,감귤 주스,석식
2021-04-20,흑미밥,석식
2021-04-20,햄소시지찌개,석식
2021-04-20,감자채볶음,석식
2021-04-20,두부조림,석식
2021-04-20,깍두기,석식
2021-04-21,밥,석식
2021-04-21,생선묵국,석식
2021-04-21,제육볶음,석식
2021-04-21,야채튀김,석식
2021-04-21,배추김치,석식
2021-04-22,잡곡밥,석식
2021-04-22,호박된장찌개,석식
2021-04-22,돼지고기수육,석식
2021-04-22,상추쌈,석식
2021-04-22,배추김치,석식
2021-04-22,참외,석식
2021-04-23,잡곡밥,석식
2021-04-23,생선가스,석식
2021-04-23,닭고기매운조림,석식
2021-04-23,야채샐러드,석식
2021-04-23,배추김치,석식
2021-04-24,밥,석식
2021-04-24,콩나물국,석식
2021-04-24,돼지불고기,석식
2021-04-24,양배추쌈,석식
2021-04-24,배추김치,석식
2021-04-24,아이스크림 콘 완제품,석식
2021-04-25,밥,석식
2021-04-25,계란국,석식
2021-04-25,고추잡채,석식
2021-04-25,조기양념찜,석식
2021-04-25,배추김치,석식
2021-04-26,밥,석식
2021-04-26,닭곰탕,석식
2021-04-26,두부김치,석식
2021-04-26,오이양파장아찌,석식
2021-04-26,깍두기,석식
2021-04-26,감귤 주스,석식
2021-04-26,라면,석식
2021-04-27,잡곡밥,석식
2021-04-27,쇠고기육개장,석식
2021-04-27,닭고기매운조림,석식
2021-04-27,시금치무침,석식
2021-04-27,배추김치,석식
2021-03-29,된장국,석식
2021-03-29,돈가스,석식
2021-03-29,감자샐러드,석식
2021-03-29,배추김치,석식
2021-03-29,감귤 주스,석식
2021-03-30,잡곡밥,석식
2021-03-30,닭고기육개장,석식
2021-03-30,미트볼케찹조림,석식
2021-03-30,콩나물무침,석식
2021-03-30,배추김치,석식
2021-03-31,김치덮밥,석식
2021-03-31,콩나물국,석식
2021-03-31,잡채,석식
2021-03-31,깍두기,석식
2021-03-31,감귤 주스,석식
2021-04-01,밥,석식
2021-04-01,김치찌개,석식
2021-04-01,닭고기튀김양념,석식
2021-04-01,야채샐러드,석식
2021-04-01,깍두기,석식
2021-04-01,감귤 주스,석식
2021-04-02,잡곡밥,석식
2021-04-02,배추된장국,석식
2021-04-02,돼지고기김치볶음,석식
2021-04-02,깻잎무침,석식
2021-04-02,깍두기,석식
2021-04-03,쇠고기덮밥,석식
2021-04-03,순두부찌개,석식
2021-04-03,시금치고추장무침,석식
2021-04-03,배추김치,석식
2021-04-03,우유,석식
2021-04-04,밥,석식
2021-04-04,짬뽕찌개,석식
2021-04-04,고추잡채,석식
2021-04-04,단무지무침,석식
2021-04-04,배추김치,석식
2021-04-04,감귤 주스,석식
2021-04-05,검은콩밥,석식
2021-04-05,된장국,석식
2021-04-05,돈가스,석식
2021-04-05,고구마샐러드,석식
2021-04-05,배추김치,석식
2021-04-05,라면,석식
2021-04-06,잡곡밥,석식
2021-04-06,콩나물김치국,석식
2021-04-06,닭갈비,석식
2021-04-06,양배추쌈,석식
2021-04-06,배추김치,석식
2021-04-07,밥,석식
2021-04-07,김치찌개,석식
2021-04-07,오징어채볶음,석식
2021-04-07,고등어순살강정,석식
2021-04-07,깍두기,석식
2021-04-08,잡곡밥,석식
2021-04-08,오징어국,석식
2021-04-08,마파두부,석식
2021-04-08,게맛살튀김,석식
2021-04-08,배추김치,석식
2021-04-08,우유,석식
2021-04-09,잡곡밥,석식
2021-04-09,순두부찌개,석식
2021-04-09,파닭,석식
2021-04-09,야채샐러드,석식
2021-04-09,배추김치,석식
2021-04-10,밥,석식
2021-04-10,두부맑은국,석식
2021-04-10,돼지고기콩나물볶음,석식
2021-04-10,감자조림,석식
2021-04-10,깍두기,석식
2021-04-11,밥,석식
2021-04-11,닭볶음탕,석식
2021-04-11,고등어순살조림,석식
2021-04-11,무나물,석식
2021-04-11,배추김치,석식
2021-04-11,감귤 주스,석식
2021-04-12,검은콩밥,석식
2021-04-12,버섯된장찌개,석식
2021-04-12,오리불고기,석식
2021-04-12,감자조림,석식
2021-04-12,배추김치,석식
2021-03-14,돼지불고기,석식
2021-03-14,양배추쌈,석식
2021-03-14,배추김치,석식
2021-03-14,감귤 주스,석식
2021-03-14,밥,석식
2021-03-15,카레밥,석식
2021-03-15,계란국,석식
2021-03-15,돈가스,석식
2021-03-15,배추김치,석식
2021-03-16,잡곡밥,석식
2021-03-16,순두부찌개,석식
2021-03-16,파닭,석식
2021-03-16,무나물,석식
2021-03-16,배추김치,석식
2021-03-16,콜라,석식
2021-03-17,배추김치,석식
2021-03-17,밥,석식
2021-03-17,호박된장찌개,석식
2021-03-17,삼겹살구이,석식
2021-03-17,양배추쌈,석식
2021-03-18,밥,석식
2021-03-18,버섯쇠고기찌개,석식
2021-03-18,햄슬라이스야채볶음,석식
2021-03-18,삼치순살튀김,석식
2021-03-18,배추김치,석식
2021-03-19,잡곡밥,석식
2021-03-19,두부고추장찌개,석식
2021-03-19,쇠고기불고기,석식
2021-03-19,양배추쌈,석식
2021-03-19,배추김치,석식
2021-03-19,라면,석식
2021-03-20,밥,석식
2021-03-20,김치찌개,석식
2021-03-20,고추잡채,석식
2021-03-20,떡볶이,석식
2021-03-20,깍두기,석식
2021-03-20,우유 살균형,석식
2021-03-21,자장밥,석식
2021-03-21,짬뽕찌개,석식
2021-03-21,단무지무침,석식
2021-03-21,배추김치,석식
2021-03-21,감귤 주스,석식
2021-03-22,김치찌개,석식
2021-03-22,쇠고기파프리카볶음,석식
2021-03-22,두부양념장,석식
2021-03-22,깍두기,석식
2021-03-22,건빵,석식
2021-03-22,감귤 주스,석식
2021-03-22,밥,석식
2021-03-23,잡곡밥,석식
2021-03-23,순두부찌개,석식
2021-03-23,돼지고기수육,석식
2021-03-23,콩나물매운무침,석식
2021-03-23,깍두기,석식
2021-03-24,밥,석식
2021-03-24,콩나물국,석식
2021-03-24,닭강정,석식
2021-03-24,두부조림,석식
2021-03-24,배추김치,석식
2021-03-24,즉석쌀국수,석식
2021-03-25,김치찌개,석식
2021-03-25,만두튀김,석식
2021-03-25,계란찜,석식
2021-03-25,깍두기,석식
2021-03-25,밥,석식
2021-03-26,잡곡밥,석식
2021-03-26,콩나물국,석식
2021-03-26,오징어볶음,석식
2021-03-26,야채튀김,석식
2021-03-26,배추김치,석식
2021-03-26,초콜릿,석식
2021-03-27,김치덮밥,석식
2021-03-27,된장국,석식
2021-03-27,계란후라이,석식
2021-03-27,깍두기,석식
2021-03-27,감귤 주스,석식
2021-03-28,밥,석식
2021-03-28,호박된장찌개,석식
2021-03-28,오리불고기,석식
2021-03-28,오이양파장아찌,석식
2021-03-28,배추김치,석식
2021-03-28,음료수 탄산 과일,석식
2021-03-29,밥,석식
2021-02-27,계란국,석식
2021-02-27,감자샐러드,석식
2021-02-27,김장김치,석식
2021-02-27,감귤 주스,석식
2021-02-28,김치덮밥,석식
2021-02-28,된장국,석식
2021-02-28,스크램블에그,석식
2021-02-28,깍두기,석식
2021-02-28,유산균 발효 음료,석식
2021-03-01,잡곡밥,석식
2021-03-01,버섯된장찌개,석식
2021-03-01,제육볶음,석식
2021-03-01,양배추쌈,석식
2021-03-01,배추김치,석식
2021-03-02,고추참치덮밥,석식
2021-03-02,계란국,석식
2021-03-02,치킨너겟,석식
2021-03-02,배추김치,석식
2021-03-03,밥,석식
2021-03-03,된장국,석식
2021-03-03,떡볶이,석식
2021-03-03,돈가스,석식
2021-03-03,배추김치,석식
2021-03-04,순두부찌개,석식
2021-03-04,무나물,석식
2021-03-04,배추김치,석식
2021-03-04,돼지고기부추덮밥,석식
2021-03-05,잡곡밥,석식
2021-03-05,김치찌개,석식
2021-03-05,닭고기튀김양념,석식
2021-03-05,감자조림,석식
2021-03-05,깍두기,석식
2021-03-05,콜라,석식
2021-03-06,밥,석식
2021-03-06,시금치된장국,석식
2021-03-06,고추잡채,석식
2021-03-06,생선묵볶음,석식
2021-03-06,배추김치,석식
2021-03-07,감자양파찌개,석식
2021-03-07,오징어채볶음,석식
2021-03-07,고등어순살조림,석식
2021-03-07,배추김치,석식
2021-03-07,감귤 주스,석식
2021-03-07,밥,석식
2021-03-08,잡곡밥,석식
2021-03-08,김치찌개,석식
2021-03-08,마파두부,석식
2021-03-08,고구마맛탕,석식
2021-03-08,깍두기,석식
2021-03-09,잡곡밥,석식
2021-03-09,배추된장국,석식
2021-03-09,돼지고기콩나물볶음,석식
2021-03-09,조기양념찜,석식
2021-03-09,깍두기,석식
2021-03-09,우유,석식
2021-03-10,비빔당면,석식
2021-03-10,배추김치,석식
2021-03-10,라면,석식
2021-03-10,아이스크림 콘 완제품,석식
2021-03-10,밥,석식
2021-03-10,두부맑은국,석식
2021-03-10,느타리버섯볶음,석식
2021-03-11,밥,석식
2021-03-11,햄소시지찌개,석식
2021-03-11,까르보나라떡볶이,석식
2021-03-11,게맛살튀김,석식
2021-03-11,배추김치,석식
2021-03-12,잡곡밥,석식
2021-03-12,감자양파찌개,석식
2021-03-12,마파두부,석식
2021-03-12,고등어순살강정,석식
2021-03-12,배추김치,석식
2021-03-13,밥,석식
2021-03-13,순두부찌개,석식
2021-03-13,돼지고기부추볶음,석식
2021-03-13,무나물,석식
2021-03-13,깍두기,석식
2021-03-13,감귤 주스,석식
2021-03-14,버섯된장찌개,석식
2021-02-12,조기양념찜,석식
2021-02-12,김장김치,석식
2021-02-12,감귤 주스,석식
2021-02-13,밥,석식
2021-02-13,순두부찌개,석식
2021-02-13,오리불고기,석식
2021-02-13,고등어순살조림,석식
2021-02-13,김장김치,석식
2021-02-13,사이다,석식
2021-02-14,햄야채볶음밥,석식
2021-02-14,두부맑은국,석식
2021-02-14,계란후라이,석식
2021-02-14,김장김치,석식
2021-02-14,감귤 주스,석식
2021-02-15,자장밥,석식
2021-02-15,짬뽕찌개,석식
2021-02-15,단무지무침,석식
2021-02-15,김장김치,석식
2021-02-16,흑미밥,석식
2021-02-16,김치찌개,석식
2021-02-16,파닭,석식
2021-02-16,오이양파장아찌,석식
2021-02-16,깍두기,석식
2021-02-16,음료수 탄산 과일,석식
2021-02-17,고추참치덮밥,석식
2021-02-17,계란국,석식
2021-02-17,야채튀김,석식
2021-02-17,김장김치,석식
2021-02-18,밥,석식
2021-02-18,쇠고기미역국,석식
2021-02-18,마파두부,석식
2021-02-18,고등어순살강정,석식
2021-02-18,김장김치,석식
2021-02-18,감귤 주스,석식
2021-02-19,잡곡밥,석식
2021-02-19,생선묵국,석식
2021-02-19,떡볶이,석식
2021-02-19,만두튀김,석식
2021-02-19,김장김치,석식
2021-02-20,밥,석식
2021-02-20,콩나물국,석식
2021-02-20,돼지고기수육,석식
2021-02-20,오이양파장아찌,석식
2021-02-20,김장김치,석식
2021-02-21,밥,석식
2021-02-21,굴맑은짬뽕,석식
2021-02-21,고추잡채,석식
2021-02-21,단무지무침,석식
2021-02-21,김장김치,석식
2021-02-22,카레밥,석식
2021-02-22,계란국,석식
2021-02-22,돈가스,석식
2021-02-22,김장김치,석식
2021-02-23,잡곡밥,석식
2021-02-23,버섯쇠고기찌개,석식
2021-02-23,비엔나소시지야채볶음,석식
2021-02-23,게맛살튀김,석식
2021-02-23,김장김치,석식
2021-02-23,라면,석식
2021-02-24,잡곡밥,석식
2021-02-24,호박된장찌개,석식
2021-02-24,삼겹살구이,석식
2021-02-24,콩나물매운무침,석식
2021-02-24,김장김치,석식
2021-02-24,콜라,석식
2021-02-25,밥,석식
2021-02-25,김치찌개,석식
2021-02-25,맛김,석식
2021-02-25,순두부계란찜,석식
2021-02-25,미트볼케찹조림,석식
2021-02-25,깍두기,석식
2021-02-25,우유,석식
2021-02-26,잡곡밥,석식
2021-02-26,순두부찌개,석식
2021-02-26,잡채,석식
2021-02-26,꽈리고추멸치볶음,석식
2021-02-26,김장김치,석식
2021-02-26,라면,석식
2021-02-27,통새우볶음밥,석식
2022-08-16,치킨가라아게,석식
2022-08-16,바베큐폭립,석식
2022-08-16,오이파프리카무침,석식
2022-08-16,양송이스프,석식
2022-08-16,배추김치,석식
2022-08-16,자두,석식
2022-08-17,잡곡밥,석식
2022-08-17,비빔밥,석식
2022-08-17,황태해장국,석식
2022-08-17,찹쌀탕수육,석식
2022-08-17,계란후라이,석식
2022-08-17,배추김치,석식
2022-08-18,새우버거,석식
2022-08-18,치즈스틱,석식
2022-08-18,음료수 탄산 콜라,석식
2022-08-18,우유,석식
2022-08-19,잡곡밥,석식
2022-08-19,쇠고기육개장,석식
2022-08-19,치즈함박스테이크소스,석식
2022-08-19,단호박샐러드,석식
2022-08-19,배추김치,석식
2022-08-19,대추방울토마토,석식
2022-08-20,잡곡밥,석식
2022-08-20,돼지훈제,석식
2022-08-20,스크램블에그,석식
2022-08-20,쌈무,석식
2022-08-20,오이파프리카무침,석식
2022-08-20,배추김치,석식
2022-08-21,밥,석식
2022-08-21,햄소시지찌개,석식
2022-08-21,오리불고기,석식
2022-08-21,양배추쌈,석식
2022-08-21,배추김치,석식
2022-08-16,잡곡밥,석식
2022-08-15,배추김치,석식
2021-02-04,버섯쇠고기찌개,석식
2021-02-04,고추잡채,석식
2021-02-04,삼치순살튀김,석식
2021-02-04,김장김치,석식
2021-02-04,사이다,석식
2021-02-05,잡곡밥,석식
2021-02-05,순두부찌개,석식
2021-02-05,생선가스,석식
2021-02-05,감자샐러드,석식
2021-02-05,김장김치,석식
2021-02-05,건빵,석식
2021-02-06,밥,석식
2021-02-06,햄소시지찌개,석식
2021-02-06,감자채볶음,석식
2021-02-06,꽁치김치조림,석식
2021-02-06,김장김치,석식
2021-02-06,우유,석식
2021-02-07,돼지고기부추덮밥,석식
2021-02-07,감자양파찌개,석식
2021-02-07,고구마샐러드,석식
2021-02-07,김장김치,석식
2021-02-07,감귤 주스,석식
2021-02-08,밥,석식
2021-02-08,김치찌개,석식
2021-02-08,소시지야채볶음,석식
2021-02-08,오징어실채무침,석식
2021-02-08,깍두기,석식
2021-02-09,새우버거,석식
2021-02-09,우유,석식
2021-02-09,콜라,석식
2021-02-10,잡곡밥,석식
2021-02-10,생선묵국,석식
2021-02-10,떡볶이,석식
2021-02-10,치킨너겟,석식
2021-02-10,김장김치,석식
2021-02-10,커피음료,석식
2021-02-11,밥,석식
2021-02-11,닭볶음탕,석식
2021-02-11,마파두부,석식
2021-02-11,무나물,석식
2021-02-11,김장김치,석식
2021-02-12,잡곡밥,석식
2021-02-12,닭고기육개장,석식
2021-02-12,잡채,석식
2021-01-05,우유,석식
2021-01-06,잡곡밥,석식
2021-01-06,두부고추장찌개,석식
2021-01-06,돈가스,석식
2021-01-06,감자샐러드,석식
2021-01-06,김장김치,석식
2022-08-21,아이스크림 콘 완제품,석식
2022-08-22,닭고기덮밥,석식
2022-08-22,배추된장국,석식
2022-08-22,돼지고기장조림,석식
2022-08-22,핫도그,석식
2022-08-22,배추김치,석식
2022-08-22,자연은 제주감귤 180ml,석식
2022-08-23,잡곡밥,석식
2022-08-23,쇠고기감자국,석식
2022-08-23,삼치순살튀김,석식
2022-08-23,돼지훈제,석식
2022-08-23,쌈무,석식
2022-08-23,모듬야채&쌈장,석식
2022-08-23,배추김치,석식
2022-08-24,검은콩밥,석식
2022-08-24,순두부찌개,석식
2022-08-24,치킨가라아게,석식
2022-08-24,무말랭이무침,석식
2022-08-24,허니요거트드레싱,석식
2022-08-24,야채샐러드,석식
2022-08-24,배추김치,석식
2022-08-25,카레밥,석식
2022-08-25,김치찌개,석식
2022-08-25,치즈돈가스,석식
2022-08-25,꽃맛살샐러드,석식
2022-08-25,깍두기,석식
2022-08-25,자연은 제주감귤 180ml,석식
2022-08-26,밥,석식
2022-08-26,감자짜글이,석식
2022-08-26,훈제오리볶음,석식
2022-08-26,고추잡채김말이,석식
2022-08-26,양배추쌈,석식
2022-08-26,배추김치,석식
2022-08-26,아이스크림 팩형,석식
2022-08-27,잡곡밥,석식
2022-08-27,햄소시지찌개,석식
2022-08-27,돼지불고기,석식
2022-08-27,쌈무,석식
2022-08-27,간장깻잎지,석식
2022-08-27,배추김치,석식
2022-08-27,자두,석식
2022-08-28,밥,석식
2022-08-28,콩나물국,석식
2022-08-28,베이컨야채볶음,석식
2022-08-28,깐쇼새우,석식
2022-08-28,김자반,석식
2022-08-28,배추김치,석식
2022-08-28,자연은 제주감귤 180ml,석식
2022-08-29,참치마요덮밥,석식
2022-08-29,감자짜글이,석식
2022-08-29,궁중떡볶이,석식
2022-08-29,버팔로윙,석식
2022-08-29,맛김,석식
2022-08-29,배추김치,석식
2022-08-30,밥,석식
2022-08-30,햄소시지찌개,석식
2022-08-30,찹쌀탕수육,석식
2022-08-30,바베큐폭립,석식
2022-08-30,오믈렛,석식
2022-08-30,배추김치,석식
2022-08-30,대추방울토마토,석식
2022-08-31,통새우볶음밥,석식
2022-08-31,짬뽕찌개,석식
2022-08-31,치즈함박스테이크소스,석식
2022-08-31,핫도그,석식
2022-08-31,배추김치,석식
2022-08-31,우유,석식
2022-09-01,잡곡밥,석식
2022-09-01,닭고기육개장,석식
2022-09-01,잡채,석식
2022-09-01,야채튀김,석식
2022-09-01,오이파프리카무침,석식
2022-09-01,배추김치,석식
2022-09-02,흑미밥,석식
2022-09-02,햄소시지찌개,석식
2022-09-02,꽈리고추멸치볶음,석식
2022-09-02,미트볼케찹조림,석식
2022-09-02,깍두기,석식
2022-09-03,볶음밥,석식
2022-09-03,짬뽕찌개,석식
2021-01-14,김장김치,석식
2021-01-14,우유,석식
2021-01-15,잡곡밥,석식
2021-01-15,김치찌개,석식
2021-01-15,느타리버섯볶음,석식
2021-01-15,무나물,석식
2021-01-15,깍두기,석식
2021-01-15,우유 살균형,석식
2021-01-16,김치덮밥,석식
2021-01-16,계란국,석식
2021-01-16,고구마샐러드CN19:게맛살과일샐러드대,석식
2021-01-16,깍두기,석식
2021-01-16,감귤 주스,석식
2021-01-17,밥,석식
2021-01-17,버섯된장찌개,석식
2021-01-11,돈가스,석식
2021-01-11,김장김치,석식
2021-01-12,잡곡밥,석식
2021-01-12,감자양파찌개,석식
2021-01-12,파닭,석식
2021-01-12,시금치된장무침,석식
2021-01-12,김장김치,석식
2021-01-13,닭고기부추밥,석식
2021-01-13,된장국,석식
2021-01-13,감자샐러드,석식
2021-01-13,김장김치,석식
2021-01-14,잡곡밥,석식
2021-01-07,새우버거,석식
2021-01-07,콜라,석식
2021-01-07,우유,석식
2021-01-08,밥,석식
2021-01-08,순두부찌개,석식
2021-01-08,돼지고기수육,석식
2021-01-08,무생채,석식
2021-01-08,김장김치,석식
2021-01-09,김치덮밥,석식
2021-01-09,된장국,석식
2021-01-09,스크램블에그,석식
2021-01-09,깍두기,석식
2021-01-09,우유,석식
2021-01-10,밥,석식
2021-01-10,김치찌개,석식
2021-01-10,제육볶음,석식
2021-01-10,양배추쌈,석식
2021-01-10,김장김치,석식
2021-01-10,워터젤리,석식
2021-01-11,카레밥,석식
2021-01-11,계란국,석식
2022-09-03,탕수육,석식
2021-01-01,검은콩밥,석식
2021-01-01,닭고기육개장,석식
2021-01-01,잡채,석식
2021-01-01,무생채,석식
2021-01-01,김장김치,석식
2021-01-01,유산균 발효 음료,석식
2021-01-02,쇠고기볶음밥,석식
2021-01-02,계란국,석식
2021-01-02,콩나물매운무침,석식
2021-01-02,김장김치,석식
2021-01-02,감귤 주스,석식
2021-01-03,밥,석식
2021-01-03,된장국,석식
2021-01-03,고추잡채,석식
2021-01-03,감자샐러드,석식
2021-01-03,김장김치,석식
2021-01-04,자장밥,석식
2021-01-04,짬뽕찌개,석식
2021-01-04,단무지무침,석식
2021-01-04,김장김치,석식
2021-01-04,라면,석식
2021-01-05,잡곡밥,석식
2021-01-05,순두부찌개,석식
2021-01-05,쇠고기파프리카볶음,석식
2021-01-05,만두튀김,석식
2021-01-05,김장김치,석식
2021-01-29,순두부찌개,석식
2021-01-29,까르보나라떡볶이,석식
2021-01-29,고구마샐러드,석식
2021-01-29,김장김치,석식
2021-01-29,감귤,석식
2021-01-29,우유 살균형,석식
2021-01-30,밥,석식
2021-01-30,호박된장찌개,석식
2021-01-30,돼지불고기,석식
2021-01-30,양배추쌈,석식
2021-01-30,김장김치,석식
2021-01-31,밥,석식
2021-01-31,김치찌개,석식
2021-01-31,고등어순살조림,석식
2021-01-31,콩나물무침,석식
2021-01-31,백김치,석식
2021-01-24,고추잡채,석식
2021-01-24,김장김치,석식
2021-01-24,감귤,석식
2021-01-25,밥,석식
2021-01-25,두부고추장찌개,석식
2021-01-25,고구마맛탕,석식
2021-01-25,소불고기덮밥소스,석식
2021-01-25,김장김치,석식
2021-01-26,잡곡밥,석식
2021-01-26,순두부찌개,석식
2021-01-26,치킨너겟강정,석식
2021-01-26,콩나물매운무침,석식
2021-01-26,김장김치,석식
2021-01-26,레몬에이드,석식
2021-01-27,잡채볶음밥,석식
2021-01-27,계란국,석식
2021-01-27,치킨너겟,석식
2021-01-27,김장김치,석식
2021-01-28,잡곡밥,석식
2021-01-28,감자양파찌개,석식
2021-01-28,돈가스,석식
2021-01-28,브로콜리/초고추장M584:오이부추무침대,석식
2021-01-28,김장김치,석식
2021-01-21,단무지무침,석식
2021-01-21,김장김치,석식
2021-01-21,우유,석식
2021-01-21,잡곡밥,석식
2021-01-21,짬뽕찌개,석식
2021-01-21,고등어순살강정,석식
2021-01-22,돼지고기부추덮밥,석식
2021-01-22,콩나물김치국,석식
2021-01-22,감자조림,석식
2021-01-22,김장김치,석식
2021-01-22,라면,석식
2021-01-23,쇠고기덮밥,석식
2021-01-23,된장국,석식
2021-01-23,시금치고추장무침M582:오이무침대,석식
2021-01-23,김장김치,석식
2021-01-23,감귤 주스,석식
2021-01-24,밥,석식
2021-01-24,배추된장국,석식
2021-01-24,마파두부,석식
2021-01-17,오리불고기,석식
2021-01-17,계란찜,석식
2021-01-17,김장김치,석식
2021-01-17,감귤,석식
2021-01-18,달걀케첩볶음밥,석식
2021-01-18,쇠고기미역국,석식
2021-01-18,두부조림,석식
2021-01-18,김장김치,석식
2021-01-18,감귤 주스,석식
2021-01-19,잡곡밥,석식
2021-01-19,감자양파찌개,석식
2021-01-19,닭고기튀김양념,석식
2021-01-19,오이양파장아찌C510:야채샐러드대,석식
2021-01-19,김장김치,석식
2021-01-19,콜라,석식
2021-01-20,잡곡밥,석식
2021-01-20,된장국,석식
2021-01-20,삼겹살구이,석식
2021-01-20,콩나물매운무침,석식
2021-01-20,김장김치,석식
2021-01-14,호박된장찌개,석식
2021-01-14,돼지고기콩나물볶음,석식
2021-01-14,삼치순살튀김,석식
2022-02-25,김장김치,석식
2022-02-26,잡곡밥,석식
2022-02-26,닭고기육개장,석식
2022-02-26,마파두부,석식
2022-02-26,감자채볶음,석식
2022-02-26,김장김치,석식
2022-02-27,밥,석식
2022-02-27,맑은콩나물국,석식
2022-02-27,치킨너겟,석식
2022-02-27,맛김,석식
2022-02-27,계란찜,석식
2022-02-27,무나물,석식
2022-02-27,김장김치,석식
2022-02-27,단감,석식
2022-02-28,밥,석식
2022-02-28,새우순두부계란탕,석식
2022-02-28,닭갈비,석식
2022-02-28,까르보나라떡볶이,석식
2022-02-28,김장김치,석식
2022-02-28,우유,석식
2022-03-01,통새우볶음밥,석식
2022-03-01,쇠고기감자국,석식
2022-03-01,계란후라이,석식
2022-03-01,배추김치,석식
2022-03-01,감귤 주스,석식
2022-03-02,잡곡밥,석식
2022-03-02,맑은콩나물국,석식
2022-03-02,돼지불고기,석식
2022-03-02,오이부추무침,석식
2022-03-02,배추김치,석식
2022-03-02,대추방울토마토,석식
2022-03-03,치킨마요덮밥,석식
2022-03-03,쑥갓어묵국,석식
2022-03-03,떡볶이,석식
2022-03-03,고구마튀김,석식
2022-03-03,배추김치,석식
2022-03-03,우유,석식
2022-03-03,감귤 주스,석식
2022-03-04,검은콩밥,석식
2022-03-04,햄소시지찌개,석식
2022-03-04,맑은오징어볶음,석식
2022-03-04,두부매운조림,석식
2022-03-04,백김치,석식
2022-03-04,이온음료,석식
2022-03-05,밥,석식
2022-03-05,닭볶음탕,석식
2022-03-05,쇠고기버섯볶음,석식
2022-03-05,코다리조림,석식
2022-03-05,배추김치,석식
2022-03-05,배,석식
2022-03-06,밥,석식
2022-03-06,차돌박이된장찌개,석식
2022-03-06,쇠고기불고기,석식
2022-03-06,상추겉절이,석식
2022-03-06,배추김치,석식
2022-03-06,라면,석식
2022-03-07,제육덮밥,석식
2022-03-07,쑥갓어묵국,석식
2022-03-07,야채튀김,석식
2022-03-07,배추김치,석식
2022-03-07,이온음료,석식
2022-03-08,검은콩밥,석식
2022-03-08,차돌육개장,석식
2022-03-08,마파두부,석식
2022-03-08,갈치순살튀김,석식
2022-03-08,배추김치,석식
2022-03-08,감귤 주스,석식
2021-01-31,감귤 주스,석식
2021-02-01,밥,석식
2021-02-01,순두부찌개,석식
2021-02-01,돈가스,석식
2021-02-01,감자샐러드,석식
2021-02-01,김장김치,석식
2021-02-02,흑미밥,석식
2021-02-02,버섯된장찌개,석식
2021-02-02,쇠고기불고기,석식
2021-02-02,콩나물매운무침,석식
2021-02-02,김장김치,석식
2021-02-02,우유,석식
2021-02-03,닭고기튀김양념,석식
2021-02-03,오이양파장아찌,석식
2021-02-03,깍두기,석식
2021-02-03,잡곡밥,석식
2021-02-03,김치찌개,석식
2021-02-04,밥,석식
2021-01-28,우유,석식
2021-01-29,밥,석식
2022-02-12,밥,석식
2022-02-12,햄소시지찌개,석식
2022-02-12,감자매운조림,석식
2022-02-12,닭순살샐러드,석식
2022-02-12,가공우유,석식
2022-02-12,김장김치,석식
2022-02-13,쇠고기덮밥,석식
2022-02-13,콩나물김치국,석식
2022-02-13,파채돈가스,석식
2022-02-13,김장김치,석식
2022-02-13,우유,석식
2022-02-14,밥,석식
2022-02-14,김치찌개,석식
2022-02-14,파닭,석식
2022-02-14,무초절이,석식
2022-02-14,야채샐러드,석식
2022-02-14,김장김치,석식
2022-02-14,이온음료,석식
2022-02-15,밥,석식
2022-02-15,쇠고기미역국,석식
2022-02-15,닭갈비,석식
2022-02-15,야채튀김,석식
2022-02-15,김장김치,석식
2022-02-15,우유,석식
2022-02-16,자장밥,석식
2022-02-16,짬뽕찌개,석식
2022-02-16,만두튀김,석식
2022-02-16,단무지무침,석식
2022-02-16,김장김치,석식
2022-02-16,우유,석식
2022-02-17,밥,석식
2022-02-17,쑥갓어묵국,석식
2022-02-17,돼지고기콩나물볶음,석식
2022-02-17,계란찜,석식
2022-02-17,김장김치,석식
2022-02-17,농후 발효유,석식
2022-02-18,삼겹살마요덮밥,석식
2022-02-18,배추된장국,석식
2022-02-18,단호박튀김,석식
2022-02-18,가공우유,석식
2022-02-18,파김치,석식
2022-02-19,볶음밥,석식
2022-02-19,감자수제비국,석식
2022-02-19,고구마맛탕,석식
2022-02-19,스크램블에그,석식
2022-02-19,김장김치,석식
2022-02-19,농후 발효유,석식
2022-02-19,우유,석식
2022-02-20,흑미밥,석식
2022-02-20,호박된장찌개,석식
2022-02-20,제육볶음,석식
2022-02-20,시금치무침,석식
2022-02-20,김장김치,석식
2022-02-20,단감,석식
2022-02-21,잡곡밥,석식
2022-02-21,김치찌개,석식
2022-02-21,궁중닭찜,석식
2022-02-21,콩나물매운무침,석식
2022-02-21,가공우유,석식
2022-02-21,갓김치,석식
2022-02-22,밥,석식
2022-02-22,바지락순두부찌개,석식
2022-02-22,삼겹살구이,석식
2022-02-22,배추쌈,석식
2022-02-22,김장김치,석식
2022-02-22,사이다,석식
2022-02-23,잡곡밥,석식
2022-02-23,홍합탕,석식
2022-02-23,돼지불고기,석식
2022-02-23,양배추쌈,석식
2022-02-23,김장김치,석식
2022-02-23,감귤 주스,석식
2022-02-24,주먹밥,석식
2022-02-24,쑥갓어묵국,석식
2022-02-24,떡볶이,석식
2022-02-24,김장김치,석식
2022-02-24,우유,석식
2022-02-25,밥,석식
2022-02-25,순두부찌개,석식
2022-02-25,쇠고기우엉잡채,석식
2022-02-25,청양마요치킨,석식
2022-02-25,가공우유,석식
2022-02-25,모듬과일샐러드,석식
2022-01-28,감귤,석식
2022-01-29,고추참치덮밥,석식
2022-01-29,된장국,석식
2022-01-29,맛김,석식
2022-01-29,계란후라이,석식
2022-01-29,김장김치,석식
2022-01-29,우유,석식
2022-01-29,사과,석식
2022-01-30,밥,석식
2022-01-30,쇠고기육개장,석식
2022-01-30,생선가스&타르타르소스,석식
2022-01-30,야채샐러드,석식
2022-01-30,김장김치,석식
2022-01-30,감귤 주스,석식
2022-01-31,흑미밥,석식
2022-01-31,팽이버섯두부국,석식
2022-01-31,꽈리고추멸치볶음,석식
2022-01-31,닭고기김치찜,석식
2022-01-31,백김치,석식
2022-01-31,감귤 주스,석식
2022-02-01,밥,석식
2022-02-01,김치찌개,석식
2022-02-01,쇠고기불고기,석식
2022-02-01,미나리콩나물무침,석식
2022-02-01,깍두기,석식
2022-02-01,농후 발효유,석식
2022-02-02,밥,석식
2022-02-02,햄소시지찌개,석식
2022-02-02,새송이버섯야채볶음,석식
2022-02-02,두부조림,석식
2022-02-02,백김치,석식
2022-02-02,우유,석식
2022-02-03,흑미밥,석식
2022-02-03,꼬리곰탕,석식
2022-02-03,감자조림,석식
2022-02-03,오이부추무침,석식
2022-02-03,김장김치,석식
2022-02-03,감귤 주스,석식
2022-02-04,검은콩밥,석식
2022-02-04,쇠고기육개장,석식
2022-02-04,고등어순살강정,석식
2022-02-04,순두부양념장,석식
2022-02-04,김장김치,석식
2022-02-04,즉석쌀국수,석식
2022-02-05,밥,석식
2022-02-05,시금치된장국,석식
2022-02-05,돼지불고기,석식
2022-02-05,맛김,석식
2022-02-05,양배추쌈,석식
2022-02-05,김장김치,석식
2022-02-05,배,석식
2022-02-06,닭고기부추밥,석식
2022-02-06,황태채국,석식
2022-02-06,맛김,석식
2022-02-06,게맛살마요무침,석식
2022-02-06,김장김치,석식
2022-02-06,우유,석식
2022-02-07,제육덮밥,석식
2022-02-07,맑은어묵탕,석식
2022-02-07,야채튀김,석식
2022-02-07,단무지무침,석식
2022-02-07,김장김치,석식
2022-02-07,감귤 주스,석식
2022-02-08,잡곡밥,석식
2022-02-08,닭고기육개장,석식
2022-02-08,마파두부,석식
2022-02-08,갈치순살튀김,석식
2022-02-08,김장김치,석식
2022-02-08,우유,석식
2022-02-08,유산균 발효 음료,석식
2022-02-09,달걀케첩볶음밥,석식
2022-02-09,짬뽕찌개,석식
2022-02-09,버섯탕수,석식
2022-02-09,김장김치,석식
2022-02-09,이온음료,석식
2022-02-10,검은콩밥,석식
2022-02-10,닭볶음탕,석식
2022-02-10,삼치순살튀김,석식
2022-02-10,시금치고추장무침,석식
2022-02-10,김장김치,석식
2022-02-11,밥,석식
2022-02-11,바지락순두부찌개,석식
2022-02-11,닭고기김치찜,석식
2022-02-11,모듬과일샐러드,석식
2022-02-11,깍두기,석식
2022-02-11,요구르트 아이스크림 떠먹는형,석식
2022-01-14,궁중닭찜,석식
2022-01-14,브로콜리/초고추장,석식
2022-01-14,깍두기,석식
2022-01-14,사과,석식
2022-01-15,흑미밥,석식
2022-01-15,햄소시지찌개,석식
2022-01-15,닭갈비,석식
2022-01-15,모듬과일샐러드,석식
2022-01-15,김장김치,석식
2022-01-16,밥,석식
2022-01-16,닭고기육개장,석식
2022-01-16,잡채,석식
2022-01-16,찐고구마,석식
2022-01-16,김장김치,석식
2022-01-16,감귤 주스,석식
2022-01-17,돼지고기부추덮밥,석식
2022-01-17,콩나물국,석식
2022-01-17,계란후라이,석식
2022-01-17,오징어채무침,석식
2022-01-17,김장김치,석식
2022-01-18,새우버거,석식
2022-01-18,우유,석식
2022-01-19,흑미밥,석식
2022-01-19,쇠고기감자국,석식
2022-01-19,돼지고기콩나물볶음,석식
2022-01-19,야채튀김,석식
2022-01-19,김장김치,석식
2022-01-19,감귤 주스,석식
2022-01-19,요구르트 아이스크림 떠먹는형,석식
2022-01-20,밥,석식
2022-01-20,맑은콩나물국,석식
2022-01-20,오징어볶음,석식
2022-01-20,비엔나소시지강정,석식
2022-01-20,김장김치,석식
2022-01-20,감귤,석식
2022-01-21,잡곡밥,석식
2022-01-21,바지락순두부찌개,석식
2022-01-21,제육볶음,석식
2022-01-21,배추쌈,석식
2022-01-21,김장김치,석식
2022-01-21,감귤 주스,석식
2022-01-22,달걀케첩볶음밥,석식
2022-01-22,짬뽕찌개,석식
2022-01-22,계란후라이,석식
2022-01-22,김장김치,석식
2022-01-22,농후 발효유,석식
2022-01-23,밥,석식
2022-01-23,김치찌개,석식
2022-01-23,궁중닭찜,석식
2022-01-23,순두부양념장,석식
2022-01-23,깍두기,석식
2022-01-23,단감,석식
2022-01-24,햄야채볶음밥,석식
2022-01-24,배추된장국,석식
2022-01-24,단호박튀김,석식
2022-01-24,맛김,석식
2022-01-24,김장김치,석식
2022-01-25,닭고기부추밥,석식
2022-01-25,생선묵국,석식
2022-01-25,야채튀김,석식
2022-01-25,김자반,석식
2022-01-25,김장김치,석식
2022-01-25,유산균 발효 음료,석식
2022-01-25,우유,석식
2022-01-26,잡곡밥,석식
2022-01-26,쇠고기육개장,석식
2022-01-26,마파두부,석식
2022-01-26,갈치순살튀김,석식
2022-01-26,김장김치,석식
2022-01-26,감귤,석식
2022-01-26,라면,석식
2022-01-27,잡곡밥,석식
2022-01-27,호박된장찌개,석식
2022-01-27,삼겹살구이,석식
2022-01-27,미나리콩나물무침,석식
2022-01-27,김장김치,석식
2022-01-27,음료수 탄산 과일,석식
2022-01-28,콩나물국밥,석식
2022-01-28,오징어볶음,석식
2022-01-28,순두부양념장,석식
2022-01-28,김장김치,석식
2022-01-28,라면,석식
2021-12-31,돼지불고기,석식
2021-12-31,계란찜,석식
2021-12-31,김장김치,석식
2021-12-31,우유,석식
2022-01-01,밥,석식
2022-01-01,닭곰탕,석식
2022-01-01,잡채,석식
2022-01-01,오징어브로콜리숙회,석식
2022-01-01,김장김치,석식
2022-01-01,배,석식
2022-01-02,볶음밥,석식
2022-01-02,감자수제비국,석식
2022-01-02,만두튀김,석식
2022-01-02,김장김치,석식
2022-01-02,감귤 주스,석식
2022-01-03,잡곡밥,석식
2022-01-03,황태채국,석식
2022-01-03,대왕오징어튀김,석식
2022-01-03,닭고기김치찜,석식
2022-01-03,갓김치,석식
2022-01-03,이온음료,석식
2022-01-04,밥,석식
2022-01-04,김치찌개,석식
2022-01-04,파닭,석식
2022-01-04,브로콜리/초고추장,석식
2022-01-04,무초절이,석식
2022-01-04,김장김치,석식
2022-01-04,사이다,석식
2022-01-05,검은콩밥,석식
2022-01-05,호박된장찌개,석식
2022-01-05,돼지고기수육,석식
2022-01-05,배추쌈,석식
2022-01-05,미나리콩나물무침,석식
2022-01-05,김장김치,석식
2022-01-05,사과,석식
2022-01-06,삼겹살마요덮밥,석식
2022-01-06,쑥갓어묵국,석식
2022-01-06,떡볶이,석식
2022-01-06,삶은계란,석식
2022-01-06,김장김치,석식
2022-01-06,코코아 음료 분말,석식
2022-01-06,요구르트 아이스크림 떠먹는형,석식
2022-01-07,흑미밥,석식
2022-01-07,닭볶음탕,석식
2022-01-07,마파두부,석식
2022-01-07,시금치무침,석식
2022-01-07,김장김치,석식
2022-01-07,감귤 주스,석식
2022-01-08,잡채볶음밥,석식
2022-01-08,짬뽕찌개,석식
2022-01-08,단무지무침,석식
2022-01-08,김장김치,석식
2022-01-08,우유,석식
2022-01-09,흑미밥,석식
2022-01-09,감자짜글이,석식
2022-01-09,오리불고기,석식
2022-01-09,양배추쌈,석식
2022-01-09,김장김치,석식
2022-01-10,제육덮밥,석식
2022-01-10,새우순두부계란탕,석식
2022-01-10,만두튀김,석식
2022-01-10,김장김치,석식
2022-01-10,감귤 주스,석식
2022-01-11,잡곡밥,석식
2022-01-11,쇠고기감자국,석식
2022-01-11,돼지불고기,석식
2022-01-11,배추쌈,석식
2022-01-11,김장김치,석식
2022-01-11,감귤,석식
2022-01-11,우유,석식
2022-01-12,밥,석식
2022-01-12,순두부찌개,석식
2022-01-12,데리야끼갈릭치킨,석식
2022-01-12,무초절이,석식
2022-01-12,야채샐러드,석식
2022-01-12,김장김치,석식
2022-01-12,음료수 탄산 콜라,석식
2022-01-13,닭고기덮밥,석식
2022-01-13,가스오부시어묵탕,석식
2022-01-13,고구마맛탕,석식
2022-01-13,김자반,석식
2022-01-13,김장김치,석식
2022-01-13,우유,석식
2022-01-14,잡곡밥,석식
2022-01-14,김치찌개,석식
2021-12-17,햄야채볶음밥,석식
2021-12-17,김치찌개,석식
2021-12-17,떡볶이,석식
2021-12-17,파김치,석식
2021-12-17,사과,석식
2021-12-18,자장밥,석식
2021-12-18,짬뽕찌개,석식
2021-12-18,야채튀김,석식
2021-12-18,김장김치,석식
2021-12-18,우유,석식
2021-12-19,잡곡밥,석식
2021-12-19,호박된장찌개,석식
2021-12-19,제육볶음,석식
2021-12-19,양배추쌈,석식
2021-12-19,김장김치,석식
2021-12-20,잡곡밥,석식
2021-12-20,쇠고기육개장,석식
2021-12-20,닭갈비,석식
2021-12-20,참돔튀김,석식
2021-12-20,김장김치,석식
2021-12-20,감귤 주스,석식
2021-12-21,밥,석식
2021-12-21,김치찌개,석식
2021-12-21,오리불고기,석식
2021-12-21,맛김,석식
2021-12-21,콩나물매운무침,석식
2021-12-21,김장김치,석식
2021-12-21,배,석식
2021-12-22,달걀케첩볶음밥,석식
2021-12-22,짬뽕찌개,석식
2021-12-22,만두튀김,석식
2021-12-22,김장김치,석식
2021-12-22,감귤 주스,석식
2021-12-23,잡곡밥,석식
2021-12-23,시금치된장국,석식
2021-12-23,제육볶음,석식
2021-12-23,배추쌈,석식
2021-12-23,김장김치,석식
2021-12-24,삼겹살마요덮밥,석식
2021-12-24,된장국,석식
2021-12-24,고구마맛탕,석식
2021-12-24,김장김치,석식
2021-12-24,감귤 주스,석식
2021-12-25,밥,석식
2021-12-25,감자수제비국,석식
2021-12-25,치킨가스,석식
2021-12-25,감자조림,석식
2021-12-25,김장김치,석식
2021-12-25,사과,석식
2021-12-26,잡곡밥,석식
2021-12-26,호박된장찌개,석식
2021-12-26,오리불고기,석식
2021-12-26,배추쌈,석식
2021-12-26,김장김치,석식
2021-12-27,자장밥,석식
2021-12-27,감자수제비국,석식
2021-12-27,파닭,석식
2021-12-27,김장김치,석식
2021-12-28,돼지고기부추덮밥,석식
2021-12-28,팽이버섯두부국,석식
2021-12-28,맛김,석식
2021-12-28,스크램블에그,석식
2021-12-28,김장김치,석식
2021-12-28,단감,석식
2021-12-29,잡곡밥,석식
2021-12-29,김치찌개,석식
2021-12-29,잡채,석식
2021-12-29,청양마요치킨,석식
2021-12-29,야채샐러드,석식
2021-12-29,김장김치,석식
2021-12-29,우유,석식
2021-12-30,잡곡밥,석식
2021-12-30,짬뽕찌개,석식
2021-12-30,돼지고기김치볶음,석식
2021-12-30,야채튀김,석식
2021-12-30,김장김치,석식
2021-12-30,감귤,석식
2021-12-31,잡곡밥,석식
2021-12-31,배추된장국,석식
2021-12-02,김장김치,석식
2021-12-02,감귤 주스,석식
2021-12-03,잡곡밥,석식
2021-12-03,김치찌개,석식
2021-12-03,데리야끼갈릭치킨,석식
2021-12-03,무초절이,석식
2021-12-03,야채샐러드,석식
2021-12-03,김장김치,석식
2021-12-03,음료수 탄산 과일,석식
2021-12-04,밥,석식
2021-12-04,쇠고기육개장,석식
2021-12-04,치킨너겟,석식
2021-12-04,순두부양념장,석식
2021-12-04,김장김치,석식
2021-12-04,배,석식
2021-12-05,닭고기덮밥,석식
2021-12-05,생선묵국,석식
2021-12-05,소시지야채볶음,석식
2021-12-05,김장김치,석식
2021-12-05,감귤 주스,석식
2021-12-06,쇠고기덮밥,석식
2021-12-06,감자수제비국,석식
2021-12-06,치즈돈가스,석식
2021-12-06,깍두기,석식
2021-12-06,이온음료,석식
2021-12-07,잡곡밥,석식
2021-12-07,닭고기육개장,석식
2021-12-07,마파두부,석식
2021-12-07,감자조림,석식
2021-12-07,깍두기,석식
2021-12-07,감귤,석식
2021-12-08,밥,석식
2021-12-08,햄소시지찌개,석식
2021-12-08,고등어순살강정,석식
2021-12-08,모듬어묵조림,석식
2021-12-08,김장김치,석식
2021-12-08,사과,석식
2021-12-09,잡곡밥,석식
2021-12-09,감자짜글이,석식
2021-12-09,잡채,석식
2021-12-09,닭순살샐러드,석식
2021-12-09,김장김치,석식
2021-12-09,유산균 발효 음료,석식
2021-12-10,제육덮밥,석식
2021-12-10,가스오부시어묵탕,석식
2021-12-10,야채튀김,석식
2021-12-10,김장김치,석식
2021-12-10,감귤 주스,석식
2021-12-11,자장면,석식
2021-12-11,짬뽕찌개,석식
2021-12-11,탕수육,석식
2021-12-11,단무지무침,석식
2021-12-11,김장김치,석식
2021-12-11,우유,석식
2021-12-12,밥,석식
2021-12-12,쇠고기육개장,석식
2021-12-12,오징어볶음,석식
2021-12-12,스크램블에그,석식
2021-12-12,김장김치,석식
2021-12-13,잡곡밥,석식
2021-12-13,순두부찌개,석식
2021-12-13,비엔나소시지강정,석식
2021-12-13,모듬과일샐러드,석식
2021-12-13,깍두기,석식
2021-12-13,감귤 주스,석식
2021-12-14,볶음밥,석식
2021-12-14,감자수제비국,석식
2021-12-14,만두튀김,석식
2021-12-14,단무지무침,석식
2021-12-14,김장김치,석식
2021-12-14,감귤,석식
2021-12-15,카레밥,석식
2021-12-15,된장국,석식
2021-12-15,치즈돈가스,석식
2021-12-15,야채샐러드,석식
2021-12-15,깍두기,석식
2021-12-16,닭고기부추밥,석식
2021-12-16,배추된장국,석식
2021-12-16,단호박튀김,석식
2021-12-16,김장김치,석식
2021-12-16,두유,석식
2021-11-17,이온음료,석식
2021-11-18,참치야채비빔밥,석식
2021-11-18,콩나물국,석식
2021-11-18,스크램블에그,석식
2021-11-18,배추김치,석식
2021-11-18,사과,석식
2021-11-19,스파게티,석식
2021-11-19,떡볶이,석식
2021-11-19,단호박튀김,석식
2021-11-19,백김치,석식
2021-11-19,감귤 주스,석식
2021-11-20,밥,석식
2021-11-20,호박된장찌개,석식
2021-11-20,오리불고기,석식
2021-11-20,배추쌈,석식
2021-11-20,배추김치,석식
2021-11-20,감귤 주스,석식
2021-11-21,닭고기덮밥,석식
2021-11-21,시금치된장국,석식
2021-11-21,멕시칸샐러드,석식
2021-11-21,배추김치,석식
2021-11-21,배,석식
2021-11-22,밥,석식
2021-11-22,오징어볶음,석식
2021-11-22,비엔나소시지강정,석식
2021-11-22,단호박샐러드,석식
2021-11-22,깍두기,석식
2021-11-23,새우버거,석식
2021-11-23,우유,석식
2021-11-24,잡곡밥,석식
2021-11-24,김치찌개,석식
2021-11-24,청양마요치킨,석식
2021-11-24,무초절이,석식
2021-11-24,야채샐러드,석식
2021-11-24,감귤 주스,석식
2021-11-25,잡곡밥,석식
2021-11-25,마파두부,석식
2021-11-25,맑은오징어볶음,석식
2021-11-25,매쉬포테이토,석식
2021-11-25,갓김치,석식
2021-11-25,유산균 발효 음료,석식
2021-11-26,흑미밥,석식
2021-11-26,배추된장국,석식
2021-11-26,돼지불고기,석식
2021-11-26,야채스틱앤저염쌈장,석식
2021-11-26,깍두기,석식
2021-11-27,볶음밥,석식
2021-11-27,짬뽕찌개,석식
2021-11-27,만두튀김,석식
2021-11-27,깍두기,석식
2021-11-27,사과,석식
2021-11-28,밥,석식
2021-11-28,호박된장찌개,석식
2021-11-28,제육볶음,석식
2021-11-28,양배추쌈,석식
2021-11-28,배추김치,석식
2021-11-28,단감,석식
2021-11-29,소불고기덮밥,석식
2021-11-29,가스오부시어묵탕,석식
2021-11-29,북경식탕수육 ,석식
2021-11-29,배추김치,석식
2021-11-29,초콜릿,석식
2021-11-29,우유,석식
2021-11-30,잡곡밥,석식
2021-11-30,배추된장국,석식
2021-11-30,돼지고기콩나물볶음,석식
2021-11-30,비엔나소시지케찹볶음,석식
2021-11-30,깍두기,석식
2021-11-30,감귤 주스,석식
2021-11-30,우유,석식
2021-12-01,쇠고기덮밥,석식
2021-12-01,감자수제비국,석식
2021-12-01,파채돈가스,석식
2021-12-01,모듬과일샐러드,석식
2021-12-01,깍두기,석식
2021-12-02,밥,석식
2021-12-02,생선묵국,석식
2021-12-02,까르보나라떡볶이,석식
2021-12-02,고구마튀김,석식
2021-11-03,쇠고기덮밥,석식
2021-11-03,감자수제비국,석식
2021-11-03,치즈돈가스,석식
2021-11-03,깍두기,석식
2021-11-03,감귤 주스,석식
2021-11-04,잡곡밥,석식
2021-11-04,감자짜글이,석식
2021-11-04,잡채,석식
2021-11-04,닭순살샐러드,석식
2021-11-04,배추김치,석식
2021-11-05,잡곡밥,석식
2021-11-05,쇠고기육개장,석식
2021-11-05,데리야끼갈릭치킨,석식
2021-11-05,무초절이,석식
2021-11-05,야채샐러드,석식
2021-11-05,배추김치,석식
2021-11-06,자장밥,석식
2021-11-06,짬뽕찌개,석식
2021-11-06,치킨가스,석식
2021-11-06,배추김치,석식
2021-11-06,감귤 주스,석식
2021-11-07,밥,석식
2021-11-07,호박된장찌개,석식
2021-11-07,오리불고기,석식
2021-11-07,야채스틱앤저염쌈장,석식
2021-11-07,배추김치,석식
2021-11-07,단감,석식
2021-11-08,밥,석식
2021-11-08,쇠고기육개장,석식
2021-11-08,돼지고기케첩볶음,석식
2021-11-08,감자조림,석식
2021-11-08,배추김치,석식
2021-11-09,잡곡밥,석식
2021-11-09,콩나물국,석식
2021-11-09,제육볶음,석식
2021-11-09,상추쌈,석식
2021-11-09,배추김치,석식
2021-11-09,배,석식
2021-11-09,우유,석식
2021-11-10,잡곡밥,석식
2021-11-10,햄소시지찌개,석식
2021-11-10,떡볶이,석식
2021-11-10,파닭,석식
2021-11-10,깍두기,석식
2021-11-11,카레밥,석식
2021-11-11,된장국,석식
2021-11-11,파채돈가스,석식
2021-11-11,야채샐러드,석식
2021-11-11,깍두기,석식
2021-11-12,제육덮밥,석식
2021-11-12,감자수제비국,석식
2021-11-12,맛김,석식
2021-11-12,계란후라이,석식
2021-11-12,배추김치,석식
2021-11-12,감귤 주스,석식
2021-11-13,잡곡밥,석식
2021-11-13,김치찌개,석식
2021-11-13,궁중닭찜,석식
2021-11-13,모듬과일샐러드,석식
2021-11-13,농후 발효유,석식
2021-11-14,베이컨김치볶음밥,석식
2021-11-14,배추된장국,석식
2021-11-14,스크램블에그,석식
2021-11-14,쫄면야채무침,석식
2021-11-14,떠먹는 토핑형 발효유,석식
2021-11-15,잡곡밥,석식
2021-11-15,닭고기육개장,석식
2021-11-15,까르보나라떡볶이,석식
2021-11-15,야채튀김,석식
2021-11-15,배추김치,석식
2021-11-16,닭고기부추밥,석식
2021-11-16,된장국,석식
2021-11-16,고구마튀김,석식
2021-11-16,배추김치,석식
2021-11-16,우유,석식
2021-11-17,돼지고기부추덮밥,석식
2021-11-17,팽이버섯두부국,석식
2021-11-17,계란후라이,석식
2021-11-17,깍두기,석식
2023-06-17,돼지고기청경채볶음,석식
2023-06-17,계란장조림,석식
2023-06-17,배추김치,석식
2023-06-17,참외,석식
2023-06-18,잡곡밥,석식
2023-06-18,닭볶음탕,석식
2023-06-18,순대야채볶음,석식
2023-06-18,시금치무침,석식
2023-06-18,배추김치,석식
2023-06-19,간장불고기덮밥,석식
2023-06-19,쑥갓어묵국,석식
2023-06-19,애호박나물,석식
2023-06-19,동그랑땡,석식
2023-06-19,계란후라이,석식
2023-06-19,배추김치,석식
2023-06-20,스팸마요덮밥,석식
2023-06-20,쇠고기감자국,석식
2023-06-20,버팔로윙,석식
2023-06-20,무&비트피클,석식
2023-06-20,배추김치,석식
2023-06-21,데리야끼삼겹살덮밥,석식
2023-06-21,순두부찌개,석식
2023-06-21,잡채,석식
2023-06-21,총각김치,석식
2023-06-21,해태에이치티비,석식
2023-06-22,밥,석식
2023-06-22,쇠고기무국,석식
2023-06-22,오징어볶음,석식
2023-06-22,매운족발볶음,석식
2023-06-22,김자반,석식
2023-06-22,배추김치,석식
2023-06-22,떠먹는 토핑형 발효유,석식
2023-06-23,잡곡밥,석식
2023-06-23,햄소시지찌개,석식
2023-06-23,고등어순살구이,석식
2023-06-23,궁중닭찜,석식
2023-06-23,배추김치,석식
2023-06-23,농심,석식
2023-06-24,밥,석식
2023-06-24,쇠고기육개장,석식
2023-06-24,찹쌀꿔바로우,석식
2023-06-24,감자조림,석식
2023-06-24,야채샐러드,석식
2023-06-24,깍두기,석식
2023-06-25,잡곡밥,석식
2023-06-25,마파두부,석식
2023-06-25,탕수육,석식
2023-06-25,닭고기김치찜,석식
2023-06-25,총각김치,석식
2023-06-25,농심,석식
2021-10-28,밥,석식
2021-10-28,사골곰탕,석식
2021-10-28,두부조림,석식
2021-10-28,낙지젓,석식
2021-10-28,깍두기,석식
2021-10-29,스파게티,석식
2021-10-29,후리카케밥,석식
2021-10-29,파닭,석식
2021-10-29,매쉬포테이토,석식
2021-10-29,깍두기,석식
2021-10-30,잡곡밥,석식
2021-10-30,감자탕,석식
2021-10-30,쇠고기버섯볶음,석식
2021-10-30,고구마튀김,석식
2021-10-30,백김치,석식
2021-10-30,감귤 주스,석식
2021-10-30,음료수 탄산 과일,석식
2021-10-30,우유,석식
2021-10-31,잡곡밥,석식
2021-10-31,감자짜글이,석식
2021-10-31,돼지고기김치볶음,석식
2021-10-31,꽈리고추멸치볶음,석식
2021-10-31,배,석식
2021-11-01,볶음밥,석식
2021-11-01,짬뽕찌개,석식
2021-11-01,만두튀김,석식
2021-11-01,단무지무침,석식
2021-11-01,배추김치,석식
2021-11-01,감귤 주스,석식
2021-11-02,잡곡밥,석식
2021-11-02,쇠고기육개장,석식
2021-11-02,마파두부,석식
2021-11-02,감자채볶음,석식
2021-11-02,배추김치,석식
2021-10-25,된장국,석식
2021-10-25,닭강정,석식
2021-10-25,콩나물매운무침,석식
2021-10-25,배추김치,석식
2021-10-26,볶음밥,석식
2021-10-26,짬뽕찌개,석식
2021-10-26,만두튀김,석식
2021-10-26,맛김,석식
2021-10-26,깍두기,석식
2021-10-26,사과,석식
2021-10-27,닭고기덮밥,석식
2021-10-27,중화식돈까스,석식
2021-10-27,모듬과일샐러드,석식
2021-10-27,배추김치,석식
2021-10-27,감귤 주스,석식
2023-06-07,검은콩밥,석식
2023-06-07,등뼈감자탕,석식
2023-06-07,오징어튀김,석식
2023-06-07,청포묵김가루무침,석식
2023-06-07,배추김치,석식
2023-06-07,웅진식품,석식
2023-06-08,닭칼국수,석식
2023-06-08,밥,석식
2023-06-08,낙지볶음,석식
2023-06-08,오이양파무침,석식
2023-06-08,열무김치,석식
2023-06-08,해태에이치티비,석식
2023-06-09,잡곡밥,석식
2023-06-09,쇠고기육개장,석식
2023-06-09,견과류멸치볶음,석식
2023-06-09,돼지고기양장피볶음,석식
2023-06-09,회오리감자,석식
2023-06-09,배추김치,석식
2023-06-10,밥,석식
2023-06-10,콩나물김치국,석식
2023-06-10,궁중닭찜,석식
2023-06-10,해물파전,석식
2023-06-10,콘옥수수야채무침,석식
2023-06-10,총각김치,석식
2023-06-11,밥,석식
2023-06-11,유부된장국,석식
2023-06-11,훈제오리볶음,석식
2023-06-11,쌈무,석식
2023-06-11,콩나물매운무침,석식
2023-06-11,명이나물절임,석식
2023-06-11,배추김치,석식
2023-06-12,스쿨치밥,석식
2023-06-12,쇠고기감자국,석식
2023-06-12,궁중떡볶이,석식
2023-06-12,순대,석식
2023-06-12,계란후라이,석식
2023-06-12,깍두기,석식
2023-06-13,잡곡밥,석식
2023-06-13,배추된장국,석식
2023-06-13,쇠고기불고기,석식
2023-06-13,계란찜,석식
2023-06-13,상추쌈,석식
2023-06-13,배추김치,석식
2023-06-13,토마토,석식
2023-06-14,흑미밥,석식
2023-06-14,호박된장찌개,석식
2023-06-14,데리야끼갈릭치킨,석식
2023-06-14,야채샐러드,석식
2023-06-14,무&비트피클,석식
2023-06-14,배추김치,석식
2023-06-14,사과,석식
2023-06-15,검은콩밥,석식
2023-06-15,쇠고기육개장,석식
2023-06-15,돼지고기콩나물볶음,석식
2023-06-15,김말이튀김,석식
2023-06-15,야채스틱앤저염쌈장,석식
2023-06-15,배추김치,석식
2023-06-15,매일유업,석식
2023-06-16,카레밥,석식
2023-06-16,탄두리치킨또띠아,석식
2023-06-16,연근조림,석식
2023-06-16,콘옥수수야채무침,석식
2023-06-16,배추김치,석식
2023-06-16,사이다,석식
2023-06-17,잡곡밥,석식
2023-06-17,닭고기육개장,석식
2021-10-10,배추김치,석식
2021-10-10,사과,석식
2021-10-11,잡곡밥,석식
2021-10-11,쇠고기육개장,석식
2021-10-11,돈육굴소스양배추볶음,석식
2021-10-11,두부조림,석식
2021-10-11,배추김치,석식
2021-10-11,초콜릿,석식
2021-10-12,잡곡밥,석식
2021-10-12,제육볶음,석식
2021-10-12,미나리콩나물무침,석식
2021-10-12,상추쌈,석식
2021-10-12,배추김치,석식
2021-10-12,감귤 주스,석식
2021-10-13,잡곡밥,석식
2021-10-13,햄소시지찌개,석식
2021-10-13,새송이버섯야채볶음,석식
2021-10-13,감자조림,석식
2021-10-13,배추김치,석식
2021-10-13,배,석식
2021-10-14,핫도그빵,석식
2021-10-14,우유,석식
2021-10-14,감귤 주스,석식
2021-10-15,잡곡밥,석식
2021-10-15,김치찌개,석식
2021-10-15,꽈리고추멸치볶음,석식
2021-10-15,데리야끼갈릭치킨,석식
2021-10-15,무초절이,석식
2021-10-15,이온음료,석식
2021-10-16,달걀케첩볶음밥,석식
2021-10-16,짬뽕찌개,석식
2021-10-16,탕수육,석식
2021-10-16,배추김치,석식
2021-10-16,아이스크림 콘 완제품,석식
2021-10-17,잡곡밥,석식
2021-10-17,돈파육,석식
2021-10-17,배추쌈,석식
2021-10-17,미나리콩나물무침,석식
2021-10-17,배추김치,석식
2021-10-17,감귤 주스,석식
2021-10-18,밥,석식
2021-10-18,닭고기육개장,석식
2021-10-18,돼지고기콩나물볶음,석식
2021-10-18,야채튀김,석식
2021-10-18,궁중닭찜,석식
2021-10-18,배추김치,석식
2021-10-19,비빔밥,석식
2021-10-19,배추된장국,석식
2021-10-19,깐풍기,석식
2021-10-19,깍두기,석식
2021-10-19,우유,석식
2021-10-19,두유,석식
2021-10-20,쫄면,석식
2021-10-20,생선묵국,석식
2021-10-20,떡볶이,석식
2021-10-20,야채튀김,석식
2021-10-20,깍두기,석식
2021-10-20,감귤 주스,석식
2021-10-21,잡곡밥,석식
2021-10-21,쇠고기육개장,석식
2021-10-21,잡채,석식
2021-10-21,마파두부,석식
2021-10-21,깍두기,석식
2021-10-22,흑미밥,석식
2021-10-22,김치찌개,석식
2021-10-22,데리야끼갈릭치킨,석식
2021-10-22,감자조림,석식
2021-10-22,무초절이,석식
2021-10-22,우유,석식
2021-10-23,베이컨김치볶음밥,석식
2021-10-23,배추된장국,석식
2021-10-23,계란후라이,석식
2021-10-24,밥,석식
2021-10-24,닭볶음탕,석식
2021-10-24,베이컨청경채볶음,석식
2021-10-24,야채샐러드,석식
2021-10-24,배추김치,석식
2021-10-24,배,석식
2021-10-25,쇠고기덮밥,석식
2021-09-26,밥,석식
2021-09-26,햄소시지찌개,석식
2021-09-26,베이컨청경채볶음,석식
2021-09-26,감자조림,석식
2021-09-26,열무김치,석식
2021-09-26,감귤 주스,석식
2021-09-27,검은콩밥,석식
2021-09-27,쇠고기육개장,석식
2021-09-27,오징어튀김,석식
2021-09-27,두부조림,석식
2021-09-27,열무김치,석식
2021-09-27,감귤 주스,석식
2021-09-28,달걀케첩볶음밥,석식
2021-09-28,데리야끼갈릭치킨,석식
2021-09-28,야채샐러드,석식
2021-09-28,배추김치,석식
2021-09-28,음료수 탄산 콜라,석식
2021-09-29,밥,석식
2021-09-29,짬뽕찌개,석식
2021-09-29,소시지야채볶음,석식
2021-09-29,베이컨청경채볶음,석식
2021-09-29,열무김치,석식
2021-09-29,우유,석식
2021-09-30,핫도그빵,석식
2021-09-30,우유,석식
2021-10-01,밥,석식
2021-10-01,햄소시지찌개,석식
2021-10-01,청양마요치킨,석식
2021-10-01,무초절이,석식
2021-10-01,야채샐러드,석식
2021-10-01,배추김치,석식
2021-10-01,사과,석식
2021-10-02,밥,석식
2021-10-02,닭고기육개장,석식
2021-10-02,감자채볶음,석식
2021-10-02,고등어순살강정,석식
2021-10-02,배추김치,석식
2021-10-02,메론 가을,석식
2021-10-03,밥,석식
2021-10-03,호박된장찌개,석식
2021-10-03,오리불고기,석식
2021-10-03,야채스틱앤저염쌈장,석식
2021-10-03,배추김치,석식
2021-10-04,잡곡밥,석식
2021-10-04,감자수제비국,석식
2021-10-04,닭갈비,석식
2021-10-04,까르보나라떡볶이,석식
2021-10-04,배추김치,석식
2021-10-05,잡곡밥,석식
2021-10-05,오징어볶음,석식
2021-10-05,쫀득치킨꿔바로우후르츠소스,석식
2021-10-05,매쉬포테이토,석식
2021-10-05,배추김치,석식
2021-10-05,우유,석식
2021-10-06,돼지고기부추덮밥,석식
2021-10-06,쇠고기미역국,석식
2021-10-06,맛김,석식
2021-10-06,계란후라이,석식
2021-10-06,깍두기,석식
2021-10-06,사과,석식
2021-10-07,밥,석식
2021-10-07,호박된장찌개,석식
2021-10-07,잡채,석식
2021-10-07,닭순살샐러드,석식
2021-10-07,배추김치,석식
2021-10-07,우유,석식
2021-10-08,쇠고기덮밥,석식
2021-10-08,된장국,석식
2021-10-08,파채돈가스,석식
2021-10-08,야채샐러드,석식
2021-10-08,깍두기,석식
2021-10-08,우유,석식
2021-10-09,흑미밥,석식
2021-10-09,호박된장찌개,석식
2021-10-09,제육볶음,석식
2021-10-09,상추쌈,석식
2021-10-09,배추김치,석식
2021-10-10,닭고기부추밥,석식
2021-10-10,감자수제비국,석식
2021-10-10,멕시칸샐러드,석식
2021-09-11,밥,석식
2021-09-11,호박된장찌개,석식
2021-09-11,꽈리고추멸치볶음,석식
2021-09-11,닭고기매운조림,석식
2021-09-11,배추김치,석식
2021-09-11,우유,석식
2021-09-12,밥,석식
2021-09-12,닭볶음탕,석식
2021-09-12,쇠고기버섯볶음,석식
2021-09-12,황태채무침,석식
2021-09-12,열무김치,석식
2021-09-12,감귤 주스,석식
2021-09-13,밥,석식
2021-09-13,닭고기육개장,석식
2021-09-13,꽈리고추멸치볶음,석식
2021-09-13,모듬어묵조림,석식
2021-09-13,배추김치,석식
2021-09-14,달걀케첩볶음밥,석식
2021-09-14,쫀득치킨꿔바로우후르츠소스,석식
2021-09-14,야채샐러드,석식
2021-09-14,열무김치,석식
2021-09-15,잡곡밥,석식
2021-09-15,제육볶음,석식
2021-09-15,단호박튀김,석식
2021-09-15,양배추쌈,석식
2021-09-15,배추김치,석식
2021-09-15,두유,석식
2021-09-16,흑미밥,석식
2021-09-16,닭볶음탕,석식
2021-09-16,오징어볶음,석식
2021-09-16,베이컨청경채볶음,석식
2021-09-16,백김치,석식
2021-09-17,잡곡밥,석식
2021-09-17,콩나물국,석식
2021-09-17,꽈리고추멸치볶음,석식
2021-09-17,파닭,석식
2021-09-17,무초절이,석식
2021-09-17,배추김치,석식
2021-09-18,후리카케밥,석식
2021-09-18,돈가스,석식
2021-09-18,야채샐러드,석식
2021-09-18,배추김치,석식
2021-09-18,거봉포도,석식
2021-09-19,돼지고기부추덮밥,석식
2021-09-19,콩나물김치국,석식
2021-09-19,두부조림,석식
2021-09-19,열무김치,석식
2021-09-19,감귤 주스,석식
2021-09-20,검은콩밥,석식
2021-09-20,새송이버섯야채볶음,석식
2021-09-20,궁중닭찜,석식
2021-09-20,연두부양념장,석식
2021-09-20,배추김치,석식
2021-09-21,잡곡밥,석식
2021-09-21,김치찌개,석식
2021-09-21,청양마요치킨,석식
2021-09-21,무초절이,석식
2021-09-21,야채샐러드,석식
2021-09-21,사이다,석식
2021-09-22,잡곡밥,석식
2021-09-22,생선묵국,석식
2021-09-22,떡볶이,석식
2021-09-22,고구마튀김,석식
2021-09-22,열무김치,석식
2021-09-23,열무비빔밥,석식
2021-09-23,호박된장찌개,석식
2021-09-23,낙지볶음,석식
2021-09-23,배추김치,석식
2021-09-23,감귤 주스,석식
2021-09-24,잡곡밥,석식
2021-09-24,김치찌개,석식
2021-09-24,닭강정,석식
2021-09-24,야채샐러드,석식
2021-09-24,거봉포도,석식
2021-09-25,잡곡밥,석식
2021-09-25,제육볶음,석식
2021-09-25,콩나물매운무침,석식
2021-09-25,야채스틱앤저염쌈장,석식
2021-09-25,배추김치,석식
2021-08-26,열무김치,석식
2021-08-26,감귤 주스,석식
2021-08-27,잡곡밥,석식
2021-08-27,팽이버섯국,석식
2021-08-27,마라제육볶음,석식
2021-08-27,두부조림,석식
2021-08-27,배추김치,석식
2021-08-28,밥,석식
2021-08-28,콩나물국,석식
2021-08-28,베이컨청경채볶음,석식
2021-08-28,오징어볶음,석식
2021-08-28,깍두기,석식
2021-08-28,우유,석식
2021-08-29,밥,석식
2021-08-29,돼지불고기,석식
2021-08-29,배추쌈,석식
2021-08-29,콩나물매운무침,석식
2021-08-29,오이김치,석식
2021-08-30,흑미밥,석식
2021-08-30,가스오부시어묵탕,석식
2021-08-30,제육볶음,석식
2021-08-30,삼치순살튀김,석식
2021-08-30,배추김치,석식
2021-08-31,달걀케첩볶음밥,석식
2021-08-31,감자짜글이,석식
2021-08-31,데리야끼갈릭치킨,석식
2021-08-31,배추김치,석식
2021-08-31,신선형,석식
2021-09-01,잡곡밥,석식
2021-09-01,팽이버섯두부국,석식
2021-09-01,새송이버섯야채볶음,석식
2021-09-01,파닭,석식
2021-09-01,깍두기,석식
2021-09-02,밥,석식
2021-09-02,쇠고기육개장,석식
2021-09-02,고등어순살강정,석식
2021-09-02,두부조림,석식
2021-09-02,열무김치,석식
2021-09-03,밥,석식
2021-09-03,콩나물국,석식
2021-09-03,돼지고기부추볶음,석식
2021-09-03,오징어볶음,석식
2021-09-03,배추김치,석식
2021-09-04,밥,석식
2021-09-04,팽이버섯두부국,석식
2021-09-04,닭갈비,석식
2021-09-04,까르보나라떡볶이,석식
2021-09-04,열무김치,석식
2021-09-04,신선형,석식
2021-09-05,밥,석식
2021-09-05,배추된장국,석식
2021-09-05,잡채,석식
2021-09-05,돼지고기김치볶음,석식
2021-09-05,감귤 주스,석식
2021-09-06,흑미밥,석식
2021-09-06,닭고기육개장,석식
2021-09-06,쇠고기버섯볶음,석식
2021-09-06,마파두부,석식
2021-09-06,깍두기,석식
2021-09-07,새우버거,석식
2021-09-07,우유,석식
2021-09-07,사이다,석식
2021-09-08,잡곡밥,석식
2021-09-08,돈파육,석식
2021-09-08,미나리콩나물무침,석식
2021-09-08,배추쌈,석식
2021-09-08,배추김치,석식
2021-09-09,닭고기부추밥,석식
2021-09-09,팽이버섯두부국,석식
2021-09-09,단호박튀김,석식
2021-09-09,배추김치,석식
2021-09-10,제육덮밥,석식
2021-09-10,배추된장국,석식
2021-09-10,계란후라이,석식
2021-09-10,배추김치,석식
2021-08-11,깍두기,석식
2021-08-11,감귤 주스,석식
2021-08-12,검은콩밥,석식
2021-08-12,닭볶음탕,석식
2021-08-12,잡채,석식
2021-08-12,고등어순살강정,석식
2021-08-12,배추김치,석식
2021-08-13,잡곡밥,석식
2021-08-13,쇠고기육개장,석식
2021-08-13,계란찜,석식
2021-08-13,쇠고기감자조림,석식
2021-08-13,배추김치,석식
2021-08-14,밥,석식
2021-08-14,콩나물김치국,석식
2021-08-14,오징어볶음,석식
2021-08-14,돼지고기부추볶음,석식
2021-08-14,열무김치,석식
2021-08-15,밥,석식
2021-08-15,배추된장국,석식
2021-08-15,돼지고기김치볶음,석식
2021-08-15,맛김,석식
2021-08-15,연두부양념장,석식
2021-08-15,아이스크림 팩형,석식
2021-08-16,밥,석식
2021-08-16,닭고기육개장,석식
2021-08-16,마파두부,석식
2021-08-16,쇠고기감자조림,석식
2021-08-16,배추김치,석식
2021-08-17,새우볶음밥,석식
2021-08-17,쫀득치킨꿔바로우후르츠소스,석식
2021-08-17,야채샐러드,석식
2021-08-17,배추김치,석식
2021-08-18,잡곡밥,석식
2021-08-18,제육볶음,석식
2021-08-18,닭강정,석식
2021-08-18,계란찜,석식
2021-08-18,오이김치,석식
2021-08-19,잡곡밥,석식
2021-08-19,돼지고기수육,석식
2021-08-19,상추쌈,석식
2021-08-19,미나리콩나물무침,석식
2021-08-19,배추김치,석식
2021-08-19,멜론,석식
2021-08-20,쇠고기덮밥,석식
2021-08-20,파채돈가스,석식
2021-08-20,매쉬포테이토,석식
2021-08-20,깍두기,석식
2021-08-21,밥,석식
2021-08-21,쇠고기육개장,석식
2021-08-21,돈육굴소스양배추볶음,석식
2021-08-21,콩나물매운무침,석식
2021-08-21,배추김치,석식
2021-08-22,닭고기부추밥,석식
2021-08-22,콩나물국,석식
2021-08-22,찹쌀탕수육,석식
2021-08-22,깍두기,석식
2021-08-22,우유,석식
2021-08-23,쇠고기볶음밥,석식
2021-08-23,맛김,석식
2021-08-23,계란후라이,석식
2021-08-23,게맛살마요무침,석식
2021-08-23,깍두기,석식
2021-08-24,잡곡밥,석식
2021-08-24,오징어볶음,석식
2021-08-24,김자반,석식
2021-08-24,궁중닭찜,석식
2021-08-24,배추김치,석식
2021-08-24,자두,석식
2021-08-25,검은콩밥,석식
2021-08-25,단호박튀김,석식
2021-08-25,닭고기김치찜,석식
2021-08-25,콩나물매운무침,석식
2021-08-25,아이스크림 콘 완제품,석식
2021-08-26,잡곡밥,석식
2021-08-26,김치찌개,석식
2021-08-26,데리야끼갈릭치킨,석식
2021-08-26,멕시칸샐러드,석식
2021-07-28,계란찜,석식
2021-07-28,삼겹살구이,석식
2021-07-28,골뱅이오징어채무침,석식
2021-07-28,배추김치,석식
2021-07-28,아이스크림 떠먹는형,석식
2021-07-29,검은콩밥,석식
2021-07-29,돼지고기수육,석식
2021-07-29,배추쌈,석식
2021-07-29,미나리콩나물무침,석식
2021-07-29,배추김치,석식
2021-07-29,수박,석식
2021-07-30,잡곡밥,석식
2021-07-30,김치찌개,석식
2021-07-30,오징어볶음,석식
2021-07-30,야채튀김,석식
2021-07-30,쇠고기감자조림,석식
2021-07-30,감귤 주스,석식
2021-07-31,밥,석식
2021-07-31,콩나물국,석식
2021-07-31,마라제육볶음,석식
2021-07-31,명란계란찜,석식
2021-07-31,양배추쌈,석식
2021-07-31,오이김치,석식
2021-08-01,밥,석식
2021-08-01,배추된장국,석식
2021-08-01,베이컨청경채볶음,석식
2021-08-01,오징어볶음,석식
2021-08-01,배추김치,석식
2021-08-02,밥,석식
2021-08-02,닭고기육개장,석식
2021-08-02,쇠고기버섯볶음,석식
2021-08-02,마파두부,석식
2021-08-02,배추김치,석식
2021-08-02,감귤 주스,석식
2021-08-03,돼지고기부추덮밥,석식
2021-08-03,쇠고기감자국,석식
2021-08-03,두부조림,석식
2021-08-03,배추김치,석식
2021-08-04,쇠고기덮밥,석식
2021-08-04,파채돈가스,석식
2021-08-04,매쉬포테이토,석식
2021-08-04,깍두기,석식
2021-08-04,감귤 주스,석식
2021-08-05,잡곡밥,석식
2021-08-05,돈파육,석식
2021-08-05,미나리콩나물무침,석식
2021-08-05,상추쌈,석식
2021-08-05,배추김치,석식
2021-08-05,감귤 주스,석식
2021-08-06,잡곡밥,석식
2021-08-06,팽이버섯국,석식
2021-08-06,야채튀김,석식
2021-08-06,궁중닭찜,석식
2021-08-06,배추김치,석식
2021-08-06,복숭아,석식
2021-08-07,밥,석식
2021-08-07,햄소시지찌개,석식
2021-08-07,베이컨청경채볶음,석식
2021-08-07,두부양념장,석식
2021-08-07,백김치,석식
2021-08-07,수박,석식
2021-08-08,닭고기부추밥,석식
2021-08-08,콩나물국,석식
2021-08-08,오징어튀김,석식
2021-08-08,배추김치,석식
2021-08-08,감귤 주스,석식
2021-08-09,밥,석식
2021-08-09,마파두부,석식
2021-08-09,장어강정,석식
2021-08-09,감자케찹조림,석식
2021-08-09,깍두기,석식
2021-08-10,달걀케첩볶음밥,석식
2021-08-10,팽이버섯국,석식
2021-08-10,생선가스,석식
2021-08-10,쫄면야채무침,석식
2021-08-10,깍두기,석식
2021-08-10,우유,석식
2021-08-11,잡곡밥,석식
2021-08-11,콩나물국,석식
2021-08-11,제육볶음,석식
2021-08-11,양배추쌈,석식
2021-07-13,두부케첩조림,석식
2021-07-13,오이김치,석식
2021-07-13,아이스크림 떠먹는형,석식
2021-07-14,잡곡밥,석식
2021-07-14,닭고기육개장,석식
2021-07-14,마파두부,석식
2021-07-14,쇠고기감자조림,석식
2021-07-14,총각김치,석식
2021-07-14,우유,석식
2021-07-15,밥,석식
2021-07-15,아귀탕,석식
2021-07-15,잡채,석식
2021-07-15,돼지고기가지볶음,석식
2021-07-15,총각김치,석식
2021-07-16,볶음밥,석식
2021-07-16,감자짜글이,석식
2021-07-16,데리야끼갈릭치킨,석식
2021-07-16,깍두기,석식
2021-07-16,감귤 주스,석식
2021-07-17,밥,석식
2021-07-17,호박된장찌개,석식
2021-07-17,오리불고기,석식
2021-07-17,양배추쌈,석식
2021-07-17,배추김치,석식
2021-07-17,우유 살균형,석식
2021-07-18,달걀케첩볶음밥,석식
2021-07-18,쇠고기버섯볶음,석식
2021-07-18,쫄면야채무침,석식
2021-07-18,총각김치,석식
2021-07-18,감귤 주스,석식
2021-07-19,검은콩밥,석식
2021-07-19,짬뽕찌개,석식
2021-07-19,야채튀김,석식
2021-07-19,닭고기매운조림,석식
2021-07-19,우유,석식
2021-07-20,밥,석식
2021-07-20,팽이버섯국,석식
2021-07-20,돼지불고기,석식
2021-07-20,단호박튀김,석식
2021-07-20,총각김치,석식
2021-07-21,쇠고기덮밥,석식
2021-07-21,파채돈가스,석식
2021-07-21,야채샐러드,석식
2021-07-21,배추김치,석식
2021-07-21,젤리,석식
2021-07-22,잡곡밥,석식
2021-07-22,돈파육,석식
2021-07-22,상추쌈,석식
2021-07-22,미나리콩나물무침,석식
2021-07-22,배추김치,석식
2021-07-22,신선형,석식
2021-07-23,자장밥,석식
2021-07-23,마파두부,석식
2021-07-23,쫀득치킨꿔바로우후르츠소스,석식
2021-07-23,총각김치,석식
2021-07-23,감귤 주스,석식
2021-07-24,검은콩밥,석식
2021-07-24,호박된장찌개,석식
2021-07-24,오리불고기,석식
2021-07-24,야채스틱앤저염쌈장,석식
2021-07-24,총각김치,석식
2021-07-24,감귤 주스,석식
2021-07-25,닭고기부추밥,석식
2021-07-25,콩나물국,석식
2021-07-25,단호박샐러드,석식
2021-07-25,배추김치,석식
2021-07-26,밥,석식
2021-07-26,잡채,석식
2021-07-26,야채튀김,석식
2021-07-26,궁중닭찜,석식
2021-07-26,배추김치,석식
2021-07-26,감귤 주스,석식
2021-07-27,밥,석식
2021-07-27,데리야끼갈릭치킨,석식
2021-07-27,김자반,석식
2021-07-27,멕시칸샐러드,석식
2021-07-27,깍두기,석식
2021-07-27,수박,석식
2021-07-28,밥,석식
2021-06-29,시금치된장국,석식
2021-06-29,삼겹살구이,석식
2021-06-29,상추쌈,석식
2021-06-29,배추김치,석식
2021-06-29,수박,석식
2021-06-29,건빵,석식
2021-06-30,밥,석식
2021-06-30,북어채국,석식
2021-06-30,잡채,석식
2021-06-30,매운소갈비찜,석식
2021-06-30,총각김치,석식
2021-06-30,아이스크림 떠먹는형,석식
2021-07-01,잡곡밥,석식
2021-07-01,콩나물국,석식
2021-07-01,마라제육볶음,석식
2021-07-01,야채튀김,석식
2021-07-01,상추쌈,석식
2021-07-01,배추김치,석식
2021-07-01,감귤 주스,석식
2021-07-02,쇠고기볶음밥,석식
2021-07-02,돈가스,석식
2021-07-02,멕시칸샐러드,석식
2021-07-02,깍두기,석식
2021-07-03,밥,석식
2021-07-03,쇠고기육개장,석식
2021-07-03,비엔나소시지야채볶음,석식
2021-07-03,쇠고기감자조림,석식
2021-07-03,배추김치,석식
2021-07-04,밥,석식
2021-07-04,팽이버섯국,석식
2021-07-04,오징어볶음,석식
2021-07-04,마파두부,석식
2021-07-04,배추김치,석식
2021-07-04,아이스크림 샌드위치,석식
2021-07-05,새우볶음밥,석식
2021-07-05,짬뽕찌개,석식
2021-07-05,북경식탕수육 ,석식
2021-07-05,단무지무침,석식
2021-07-06,흑미밥,석식
2021-07-06,제육볶음,석식
2021-07-06,삼치순살튀김,석식
2021-07-06,계란찜,석식
2021-07-06,배추김치,석식
2021-07-06,신선형,석식
2021-07-07,쇠고기덮밥,석식
2021-07-07,돈가스,석식
2021-07-07,야채샐러드,석식
2021-07-07,배추김치,석식
2021-07-07,감귤 주스,석식
2021-07-08,잡곡밥,석식
2021-07-08,돈파육,석식
2021-07-08,미나리콩나물무침,석식
2021-07-08,상추쌈,석식
2021-07-08,배추김치,석식
2021-07-08,감귤 주스,석식
2021-07-09,닭고기부추밥,석식
2021-07-09,콩나물국,석식
2021-07-09,야채튀김,석식
2021-07-09,배추김치,석식
2021-07-09,아이스크림 콘 완제품,석식
2021-07-10,밥,석식
2021-07-10,팽이버섯국,석식
2021-07-10,오징어볶음,석식
2021-07-10,궁중닭찜,석식
2021-07-10,배추김치,석식
2021-07-10,수박,석식
2021-07-11,밥,석식
2021-07-11,콩나물국,석식
2021-07-11,돼지불고기,석식
2021-07-11,양배추쌈,석식
2021-07-11,배추김치,석식
2021-07-11,아이스크림 샌드위치,석식
2021-07-12,햄야채볶음밥,석식
2021-07-12,김자반,석식
2021-07-12,계란후라이,석식
2021-07-12,야채샐러드,석식
2021-07-12,총각김치,석식
2021-07-12,우유,석식
2021-07-13,돼지고기부추덮밥,석식
2021-07-13,오징어볶음,석식
2021-06-14,계란찜,석식
2021-06-14,총각김치,석식
2021-06-15,밥,석식
2021-06-15,순두부찌개,석식
2021-06-15,생선가스,석식
2021-06-15,야채샐러드,석식
2021-06-15,총각김치,석식
2021-06-15,컵과일,석식
2021-06-16,밥,석식
2021-06-16,닭볶음탕,석식
2021-06-16,꽈리고추멸치볶음,석식
2021-06-16,오이무침,석식
2021-06-16,배추김치,석식
2021-06-17,새우버거,석식
2021-06-17,사이다,석식
2021-06-17,우유,석식
2021-06-18,김치찌개,석식
2021-06-18,돈가스,석식
2021-06-18,콩나물매운무침,석식
2021-06-18,야채샐러드,석식
2021-06-19,밥,석식
2021-06-19,콩나물김치국,석식
2021-06-19,돼지고기수육,석식
2021-06-19,양배추쌈,석식
2021-06-19,무생채,석식
2021-06-19,배추김치,석식
2021-06-20,밥,석식
2021-06-20,쇠고기미역국,석식
2021-06-20,애호박나물,석식
2021-06-20,닭고기매운조림,석식
2021-06-20,총각김치,석식
2021-06-20,감귤 주스,석식
2021-06-21,밥,석식
2021-06-21,맑은순두부계란탕,석식
2021-06-21,오징어볶음,석식
2021-06-21,깐풍기,석식
2021-06-21,브로콜리/초고추장,석식
2021-06-21,배추김치,석식
2021-06-22,콩나물국,석식
2021-06-22,야채튀김,석식
2021-06-22,김자반,석식
2021-06-22,마요오징어실채무침,석식
2021-06-22,총각김치,석식
2021-06-23,닭고기부추밥,석식
2021-06-23,콩나물국,석식
2021-06-23,새우튀김,석식
2021-06-23,배추김치,석식
2021-06-24,흑미밥,석식
2021-06-24,홍합탕,석식
2021-06-24,생선묵볶음,석식
2021-06-24,깐풍기,석식
2021-06-24,배추김치,석식
2021-06-25,참치마요덮밥,석식
2021-06-25,콩나물김치국,석식
2021-06-25,김자반,석식
2021-06-25,감자샐러드,석식
2021-06-25,총각김치,석식
2021-06-26,밥,석식
2021-06-26,된장국,석식
2021-06-26,돼지고기부추볶음,석식
2021-06-26,야채샐러드,석식
2021-06-26,배추김치,석식
2021-06-26,감귤 주스,석식
2021-06-27,밥,석식
2021-06-27,콩나물국,석식
2021-06-27,제육볶음,석식
2021-06-27,양배추쌈,석식
2021-06-27,배추김치,석식
2021-06-27,감귤 주스,석식
2021-06-28,밥,석식
2021-06-28,쇠고기무국,석식
2021-06-28,소시지야채볶음,석식
2021-06-28,맛김,석식
2021-06-28,계란찜,석식
2021-06-28,배추김치,석식
2021-06-28,감귤 주스,석식
2021-06-29,밥,석식
2021-06-01,밥,석식
2021-06-01,순두부찌개,석식
2021-06-01,고등어순살강정,석식
2021-06-01,맛김,석식
2021-06-01,스크램블에그,석식
2021-06-01,배추김치,석식
2021-06-02,흑미밥,석식
2021-06-02,김치찌개,석식
2021-06-02,감자채볶음,석식
2021-06-02,삼치순살튀김,석식
2021-06-02,브로콜리/초고추장,석식
2021-06-03,잡곡밥,석식
2021-06-03,호박된장찌개,석식
2021-06-03,돼지불고기,석식
2021-06-03,모듬쌈,석식
2021-06-03,총각김치,석식
2021-06-03,참외,석식
2021-06-04,잡곡밥,석식
2021-06-04,계란국,석식
2021-06-04,닭갈비,석식
2021-06-04,야채튀김,석식
2021-06-04,총각김치,석식
2021-06-04,라면,석식
2021-06-05,밥,석식
2021-06-05,닭고기육개장,석식
2021-06-05,김자반,석식
2021-06-05,고등어순살조림,석식
2021-06-05,깻잎무침,석식
2021-06-05,배추김치,석식
2021-06-05,감귤 주스,석식
2021-06-06,밥,석식
2021-06-06,두부고추장찌개,석식
2021-06-06,닭고기매운조림,석식
2021-06-06,가지무침,석식
2021-06-06,배추김치,석식
2021-06-06,감귤 주스,석식
2021-06-07,밥,석식
2021-06-07,김치찌개,석식
2021-06-07,모듬버섯볶음,석식
2021-06-07,돈가스,석식
2021-06-07,야채샐러드,석식
2021-06-07,감귤 주스,석식
2021-06-08,밥,석식
2021-06-08,순두부찌개,석식
2021-06-08,쇠고기불고기,석식
2021-06-08,상추쌈,석식
2021-06-08,오이소박이,석식
2021-06-08,수박,석식
2021-06-08,라면,석식
2021-06-09,달걀케첩볶음밥,석식
2021-06-09,감자수제비국,석식
2021-06-09,야채튀김,석식
2021-06-09,배추김치,석식
2021-06-10,잡곡밥,석식
2021-06-10,김치찌개,석식
2021-06-10,닭고기튀김양념,석식
2021-06-10,두부조림,석식
2021-06-10,야채샐러드,석식
2021-06-11,쇠고기볶음밥,석식
2021-06-11,배추된장국,석식
2021-06-11,야채튀김,석식
2021-06-11,김자반,석식
2021-06-11,배추김치,석식
2021-06-11,팥빙수,석식
2021-06-12,밥,석식
2021-06-12,버섯된장찌개,석식
2021-06-12,오징어볶음,석식
2021-06-12,햄슬라이스야채볶음,석식
2021-06-12,배추김치,석식
2021-06-12,참외,석식
2021-06-13,밥,석식
2021-06-13,감자수제비국,석식
2021-06-13,오리불고기,석식
2021-06-13,오이무침,석식
2021-06-13,배추김치,석식
2021-06-13,감귤 주스,석식
2021-06-14,밥,석식
2021-06-14,배추된장국,석식
2021-06-14,낙지볶음,석식
2021-06-14,김자반,석식
2021-05-18,새우버거,석식
2021-05-18,우유,석식
2021-05-19,잡곡밥,석식
2021-05-19,쇠고기육개장,석식
2021-05-19,돼지고기부추볶음,석식
2021-05-19,시금치고추장무침,석식
2021-05-19,깍두기,석식
2021-05-20,잡곡밥,석식
2021-05-20,순두부찌개,석식
2021-05-20,돈가스,석식
2021-05-20,비빔당면,석식
2021-05-20,깍두기,석식
2021-05-21,잡곡밥,석식
2021-05-21,버섯된장찌개,석식
2021-05-21,돼지고기수육,석식
2021-05-21,상추쌈,석식
2021-05-21,깍두기,석식
2021-05-22,검은콩밥,석식
2021-05-22,김치찌개,석식
2021-05-22,오징어볶음,석식
2021-05-22,스크램블에그,석식
2021-05-22,깻잎무침,석식
2021-05-22,깍두기,석식
2021-05-22,우유,석식
2021-05-23,밥,석식
2021-05-23,닭볶음탕,석식
2021-05-23,깍두기,석식
2021-05-23,돼지고기부추볶음,석식
2021-05-23,무생채,석식
2021-05-23,배추김치,석식
2021-05-24,밥,석식
2021-05-24,생선묵국,석식
2021-05-24,떡볶이,석식
2021-05-24,팝콘형치킨너겟,석식
2021-05-24,배추김치,석식
2021-05-25,검은콩밥,석식
2021-05-25,된장국,석식
2021-05-25,돼지고기콩나물볶음,석식
2021-05-25,오징어채볶음,석식
2021-05-25,야채샐러드,석식
2021-05-25,깍두기,석식
2021-05-26,잡곡밥,석식
2021-05-26,짬뽕찌개,석식
2021-05-26,두부김치,석식
2021-05-26,야채튀김,석식
2021-05-26,콩나물무침,석식
2021-05-26,깍두기,석식
2021-05-26,아이스크림 떠먹는형,석식
2021-05-27,잡곡밥,석식
2021-05-27,순두부찌개,석식
2021-05-27,고등어순살강정,석식
2021-05-27,궁중닭찜,석식
2021-05-27,배추김치,석식
2021-05-27,우유,석식
2021-05-27,바나나,석식
2021-05-28,잡곡밥,석식
2021-05-28,쇠고기육개장,석식
2021-05-28,닭고기매운조림,석식
2021-05-28,야채샐러드,석식
2021-05-28,깍두기,석식
2021-05-29,밥,석식
2021-05-29,된장국,석식
2021-05-29,마파두부,석식
2021-05-29,닭고기매운조림,석식
2021-05-29,배추김치,석식
2021-05-30,밥,석식
2021-05-30,순두부찌개,석식
2021-05-30,제육볶음,석식
2021-05-30,양배추쌈,석식
2021-05-30,배추김치,석식
2021-05-31,흑미밥,석식
2021-05-31,닭고기육개장,석식
2021-05-31,코다리조림,석식
2021-05-31,콩나물무침,석식
2021-05-31,배추김치,석식
2022-12-22,오징어볶음,석식
2022-12-22,치킨가라아게,석식
2022-12-22,김자반,석식
2022-12-22,배추김치,석식
2022-12-22,비타민음료,석식
2022-12-23,잡곡밥,석식
2022-12-23,쇠고기육개장,석식
2022-12-23,삼치순살튀김,석식
2022-12-23,궁중닭찜,석식
2022-12-23,배추김치,석식
2022-12-23,아이스크림 떠먹는형,석식
2022-12-23,우유,석식
2022-12-24,밥,석식
2022-12-24,햄소시지찌개,석식
2022-12-24,버팔로윙,석식
2022-12-24,녹두전,석식
2022-12-24,배추김치,석식
2022-12-24,우유,석식
2022-12-24,음료수 탄산 과일,석식
2022-12-25,잡곡밥,석식
2022-12-25,유부된장국,석식
2022-12-25,치즈돈가스,석식
2022-12-25,야채샐러드,석식
2022-12-25,배추김치,석식
2022-12-25,아이스크림 팩형,석식
2022-12-25,자연은 제주감귤 180ml,석식
2022-12-26,밥,석식
2022-12-26,닭곰탕,석식
2022-12-26,동그랑땡,석식
2022-12-26,무말랭이무침,석식
2022-12-26,배추김치,석식
2022-12-26,감귤,석식
2022-12-26,사이다,석식
2022-12-27,후리가케밥,석식
2022-12-27,돈코츠라멘,석식
2022-12-27,새우튀김,석식
2022-12-27,단무지무침,석식
2022-12-27,배추김치,석식
2022-12-27,떠먹는 토핑형 발효유,석식
2022-12-27,음료수 탄산 콜라,석식
2022-12-28,베이컨김치볶음밥,석식
2022-12-28,쇠고기감자국,석식
2022-12-28,오징어튀김,석식
2022-12-28,스크램블에그,석식
2022-12-28,깍두기,석식
2022-12-28,비타민음료,석식
2022-12-29,비빔밥,석식
2022-12-29,유부어묵국,석식
2022-12-29,치킨가스,석식
2022-12-29,꽃맛살샐러드,석식
2022-12-29,배추김치,석식
2022-12-29,아이스크림 떠먹는형,석식
2022-12-29,음료수 탄산 콜라,석식
2022-12-30,닭고기덮밥,석식
2022-12-30,건새우아욱된장국,석식
2022-12-30,고추잡채김말이,석식
2022-12-30,맛김,석식
2022-12-30,모듬과일샐러드,석식
2022-12-30,배추김치,석식
2022-12-30,배,석식
2022-12-30,사이다,석식
2022-12-31,밥,석식
2022-12-31,들깨미역국,석식
2022-12-31,스팸구이,석식
2022-12-31,알떡스테이크,석식
2022-12-31,무말랭이무침,석식
2022-12-31,배추김치,석식
2022-12-31,유산균 발효 음료,석식
2023-01-01,달걀케첩볶음밥,석식
2023-01-01,짬뽕찌개,석식
2023-01-01,탕수육,석식
2023-01-01,야채샐러드,석식
2023-01-01,깍두기,석식
2023-01-01,자연은 제주감귤 180ml,석식
2023-01-02,데리야끼삼겹살덮밥,석식
2023-01-02,유부된장국,석식
2023-01-02,애호박나물,석식
2023-01-02,청양마요치킨,석식
2023-01-02,배추김치,석식
2023-01-02,음료수 탄산 콜라,석식
2023-01-03,잡곡밥,석식
2023-01-03,닭고기육개장,석식
2021-05-17,감자양파찌개,석식
2021-05-17,파닭,석식
2021-05-17,야채샐러드,석식
2021-05-17,오이양파장아찌,석식
2021-05-17,배추김치,석식
2022-12-09,두부매운조림,석식
2022-12-09,배추김치,석식
2022-12-09,자연은 제주감귤 180ml,석식
2022-12-10,밥,석식
2022-12-10,콩나물김치국,석식
2022-12-10,버팔로윙,석식
2022-12-10,해물파전,석식
2022-12-10,꽃맛살샐러드,석식
2022-12-10,깍두기,석식
2022-12-10,아이스크림 떠먹는형,석식
2022-12-11,밥,석식
2022-12-11,감자짜글이,석식
2022-12-11,오리불고기,석식
2022-12-11,야채스틱앤저염쌈장,석식
2022-12-11,쌈무,석식
2022-12-11,핫도그,석식
2022-12-11,배추김치,석식
2022-12-11,자연은 제주감귤 180ml,석식
2022-12-12,카레밥,석식
2022-12-12,치즈돈가스,석식
2022-12-12,양송이스프,석식
2022-12-12,고구마샐러드,석식
2022-12-12,배추김치,석식
2022-12-12,음료수 탄산 콜라,석식
2022-12-12,아이스크림 팩형,석식
2022-12-13,밥,석식
2022-12-13,잔치국수,석식
2022-12-13,주꾸미볶음,석식
2022-12-13,해물파전,석식
2022-12-13,배추김치,석식
2022-12-13,유산균 발효 음료,석식
2022-12-14,밥,석식
2022-12-14,순두부찌개,석식
2022-12-14,오징어볶음,석식
2022-12-14,치킨가라아게,석식
2022-12-14,계란찜,석식
2022-12-14,배추김치,석식
2022-12-14,음료수 탄산 과일,석식
2022-12-15,밥,석식
2022-12-15,콩나물국,석식
2022-12-15,돼지불고기,석식
2022-12-15,상추쌈,석식
2022-12-15,배추김치,석식
2022-12-15,비타민음료,석식
2022-12-16,잡곡밥,석식
2022-12-16,김치찌개,석식
2022-12-16,닭갈비,석식
2022-12-16,고추잡채김말이,석식
2022-12-16,양배추쌈,석식
2022-12-16,배추김치,석식
2022-12-16,사이다,석식
2022-12-17,밥,석식
2022-12-17,유부된장국,석식
2022-12-17,돈가스,석식
2022-12-17,야채샐러드,석식
2022-12-17,즉석카레소스,석식
2022-12-17,배추김치,석식
2022-12-17,젤리,석식
2022-12-17,아이스크림 떠먹는형,석식
2022-12-18,자장밥,석식
2022-12-18,짬뽕찌개,석식
2022-12-18,찹쌀꿔바로우,석식
2022-12-18,단무지무침,석식
2022-12-18,배추김치,석식
2022-12-18,우유,석식
2022-12-18,배,석식
2022-12-18,음료수 탄산 콜라,석식
2022-12-19,잡곡밥,석식
2022-12-19,쇠고기미역국,석식
2022-12-19,훈제오리볶음,석식
2022-12-19,고추잡채김말이,석식
2022-12-19,쌈무,석식
2022-12-19,배추김치,석식
2022-12-19,자연은 제주감귤 180ml,석식
2022-12-19,아이스크림 떠먹는형,석식
2022-12-20,새우버거,석식
2022-12-20,고구마치즈스틱,석식
2022-12-20,우유,석식
2022-12-20,사이다,석식
2022-12-21,검은콩밥,석식
2022-12-21,짬뽕,석식
2022-12-21,잡채,석식
2022-12-21,찹쌀꿔바로우,석식
2022-12-21,단무지무침,석식
2022-12-21,배추김치,석식
2022-12-21,자연은 제주감귤 180ml,석식
2022-12-21,컵과일,석식
2022-12-22,밥,석식
2022-12-22,감자계란국,석식
2022-11-26,순대국,석식
2022-11-26,고구마튀김,석식
2022-11-26,부추겉절이,석식
2022-11-26,배추김치,석식
2022-11-26,음료수 탄산 과일,석식
2022-11-27,검은콩밥,석식
2022-11-27,감자탕,석식
2022-11-27,웨지감자,석식
2022-11-27,오이양파무침,석식
2022-11-27,브로콜리초고추장,석식
2022-11-27,배추김치,석식
2022-11-28,밥,석식
2022-11-28,유부어묵국,석식
2022-11-28,궁중닭찜,석식
2022-11-28,꽃맛살샐러드,석식
2022-11-28,핫도그,석식
2022-11-28,배추김치,석식
2022-11-28,자연은 제주감귤 180ml,석식
2022-11-29,참치마요덮밥,석식
2022-11-29,김치찌개,석식
2022-11-29,스팸구이,석식
2022-11-29,맛김,석식
2022-11-29,츄러스,석식
2022-11-29,배추김치,석식
2022-11-29,사인머스켓,석식
2022-11-30,닭고기덮밥,석식
2022-11-30,삼색감자옹심이국,석식
2022-11-30,순대야채볶음,석식
2022-11-30,계란후라이,석식
2022-11-30,배추김치,석식
2022-11-30,떠먹는 토핑형 발효유,석식
2022-12-01,잡곡밥,석식
2022-12-01,닭고기육개장,석식
2022-12-01,잡채,석식
2022-12-01,조기순살튀김,석식
2022-12-01,오이양파무침,석식
2022-12-01,배추김치,석식
2022-12-01,초코과자,석식
2022-12-01,자연은 제주감귤 180ml,석식
2022-12-02,흑미밥,석식
2022-12-02,햄소시지찌개,석식
2022-12-02,멸치볶음,석식
2022-12-02,동그랑땡,석식
2022-12-02,깍두기,석식
2022-12-02,아이스크림 떠먹는형,석식
2022-12-03,달걀케첩볶음밥,석식
2022-12-03,짬뽕찌개,석식
2022-12-03,탕수육,석식
2022-12-03,콩나물매운무침,석식
2022-12-03,배추김치,석식
2022-12-03,사이다,석식
2022-12-03,감귤,석식
2022-12-04,잡곡밥,석식
2022-12-04,닭볶음탕,석식
2022-12-04,단호박튀김,석식
2022-12-04,고등어무조림,석식
2022-12-04,배추김치,석식
2022-12-04,음료수 탄산 콜라,석식
2022-12-04,초코과자,석식
2022-12-04,우유,석식
2022-12-05,데리야끼삼겹살덮밥,석식
2022-12-05,순두부찌개,석식
2022-12-05,야채튀김,석식
2022-12-05,매콤오징어실채무침,석식
2022-12-05,배추김치,석식
2022-12-05,아이스크림 팩형,석식
2022-12-06,불고기버거,석식
2022-12-06,자연은 제주감귤 180ml,석식
2022-12-06,우유,석식
2022-12-07,김치볶음밥,석식
2022-12-07,팽이버섯두부국,석식
2022-12-07,궁중떡볶이,석식
2022-12-07,팝콘형치킨너겟,석식
2022-12-07,배추김치,석식
2022-12-07,음료수 탄산 콜라,석식
2022-12-08,잡곡밥,석식
2022-12-08,순두부찌개,석식
2022-12-08,훈제오리볶음,석식
2022-12-08,야채튀김,석식
2022-12-08,쌈무,석식
2022-12-08,깍두기,석식
2022-12-08,우유,석식
2022-12-08,사이다,석식
2022-12-09,통새우볶음밥,석식
2022-12-09,쑥갓어묵국,석식
2022-12-09,소떡소떡,석식
2022-12-09,바베큐폭립,석식
2022-11-12,사인머스켓,석식
2022-11-13,통새우볶음밥,석식
2022-11-13,짬뽕찌개,석식
2022-11-13,해쉬브라운,석식
2022-11-13,단무지무침,석식
2022-11-13,배추김치,석식
2022-11-13,우유,석식
2022-11-14,밥,석식
2022-11-14,콩나물국,석식
2022-11-14,제육볶음,석식
2022-11-14,계란말이,석식
2022-11-14,간장깻잎지,석식
2022-11-14,배추김치,석식
2022-11-14,자연은 제주감귤 180ml,석식
2022-11-15,잡곡밥,석식
2022-11-15,건새우아욱된장국,석식
2022-11-15,치킨텐더,석식
2022-11-15,녹두전,석식
2022-11-15,고들빼기무침,석식
2022-11-15,배추김치,석식
2022-11-15,메론,석식
2022-11-16,비빔밥,석식
2022-11-16,배추된장국,석식
2022-11-16,고추잡채김말이,석식
2022-11-16,너비아니,석식
2022-11-16,계란후라이,석식
2022-11-16,배추김치,석식
2022-11-16,음료수 탄산 콜라,석식
2022-11-17,달걀케첩볶음밥,석식
2022-11-17,짬뽕찌개,석식
2022-11-17,찹쌀꿔바로우,석식
2022-11-17,단무지무침,석식
2022-11-17,배추김치,석식
2022-11-17,비타민음료,석식
2022-11-18,잡곡밥,석식
2022-11-18,쇠고기감자국,석식
2022-11-18,오리불고기,석식
2022-11-18,해물파전,석식
2022-11-18,모듬쌈,석식
2022-11-18,배추김치,석식
2022-11-18,자연은 제주감귤 180ml,석식
2022-11-19,잡곡밥,석식
2022-11-19,순두부찌개,석식
2022-11-19,제육볶음,석식
2022-11-19,주꾸미볶음,석식
2022-11-19,계란찜,석식
2022-11-19,김자반,석식
2022-11-19,오이부추무침,석식
2022-11-19,깍두기,석식
2022-11-19,배,석식
2022-11-20,햄야채볶음밥,석식
2022-11-20,건새우아욱된장국,석식
2022-11-20,구운어묵볶음,석식
2022-11-20,돼지고기장조림,석식
2022-11-20,배추김치,석식
2022-11-20,자연은 제주감귤 180ml,석식
2022-11-21,잡곡밥,석식
2022-11-21,들깨미역국,석식
2022-11-21,돼지고기김치볶음,석식
2022-11-21,단호박튀김,석식
2022-11-21,궁중닭찜,석식
2022-11-21,깍두기,석식
2022-11-21,에너지바,석식
2022-11-22,꼬치어묵국,석식
2022-11-22,마파두부,석식
2022-11-22,치킨가스,석식
2022-11-22,시저샐러드,석식
2022-11-22,배추김치,석식
2022-11-22,감귤,석식
2022-11-23,달걀케첩볶음밥,석식
2022-11-23,짬뽕찌개,석식
2022-11-23,단무지무침,석식
2022-11-23,츄러스,석식
2022-11-23,백김치,석식
2022-11-24,김가루주먹밥,석식
2022-11-24,배추된장국,석식
2022-11-24,치즈돈가스,석식
2022-11-24,콘옥수수야채무침,석식
2022-11-24,배추김치,석식
2022-11-24,대추방울토마토,석식
2022-11-25,잡곡밥,석식
2022-11-25,닭볶음탕,석식
2022-11-25,오징어볶음,석식
2022-11-25,회오리감자,석식
2022-11-25,계란찜,석식
2022-11-25,배추김치,석식
2022-11-25,자연은 제주감귤 180ml,석식
2022-11-26,잡곡밥,석식
2022-10-31,팽이버섯두부국,석식
2022-10-31,하와이안함박,석식
2022-10-31,단호박샐러드,석식
2022-10-31,깍두기,석식
2022-10-31,아이스크림 떠먹는형,석식
2022-10-31,돼지파채불고기,석식
2022-10-31,고등어필렛구이,석식
2022-10-31,배추김치,석식
2022-11-01,밥,석식
2022-11-01,닭곰탕,석식
2022-11-01,야채튀김,석식
2022-11-01,오징어브로콜리숙회,석식
2022-11-01,배추김치,석식
2022-11-01,젤리,석식
2022-11-02,데리야끼삼겹살덮밥,석식
2022-11-02,콩나물김치국,석식
2022-11-02,치킨가라아게,석식
2022-11-02,계란후라이,석식
2022-11-02,깍두기,석식
2022-11-02,자연은 제주감귤 180ml,석식
2022-11-03,잡곡밥,석식
2022-11-03,닭고기육개장,석식
2022-11-03,매운소갈비찜,석식
2022-11-03,청포묵김가루무침,석식
2022-11-03,배추김치,석식
2022-11-03,사인머스켓,석식
2022-11-04,검은콩밥,석식
2022-11-04,유부된장국,석식
2022-11-04,잡채,석식
2022-11-04,삼겹살구이,석식
2022-11-04,모듬야채&쌈장,석식
2022-11-04,배추김치,석식
2022-11-04,자연은 제주감귤 180ml,석식
2022-11-05,간장불고기덮밥,석식
2022-11-05,콩나물국,석식
2022-11-05,볼어묵볶음,석식
2022-11-05,녹두전,석식
2022-11-05,배추김치,석식
2022-11-05,사과,석식
2022-11-06,밥,석식
2022-11-06,감자계란국,석식
2022-11-06,애호박나물,석식
2022-11-06,소떡소떡,석식
2022-11-06,닭고기김치찜,석식
2022-11-06,배추김치,석식
2022-11-07,잡곡밥,석식
2022-11-07,순두부찌개,석식
2022-11-07,닭갈비,석식
2022-11-07,청포묵김가루무침,석식
2022-11-07,양배추쌈,석식
2022-11-07,배추김치,석식
2022-11-07,자연은 제주감귤 180ml,석식
2022-11-08,장어덮밥,석식
2022-11-08,생우동,석식
2022-11-08,계란말이,석식
2022-11-08,단무지무침,석식
2022-11-08,배추김치,석식
2022-11-08,우유,석식
2022-11-09,흑미밥,석식
2022-11-09,감자짜글이,석식
2022-11-09,잡채,석식
2022-11-09,돼지훈제,석식
2022-11-09,상추쌈,석식
2022-11-09,배추김치,석식
2022-11-09,자연은 제주감귤 180ml,석식
2022-11-10,밥,석식
2022-11-10,햄소시지찌개,석식
2022-11-10,매운소갈비찜,석식
2022-11-10,오이양파무침,석식
2022-11-10,배추김치,석식
2022-11-10,사이다,석식
2022-11-11,잔치국수,석식
2022-11-11,볶음밥,석식
2022-11-11,새우가스,석식
2022-11-11,시저샐러드,석식
2022-11-11,배추김치,석식
2022-11-11,자연은 제주감귤 180ml,석식
2022-11-12,차슈덮밥,석식
2022-11-12,황태해장국,석식
2022-11-12,김자반,석식
2022-11-12,계란후라이,석식
2022-11-12,오징어야채무침,석식
2022-11-12,배추김치,석식
2022-10-17,배추김치,석식
2022-10-17,자연은 제주감귤 180ml,석식
2022-10-18,잡곡밥,석식
2022-10-18,쇠고기감자국,석식
2022-10-18,오리불고기,석식
2022-10-18,해물파전,석식
2022-10-18,양배추쌈,석식
2022-10-18,배추김치,석식
2022-10-18,사인머스켓,석식
2022-10-19,흑미밥,석식
2022-10-19,순두부찌개,석식
2022-10-19,돼지훈제,석식
2022-10-19,쌈무,석식
2022-10-19,오이부추무침,석식
2022-10-19,배추김치,석식
2022-10-19,우유,석식
2022-10-20,비빔밥,석식
2022-10-20,건새우아욱된장국,석식
2022-10-20,고추잡채김말이,석식
2022-10-20,너비아니,석식
2022-10-20,계란후라이,석식
2022-10-20,배추김치,석식
2022-10-20,우유,석식
2022-10-21,잡곡밥,석식
2022-10-21,김치찌개,석식
2022-10-21,단호박튀김,석식
2022-10-21,스팸구이,석식
2022-10-21,궁중닭찜,석식
2022-10-21,깍두기,석식
2022-10-21,자연은 제주감귤 180ml,석식
2022-10-22,달걀케첩볶음밥,석식
2022-10-22,짬뽕찌개,석식
2022-10-22,단무지무침,석식
2022-10-22,츄러스,석식
2022-10-22,배추김치,석식
2022-10-22,배,석식
2022-10-23,밥,석식
2022-10-23,감자계란국,석식
2022-10-23,잡채,석식
2022-10-23,소떡소떡,석식
2022-10-23,닭고기김치찜,석식
2022-10-23,배추김치,석식
2022-10-24,자장밥,석식
2022-10-24,배추된장국,석식
2022-10-24,치즈돈가스,석식
2022-10-24,콘옥수수야채무침,석식
2022-10-24,배추김치,석식
2022-10-24,자연은 제주감귤 180ml,석식
2022-10-25,잡곡밥,석식
2022-10-25,유부된장국,석식
2022-10-25,오징어볶음,석식
2022-10-25,회오리감자,석식
2022-10-25,계란찜,석식
2022-10-25,배추김치,석식
2022-10-25,대추방울토마토,석식
2022-10-26,볶음밥,석식
2022-10-26,짬뽕찌개,석식
2022-10-26,찹쌀꿔바로우,석식
2022-10-26,참깨드레싱,석식
2022-10-26,야채샐러드,석식
2022-10-26,배추김치,석식
2022-10-26,우유,석식
2022-10-27,검은콩밥,석식
2022-10-27,순대국,석식
2022-10-27,치킨가라아게,석식
2022-10-27,웨지감자,석식
2022-10-27,브로콜리초고추장,석식
2022-10-27,배추김치,석식
2022-10-27,우유,석식
2022-10-28,밥,석식
2022-10-28,유부어묵국,석식
2022-10-28,궁중닭찜,석식
2022-10-28,꽃맛살샐러드,석식
2022-10-28,핫도그,석식
2022-10-28,배추김치,석식
2022-10-28,아이스크림 떠먹는형,석식
2022-10-29,참치마요덮밥,석식
2022-10-29,김치찌개,석식
2022-10-29,스팸구이,석식
2022-10-29,맛김,석식
2022-10-29,츄러스,석식
2022-10-29,배추김치,석식
2022-10-30,닭고기덮밥,석식
2022-10-30,삼색감자옹심이국,석식
2022-10-30,순대야채볶음,석식
2022-10-30,계란후라이,석식
2022-10-30,배추김치,석식
2022-10-30,자연은 제주감귤 180ml,석식
2022-10-31,김가루주먹밥,석식
2022-10-04,검은콩밥,석식
2022-10-04,쇠고기육개장,석식
2022-10-04,잡채,석식
2022-10-04,매운소갈비찜,석식
2022-10-04,꽃맛살샐러드,석식
2022-10-04,배추김치,석식
2022-10-04,아이스크림 팩형,석식
2022-10-05,낙지덮밥,석식
2022-10-05,콩나물국,석식
2022-10-05,볼어묵볶음,석식
2022-10-05,녹두전,석식
2022-10-05,배추김치,석식
2022-10-05,자연은 제주감귤 180ml,석식
2022-10-06,잡곡밥,석식
2022-10-06,햄소시지찌개,석식
2022-10-06,치킨가스,석식
2022-10-06,두부조림,석식
2022-10-06,백김치,석식
2022-10-06,사과,석식
2022-10-07,잡곡밥,석식
2022-10-07,순두부찌개,석식
2022-10-07,잡채,석식
2022-10-07,닭갈비,석식
2022-10-07,상추쌈,석식
2022-10-07,배추김치,석식
2022-10-07,음료수 탄산 과일,석식
2022-10-08,통새우볶음밥,석식
2022-10-08,짬뽕찌개,석식
2022-10-08,계란후라이,석식
2022-10-08,단무지무침,석식
2022-10-08,배추김치,석식
2022-10-08,자연은 제주감귤 180ml,석식
2022-10-09,흑미밥,석식
2022-10-09,감자짜글이,석식
2022-10-09,돼지훈제,석식
2022-10-09,청포묵김가루무침,석식
2022-10-09,양배추쌈,석식
2022-10-09,배추김치,석식
2022-10-09,아이스크림 콘 완제품,석식
2022-10-10,간장불고기덮밥,석식
2022-10-10,짬뽕찌개,석식
2022-10-10,찹쌀꿔바로우,석식
2022-10-10,단무지무침,석식
2022-10-10,배추김치,석식
2022-10-10,자연은 제주감귤 180ml,석식
2022-10-11,쫄면,석식
2022-10-11,새우가스,석식
2022-10-11,시저샐러드,석식
2022-10-11,배추김치,석식
2022-10-11,사과,석식
2022-10-12,차슈덮밥,석식
2022-10-12,황태해장국,석식
2022-10-12,계란후라이,석식
2022-10-12,오징어야채무침,석식
2022-10-12,배추김치,석식
2022-10-12,자연은 제주감귤 180ml,석식
2022-10-13,새우버거,석식
2022-10-13,사이다,석식
2022-10-13,우유,석식
2022-10-14,잡곡밥,석식
2022-10-14,쇠고기육개장,석식
2022-10-14,가지볶음,석식
2022-10-14,청양마요치킨,석식
2022-10-14,어묵핫바,석식
2022-10-14,배추김치,석식
2022-10-14,사과,석식
2022-10-15,밥,석식
2022-10-15,김치찌개,석식
2022-10-15,훈제오리볶음,석식
2022-10-15,오이파프리카무침,석식
2022-10-15,쌈무,석식
2022-10-15,배추김치,석식
2022-10-15,아이스크림 콘 완제품,석식
2022-10-16,밥,석식
2022-10-16,햄소시지찌개,석식
2022-10-16,매운소갈비찜,석식
2022-10-16,모듬야채&쌈장,석식
2022-10-16,배추김치,석식
2022-10-16,배,석식
2022-10-17,햄야채볶음밥,석식
2022-10-17,배추된장국,석식
2022-10-17,구운어묵볶음,석식
2022-10-17,돼지고기장조림,석식
2022-09-19,잡곡밥,석식
2022-09-19,쑥갓어묵국,석식
2022-09-19,훈제오리볶음,석식
2022-09-19,고추잡채김말이,석식
2022-09-19,쌈무,석식
2022-09-19,열무김치,석식
2022-09-20,새우버거,석식
2022-09-21,검은콩밥,석식
2022-09-21,짬뽕찌개,석식
2022-09-21,잡채,석식
2022-09-21,찹쌀꿔바로우,석식
2022-09-21,오이파프리카무침,석식
2022-09-21,열무김치,석식
2022-09-22,밥,석식
2022-09-22,콩나물국,석식
2022-09-22,오징어볶음,석식
2022-09-22,치킨가라아게,석식
2022-09-22,김자반,석식
2022-09-22,배추김치,석식
2022-09-23,잡곡밥,석식
2022-09-23,쇠고기육개장,석식
2022-09-23,삼치순살튀김,석식
2022-09-23,궁중닭찜,석식
2022-09-23,브로콜리초고추장,석식
2022-09-23,열무김치,석식
2022-09-24,밥,석식
2022-09-24,햄소시지찌개,석식
2022-09-24,버팔로윙,석식
2022-09-24,간장깻잎지,석식
2022-09-24,오징어야채무침,석식
2022-09-24,열무김치,석식
2022-09-25,잡곡밥,석식
2022-09-25,뼈없는감자탕,석식
2022-09-25,치즈돈가스,석식
2022-09-25,야채샐러드,석식
2022-09-25,참깨드레싱,석식
2022-09-25,열무김치,석식
2022-09-26,통새우볶음밥,석식
2022-09-26,콩나물김치국,석식
2022-09-26,미트볼케찹조림,석식
2022-09-26,핫도그,석식
2022-09-26,열무김치,석식
2022-09-27,나가사끼짬뽕,석식
2022-09-27,잡곡밥,석식
2022-09-27,치즈볼,석식
2022-09-27,바베큐폭립,석식
2022-09-27,브로콜리초고추장,석식
2022-09-27,배추김치,석식
2022-09-28,햄야채볶음밥,석식
2022-09-28,쇠고기감자국,석식
2022-09-28,어묵핫바,석식
2022-09-28,계란후라이,석식
2022-09-28,배추김치,석식
2022-09-29,제육덮밥,석식
2022-09-29,유부된장국,석식
2022-09-29,치킨가스,석식
2022-09-29,꽃맛살샐러드,석식
2022-09-29,배추김치,석식
2022-09-30,닭고기덮밥,석식
2022-09-30,쇠고기미역국,석식
2022-09-30,고추잡채김말이,석식
2022-09-30,맛김,석식
2022-09-30,그린샐러드,석식
2022-09-30,배추김치,석식
2022-10-01,밥,석식
2022-10-01,닭곰탕,석식
2022-10-01,야채튀김,석식
2022-10-01,오징어브로콜리숙회,석식
2022-10-01,배추김치,석식
2022-10-01,젤리,석식
2022-10-02,잡곡밥,석식
2022-10-02,닭고기육개장,석식
2022-10-02,베이컨야채볶음,석식
2022-10-02,청포묵김가루무침,석식
2022-10-02,배추김치,석식
2022-10-02,자연은 제주감귤 180ml,석식
2022-10-03,데리야끼삼겹살덮밥,석식
2022-10-03,콩나물김치국,석식
2022-10-03,계란후라이,석식
2022-10-03,핫도그,석식
2022-10-03,깍두기,석식
2022-10-03,음료수 탄산 과일,석식
2022-09-04,배추된장국,석식
2022-09-04,제육볶음,석식
2022-09-04,모듬쌈,석식
2022-09-04,배추김치,석식
2022-09-05,데리야끼삼겹살덮밥,석식
2022-09-05,콩나물김치국,석식
2022-09-05,토마토달걀볶음,석식
2022-09-05,오징어채무침,석식
2022-09-05,깍두기,석식
2022-09-06,불고기버거,석식
2022-09-07,밥,석식
2022-09-07,팽이버섯두부국,석식
2022-09-07,궁중떡볶이,석식
2022-09-07,베이컨감자채볶음,석식
2022-09-07,순대,석식
2022-09-07,배추김치,석식
2022-09-08,달걀케첩볶음밥,석식
2022-09-08,쑥갓어묵국,석식
2022-09-08,소떡소떡,석식
2022-09-08,두부조림,석식
2022-09-08,배추김치,석식
2022-09-09,잡곡밥,석식
2022-09-09,순두부찌개,석식
2022-09-09,훈제오리볶음,석식
2022-09-09,야채춘권&칠리소스,석식
2022-09-09,상추쌈,석식
2022-09-09,깍두기,석식
2022-09-10,밥,석식
2022-09-10,콩나물김치국,석식
2022-09-10,버팔로윙,석식
2022-09-10,깻잎육전,석식
2022-09-10,꽃맛살샐러드,석식
2022-09-10,깍두기,석식
2022-09-11,밥,석식
2022-09-11,감자짜글이,석식
2022-09-11,오리불고기,석식
2022-09-11,해물파전,석식
2022-09-11,쌈무,석식
2022-09-11,야채스틱앤저염쌈장,석식
2022-09-11,배추김치,석식
2022-09-12,카레밥,석식
2022-09-12,돈가스,석식
2022-09-12,단호박샐러드,석식
2022-09-12,컵스프,석식
2022-09-12,배추김치,석식
2022-09-13,잔치국수,석식
2022-09-13,밥,석식
2022-09-13,주꾸미볶음,석식
2022-09-13,김자반,석식
2022-09-13,콩나물무침,석식
2022-09-13,배추김치,석식
2022-09-14,밥,석식
2022-09-14,순두부찌개,석식
2022-09-14,오징어볶음,석식
2022-09-14,데리야끼갈릭치킨,석식
2022-09-14,계란찜,석식
2022-09-14,배추김치,석식
2022-09-15,밥,석식
2022-09-15,콩나물국,석식
2022-09-15,낙지볶음,석식
2022-09-15,돼지불고기,석식
2022-09-15,김자반,석식
2022-09-15,배추김치,석식
2022-09-16,잡곡밥,석식
2022-09-16,김치찌개,석식
2022-09-16,닭갈비,석식
2022-09-16,만두유린기,석식
2022-09-16,오이양파무침,석식
2022-09-16,열무김치,석식
2022-09-17,밥,석식
2022-09-17,북어들깨미역국,석식
2022-09-17,스팸구이,석식
2022-09-17,알떡스테이크,석식
2022-09-17,맛김,석식
2022-09-17,꽃맛살샐러드,석식
2022-09-17,배추김치,석식
2022-09-18,짜계치,석식
2022-09-18,흑미밥,석식
2022-09-18,감자짜글이,석식
2022-09-18,야채샐러드,석식
2022-09-18,참깨드레싱,석식
2022-09-18,배추김치,석식
2024-05-19,야채튀김,석식
2024-05-19,단무지무침,석식
2024-05-19,배추김치,석식
2024-05-19,웅진식품,석식
2024-05-20,밥,석식
2024-05-20,쇠고기육전,석식
2024-05-20,크래미숙주무침,석식
2024-05-20,배추김치,석식
2024-05-21,잡곡밥,석식
2024-05-21,호박된장찌개,석식
2024-05-21,훈제삼겹살구이,석식
2024-05-21,상추쌈,석식
2024-05-21,명이나물절임,석식
2024-05-21,파김치,석식
2024-05-22,밥,석식
2024-05-22,감자짜글이,석식
2024-05-22,쇠고기불고기,석식
2024-05-22,쌈무,석식
2024-05-22,오이부추무침,석식
2024-05-22,깍두기,석식
2024-05-23,날치알김가루주먹밥,석식
2024-05-23,쇠고기육개장,석식
2024-05-23,버팔로윙,석식
2024-05-23,야채샐러드,석식
2024-05-23,깍두기,석식
2024-05-23,콜라,석식
2024-05-24,자장밥,석식
2024-05-24,짬뽕찌개,석식
2024-05-24,고구마맛탕,석식
2024-05-24,계란후라이,석식
2024-05-24,단무지무침,석식
2024-05-24,파김치,석식
2024-05-24,해태에이치티비,석식
2024-05-25,참치마요덮밥,석식
2024-05-25,감자수제비,석식
2024-05-25,호떡쌀군만두,석식
2024-05-25,푸실리샐러드,석식
2024-05-25,갓김치,석식
2024-05-25,매일두유 초콜릿 190ml,석식
2024-05-26,밥,석식
2024-05-26,순대국,석식
2024-05-26,동태전,석식
2024-05-26,부추겉절이,석식
2024-05-26,배추김치,석식
2024-05-26,해태에이치티비,석식
2024-05-27,밥,석식
2024-05-27,시래기감자탕,석식
2024-05-27,깐풍새우,석식
2024-05-27,김치메밀전병,석식
2024-05-27,갓김치,석식
2024-05-28,돈코츠라멘,석식
2024-05-28,새우튀김,석식
2024-05-28,콘치즈오븐구이,석식
2024-05-28,오이피클,석식
2024-05-28,깍두기,석식
2024-05-28,에이드,석식
2024-05-29,햄야채볶음밥,석식
2024-05-29,유부어묵국,석식
2024-05-29,훈제연어스테이크,석식
2024-05-29,스크램블에그,석식
2024-05-29,배추김치,석식
2024-05-30,김가루주먹밥,석식
2024-05-30,꼬치어묵국,석식
2024-05-30,분모자떡볶이,석식
2024-05-30,순대튀김,석식
2024-05-30,삶은계란,석식
2024-05-30,해태에이치티비,석식
2024-05-31,닭칼국수,석식
2024-05-31,소떡소떡,석식
2024-05-31,해물파전,석식
2024-05-31,도토리묵무침,석식
2024-05-31,배추김치,석식
2022-09-03,닭순살샐러드,석식
2022-09-03,배추김치,석식
2022-09-04,검은콩밥,석식
2022-08-09,햄치즈버거,석식
2022-08-09,새우볼,석식
2022-08-09,음료수 탄산 과일,석식
2022-08-09,우유,석식
2022-08-10,검은콩밥,석식
2022-08-10,김치찌개,석식
2022-08-10,데리야끼갈릭치킨,석식
2022-08-10,계란말이,석식
2022-08-10,오이양파무침,석식
2022-08-10,깍두기,석식
2022-08-10,우유,석식
2022-08-11,스파게티,석식
2022-08-11,밥,석식
2022-08-11,깐쇼새우,석식
2022-08-11,찐만두,석식
2022-08-11,허니요거트드레싱,석식
2022-08-11,야채샐러드,석식
2022-08-11,배추김치,석식
2022-08-11,사인머스켓,석식
2022-08-12,잡곡밥,석식
2022-08-12,콩나물김치국,석식
2022-08-12,치즈함박스테이크소스,석식
2022-08-12,두부조림,석식
2022-08-12,배추김치,석식
2022-08-12,우유,석식
2022-08-12,팥빙수,석식
2022-08-13,잡곡밥,석식
2022-08-13,순두부찌개,석식
2022-08-13,쇠고기불고기,석식
2022-08-13,쌈무,석식
2022-08-13,모듬야채&쌈장,석식
2022-08-13,배추김치,석식
2022-08-14,흑미밥,석식
2022-08-14,감자짜글이,석식
2022-08-14,제육볶음,석식
2022-08-14,참깨드레싱,석식
2022-08-14,야채샐러드,석식
2022-08-14,배추김치,석식
2022-08-14,우유,석식
2022-08-15,밥,석식
2022-08-15,쑥갓어묵국,석식
2022-08-15,만두유린기,석식
2022-08-15,계란말이,석식
2022-08-15,소불고기덮밥소스,석식
2024-05-13,스쿨치밥,석식
2024-05-13,팽이버섯두부국,석식
2024-05-13,베이컨야채볶음,석식
2024-05-13,로제떡볶이,석식
2024-05-13,배추김치,석식
2024-05-14,흑미밥,석식
2024-05-14,순두부찌개,석식
2024-05-14,대패삼겹살볶음,석식
2024-05-14,상추쌈,석식
2024-05-14,배추김치,석식
2024-05-15,차돌짬뽕,석식
2024-05-15,고구마맛탕,석식
2024-05-15,닭고기오이냉채,석식
2024-05-15,단무지무침,석식
2024-05-15,배추김치,석식
2024-05-16,김치찌개,석식
2024-05-16,곱창야채볶음,석식
2024-05-16,오이양파무침,석식
2024-05-16,찐만두&간장,석식
2024-05-16,깍두기,석식
2024-05-17,해물사천짜장,석식
2024-05-17,파송송계란국,석식
2024-05-17,고구마맛탕,석식
2024-05-17,단무지무침,석식
2024-05-17,배추김치,석식
2024-05-18,쑥갓어묵국,석식
2024-05-18,비빔만두,석식
2024-05-18,계란후라이,석식
2024-05-18,치킨마요덮밥,석식
2024-05-18,배추김치,석식
2024-05-19,김가루주먹밥,석식
2024-05-19,미니우동,석식
2022-07-26,감귤 주스,석식
2022-07-26,우유,석식
2022-07-27,밥,석식
2022-07-27,순두부찌개,석식
2022-07-27,오징어볶음,석식
2022-07-27,데리야끼갈릭치킨,석식
2022-07-27,깻잎육전,석식
2022-07-27,배추김치,석식
2022-07-28,밥,석식
2022-07-28,호박된장찌개,석식
2022-07-28,돼지훈제,석식
2022-07-28,계란찜,석식
2022-07-28,쌈무,석식
2022-07-28,배추김치,석식
2022-07-28,자두,석식
2022-07-29,잡곡밥,석식
2022-07-29,쇠고기육개장,석식
2022-07-29,치킨너겟,석식
2022-07-29,궁중닭찜,석식
2022-07-29,배추김치,석식
2022-07-29,우유,석식
2022-07-30,황태해장국,석식
2022-07-30,버팔로윙,석식
2022-07-30,김자반,석식
2022-07-30,돼지고기장조림,석식
2022-07-30,무&비트피클,석식
2022-07-30,배추김치,석식
2022-07-31,제육덮밥,석식
2022-07-31,배추된장국,석식
2022-07-31,새우가스,석식
2022-07-31,계란말이,석식
2022-07-31,배추김치,석식
2022-08-01,잡곡밥,석식
2022-08-01,순두부찌개,석식
2022-08-01,고추잡채김말이,석식
2022-08-01,치즈함박스테이크소스,석식
2022-08-01,간장깻잎지,석식
2022-08-01,배추김치,석식
2022-08-02,흑미밥,석식
2022-08-02,쇠고기무국,석식
2022-08-02,낙지볶음,석식
2022-08-02,돈가스,석식
2022-08-02,계란찜,석식
2022-08-02,김자반,석식
2022-08-02,배추김치,석식
2022-08-03,햄야채볶음밥,석식
2022-08-03,짬뽕찌개,석식
2022-08-03,찹쌀꿔바로우,석식
2022-08-03,참깨드레싱,석식
2022-08-03,야채샐러드,석식
2022-08-03,깍두기,석식
2022-08-04,잡곡밥,석식
2022-08-04,감자계란국,석식
2022-08-04,베이컨김치볶음,석식
2022-08-04,궁중닭찜,석식
2022-08-04,깍두기,석식
2022-08-04,대추방울토마토,석식
2022-08-05,삼겹살마요덮밥,석식
2022-08-05,김치찌개,석식
2022-08-05,데리야끼갈릭치킨,석식
2022-08-05,간장깻잎지,석식
2022-08-05,깍두기,석식
2022-08-05,사이다,석식
2022-08-06,잡곡밥,석식
2022-08-06,돼지국밥,석식
2022-08-06,오징어볶음,석식
2022-08-06,오이부추무침,석식
2022-08-06,배추김치,석식
2022-08-06,거봉포도,석식
2022-08-07,잡곡밥,석식
2022-08-07,닭고기육개장,석식
2022-08-07,잡채,석식
2022-08-07,소떡소떡,석식
2022-08-07,배추김치,석식
2022-08-07,자연은 제주감귤 180ml,석식
2022-08-08,데리야끼삼겹살덮밥,석식
2022-08-08,황태해장국,석식
2022-08-08,고추잡채김말이,석식
2022-08-08,계란후라이,석식
2022-08-08,깍두기,석식
2022-08-08,아이스크림 떠먹는형,석식
2022-07-13,검은콩밥,석식
2022-07-13,햄소시지찌개,석식
2022-07-13,깐풍기,석식
2022-07-13,단호박샐러드,석식
2022-07-13,깍두기,석식
2022-07-13,비타민음료,석식
2022-07-14,삼겹살마요덮밥,석식
2022-07-14,배추된장국,석식
2022-07-14,소떡소떡,석식
2022-07-14,계란후라이,석식
2022-07-14,배추김치,석식
2022-07-14,신선형,석식
2022-07-15,잡곡밥,석식
2022-07-15,김치찌개,석식
2022-07-15,야채튀김,석식
2022-07-15,궁중닭찜,석식
2022-07-15,총각김치,석식
2022-07-15,감귤 주스,석식
2022-07-16,검은콩밥,석식
2022-07-16,감자짜글이,석식
2022-07-16,훈제오리볶음,석식
2022-07-16,김치전,석식
2022-07-16,쌈무,석식
2022-07-16,깍두기,석식
2022-07-17,잡곡밥,석식
2022-07-17,닭고기육개장,석식
2022-07-17,잡채,석식
2022-07-17,고등어순살강정,석식
2022-07-17,해물동그랑땡야채볶음,석식
2022-07-17,배추김치,석식
2022-07-17,감귤 주스,석식
2022-07-18,데리야끼삼겹살덮밥,석식
2022-07-18,콩나물김치국,석식
2022-07-18,고추잡채김말이,석식
2022-07-18,계란후라이,석식
2022-07-18,깍두기,석식
2022-07-18,우유,석식
2022-07-19,잡곡밥,석식
2022-07-19,햄소시지찌개,석식
2022-07-19,치즈함박스테이크소스,석식
2022-07-19,두부조림,석식
2022-07-19,배추김치,석식
2022-07-19,대추방울토마토,석식
2022-07-20,밥,석식
2022-07-20,순대국,석식
2022-07-20,볼어묵볶음,석식
2022-07-20,느타리버섯볶음,석식
2022-07-20,오이부추무침,석식
2022-07-20,깍두기,석식
2022-07-20,감귤 주스,석식
2022-07-21,새우버거,석식
2022-07-21,고구마치즈스틱,석식
2022-07-21,우유,석식
2022-07-21,음료수 탄산 과일,석식
2022-07-22,잡곡밥,석식
2022-07-22,순두부찌개,석식
2022-07-22,쇠고기불고기,석식
2022-07-22,모듬야채&쌈장,석식
2022-07-22,배추김치,석식
2022-07-22,감귤 주스,석식
2022-07-23,밥,석식
2022-07-23,김치찌개,석식
2022-07-23,제육볶음,석식
2022-07-23,쌈무,석식
2022-07-23,미나리콩나물무침,석식
2022-07-23,깍두기,석식
2022-07-23,아이스크림 떠먹는형,석식
2022-07-24,달걀케첩볶음밥,석식
2022-07-24,감자짜글이,석식
2022-07-24,팝콘형치킨너겟,석식
2022-07-24,야채샐러드,석식
2022-07-24,참깨드레싱,석식
2022-07-24,배추김치,석식
2022-07-24,사이다,석식
2022-07-25,밥,석식
2022-07-25,쇠고기미역국,석식
2022-07-25,훈제오리냉채,석식
2022-07-25,오이도라지무침,석식
2022-07-25,쌈무,석식
2022-07-25,배추김치,석식
2022-07-26,핫도그빵,석식
2022-07-26,토마토달걀볶음,석식
2022-07-26,고구마치즈스틱,석식
2022-06-29,총각김치,석식
2022-06-29,아이스크림 콘 완제품,석식
2022-06-30,제육덮밥,석식
2022-06-30,들깨미역국,석식
2022-06-30,치킨가스,석식
2022-06-30,참깨드레싱,석식
2022-06-30,야채샐러드,석식
2022-06-30,배추김치,석식
2022-06-30,사이다,석식
2022-07-01,밥,석식
2022-07-01,팽이버섯두부국,석식
2022-07-01,소떡소떡,석식
2022-07-01,깻잎육전,석식
2022-07-01,닭순살샐러드,석식
2022-07-01,배추김치,석식
2022-07-02,자장밥,석식
2022-07-02,짬뽕찌개,석식
2022-07-02,찹쌀꿔바로우,석식
2022-07-02,무말랭이무침,석식
2022-07-02,야채샐러드,석식
2022-07-02,참깨드레싱,석식
2022-07-02,배추김치,석식
2022-07-02,신선형,석식
2022-07-03,밥,석식
2022-07-03,햄소시지찌개,석식
2022-07-03,오리불고기,석식
2022-07-03,양배추쌈,석식
2022-07-03,배추김치,석식
2022-07-03,대추방울토마토,석식
2022-07-04,볶음밥,석식
2022-07-04,새우순두부계란탕,석식
2022-07-04,순대야채볶음,석식
2022-07-04,간장깻잎지,석식
2022-07-04,배추김치,석식
2022-07-04,감귤 주스,석식
2022-07-05,잡곡밥,석식
2022-07-05,쇠고기감자국,석식
2022-07-05,돼지불고기,석식
2022-07-05,오믈렛,석식
2022-07-05,쌈무,석식
2022-07-05,배추김치,석식
2022-07-05,아이스크림 떠먹는형,석식
2022-07-06,잡곡밥,석식
2022-07-06,닭볶음탕,석식
2022-07-06,잡채,석식
2022-07-06,삼치순살튀김,석식
2022-07-06,오이부추무침,석식
2022-07-06,배추김치,석식
2022-07-06,우유,석식
2022-07-07,밥,석식
2022-07-07,배추된장국,석식
2022-07-07,돼지고기청경채볶음,석식
2022-07-07,청양마요치킨,석식
2022-07-07,무초절이,석식
2022-07-07,배추김치,석식
2022-07-07,바나나,석식
2022-07-08,잡곡밥,석식
2022-07-08,김치찌개,석식
2022-07-08,새우튀김,석식
2022-07-08,궁중닭찜,석식
2022-07-08,깻잎육전,석식
2022-07-08,총각김치,석식
2022-07-08,아이스크림 콘 완제품,석식
2022-07-09,흑미밥,석식
2022-07-09,호박된장찌개,석식
2022-07-09,제육볶음,석식
2022-07-09,모듬야채&쌈장,석식
2022-07-09,배추김치,석식
2022-07-09,대추방울토마토,석식
2022-07-10,밥,석식
2022-07-10,순두부찌개,석식
2022-07-10,닭갈비,석식
2022-07-10,야채샐러드,석식
2022-07-10,참깨드레싱,석식
2022-07-10,배추김치,석식
2022-07-11,카레밥,석식
2022-07-11,김치찌개,석식
2022-07-11,치즈함박스테이크소스,석식
2022-07-11,계란후라이,석식
2022-07-11,닭순살샐러드,석식
2022-07-11,깍두기,석식
2022-07-11,음료수 탄산 과일,석식
2022-07-12,제육덮밥,석식
2022-07-12,건새우아욱국,석식
2022-07-12,치킨가라아게,석식
2022-07-12,무&비트피클,석식
2022-07-12,배추김치,석식
2022-07-12,사이다,석식
2022-06-16,고구마치즈스틱,석식
2022-06-16,계란후라이,석식
2022-06-16,단무지무침,석식
2022-06-16,대추방울토마토,석식
2022-06-17,잡곡밥,석식
2022-06-17,순두부찌개,석식
2022-06-17,쇠고기불고기,석식
2022-06-17,양배추쌈,석식
2022-06-17,오이파프리카무침,석식
2022-06-17,배추김치,석식
2022-06-17,사이다,석식
2022-06-18,닭고기덮밥,석식
2022-06-18,콩나물김치국,석식
2022-06-18,새우가스,석식
2022-06-18,브로콜리/초고추장,석식
2022-06-18,총각김치,석식
2022-06-19,흑미밥,석식
2022-06-19,감자짜글이,석식
2022-06-19,꽈리고추멸치볶음,석식
2022-06-19,치킨가라아게,석식
2022-06-19,찐만두,석식
2022-06-19,총각김치,석식
2022-06-20,밥,석식
2022-06-20,김치찌개,석식
2022-06-20,궁중닭찜,석식
2022-06-20,두부조림,석식
2022-06-20,배추김치,석식
2022-06-20,감귤 주스,석식
2022-06-21,새우볼,석식
2022-06-21,치즈함박스테이크소스,석식
2022-06-21,골뱅이오징어채무침,석식
2022-06-21,야채샐러드,석식
2022-06-21,허니요거트드레싱,석식
2022-06-21,배추김치,석식
2022-06-21,수박,석식
2022-06-22,밥,석식
2022-06-22,순두부찌개,석식
2022-06-22,제육볶음,석식
2022-06-22,깻잎육전,석식
2022-06-22,무&비트피클,석식
2022-06-22,배추김치,석식
2022-06-22,감귤 주스,석식
2022-06-23,검은콩밥,석식
2022-06-23,콩나물국,석식
2022-06-23,순대야채볶음,석식
2022-06-23,닭강정,석식
2022-06-23,배추김치,석식
2022-06-23,대추방울토마토,석식
2022-06-24,잡곡밥,석식
2022-06-24,쇠고기육개장,석식
2022-06-24,훈제오리볶음,석식
2022-06-24,쌈무,석식
2022-06-24,브로콜리/초고추장,석식
2022-06-24,배추김치,석식
2022-06-24,감귤 주스,석식
2022-06-25,밥,석식
2022-06-25,햄소시지찌개,석식
2022-06-25,오징어볶음,석식
2022-06-25,치킨가라아게,석식
2022-06-25,간장깻잎지,석식
2022-06-25,오이김치,석식
2022-06-25,대추방울토마토,석식
2022-06-26,잡곡밥,석식
2022-06-26,김치찌개,석식
2022-06-26,치즈함박스테이크소스,석식
2022-06-26,고추장더덕무침,석식
2022-06-26,참깨드레싱,석식
2022-06-26,야채샐러드,석식
2022-06-26,총각김치,석식
2022-06-26,감귤 주스,석식
2022-06-27,통새우볶음밥,석식
2022-06-27,콩나물김치국,석식
2022-06-27,찹쌀꿔바로우,석식
2022-06-27,김자반,석식
2022-06-27,계란후라이,석식
2022-06-27,총각김치,석식
2022-06-28,검은콩밥,석식
2022-06-28,바지락순두부찌개,석식
2022-06-28,치즈돈가스,석식
2022-06-28,오이파프리카무침,석식
2022-06-28,꽃맛살샐러드,석식
2022-06-28,배추김치,석식
2022-06-28,참외,석식
2022-06-29,베이컨김치볶음밥,석식
2022-06-29,쇠고기감자국,석식
2022-06-29,미니핫도그,석식
2022-06-29,계란후라이,석식
2022-06-02,생선가스,석식
2022-06-02,파김치,석식
2022-06-03,흑미밥,석식
2022-06-03,닭볶음탕,석식
2022-06-03,야채튀김,석식
2022-06-03,시금치무침,석식
2022-06-03,배추김치,석식
2022-06-03,아이스크림 콘 완제품,석식
2022-06-04,볶음밥,석식
2022-06-04,새우순두부계란탕,석식
2022-06-04,찹쌀꿔바로우,석식
2022-06-04,야채샐러드,석식
2022-06-04,배추김치,석식
2022-06-04,참외,석식
2022-06-05,밥,석식
2022-06-05,감자짜글이,석식
2022-06-05,오리불고기,석식
2022-06-05,무초절이,석식
2022-06-05,야채스틱앤저염쌈장,석식
2022-06-05,배추김치,석식
2022-06-06,카레밥,석식
2022-06-06,김치찌개,석식
2022-06-06,오믈렛,석식
2022-06-06,야채샐러드,석식
2022-06-06,총각김치,석식
2022-06-06,감귤 주스,석식
2022-06-07,밥,석식
2022-06-07,순대국,석식
2022-06-07,찐만두,석식
2022-06-07,부추겉절이,석식
2022-06-07,배추김치,석식
2022-06-07,우유,석식
2022-06-07,팥빙수,석식
2022-06-08,밥,석식
2022-06-08,배추된장국,석식
2022-06-08,마파두부,석식
2022-06-08,데리야끼갈릭치킨,석식
2022-06-08,야채샐러드,석식
2022-06-08,파김치,석식
2022-06-09,밥,석식
2022-06-09,콩나물국,석식
2022-06-09,낙지볶음,석식
2022-06-09,찹쌀꿔바로우,석식
2022-06-09,김자반,석식
2022-06-09,무생채,석식
2022-06-09,배추김치,석식
2022-06-10,잡곡밥,석식
2022-06-10,김치찌개,석식
2022-06-10,닭갈비,석식
2022-06-10,야채튀김,석식
2022-06-10,브로콜리/초고추장,석식
2022-06-10,총각김치,석식
2022-06-10,아이스크림 팩형,석식
2022-06-11,잡곡밥,석식
2022-06-11,북어들깨미역국,석식
2022-06-11,닭순살야채볶음,석식
2022-06-11,오징어채볶음,석식
2022-06-11,오이부추무침,석식
2022-06-11,배추김치,석식
2022-06-12,밥,석식
2022-06-12,돼지불고기,석식
2022-06-12,계란찜,석식
2022-06-12,모듬야채&쌈장,석식
2022-06-12,배추김치,석식
2022-06-12,감귤 주스,석식
2022-06-13,데리야끼삼겹살덮밥,석식
2022-06-13,콩나물김치국,석식
2022-06-13,맛김,석식
2022-06-13,계란후라이,석식
2022-06-13,오징어채무침,석식
2022-06-13,총각김치,석식
2022-06-14,달걀케첩볶음밥,석식
2022-06-14,쇠고기무국,석식
2022-06-14,소떡소떡,석식
2022-06-14,콩나물매운무침,석식
2022-06-14,배추김치,석식
2022-06-14,비타민음료,석식
2022-06-15,흑미밥,석식
2022-06-15,팽이버섯두부국,석식
2022-06-15,돼지고기콩나물볶음,석식
2022-06-15,오믈렛,석식
2022-06-15,배추김치,석식
2022-06-15,아이스크림 떠먹는형,석식
2022-06-16,베이컨김치볶음밥,석식
2022-06-16,호박된장찌개,석식
2022-05-19,새우가스,석식
2022-05-19,오믈렛,석식
2022-05-19,백김치,석식
2022-05-19,메론,석식
2022-05-20,잡곡밥,석식
2022-05-20,호박된장찌개,석식
2022-05-20,돼지훈제,석식
2022-05-20,상추쌈,석식
2022-05-20,배추김치,석식
2022-05-20,아이스크림 떠먹는형,석식
2022-05-21,닭고기덮밥,석식
2022-05-21,콩나물김치국,석식
2022-05-21,맛김,석식
2022-05-21,납작만두,석식
2022-05-21,깍두기,석식
2022-05-21,대추방울토마토,석식
2022-05-22,흑미밥,석식
2022-05-22,사골우거지국,석식
2022-05-22,치킨가라아게,석식
2022-05-22,무초절이,석식
2022-05-22,배추김치,석식
2022-05-22,감귤 주스,석식
2022-05-23,제육덮밥,석식
2022-05-23,배추된장국,석식
2022-05-23,생선가스&타르타르소스,석식
2022-05-23,야채샐러드,석식
2022-05-23,배추김치,석식
2022-05-23,감귤 주스,석식
2022-05-24,새우버거,석식
2022-05-24,고구마치즈스틱,석식
2022-05-24,감귤 주스,석식
2022-05-25,볶음밥,석식
2022-05-25,짬뽕찌개,석식
2022-05-25,납작만두,석식
2022-05-25,야채샐러드,석식
2022-05-25,배추김치,석식
2022-05-25,참외,석식
2022-05-26,밥,석식
2022-05-26,순두부찌개,석식
2022-05-26,잡채,석식
2022-05-26,햄버그스테이크,석식
2022-05-26,배추김치,석식
2022-05-26,메론,석식
2022-05-27,햄야채볶음밥,석식
2022-05-27,콩나물김치국,석식
2022-05-27,돈가스,석식
2022-05-27,야채샐러드,석식
2022-05-27,깍두기,석식
2022-05-28,닭고기부추밥,석식
2022-05-28,감자계란국,석식
2022-05-28,고구마치즈스틱,석식
2022-05-28,김자반,석식
2022-05-28,배추김치,석식
2022-05-28,참외,석식
2022-05-29,흑미밥,석식
2022-05-29,차돌육개장,석식
2022-05-29,궁중닭찜,석식
2022-05-29,순두부양념장,석식
2022-05-29,깍두기,석식
2022-05-29,초코과자,석식
2022-05-30,밥,석식
2022-05-30,햄소시지찌개,석식
2022-05-30,오징어볶음,석식
2022-05-30,고추잡채김말이,석식
2022-05-30,깻잎양념무침,석식
2022-05-30,깍두기,석식
2022-05-30,아이스크림 팩형,석식
2022-05-31,잡곡밥,석식
2022-05-31,김치찌개,석식
2022-05-31,돼지훈제,석식
2022-05-31,상추쌈,석식
2022-05-31,브로콜리/초고추장,석식
2022-05-31,깍두기,석식
2022-05-31,대추방울토마토,석식
2022-06-01,주먹밥,석식
2022-06-01,쑥갓어묵국,석식
2022-06-01,떡볶이,석식
2022-06-01,고추잡채김말이,석식
2022-06-01,배추김치,석식
2022-06-01,참외,석식
2022-06-02,검은콩밥,석식
2022-06-02,김치찌개,석식
2022-06-02,비엔나소시지케찹볶음,석식
2022-05-05,순두부찌개,석식
2022-05-05,돼지훈제,석식
2022-05-05,모듬쌈,석식
2022-05-05,파김치,석식
2022-05-05,메론,석식
2022-05-06,카레밥,석식
2022-05-06,콩나물김치국,석식
2022-05-06,찹쌀꿔바로우,석식
2022-05-06,야채샐러드,석식
2022-05-06,배추김치,석식
2022-05-06,사이다,석식
2022-05-07,흑미밥,석식
2022-05-07,닭볶음탕,석식
2022-05-07,마파두부,석식
2022-05-07,브로콜리/초고추장,석식
2022-05-07,배추김치,석식
2022-05-07,감귤 주스,석식
2022-05-08,밥,석식
2022-05-08,배추된장국,석식
2022-05-08,돼지훈제,석식
2022-05-08,양배추쌈,석식
2022-05-08,배추김치,석식
2022-05-08,메론,석식
2022-05-09,제육덮밥,석식
2022-05-09,새우순두부계란탕,석식
2022-05-09,햄버그스테이크,석식
2022-05-09,계란후라이,석식
2022-05-09,배추김치,석식
2022-05-09,감귤 주스,석식
2022-05-10,잡곡밥,석식
2022-05-10,쇠고기감자국,석식
2022-05-10,돼지불고기,석식
2022-05-10,상추쌈,석식
2022-05-10,배추김치,석식
2022-05-10,참외,석식
2022-05-11,밥,석식
2022-05-11,순두부찌개,석식
2022-05-11,데리야끼갈릭치킨,석식
2022-05-11,무초절이,석식
2022-05-11,야채샐러드,석식
2022-05-11,배추김치,석식
2022-05-11,사이다,석식
2022-05-12,비빔밥,석식
2022-05-12,쇠고기무국,석식
2022-05-12,고추잡채김말이,석식
2022-05-12,배추김치,석식
2022-05-12,대추방울토마토,석식
2022-05-13,잡곡밥,석식
2022-05-13,김치찌개,석식
2022-05-13,궁중닭찜,석식
2022-05-13,브로콜리/초고추장,석식
2022-05-13,깍두기,석식
2022-05-13,우유,석식
2022-05-14,밥,석식
2022-05-14,햄소시지찌개,석식
2022-05-14,닭갈비,석식
2022-05-14,찐만두,석식
2022-05-14,깍두기,석식
2022-05-15,잡곡밥,석식
2022-05-15,닭고기육개장,석식
2022-05-15,잡채,석식
2022-05-15,떡산적,석식
2022-05-15,배추김치,석식
2022-05-15,감귤 주스,석식
2022-05-16,데리야끼삼겹살덮밥,석식
2022-05-16,콩나물김치국,석식
2022-05-16,계란후라이,석식
2022-05-16,오징어채무침,석식
2022-05-16,깍두기,석식
2022-05-16,감귤 주스,석식
2022-05-17,잡곡밥,석식
2022-05-17,시금치된장국,석식
2022-05-17,새우볼,석식
2022-05-17,떡갈비스테이크,석식
2022-05-17,깍두기,석식
2022-05-17,대추방울토마토,석식
2022-05-18,흑미밥,석식
2022-05-18,쇠고기감자국,석식
2022-05-18,돼지고기콩나물볶음,석식
2022-05-18,치킨가라아게,석식
2022-05-18,미나리나물,석식
2022-05-18,배추김치,석식
2022-05-18,아이스크림 콘 완제품,석식
2022-05-19,잡곡밥,석식
2022-05-19,김치찌개,석식
2022-04-21,햄야채볶음밥,석식
2022-04-21,배추된장국,석식
2022-04-21,떡갈비조림,석식
2022-04-21,깍두기,석식
2022-04-21,참외,석식
2022-04-22,잡곡밥,석식
2022-04-22,바지락순두부찌개,석식
2022-04-22,제육볶음,석식
2022-04-22,모듬야채,석식
2022-04-22,배추김치,석식
2022-04-22,감귤 주스,석식
2022-04-23,하이라이스덮밥,석식
2022-04-23,짬뽕찌개,석식
2022-04-23,납작만두,석식
2022-04-23,배추김치,석식
2022-04-23,대추방울토마토,석식
2022-04-24,밥,석식
2022-04-24,시금치된장국,석식
2022-04-24,고추잡채김말이,석식
2022-04-24,궁중닭찜,석식
2022-04-24,배추김치,석식
2022-04-24,사이다,석식
2022-04-25,잡곡밥,석식
2022-04-25,돼지고기고추장찌개,석식
2022-04-25,맑은오징어볶음,석식
2022-04-25,비엔나소시지강정,석식
2022-04-25,배추김치,석식
2022-04-25,감귤 주스,석식
2022-04-26,잡곡밥,석식
2022-04-26,쇠고기육개장,석식
2022-04-26,돼지고기김치볶음,석식
2022-04-26,타코야끼,석식
2022-04-26,백김치,석식
2022-04-26,대추방울토마토,석식
2022-04-27,닭고기덮밥,석식
2022-04-27,쑥갓어묵국,석식
2022-04-27,감자짜글이,석식
2022-04-27,베이컨야채볶음,석식
2022-04-27,김자반,석식
2022-04-27,깍두기,석식
2022-04-28,흑미밥,석식
2022-04-28,호박된장찌개,석식
2022-04-28,삼겹살구이,석식
2022-04-28,미나리콩나물무침,석식
2022-04-28,상추쌈,석식
2022-04-28,배추김치,석식
2022-04-28,대추방울토마토,석식
2022-04-29,밥,석식
2022-04-29,햄소시지찌개,석식
2022-04-29,탄두리치킨,석식
2022-04-29,깻잎양념무침,석식
2022-04-29,배추김치,석식
2022-04-29,사과,석식
2022-04-30,밥,석식
2022-04-30,동그랑땡,석식
2022-04-30,닭고기김치찜,석식
2022-04-30,맛김,석식
2022-04-30,스크램블에그,석식
2022-04-30,배추김치,석식
2022-04-30,참외,석식
2022-05-01,달걀케첩볶음밥,석식
2022-05-01,짬뽕찌개,석식
2022-05-01,만두튀김,석식
2022-05-01,시금치무침,석식
2022-05-01,배추김치,석식
2022-05-01,감귤 주스,석식
2022-05-02,밥,석식
2022-05-02,황태해장국,석식
2022-05-02,대왕오징어튀김,석식
2022-05-02,닭고기김치찜,석식
2022-05-02,파김치,석식
2022-05-03,베이컨김치볶음밥,석식
2022-05-03,소시지부대찌개,석식
2022-05-03,계란후라이,석식
2022-05-03,콩나물매운무침,석식
2022-05-03,깍두기,석식
2022-05-04,주먹밥,석식
2022-05-04,쑥갓어묵국,석식
2022-05-04,떡볶이,석식
2022-05-04,찐만두,석식
2022-05-04,타코야끼,석식
2022-05-04,배추김치,석식
2022-05-05,검은콩밥,석식
2022-04-06,배추김치,석식
2022-04-06,아이스크림 팩형,석식
2022-04-07,주먹밥,석식
2022-04-07,쑥갓어묵국,석식
2022-04-07,떡볶이,석식
2022-04-07,버섯탕수,석식
2022-04-07,삶은계란,석식
2022-04-07,배추김치,석식
2022-04-07,대추방울토마토,석식
2022-04-08,흑미밥,석식
2022-04-08,닭볶음탕,석식
2022-04-08,마파두부,석식
2022-04-08,시금치무침,석식
2022-04-08,배추김치,석식
2022-04-08,감귤 주스,석식
2022-04-09,흑미밥,석식
2022-04-09,호박된장찌개,석식
2022-04-09,돼지불고기,석식
2022-04-09,소시지야채볶음,석식
2022-04-09,오이파프리카무침,석식
2022-04-09,배추김치,석식
2022-04-10,밥,석식
2022-04-10,햄소시지찌개,석식
2022-04-10,닭갈비,석식
2022-04-10,야채샐러드,석식
2022-04-10,배추김치,석식
2022-04-11,밥,석식
2022-04-11,감자짜글이,석식
2022-04-11,오리불고기,석식
2022-04-11,모듬쌈,석식
2022-04-11,배추김치,석식
2022-04-11,아이스크림 콘 완제품,석식
2022-04-12,흑미밥,석식
2022-04-12,콩나물국,석식
2022-04-12,매운쭈꾸미볶음,석식
2022-04-12,계란찜,석식
2022-04-12,김자반,석식
2022-04-12,배추김치,석식
2022-04-12,대추방울토마토,석식
2022-04-13,밥,석식
2022-04-13,김치찌개,석식
2022-04-13,찹쌀꿔바로우,석식
2022-04-13,무초절이,석식
2022-04-13,야채샐러드,석식
2022-04-13,배추김치,석식
2022-04-14,제육덮밥,석식
2022-04-14,새우순두부계란탕,석식
2022-04-14,고추잡채김말이,석식
2022-04-14,계란후라이,석식
2022-04-14,배추김치,석식
2022-04-14,감귤 주스,석식
2022-04-15,잡곡밥,석식
2022-04-15,생선가스&타르타르소스,석식
2022-04-15,오이부추무침,석식
2022-04-15,깍두기,석식
2022-04-16,잡곡밥,석식
2022-04-16,순두부찌개,석식
2022-04-16,햄버그스테이크,석식
2022-04-16,계란후라이,석식
2022-04-16,배추김치,석식
2022-04-16,아이스크림 떠먹는형,석식
2022-04-17,밥,석식
2022-04-17,차돌육개장,석식
2022-04-17,잡채,석식
2022-04-17,떡산적,석식
2022-04-17,깍두기,석식
2022-04-17,감귤 주스,석식
2022-04-18,데리야끼삼겹살덮밥,석식
2022-04-18,콩나물국,석식
2022-04-18,계란후라이,석식
2022-04-18,오징어채무침,석식
2022-04-18,배추김치,석식
2022-04-18,감귤 주스,석식
2022-04-19,새우버거,석식
2022-04-19,고구마치즈스틱,석식
2022-04-19,음료수 탄산 콜라,석식
2022-04-19,우유,석식
2022-04-20,흑미밥,석식
2022-04-20,쇠고기감자국,석식
2022-04-20,돼지고기콩나물볶음,석식
2022-04-20,야채튀김,석식
2022-04-20,깍두기,석식
2022-04-20,감귤 주스,석식
2022-03-23,닭갈비,석식
2022-03-23,순두부계란찜,석식
2022-03-23,갓김치,석식
2022-03-23,우유,석식
2022-03-24,잡곡밥,석식
2022-03-24,콩나물국,석식
2022-03-24,제육볶음,석식
2022-03-24,게맛살마요무침,석식
2022-03-24,상추쌈,석식
2022-03-24,배추김치,석식
2022-03-24,대추방울토마토,석식
2022-03-25,달걀케첩볶음밥,석식
2022-03-25,쇠고기미역국,석식
2022-03-25,까르보나라떡볶이,석식
2022-03-25,야채튀김,석식
2022-03-25,배추김치,석식
2022-03-25,사과,석식
2022-03-26,밥,석식
2022-03-26,김치찌개,석식
2022-03-26,궁중닭찜,석식
2022-03-26,시금치고추장무침,석식
2022-03-26,깍두기,석식
2022-03-26,우유,석식
2022-03-27,밥,석식
2022-03-27,시금치된장국,석식
2022-03-27,제육볶음,석식
2022-03-27,상추쌈,석식
2022-03-27,가공우유,석식
2022-03-27,갓김치,석식
2022-03-28,잡곡밥,석식
2022-03-28,닭고기육개장,석식
2022-03-28,돈파육,석식
2022-03-28,콩나물매운무침,석식
2022-03-28,배추김치,석식
2022-03-28,감귤 주스,석식
2022-03-29,검은콩밥,석식
2022-03-29,짬뽕찌개,석식
2022-03-29,깐풍기,석식
2022-03-29,시금치무침,석식
2022-03-29,배추김치,석식
2022-03-29,배,석식
2022-03-30,잡곡밥,석식
2022-03-30,갈비탕,석식
2022-03-30,오징어볶음,석식
2022-03-30,오이파프리카초무침,석식
2022-03-30,갓김치,석식
2022-03-30,대추방울토마토,석식
2022-03-31,새우버거,석식
2022-03-31,찐만두,석식
2022-03-31,우유,석식
2022-04-01,잡곡밥,석식
2022-04-01,쇠고기육개장,석식
2022-04-01,고등어순살강정,석식
2022-04-01,닭고기김치찜,석식
2022-04-01,배추김치,석식
2022-04-01,음료수 탄산 과일,석식
2022-04-02,밥,석식
2022-04-02,배추된장국,석식
2022-04-02,쇠고기불고기,석식
2022-04-02,미나리콩나물무침,석식
2022-04-02,배추김치,석식
2022-04-02,감귤 주스,석식
2022-04-03,닭고기부추밥,석식
2022-04-03,황태채국,석식
2022-04-03,오이부추무침,석식
2022-04-03,배추김치,석식
2022-04-03,젤리,석식
2022-04-04,제육덮밥,석식
2022-04-04,짬뽕찌개,석식
2022-04-04,맛김,석식
2022-04-04,계란후라이,석식
2022-04-04,배추김치,석식
2022-04-04,감귤 주스,석식
2022-04-05,흑미밥,석식
2022-04-05,진한육개장,석식
2022-04-05,마파두부,석식
2022-04-05,야채튀김,석식
2022-04-05,배추김치,석식
2022-04-05,음료수 탄산 과일,석식
2022-04-06,달걀케첩볶음밥,석식
2022-04-06,쇠고기감자국,석식
2022-04-06,만두튀김,석식
2022-03-09,순두부찌개,석식
2022-03-09,제육볶음,석식
2022-03-09,무생채,석식
2022-03-09,배추김치,석식
2022-03-09,사과,석식
2022-03-10,잡곡밥,석식
2022-03-10,쇠고기무국,석식
2022-03-10,고등어순살강정,석식
2022-03-10,궁중닭찜,석식
2022-03-10,배추김치,석식
2022-03-10,유산균 발효 음료,석식
2022-03-11,밥,석식
2022-03-11,쇠고기미역국,석식
2022-03-11,오리불고기,석식
2022-03-11,미나리콩나물무침,석식
2022-03-11,배추김치,석식
2022-03-11,감귤 주스,석식
2022-03-12,밥,석식
2022-03-12,돼지고기고추장찌개,석식
2022-03-12,잡채,석식
2022-03-12,계란찜,석식
2022-03-12,김자반,석식
2022-03-12,배추김치,석식
2022-03-12,우유,석식
2022-03-13,삼겹살마요덮밥,석식
2022-03-13,팽이버섯두부국,석식
2022-03-13,떡볶이,석식
2022-03-13,배추김치,석식
2022-03-13,대추방울토마토,석식
2022-03-14,흑미밥,석식
2022-03-14,바지락순두부찌개,석식
2022-03-14,오징어볶음,석식
2022-03-14,비엔나소시지강정,석식
2022-03-14,배추김치,석식
2022-03-14,감귤 주스,석식
2022-03-15,밥,석식
2022-03-15,햄소시지찌개,석식
2022-03-15,생선가스&타르타르소스,석식
2022-03-15,닭순살샐러드,석식
2022-03-15,배추김치,석식
2022-03-16,흑미밥,석식
2022-03-16,감자탕,석식
2022-03-16,삼치순살튀김,석식
2022-03-16,오이파프리카초무침,석식
2022-03-16,깍두기,석식
2022-03-16,농후 발효유,석식
2022-03-17,잡곡밥,석식
2022-03-17,차돌박이된장찌개,석식
2022-03-17,돼지불고기,석식
2022-03-17,상추쌈,석식
2022-03-17,배추김치,석식
2022-03-17,우유,석식
2022-03-18,볶음밥,석식
2022-03-18,북어들깨미역국,석식
2022-03-18,맛김,석식
2022-03-18,스크램블에그,석식
2022-03-18,배추김치,석식
2022-03-18,사과,석식
2022-03-19,밥,석식
2022-03-19,감자짜글이,석식
2022-03-19,쇠고기불고기,석식
2022-03-19,오이부추무침,석식
2022-03-19,깍두기,석식
2022-03-19,대추방울토마토,석식
2022-03-20,자장밥,석식
2022-03-20,짬뽕찌개,석식
2022-03-20,만두유린기,석식
2022-03-20,배추김치,석식
2022-03-20,사과,석식
2022-03-21,데리야끼삼겹살덮밥,석식
2022-03-21,감자수제비국,석식
2022-03-21,시금치고추장무침,석식
2022-03-21,깍두기,석식
2022-03-21,감귤 주스,석식
2022-03-22,검은콩밥,석식
2022-03-22,굴짬뽕찌개,석식
2022-03-22,청양마요치킨,석식
2022-03-22,야채샐러드,석식
2022-03-22,배추김치,석식
2022-03-22,두유 검은콩,석식
2022-03-23,흑미밥,석식
2022-03-23,쇠고기육개장,석식
2023-11-08,돼지고기애호박찌개,석식
2023-11-08,치킨텐더,석식
2023-11-08,쌈무무침,석식
2023-11-08,배추김치,석식
2023-11-09,샐러드모닝빵,석식
2023-11-09,돈코츠라멘,석식
2023-11-09,타코야끼,석식
2023-11-09,단무지무침,석식
2023-11-09,닭고기오이냉채,석식
2023-11-09,배추김치,석식
2023-11-10,밥,석식
2023-11-10,닭곰탕,석식
2023-11-10,계란장조림,석식
2023-11-10,부추겉절이,석식
2023-11-10,오징어젓무침,석식
2023-11-10,배추김치,석식
2023-11-11,날치알김가루주먹밥,석식
2023-11-11,황태채국,석식
2023-11-11,매운족발볶음,석식
2023-11-11,쇠고기육전,석식
2023-11-11,배추김치,석식
2023-11-11,농심,석식
2023-11-12,스쿨치밥,석식
2023-11-12,우동장국,석식
2023-11-12,생선가스,석식
2023-11-12,오리엔탈샐러드,석식
2023-11-12,배추김치,석식
2023-11-12,초코과자,석식
2023-11-13,흑미밥,석식
2023-11-13,고추장수제비,석식
2023-11-13,훈제삼겹살구이/명이나물,석식
2023-11-13,양배추쌈&저염쌈장,석식
2023-11-13,배추김치,석식
2023-11-14,잡곡밥,석식
2023-11-14,햄소시지찌개,석식
2023-11-14,훈제오리볶음,석식
2023-11-14,쌈무,석식
2023-11-14,백김치,석식
2023-11-15,잡곡밥,석식
2023-11-15,조랭이떡들깨탕,석식
2023-11-15,오징어볶음,석식
2023-11-15,지파이,석식
2023-11-15,배추김치,석식
2023-11-15,요구르트,석식
2023-11-16,잡곡밥,석식
2023-11-16,호박된장찌개,석식
2023-11-16,매운돼지갈비찜,석식
2023-11-16,양파절임,석식
2023-11-16,배추김치,석식
2023-11-17,닭칼국수,석식
2023-11-17,후리카케밥,석식
2023-11-17,낙지볶음,석식
2023-11-17,찐만두&간장,석식
2023-11-17,깍두기,석식
2023-11-18,밥,석식
2023-11-18,감자짜글이,석식
2023-11-18,돼지불고기,석식
2023-11-18,파채콩나물무침,석식
2023-11-18,상추쌈,석식
2023-11-18,깍두기,석식
2023-11-18,농심,석식
2023-11-19,밥,석식
2023-11-19,쇠고기감자국,석식
2023-11-19,닭강정,석식
2023-11-19,잡채어묵조림,석식
2023-11-19,총각김치,석식
2023-11-19,웅진식품,석식
2023-11-20,나시고랭볶음밥,석식
2023-11-20,쌀국수,석식
2023-11-20,고구마맛탕,석식
2023-11-20,양파절임,석식
2023-11-20,배추김치,석식
2023-11-21,마커니커리라이스,석식
2023-11-21,콩나물국,석식
2022-03-09,밥,석식
2023-10-26,흑미밥,석식
2023-10-26,시래기감자탕,석식
2023-10-26,애호박나물,석식
2023-10-26,닭고기오이냉채,석식
2023-10-26,백김치,석식
2023-10-26,사인머스켓,석식
2023-10-27,깍두기김치볶음밥,석식
2023-10-27,해쉬브라운,석식
2023-10-27,바베큐폭립,석식
2023-10-27,양송이스프,석식
2023-10-27,백김치,석식
2023-10-27,사이다,석식
2023-10-28,흑미밥,석식
2023-10-28,팽이버섯두부국,석식
2023-10-28,대패삼겹살소시지구이,석식
2023-10-28,파채무침,석식
2023-10-28,쌈무,석식
2023-10-28,배추김치,석식
2023-10-29,달걀케첩볶음밥,석식
2023-10-29,짬뽕찌개,석식
2023-10-29,멘보샤,석식
2023-10-29,단무지무침,석식
2023-10-29,배추김치,석식
2023-10-29,농심,석식
2023-10-30,나시고랭볶음밥,석식
2023-10-30,쌀국수,석식
2023-10-30,고추튀김,석식
2023-10-30,양파절임,석식
2023-10-30,배추김치,석식
2023-10-31,밥,석식
2023-10-31,쇠고기육개장,석식
2023-10-31,순대야채볶음,석식
2023-10-31,궁중닭찜,석식
2023-10-31,파김치,석식
2023-11-01,베이컨김치볶음밥,석식
2023-11-01,바베큐폭립,석식
2023-11-01,오지치즈후라이 ,석식
2023-11-01,양송이스프,석식
2023-11-01,백김치,석식
2023-11-01,콜라,석식
2023-11-01,음료수,석식
2023-11-02,햄야채볶음밥,석식
2023-11-02,순두부찌개,석식
2023-11-02,분모자떡볶이,석식
2023-11-02,버팔로윙,석식
2023-11-02,배추김치,석식
2023-11-02,음료수,석식
2023-11-03,밥,석식
2023-11-03,김치찌개,석식
2023-11-03,쇠고기불고기,석식
2023-11-03,오이풋고추무침,석식
2023-11-03,상추쌈,석식
2023-11-03,총각김치,석식
2023-11-04,마커니커리라이스,석식
2023-11-04,유부된장국,석식
2023-11-04,돈가스,석식
2023-11-04,리코타치즈샐러드,석식
2023-11-04,배추김치,석식
2023-11-04,해태에이치티비,석식
2023-11-05,밥,석식
2023-11-05,당면고추장찌개,석식
2023-11-05,오리불고기,석식
2023-11-05,쌈무,석식
2023-11-05,배추김치,석식
2023-11-05,이온음료,석식
2023-11-06,잔치국수,석식
2023-11-06,차슈덮밥,석식
2023-11-06,베이컨감자채볶음,석식
2023-11-06,김말이튀김,석식
2023-11-06,총각김치,석식
2023-11-06,맛있는 두유GT 달콤한맛,석식
2023-11-07,검은콩밥,석식
2023-11-07,쇠고기육개장,석식
2023-11-07,돼지고기청경채볶음,석식
2023-11-07,계란장조림,석식
2023-11-07,배추김치,석식
2023-11-07,농심,석식
2023-11-08,제육덮밥,석식
2023-10-13,검은콩밥,석식
2023-10-13,꼬치어묵국,석식
2023-10-13,닭갈비,석식
2023-10-13,멘보샤,석식
2023-10-13,양념고추지,석식
2023-10-13,배추김치,석식
2023-10-13,해태에이치티비,석식
2023-10-14,잡곡밥,석식
2023-10-14,김치찌개,석식
2023-10-14,훈제오리볶음,석식
2023-10-14,쌈무,석식
2023-10-14,부추겉절이,석식
2023-10-14,백김치,석식
2023-10-14,바나나,석식
2023-10-15,밥,석식
2023-10-15,쇠고기감자국,석식
2023-10-15,치킨너겟,석식
2023-10-15,잡채어묵조림,석식
2023-10-15,총각김치,석식
2023-10-15,농심,석식
2023-10-16,잔치국수,석식
2023-10-16,돈육연탄불고기 ,석식
2023-10-16,오미산적,석식
2023-10-16,시저샐러드,석식
2023-10-16,배추김치,석식
2023-10-17,잡곡밥,석식
2023-10-17,호박된장찌개,석식
2023-10-17,훈제삼겹살구이/명이나물,석식
2023-10-17,상추쌈,석식
2023-10-17,배추김치,석식
2023-10-18,밥,석식
2023-10-18,감자짜글이,석식
2023-10-18,분모자떡볶이,석식
2023-10-18,고추바사삭치킨,석식
2023-10-18,무&비트피클,석식
2023-10-18,배추김치,석식
2023-10-18,음료수,석식
2023-10-19,밥,석식
2023-10-19,김치찌개,석식
2023-10-19,돼지불고기,석식
2023-10-19,오이부추무침,석식
2023-10-19,양배추쌈&저염쌈장,석식
2023-10-19,배추김치,석식
2023-10-20,샐러드모닝빵,석식
2023-10-20,마커니커리라이스,석식
2023-10-20,유부된장국,석식
2023-10-20,닭강정,석식
2023-10-20,배추김치,석식
2023-10-21,밥,석식
2023-10-21,햄소시지찌개,석식
2023-10-21,오리불고기,석식
2023-10-21,오이파프리카무침,석식
2023-10-21,쌈무,석식
2023-10-21,깍두기,석식
2023-10-21,배,석식
2023-10-22,햄야채볶음밥,석식
2023-10-22,참치김치찌개,석식
2023-10-22,크림떡볶이,석식
2023-10-22,깐쇼새우,석식
2023-10-22,배추김치,석식
2023-10-22,웅진식품,석식
2023-10-23,후리가케밥,석식
2023-10-23,돈가스,석식
2023-10-23,콘옥수수야채무침,석식
2023-10-23,단무지무침,석식
2023-10-23,양송이스프,석식
2023-10-23,깍두기,석식
2023-10-23,젤리,석식
2023-10-24,자장밥,석식
2023-10-24,짬뽕찌개,석식
2023-10-24,고구마맛탕,석식
2023-10-24,계란후라이,석식
2023-10-24,단무지무침,석식
2023-10-24,배추김치,석식
2023-10-25,참치마요덮밥,석식
2023-10-25,쇠고기육개장,석식
2023-10-25,김자반,석식
2023-10-25,그릴소시지구이,석식
2023-10-25,배추김치,석식
2023-09-29,사인머스켓,석식
2023-09-30,밥,석식
2023-09-30,팽이버섯두부국,석식
2023-09-30,대패삼겹살볶음,석식
2023-09-30,쌈무,석식
2023-09-30,파채무침,석식
2023-09-30,배추김치,석식
2023-09-30,초코과자,석식
2023-10-01,밥,석식
2023-10-01,햄소시지찌개,석식
2023-10-01,쭈꾸미야채볶음,석식
2023-10-01,버팔로윙,석식
2023-10-01,무&비트피클,석식
2023-10-01,배추김치,석식
2023-10-01,음료수,석식
2023-10-01,해태에이치티비,석식
2023-10-02,밥,석식
2023-10-02,순대국,석식
2023-10-02,오징어볶음,석식
2023-10-02,부추겉절이,석식
2023-10-02,배추김치,석식
2023-10-03,검은콩밥,석식
2023-10-03,쇠고기육개장,석식
2023-10-03,잡채,석식
2023-10-03,하와이안찹스테이크,석식
2023-10-03,배추김치,석식
2023-10-03,매일두유 초콜릿 190ml,석식
2023-10-04,닭칼국수,석식
2023-10-04,깐쇼새우,석식
2023-10-04,쇠고기육전,석식
2023-10-04,도토리묵무침,석식
2023-10-04,배추김치,석식
2023-10-04,대추방울토마토,석식
2023-10-05,전투식량,석식
2023-10-06,차슈덮밥,석식
2023-10-06,새우순두부계란탕,석식
2023-10-06,소떡소떡,석식
2023-10-06,찐만두&간장,석식
2023-10-06,총각김치,석식
2023-10-06,김가루주먹밥,석식
2023-10-07,콩나물국,석식
2023-10-07,매운족발볶음,석식
2023-10-07,간장깻잎지,석식
2023-10-07,배추김치,석식
2023-10-08,감자수제비,석식
2023-10-08,잡곡밥,석식
2023-10-08,매운돼지갈비찜,석식
2023-10-08,마늘쫑무침,석식
2023-10-08,총각김치,석식
2023-10-08,웅진식품,석식
2023-10-09,잡곡밥,석식
2023-10-09,순두부찌개,석식
2023-10-09,청양마요치킨,석식
2023-10-09,골뱅이소면무침,석식
2023-10-09,무&비트피클,석식
2023-10-09,깍두기,석식
2023-10-09,사이다,석식
2023-10-10,밥,석식
2023-10-10,감자짜글이,석식
2023-10-10,쇠고기불고기,석식
2023-10-10,오이양파무침,석식
2023-10-10,양배추쌈&저염쌈장,석식
2023-10-10,배추김치,석식
2023-10-10,농심,석식
2023-10-11,데리야끼삼겹살덮밥,석식
2023-10-11,들깨미역국,석식
2023-10-11,비빔만두,석식
2023-10-11,스크램블에그,석식
2023-10-11,배추김치,석식
2023-10-11,웅진식품,석식
2023-10-12,전투식량,석식
2023-09-16,오이부추무침,석식
2023-09-16,깍두기,석식
2023-09-17,밥,석식
2023-09-17,쇠고기감자국,석식
2023-09-17,닭강정,석식
2023-09-17,잡채어묵조림,석식
2023-09-17,총각김치,석식
2023-09-17,배,석식
2023-09-18,후리가케밥,석식
2023-09-18,쑥갓어묵국,석식
2023-09-18,치즈롤까스,석식
2023-09-18,콘옥수수야채무침,석식
2023-09-18,배추김치,석식
2023-09-18,팥빙수,석식
2023-09-18,우유,석식
2023-09-19,밥,석식
2023-09-19,쇠고기육개장,석식
2023-09-19,가지튀김,석식
2023-09-19,아귀찜,석식
2023-09-19,배추김치,석식
2023-09-19,사과,석식
2023-09-20,마커니커리라이스,석식
2023-09-20,콩나물국,석식
2023-09-20,탄두리치킨또띠아,석식
2023-09-20,무&비트피클,석식
2023-09-20,배추김치,석식
2023-09-21,밥,석식
2023-09-21,고추장수제비,석식
2023-09-21,차돌박이숙주볶음,석식
2023-09-21,오이부추무침,석식
2023-09-21,양배추쌈&저염쌈장,석식
2023-09-21,배추김치,석식
2023-09-22,후리가케밥,석식
2023-09-22,돈가스,석식
2023-09-22,단무지무침,석식
2023-09-22,양송이스프,석식
2023-09-22,리코타치즈샐러드,석식
2023-09-22,깍두기,석식
2023-09-23,밥,석식
2023-09-23,햄소시지찌개,석식
2023-09-23,순대야채볶음,석식
2023-09-23,궁중닭찜,석식
2023-09-23,깍두기,석식
2023-09-23,사과,석식
2023-09-24,흑미밥,석식
2023-09-24,사골우거지국,석식
2023-09-24,애호박나물,석식
2023-09-24,치킨텐더,석식
2023-09-24,배추김치,석식
2023-09-24,해태에이치티비,석식
2023-09-25,밥,석식
2023-09-25,시래기감자탕,석식
2023-09-25,버팔로윙,석식
2023-09-25,소떡소떡,석식
2023-09-25,유자드레싱샐러드,석식
2023-09-25,백김치,석식
2023-09-25,젤리,석식
2023-09-26,자장밥,석식
2023-09-26,짬뽕찌개,석식
2023-09-26,고구마맛탕,석식
2023-09-26,계란후라이,석식
2023-09-26,단무지무침,석식
2023-09-26,배추김치,석식
2023-09-27,밥,석식
2023-09-27,김치찌개,석식
2023-09-27,쇠고기팽이버섯떡볶음,석식
2023-09-27,회오리감자,석식
2023-09-27,스크램블에그,석식
2023-09-27,배추김치,석식
2023-09-27,아이스크림 팩형,석식
2023-09-28,콩나물불고기덮밥,석식
2023-09-28,배추된장국,석식
2023-09-28,데리야끼갈릭치킨,석식
2023-09-28,무&비트피클,석식
2023-09-28,배추김치,석식
2023-09-28,사과,석식
2023-09-29,베이컨김치볶음밥,석식
2023-09-29,순두부찌개,석식
2023-09-29,바베큐폭립,석식
2023-09-29,닭꼬치,석식
2023-09-29,배추김치,석식
2023-07-06,멜론,석식
2023-07-07,스쿨치밥,석식
2023-07-07,쑥갓어묵국,석식
2023-07-07,골뱅이소면무침,석식
2023-07-07,야채샐러드,석식
2023-07-07,백김치,석식
2023-07-07,매일유업,석식
2023-07-08,데리야끼삼겹살덮밥,석식
2023-07-08,쇠고기육개장,석식
2023-07-08,계란후라이,석식
2023-07-08,콩나물매운무침,석식
2023-07-08,배추김치,석식
2023-07-08,자두,석식
2023-07-09,차슈덮밥,석식
2023-07-09,짬뽕찌개,석식
2023-07-09,김말이튀김,석식
2023-07-09,계란후라이,석식
2023-07-09,배추김치,석식
2023-07-09,매일두유 초콜릿 190ml,석식
2023-07-10,간장불고기덮밥,석식
2023-07-10,쇠고기미역국,석식
2023-07-10,닭강정,석식
2023-07-10,무&비트피클,석식
2023-07-10,배추김치,석식
2023-07-10,이온음료,석식
2023-07-11,냉모밀,석식
2023-07-11,후리가케밥,석식
2023-07-11,치킨너겟,석식
2023-07-11,계란말이,석식
2023-06-26,감자짜글이,석식
2023-06-26,비엔나소시지케찹볶음,석식
2023-06-26,치킨너겟,석식
2023-06-26,총각김치,석식
2023-06-27,밥,석식
2023-06-27,닭곰탕,석식
2023-06-27,오징어볶음,석식
2023-06-27,계란찜,석식
2023-06-27,배추김치,석식
2023-06-27,참외,석식
2023-06-28,밥,석식
2023-06-28,순두부찌개,석식
2023-06-28,닭꼬치,석식
2023-06-28,큐브스테이크,석식
2023-06-28,오이파프리카무침,석식
2023-06-28,열무김치,석식
2023-06-28,주스,석식
2023-06-29,검은콩밥,석식
2023-06-29,김치찌개,석식
2023-06-29,차돌박이청경채볶음,석식
2023-06-29,치킨가라아게,석식
2023-06-29,시금치무침,석식
2023-06-29,총각김치,석식
2023-06-29,우유,석식
2023-06-29,팥빙수,석식
2023-06-30,닭고기덮밥,석식
2023-06-30,유부된장국,석식
2023-06-30,생선가스,석식
2023-06-30,콘옥수수야채무침,석식
2023-06-30,배추김치,석식
2023-07-01,밥,석식
2023-07-01,닭고기육개장,석식
2023-07-01,탕수육,석식
2023-07-01,오이파프리카무침,석식
2023-07-01,배추김치,석식
2023-07-01,농심,석식
2023-07-02,흑미밥,석식
2023-07-02,햄소시지찌개,석식
2023-07-02,돈가스,석식
2023-07-02,야채샐러드,석식
2023-07-02,깍두기,석식
2023-06-26,달걀케첩볶음밥,석식
2023-09-15,검은콩밥,석식
2023-09-15,순두부찌개,석식
2023-09-15,닭갈비,석식
2023-09-15,오징어튀김,석식
2023-09-15,배추김치,석식
2023-09-15,해태에이치티비,석식
2023-09-16,밥,석식
2023-09-16,감자짜글이,석식
2023-09-16,쇠고기불고기,석식
2023-07-12,콩나물김치국,석식
2023-07-12,새우가스,석식
2023-07-12,궁중닭찜,석식
2023-07-12,배추김치,석식
2023-07-12,과일푸딩,석식
2023-07-13,밥,석식
2023-07-13,참치김치찌개,석식
2023-07-13,베이컨야채볶음,석식
2023-07-13,청양마요치킨,석식
2023-07-13,무&비트피클,석식
2023-07-13,백김치,석식
2023-07-13,음료수,석식
2023-07-14,잡곡밥,석식
2023-07-14,팽이버섯두부국,석식
2023-07-14,생선가스,석식
2023-07-14,바베큐폭립,석식
2023-07-14,파채콩나물무침,석식
2023-07-14,배추김치,석식
2023-07-14,웅진식품,석식
2023-07-15,흑미밥,석식
2023-07-15,짬뽕수제비,석식
2023-07-15,훈제오리볶음,석식
2023-07-15,쌈무,석식
2023-07-15,오이파프리카무침,석식
2023-07-15,배추김치,석식
2023-07-15,자두,석식
2023-07-16,밥,석식
2023-07-16,김치찌개,석식
2023-07-16,훈제삼겹살구이/명이나물,석식
2023-07-16,쌈무,석식
2023-07-16,양배추쌈&저염쌈장,석식
2023-07-16,배추김치,석식
2023-07-16,남양유업,석식
2023-07-17,베이컨김치볶음밥,석식
2023-07-17,배추된장국,석식
2023-07-17,궁중떡볶이,석식
2023-07-17,멘보샤,석식
2023-07-17,깍두기,석식
2023-07-17,유산균 발효 음료,석식
2023-07-18,잡곡밥,석식
2023-07-18,닭볶음탕,석식
2023-07-18,오징어튀김,석식
2023-07-18,스팸구이,석식
2023-07-18,깍두기,석식
2023-07-18,우유,석식
2023-07-19,흑미밥,석식
2023-07-19,순두부찌개,석식
2023-07-19,비엔나소시지케찹볶음,석식
2023-07-19,김말이튀김,석식
2023-07-19,오이양파무침,석식
2023-07-19,배추김치,석식
2023-07-19,해태에이치티비,석식
2023-07-20,검은콩밥,석식
2023-07-20,쑥갓어묵국,석식
2023-07-20,돼지고기청경채볶음,석식
2023-07-20,깐쇼새우,석식
2023-07-20,배추김치,석식
2023-07-20,해태에이치티비,석식
2023-07-21,잡곡밥,석식
2023-07-03,검은콩밥,석식
2023-07-03,콩나물김치국,석식
2023-07-03,오징어볶음,석식
2023-07-03,치킨텐더,석식
2023-07-03,오미산적,석식
2023-07-03,총각김치,석식
2023-07-03,사이다,석식
2023-07-04,전투식량,석식
2023-07-05,잡곡밥,석식
2023-07-05,팽이버섯두부국,석식
2023-07-05,돼지고기양장피볶음,석식
2023-07-05,닭강정,석식
2023-07-05,총각김치,석식
2023-07-05,이온음료,석식
2023-07-06,잡곡밥,석식
2023-07-06,조랭이떡들깨탕,석식
2023-07-06,매운족발볶음,석식
2023-07-06,감자전,석식
2023-07-06,파채무침,석식
2023-07-06,배추김치,석식
2023-08-05,파채콩나물무침,석식
2023-08-05,배추김치,석식
2023-08-05,웅진식품,석식
2023-08-06,밥,석식
2023-08-06,돼지국밥,석식
2023-08-06,잡채어묵조림,석식
2023-08-06,부추겉절이,석식
2023-08-06,배추김치,석식
2023-08-07,잡곡밥,석식
2023-08-07,김치찌개,석식
2023-08-07,지파이,석식
2023-08-07,스팸구이,석식
2023-08-07,계란후라이,석식
2023-08-07,깍두기,석식
2023-08-07,웅진식품,석식
2023-08-08,흑미밥,석식
2023-08-08,호박된장찌개,석식
2023-08-08,돼지고기양장피볶음,석식
2023-08-08,가지튀김,석식
2023-07-21,파송송계란국,석식
2023-07-21,잡채,석식
2023-07-21,낙지볶음,석식
2023-07-21,배추김치,석식
2023-07-21,우유,석식
2023-07-22,자장밥,석식
2023-07-22,짬뽕찌개,석식
2023-07-22,고추잡채&꽃빵,석식
2023-07-22,단무지무침,석식
2023-07-22,파김치,석식
2023-07-22,복숭아,석식
2023-07-23,후리가케밥,석식
2023-07-23,유부된장국,석식
2023-07-23,치즈롤까스,석식
2023-07-23,시저샐러드,석식
2023-07-23,배추김치,석식
2023-07-24,달걀케첩볶음밥,석식
2023-07-24,콩나물김치국,석식
2023-07-24,버팔로윙,석식
2023-07-24,무&비트피클,석식
2023-07-24,깍두기,석식
2023-07-24,해태에이치티비,석식
2023-07-25,밥,석식
2023-07-25,당면고추장찌개,석식
2023-07-25,비엔나소시지케찹볶음,석식
2023-07-25,닭고기김치찜,석식
2023-07-25,양념고추지,석식
2023-07-25,총각김치,석식
2023-07-25,참외,석식
2023-07-26,밥,석식
2023-07-26,유부된장국,석식
2023-07-26,오징어볶음,석식
2023-07-26,회오리감자,석식
2023-07-26,계란찜,석식
2023-07-26,배추김치,석식
2023-07-26,멜론,석식
2023-07-27,참치마요덮밥,석식
2023-07-27,감자짜글이,석식
2023-07-27,데리야끼갈릭치킨,석식
2023-07-27,콘옥수수야채무침,석식
2023-07-27,배추김치,석식
2023-07-28,검은콩밥,석식
2023-07-28,김치찌개,석식
2023-07-28,지파이,석식
2023-07-28,스팸구이,석식
2023-07-28,계란후라이,석식
2023-07-28,열무김치,석식
2023-07-29,닭고기덮밥,석식
2023-07-29,유부어묵국,석식
2023-07-29,소떡소떡,석식
2023-07-29,야채샐러드,석식
2023-07-29,배추김치,석식
2023-07-29,참외,석식
2023-07-30,마커니커리라이스,석식
2023-07-30,햄소시지찌개,석식
2023-07-30,탄두리치킨또띠아,석식
2023-07-30,배추김치,석식
2023-07-30,남양유업,석식
2023-07-11,배추김치,석식
2023-07-11,음료수,석식
2023-07-12,잡곡밥,석식
2023-08-11,마커니커리라이스,석식
2023-08-11,고추장수제비,석식
2023-08-11,탄두리치킨또띠아,석식
2023-08-11,유자드레싱샐러드,석식
2023-08-11,배추김치,석식
2023-08-11,복숭아,석식
2023-08-12,김가루주먹밥,석식
2023-08-12,순두부찌개,석식
2023-08-12,매운족발볶음,석식
2023-08-12,감자전,석식
2023-08-12,배추김치,석식
2023-08-12,해태에이치티비,석식
2023-08-13,간장불고기덮밥,석식
2023-08-13,유부된장국,석식
2023-08-13,생선가스,석식
2023-08-13,리코타치즈샐러드,석식
2023-08-13,배추김치,석식
2023-08-13,수박,석식
2023-08-14,흑미밥,석식
2023-08-14,햄소시지찌개,석식
2023-08-14,닭고기김치찜,석식
2023-08-14,쇠고기꽈리고추조림,석식
2023-08-14,배추김치,석식
2023-08-14,아이스크림 팩형,석식
2023-08-15,잡곡밥,석식
2023-08-15,순두부찌개,석식
2023-08-15,대패삼겹살소시지구이,석식
2023-08-15,쌈무,석식
2023-08-15,백김치,석식
2023-08-15,멜론,석식
2023-08-16,쇠고기덮밥,석식
2023-08-16,당면고추장찌개,석식
2023-08-16,오징어튀김,석식
2023-08-16,스크램블에그,석식
2023-08-16,배추김치,석식
2023-08-16,매일유업,석식
2023-08-17,잡곡밥,석식
2023-08-17,호박된장찌개,석식
2023-08-17,돼지불고기,석식
2023-08-17,상추쌈,석식
2023-08-17,배추김치,석식
2023-08-17,자두,석식
2023-08-18,스쿨치밥,석식
2023-07-31,간장불고기덮밥,석식
2023-07-31,배추된장국,석식
2023-07-31,생선가스,석식
2023-07-31,콘옥수수야채무침,석식
2023-07-31,배추김치,석식
2023-07-31,우유,석식
2023-08-01,콩나물국,석식
2023-08-01,쇠고기불고기,석식
2023-08-01,상추쌈,석식
2023-08-01,명이나물절임,석식
2023-08-01,배추김치,석식
2023-08-01,멜론,석식
2023-08-02,잡곡밥,석식
2023-08-02,햄소시지찌개,석식
2023-08-02,오징어볶음,석식
2023-08-02,깻잎양념무침,석식
2023-08-02,백김치,석식
2023-08-02,주스,석식
2023-08-03,김치말이국수,석식
2023-08-03,김가루주먹밥,석식
2023-08-03,돈육연탄불고기 ,석식
2023-08-03,소떡소떡,석식
2023-08-03,열무김치,석식
2023-08-04,잡곡밥,석식
2023-08-04,감자수제비,석식
2023-08-04,낙지볶음,석식
2023-08-04,오미산적,석식
2023-08-04,총각김치,석식
2023-08-04,아이스크림 콘,석식
2023-08-05,밥,석식
2023-08-05,호박된장찌개,석식
2023-08-05,제육볶음,석식
2023-09-02,순대,석식
2023-09-02,배추김치,석식
2023-09-02,포도,석식
2023-09-03,밥,석식
2023-09-03,당면고추장찌개,석식
2023-09-03,오리불고기,석식
2023-09-03,쌈무,석식
2023-09-03,배추김치,석식
2023-09-03,탄산음료,석식
2023-09-04,차슈덮밥,석식
2023-09-04,순두부찌개,석식
2023-09-04,김말이튀김,석식
2023-09-04,스크램블에그,석식
2023-09-04,총각김치,석식
2023-09-04,팥빙수,석식
2023-09-04,우유,석식
2023-09-05,검은콩밥,석식
2023-09-05,쇠고기육개장,석식
2023-08-18,순두부찌개,석식
2023-08-18,베이컨야채볶음,석식
2023-08-18,그릴소시지구이,석식
2023-08-18,배추김치,석식
2023-08-18,수박,석식
2023-08-19,밥,석식
2023-08-19,감자짜글이,석식
2023-08-19,돼지고기청경채볶음,석식
2023-08-19,오이부추무침,석식
2023-08-19,깍두기,석식
2023-08-19,참외,석식
2023-08-20,달걀케첩볶음밥,석식
2023-08-20,짬뽕찌개,석식
2023-08-20,비빔만두,석식
2023-08-20,단무지무침,석식
2023-08-20,배추김치,석식
2023-08-20,해태에이치티비,석식
2023-08-21,차슈덮밥,석식
2023-08-21,배추된장국,석식
2023-08-21,김말이튀김,석식
2023-08-21,스크램블에그,석식
2023-08-21,깍두기,석식
2023-08-21,아이스크림 콘,석식
2023-08-22,유부된장국,석식
2023-08-22,궁중떡볶이,석식
2023-08-22,큐브스테이크,석식
2023-08-22,단호박샐러드,석식
2023-08-22,배추김치,석식
2023-08-22,자두,석식
2023-08-23,닭칼국수,석식
2023-08-23,밥,석식
2023-08-23,낙지볶음,석식
2023-08-23,양념고추지,석식
2023-08-23,배추김치,석식
2023-08-23,팥빙수,석식
2023-08-23,우유,석식
2023-08-24,마커니커리라이스,석식
2023-08-24,버팔로윙,석식
2023-08-24,탄두리치킨또띠아,석식
2023-08-24,무&비트피클,석식
2023-08-24,배추김치,석식
2023-08-24,남양유업,석식
2023-08-25,김가루주먹밥,석식
2023-08-25,열무비빔냉면,석식
2023-08-25,돈육연탄불고기 ,석식
2023-08-25,쇠고기육전,석식
2023-08-25,배추김치,석식
2023-08-25,아이스크림 팩형,석식
2023-08-26,검은콩밥,석식
2023-08-26,조랭이떡들깨탕,석식
2023-08-26,순대야채볶음,석식
2023-08-26,궁중닭찜,석식
2023-08-08,쥐포조림,석식
2023-08-08,배추김치,석식
2023-08-08,멜론,석식
2023-08-09,밥,석식
2023-08-09,햄소시지찌개,석식
2023-08-09,제육볶음,석식
2023-08-09,우엉채조림,석식
2023-08-09,콩나물매운무침,석식
2023-08-09,파김치,석식
2023-08-09,농심,석식
2023-08-10,전투식량,석식
2023-09-08,부추겉절이,석식
2023-09-08,쌈무무침,석식
2023-09-08,배추김치,석식
2023-09-08,사인머스켓,석식
2023-09-09,김가루주먹밥,석식
2023-09-09,황태채국,석식
2023-09-09,매운족발볶음,석식
2023-09-09,감자전,석식
2023-09-09,배추김치,석식
2023-09-09,멜론,석식
2023-09-10,달걀케첩볶음밥,석식
2023-09-10,유부어묵국,석식
2023-09-10,생선가스,석식
2023-09-10,야채샐러드,석식
2023-09-10,배추김치,석식
2023-09-10,탄산음료,석식
2023-09-11,흑미밥,석식
2023-09-11,순두부찌개,석식
2023-09-11,돼지불고기,석식
2023-09-11,쇠고기꽈리고추조림,석식
2023-09-11,배추김치,석식
2023-09-12,잡곡밥,석식
2023-09-12,햄소시지찌개,석식
2023-09-12,훈제오리볶음,석식
2023-09-12,쌈무,석식
2023-09-12,백김치,석식
2023-09-12,사인머스켓,석식
2023-09-13,잡곡밥,석식
2023-09-13,조랭이떡들깨탕,석식
2023-09-13,오징어볶음,석식
2023-09-13,지파이,석식
2023-09-13,배추김치,석식
2023-09-13,아이스크림,석식
2023-09-14,잡곡밥,석식
2023-09-14,호박된장찌개,석식
2023-09-14,대패삼겹살볶음,석식
2023-09-14,상추쌈,석식
2023-09-14,양파절임,석식
2023-09-14,배추김치,석식
2023-08-26,깍두기,석식
2023-08-26,멜론,석식
2023-08-27,흑미밥,석식
2023-08-27,닭고기육개장,석식
2023-08-27,제육볶음,석식
2023-08-27,오이양파무침,석식
2023-08-27,파김치,석식
2023-08-27,복숭아,석식
2023-08-28,햄야채볶음밥,석식
2023-08-28,쇠고기미역국,석식
2023-08-28,회오리감자,석식
2023-08-28,만다린오렌지샐러드,석식
2023-08-28,배추김치,석식
2023-08-28,팥빙수,석식
2023-08-28,우유,석식
2023-08-29,김가루주먹밥,석식
2023-08-29,쫄면,석식
2023-08-29,오미산적,석식
2023-08-29,냉채족발,석식
2023-08-29,보쌈김치,석식
2023-08-29,해태에이치티비,석식
2023-08-30,잡곡밥,석식
2023-08-30,호박된장찌개,석식
2023-08-30,훈제삼겹살구이/명이나물,석식
2023-08-30,오이파프리카무침,석식
2023-08-30,배추김치,석식
2023-08-30,복숭아,석식
2023-08-31,후리가케밥,석식
2023-08-31,유부어묵국,석식
2023-08-31,돈가스,석식
2023-08-31,콘옥수수야채무침,석식
2023-08-31,깍두기,석식
2023-08-31,자두,석식
2023-09-01,데리야끼삼겹살덮밥,석식
2023-09-01,김치찌개,석식
2023-09-01,김자반,석식
2023-09-01,청포묵김가루무침,석식
2023-09-01,총각김치,석식
2023-09-01,주스,석식
2023-09-02,햄야채볶음밥,석식
2023-09-02,꼬치어묵국,석식
2023-09-02,분모자떡볶이,석식
2023-05-27,청포묵김가루무침,석식
2023-05-27,열무김치,석식
2023-05-27,토마토,석식
2023-05-28,흑미밥,석식
2023-05-28,쇠고기육개장,석식
2023-05-28,오징어볶음,석식
2023-05-28,햄슬라이스야채볶음,석식
2023-05-28,총각김치,석식
2023-05-28,초코과자,석식
2023-05-29,밥,석식
2023-05-29,햄소시지찌개,석식
2023-05-29,너비아니,석식
2023-05-29,잡채어묵조림,석식
2023-05-29,깻잎양념무침,석식
2023-05-29,총각김치,석식
2023-05-29,참외,석식
2023-05-30,잡곡밥,석식
2023-05-30,김치찌개,석식
2023-05-30,훈제오리볶음,석식
2023-05-30,상추쌈,석식
2023-05-30,브로콜리&초고추장,석식
2023-05-30,열무김치,석식
2023-05-30,멜론,석식
2023-05-31,카레밥,석식
2023-05-31,쑥갓어묵국,석식
2023-05-31,돈가스,석식
2023-05-31,야채샐러드,석식
2023-05-31,총각김치,석식
2023-05-31,농심,석식
2023-06-01,흑미밥,석식
2023-06-01,파송송계란국,석식
2023-06-01,오징어볶음,석식
2023-06-01,지파이,석식
2023-06-01,깍두기,석식
2023-06-01,참외,석식
2023-06-02,잡곡밥,석식
2023-06-02,참치김치찌개,석식
2023-06-02,닭강정,석식
2023-06-02,계란말이,석식
2023-06-02,양파절임,석식
2023-06-02,파김치,석식
2023-06-02,수박,석식
2023-06-03,간장불고기덮밥,석식
2023-06-03,시금치된장국,석식
2023-06-03,너비아니,석식
2023-06-03,꽃맛살샐러드,석식
2023-06-03,배추김치,석식
2023-06-03,초코과자,석식
2023-06-04,흑미밥,석식
2023-06-04,감자짜글이,석식
2023-06-04,청양마요치킨,석식
2023-06-04,오미산적,석식
2023-06-04,오징어브로콜리숙회,석식
2023-06-04,배추김치,석식
2023-06-05,차슈덮밥,석식
2023-06-05,쇠고기감자국,석식
2023-06-05,소떡소떡,석식
2023-06-05,계란후라이,석식
2023-06-05,배추김치,석식
2023-06-05,음료수,석식
2023-06-06,잡곡밥,석식
2023-06-06,닭고기육개장,석식
2023-06-06,돼지고기김치볶음,석식
2023-06-06,새우가스,석식
2023-06-06,총각김치,석식
2023-06-06,수박,석식
2023-09-05,돼지고기청경채볶음,석식
2023-09-05,계란장조림,석식
2023-09-05,배추김치,석식
2023-09-05,거봉포도,석식
2023-09-06,전투식량,석식
2023-09-07,닭칼국수,석식
2023-09-07,낙지볶음,석식
2023-09-07,오이양파무침,석식
2023-09-07,찐만두&간장,석식
2023-09-07,깍두기,석식
2023-09-07,포도,석식
2023-09-08,밥,석식
2023-09-08,순대국,석식
2023-09-08,잡채어묵조림,석식
2023-05-13,과일푸딩,석식
2023-05-14,햄야채볶음밥,석식
2023-05-14,참치김치찌개,석식
2023-05-14,청양마요치킨,석식
2023-05-14,무&비트피클,석식
2023-05-14,배추김치,석식
2023-05-14,해태에이치티비,석식
2023-05-15,데리야끼삼겹살덮밥,석식
2023-05-15,순두부찌개,석식
2023-05-15,잡채,석식
2023-05-15,계란후라이,석식
2023-05-15,총각김치,석식
2023-05-16,잡곡밥,석식
2023-05-16,닭볶음탕,석식
2023-05-16,애호박나물,석식
2023-05-16,스팸구이,석식
2023-05-16,총각김치,석식
2023-05-16,이온음료,석식
2023-05-17,흑미밥,석식
2023-05-17,팽이버섯두부국,석식
2023-05-17,닭고기김치찜,석식
2023-05-17,꽃맛살샐러드,석식
2023-05-17,배추김치,석식
2023-05-17,떠먹는 토핑형 발효유,석식
2023-05-18,카레밥,석식
2023-05-18,유부된장국,석식
2023-05-18,탄두리치킨또띠아,석식
2023-05-18,시저샐러드,석식
2023-05-18,백김치,석식
2023-05-18,농심,석식
2023-05-19,잡곡밥,석식
2023-05-19,호박된장찌개,석식
2023-05-19,훈제삼겹살구이/명이나물,석식
2023-05-19,파채콩나물무침,석식
2023-05-19,배추김치,석식
2023-05-19,음료수,석식
2023-05-20,닭고기덮밥,석식
2023-05-20,김치찌개,석식
2023-05-20,소떡소떡,석식
2023-05-20,맛김,석식
2023-05-20,총각김치,석식
2023-05-20,토마토,석식
2023-05-21,흑미밥,석식
2023-05-21,사골우거지국,석식
2023-05-21,치킨가라아게,석식
2023-05-21,시금치무침,석식
2023-05-21,배추김치,석식
2023-05-21,해태에이치티비,석식
2023-05-22,밥,석식
2023-05-22,등뼈감자탕,석식
2023-05-22,견과류멸치볶음,석식
2023-05-22,우엉채조림,석식
2023-05-22,해물파전,석식
2023-05-22,배추김치,석식
2023-05-23,밥,석식
2023-05-23,돈코츠라멘,석식
2023-05-23,새우튀김,석식
2023-05-23,타코야끼,석식
2023-05-23,파채무침,석식
2023-05-23,배추김치,석식
2023-05-23,바나나,석식
2023-05-24,밥,석식
2023-05-24,순두부찌개,석식
2023-05-24,쇠고기팽이버섯떡볶음,석식
2023-05-24,닭꼬치,석식
2023-05-24,야채샐러드,석식
2023-05-24,배추김치,석식
2023-05-24,매일유업,석식
2023-05-25,스파게티,석식
2023-05-25,바게트,석식
2023-05-25,바베큐폭립,석식
2023-05-25,시저샐러드,석식
2023-05-25,배추김치,석식
2023-05-25,멜론,석식
2023-05-26,자장밥,석식
2023-05-26,짬뽕찌개,석식
2023-05-26,오징어튀김,석식
2023-05-26,계란후라이,석식
2023-05-26,단무지무침,석식
2023-05-26,배추김치,석식
2023-05-26,사이다,석식
2023-05-27,비빔밥,석식
2023-05-27,호박된장찌개,석식
2023-05-27,계란후라이,석식
2023-04-30,파채무침,석식
2023-04-30,배추김치,석식
2023-04-30,피크닉청포도,석식
2023-05-01,밥,석식
2023-05-01,김치찌개,석식
2023-05-01,훈제삼겹살구이/명이나물,석식
2023-05-01,청포묵김가루무침,석식
2023-05-01,총각김치,석식
2023-05-02,차슈덮밥,석식
2023-05-02,순두부찌개,석식
2023-05-02,김말이튀김,석식
2023-05-02,스크램블에그,석식
2023-05-02,총각김치,석식
2023-05-02,과일푸딩,석식
2023-05-03,닭칼국수,석식
2023-05-03,잡곡밥,석식
2023-05-03,낙지볶음,석식
2023-05-03,오이양파무침,석식
2023-05-03,깍두기,석식
2023-05-03,농심,석식
2023-05-04,잡곡밥,석식
2023-05-04,팽이버섯두부국,석식
2023-05-04,오징어볶음,석식
2023-05-04,지파이,석식
2023-05-04,리코타치즈샐러드,석식
2023-05-04,배추김치,석식
2023-05-04,음료수,석식
2023-05-05,검은콩밥,석식
2023-05-05,쇠고기육개장,석식
2023-05-05,돼지고기청경채볶음,석식
2023-05-05,계란장조림,석식
2023-05-05,배추김치,석식
2023-05-05,이온음료,석식
2023-05-06,햄야채볶음밥,석식
2023-05-06,꼬치어묵국,석식
2023-05-06,분모자떡볶이,석식
2023-05-06,순대,석식
2023-05-06,배추김치,석식
2023-05-06,바나나,석식
2023-05-07,밥,석식
2023-05-07,쇠고기감자국,석식
2023-05-07,닭강정,석식
2023-05-07,잡채어묵조림,석식
2023-05-07,총각김치,석식
2023-05-07,참외,석식
2023-05-08,카레밥,석식
2023-05-08,유부된장국,석식
2023-05-08,치즈롤까스,석식
2023-05-08,콘옥수수야채무침,석식
2023-05-08,배추김치,석식
2023-05-08,주스,석식
2023-05-09,잡곡밥,석식
2023-05-09,호박된장찌개,석식
2023-05-09,돼지불고기,석식
2023-05-09,상추쌈,석식
2023-05-09,배추김치,석식
2023-05-10,후리가케밥,석식
2023-05-10,감자짜글이,석식
2023-05-10,데리야끼갈릭치킨,석식
2023-05-10,야채샐러드,석식
2023-05-10,무&비트피클,석식
2023-05-10,배추김치,석식
2023-05-10,해태에이치티비,석식
2023-05-11,밥,석식
2023-05-11,김치찌개,석식
2023-05-11,쇠고기불고기,석식
2023-05-11,오이부추무침,석식
2023-05-11,양배추쌈&저염쌈장,석식
2023-05-11,배추김치,석식
2023-05-11,웅진식품,석식
2023-05-12,밥,석식
2023-05-12,배추된장국,석식
2023-05-12,돼지고기양장피볶음,석식
2023-05-12,오징어브로콜리숙회,석식
2023-05-12,콩나물매운무침,석식
2023-05-12,깍두기,석식
2023-05-12,음료수,석식
2023-05-13,간장불고기덮밥,석식
2023-05-13,파송송계란국,석식
2023-05-13,치킨텐더,석식
2023-05-13,파채무침,석식
2023-05-13,깍두기,석식
2023-04-16,파채무침,석식
2023-04-16,배추김치,석식
2023-04-17,김치볶음밥,석식
2023-04-17,배추된장국,석식
2023-04-17,궁중떡볶이,석식
2023-04-17,계란후라이,석식
2023-04-17,깍두기,석식
2023-04-18,닭칼국수,석식
2023-04-18,잡곡밥,석식
2023-04-18,잡채,석식
2023-04-18,낙지볶음,석식
2023-04-18,배추김치,석식
2023-04-18,코코팜망고코넛,석식
2023-04-19,흑미밥,석식
2023-04-19,순두부찌개,석식
2023-04-19,비엔나소시지케찹볶음,석식
2023-04-19,김말이튀김,석식
2023-04-19,오이양파무침,석식
2023-04-19,배추김치,석식
2023-04-19,카프리썬오렌지,석식
2023-04-20,검은콩밥,석식
2023-04-20,쑥갓어묵국,석식
2023-04-20,돼지고기청경채볶음,석식
2023-04-20,너비아니,석식
2023-04-20,배추김치,석식
2023-04-21,잡곡밥,석식
2023-04-21,닭볶음탕,석식
2023-04-21,오징어튀김,석식
2023-04-21,스팸구이,석식
2023-04-21,깍두기,석식
2023-04-22,자장밥,석식
2023-04-22,짬뽕찌개,석식
2023-04-22,멘보샤,석식
2023-04-22,오이파프리카무침,석식
2023-04-22,파김치,석식
2023-04-22,음료수 탄산 콜라,석식
2023-04-23,달걀케첩볶음밥,석식
2023-04-23,콩나물김치국,석식
2023-04-23,버팔로윙,석식
2023-04-23,무&비트피클,석식
2023-04-23,깍두기,석식
2023-04-23,사이다,석식
2023-04-24,순두부찌개,석식
2023-04-24,비엔나소시지케찹볶음,석식
2023-04-24,닭고기김치찜,석식
2023-04-24,모듬과일샐러드,석식
2023-04-24,배추김치,석식
2023-04-24,코코팜망고코넛,석식
2023-04-25,유부된장국,석식
2023-04-25,오징어볶음,석식
2023-04-25,회오리감자,석식
2023-04-25,계란찜,석식
2023-04-25,배추김치,석식
2023-04-26,참치마요덮밥,석식
2023-04-26,감자짜글이,석식
2023-04-26,치즈돈가스,석식
2023-04-26,콘옥수수야채무침,석식
2023-04-26,배추김치,석식
2023-04-26,카프리썬오렌지망고,석식
2023-04-27,검은콩밥,석식
2023-04-27,김치찌개,석식
2023-04-27,치킨가라아게,석식
2023-04-27,스팸구이,석식
2023-04-27,브로콜리&초고추장,석식
2023-04-27,배추김치,석식
2023-04-28,닭고기덮밥,석식
2023-04-28,유부어묵국,석식
2023-04-28,소떡소떡,석식
2023-04-28,꽃맛살샐러드,석식
2023-04-28,배추김치,석식
2023-04-28,음료수 탄산 콜라,석식
2023-04-29,카레밥,석식
2023-04-29,햄소시지찌개,석식
2023-04-29,탄두리치킨또띠아,석식
2023-04-29,야채샐러드,석식
2023-04-29,배추김치,석식
2023-04-30,간장불고기덮밥,석식
2023-04-30,배추된장국,석식
2023-04-30,지파이,석식
2023-04-03,스쿨치밥,석식
2023-04-03,콩나물김치국,석식
2023-04-03,오미산적,석식
2023-04-03,계란후라이,석식
2023-04-03,깍두기,석식
2023-04-04,잡곡밥,석식
2023-04-04,닭고기육개장,석식
2023-04-04,탕수육,석식
2023-04-04,고등어무조림,석식
2023-04-04,배추김치,석식
2023-04-05,흑미밥,석식
2023-04-05,햄소시지찌개,석식
2023-04-05,돈가스,석식
2023-04-05,고구마샐러드,석식
2023-04-05,깍두기,석식
2023-04-05,코코팜망고코넛,석식
2023-04-06,잡곡밥,석식
2023-04-06,쑥갓어묵국,석식
2023-04-06,닭강정,석식
2023-04-06,두부매운조림,석식
2023-04-06,백김치,석식
2023-04-06,카프리썬사과 200ml 200ml,석식
2023-04-07,잡곡밥,석식
2023-04-07,순두부찌개,석식
2023-04-07,제육볶음,석식
2023-04-07,양배추쌈&저염쌈장,석식
2023-04-07,배추김치,석식
2023-04-08,데리야끼삼겹살덮밥,석식
2023-04-08,쇠고기육개장,석식
2023-04-08,계란후라이,석식
2023-04-08,콩나물파채무침,석식
2023-04-08,배추김치,석식
2023-04-08,갈아만든배,석식
2023-04-09,흑미밥,석식
2023-04-09,감자짜글이,석식
2023-04-09,훈제삼겹살구이/명이나물,석식
2023-04-09,청포묵김가루무침,석식
2023-04-09,배추김치,석식
2023-04-10,간장불고기덮밥,석식
2023-04-10,쇠고기미역국,석식
2023-04-10,데리야끼갈릭치킨,석식
2023-04-10,무&비트피클,석식
2023-04-10,배추김치,석식
2023-04-11,잡곡밥,석식
2023-04-11,팽이버섯두부국,석식
2023-04-11,잡채,석식
2023-04-11,새우가스,석식
2023-04-11,궁중닭찜,석식
2023-04-11,배추김치,석식
2023-04-12,차슈덮밥,석식
2023-04-12,짬뽕,석식
2023-04-12,김말이튀김,석식
2023-04-12,계란후라이,석식
2023-04-12,배추김치,석식
2023-04-12,음료수 탄산 콜라,석식
2023-04-13,밥,석식
2023-04-13,참치김치찌개,석식
2023-04-13,베이컨시금치볶음,석식
2023-04-13,청양마요치킨,석식
2023-04-13,무&비트피클,석식
2023-04-13,백김치,석식
2023-04-14,잡곡밥,석식
2023-04-14,팽이버섯두부국,석식
2023-04-14,생선가스,석식
2023-04-14,바베큐폭립,석식
2023-04-14,배추김치,석식
2023-04-14,카프리썬오렌지,석식
2023-04-15,밥,석식
2023-04-15,김치찌개,석식
2023-04-15,훈제오리볶음,석식
2023-04-15,오이파프리카무침,석식
2023-04-15,배추김치,석식
2023-04-16,밥,석식
2023-04-16,햄소시지찌개,석식
2023-04-16,훈제삼겹살구이/명이나물,석식
2023-03-20,쑥갓어묵국,석식
2023-03-20,애호박나물,석식
2023-03-20,새우튀김,석식
2023-03-20,계란후라이,석식
2023-03-20,배추김치,석식
2023-03-21,스팸마요덮밥,석식
2023-03-21,쇠고기감자국,석식
2023-03-21,버팔로윙,석식
2023-03-21,무&비트피클,석식
2023-03-21,배추김치,석식
2023-03-21,딸기,석식
2023-03-22,검은콩밥,석식
2023-03-22,순두부찌개,석식
2023-03-22,잡채,석식
2023-03-22,탕수육,석식
2023-03-22,깍두기,석식
2023-03-23,밥,석식
2023-03-23,콩나물국,석식
2023-03-23,오징어볶음,석식
2023-03-23,치킨가스,석식
2023-03-23,김자반,석식
2023-03-23,배추김치,석식
2023-03-23,과수원복숭아,석식
2023-03-23,복숭아봉봉,석식
2023-03-24,잡곡밥,석식
2023-03-24,호박된장찌개,석식
2023-03-24,삼치순살튀김,석식
2023-03-24,궁중닭찜,석식
2023-03-24,배추김치,석식
2023-03-24,비타민음료,석식
2023-03-25,밥,석식
2023-03-25,햄소시지찌개,석식
2023-03-25,찹쌀꿔바로우,석식
2023-03-25,간장깻잎지,석식
2023-03-25,야채샐러드,석식
2023-03-25,깍두기,석식
2023-03-26,스팸마요덮밥,석식
2023-03-26,콩나물김치국,석식
2023-03-26,데리야끼갈릭치킨,석식
2023-03-26,무&비트피클,석식
2023-03-26,깍두기,석식
2023-03-27,달걀케첩볶음밥,석식
2023-03-27,순두부찌개,석식
2023-03-27,비엔나소시지케찹볶음,석식
2023-03-27,모듬과일샐러드,석식
2023-03-27,배추김치,석식
2023-03-27,배,석식
2023-03-28,밥,석식
2023-03-28,닭곰탕,석식
2023-03-28,오징어볶음,석식
2023-03-28,회오리감자,석식
2023-03-28,계란찜,석식
2023-03-28,배추김치,석식
2023-03-28,딸기,석식
2023-03-29,닭고기덮밥,석식
2023-03-29,배추된장국,석식
2023-03-29,치즈돈가스,석식
2023-03-29,콘옥수수야채무침,석식
2023-03-29,배추김치,석식
2023-03-29,코코팜망고코넛,석식
2023-03-30,검은콩밥,석식
2023-03-30,김치찌개,석식
2023-03-30,치킨가라아게,석식
2023-03-30,스팸구이,석식
2023-03-30,시금치무침,석식
2023-03-30,배추김치,석식
2023-03-30,음료수 탄산 과일,석식
2023-03-31,데리야끼삼겹살덮밥,석식
2023-03-31,유부된장국,석식
2023-03-31,소떡소떡,석식
2023-03-31,꽃맛살샐러드,석식
2023-03-31,배추김치,석식
2023-04-01,밥,석식
2023-04-01,닭곰탕,석식
2023-04-01,감자전,석식
2023-04-01,오징어브로콜리숙회,석식
2023-04-01,배추김치,석식
2023-04-02,잡곡밥,석식
2023-04-02,쇠고기육개장,석식
2023-04-02,베이컨감자채볶음,석식
2023-04-02,청포묵김가루무침,석식
2023-04-02,배추김치,석식
2023-03-06,청양마요치킨,석식
2023-03-06,무&비트피클,석식
2023-03-06,배추김치,석식
2023-03-07,잡곡밥,석식
2023-03-07,콩나물국,석식
2023-03-07,돼지고기김치볶음,석식
2023-03-07,새우가스,석식
2023-03-07,감자조림,석식
2023-03-07,배추김치,석식
2023-03-07,딸기,석식
2023-03-08,차슈덮밥,석식
2023-03-08,짬뽕,석식
2023-03-08,김말이튀김,석식
2023-03-08,계란후라이,석식
2023-03-08,배추김치,석식
2023-03-09,밥,석식
2023-03-09,잔치국수,석식
2023-03-09,지파이,석식
2023-03-09,씨앗호떡,석식
2023-03-09,배추김치,석식
2023-03-09,복숭아봉봉,석식
2023-03-10,잡곡밥,석식
2023-03-10,닭고기육개장,석식
2023-03-10,집게맛살튀김,석식
2023-03-10,바베큐폭립,석식
2023-03-10,배추김치,석식
2023-03-11,밥,석식
2023-03-11,콩나물김치국,석식
2023-03-11,버팔로윙,석식
2023-03-11,해물파전,석식
2023-03-11,꽃맛살샐러드,석식
2023-03-11,깍두기,석식
2023-03-12,밥,석식
2023-03-12,햄소시지찌개,석식
2023-03-12,훈제오리볶음,석식
2023-03-12,쌈무,석식
2023-03-12,콩나물매운무침,석식
2023-03-12,배추김치,석식
2023-03-13,스쿨치밥,석식
2023-03-13,쇠고기감자국,석식
2023-03-13,궁중떡볶이,석식
2023-03-13,계란후라이,석식
2023-03-13,깍두기,석식
2023-03-13,젤리,석식
2023-03-14,잡곡밥,석식
2023-03-14,배추된장국,석식
2023-03-14,돼지불고기,석식
2023-03-14,계란찜,석식
2023-03-14,상추쌈,석식
2023-03-14,배추김치,석식
2023-03-14,음료수 탄산 과일,석식
2023-03-15,흑미밥,석식
2023-03-15,순두부찌개,석식
2023-03-15,비엔나소시지케찹볶음,석식
2023-03-15,김말이튀김,석식
2023-03-15,오이양파무침,석식
2023-03-15,배추김치,석식
2023-03-15,갈아만든배,석식
2023-03-16,검은콩밥,석식
2023-03-16,쇠고기육개장,석식
2023-03-16,돼지고기콩나물볶음,석식
2023-03-16,너비아니,석식
2023-03-16,야채스틱앤저염쌈장,석식
2023-03-16,배추김치,석식
2023-03-16,가야농장 제주감귤,석식
2023-03-17,카레밥,석식
2023-03-17,유부어묵국,석식
2023-03-17,탄두리치킨또띠아,석식
2023-03-17,모듬과일샐러드,석식
2023-03-17,배추김치,석식
2023-03-17,비타민음료,석식
2023-03-18,잡곡밥,석식
2023-03-18,감자탕,석식
2023-03-18,닭갈비,석식
2023-03-18,오이파프리카무침,석식
2023-03-18,깍두기,석식
2023-03-19,잡곡밥,석식
2023-03-19,닭볶음탕,석식
2023-03-19,순대야채볶음,석식
2023-03-19,시금치무침,석식
2023-03-19,배추김치,석식
2023-03-20,간장불고기덮밥,석식
2023-02-20,훈제오리볶음,석식
2023-02-20,김말이튀김,석식
2023-02-20,쌈무,석식
2023-02-20,배추김치,석식
2023-02-21,싸이버거,석식
2023-02-21,해쉬브라운,석식
2023-02-21,자연은망고,석식
2023-02-21,우유,석식
2023-02-22,흑미밥,석식
2023-02-22,시금치된장국,석식
2023-02-22,훈제삼겹,석식
2023-02-22,무말랭이무침,석식
2023-02-22,모듬야채&쌈장,석식
2023-02-22,보쌈김치,석식
2023-02-23,밥,석식
2023-02-23,순두부찌개,석식
2023-02-23,순대야채볶음,석식
2023-02-23,치킨가스,석식
2023-02-23,배추김치,석식
2023-02-23,바나나,석식
2023-02-24,잡곡밥,석식
2023-02-24,쇠고기육개장,석식
2023-02-24,갈치순살튀김,석식
2023-02-24,궁중닭찜,석식
2023-02-24,배추김치,석식
2023-02-24,코코팜망고코넛,석식
2023-02-25,밥,석식
2023-02-25,유부된장국,석식
2023-02-25,탄두리치킨또띠아,석식
2023-02-25,즉석카레소스,석식
2023-02-25,야채샐러드,석식
2023-02-25,배추김치,석식
2023-02-25,비타민음료,석식
2023-02-26,잡곡밥,석식
2023-02-26,닭고기육개장,석식
2023-02-26,동파육,석식
2023-02-26,브로콜리초고추장,석식
2023-02-26,배추김치,석식
2023-02-26,떠먹는 토핑형 발효유,석식
2023-02-27,간장불고기덮밥,석식
2023-02-27,쑥갓어묵국,석식
2023-02-27,멘보샤,석식
2023-02-27,그릴소시지구이,석식
2023-02-27,계란후라이,석식
2023-02-27,배추김치,석식
2023-02-28,스팸마요덮밥,석식
2023-02-28,쇠고기감자국,석식
2023-02-28,찹쌀꿔바로우,석식
2023-02-28,모듬과일샐러드,석식
2023-02-28,배추김치,석식
2023-02-28,딸기,석식
2023-03-01,새우버거,석식
2023-03-01,해쉬브라운,석식
2023-03-01,사이다,석식
2023-03-01,딸기,석식
2023-03-02,흑미밥,석식
2023-03-02,햄소시지찌개,석식
2023-03-02,견과류멸치볶음,석식
2023-03-02,돈가스,석식
2023-03-02,야채샐러드,석식
2023-03-02,깍두기,석식
2023-03-02,웅진자연은샤인머스켓,석식
2023-03-03,잡곡밥,석식
2023-03-03,참치김치찌개,석식
2023-03-03,매운족발볶음,석식
2023-03-03,궁중닭찜,석식
2023-03-03,깍두기,석식
2023-03-03,음료수 탄산 과일,석식
2023-03-04,밥,석식
2023-03-04,시금치된장국,석식
2023-03-04,맛김,석식
2023-03-04,너비아니,석식
2023-03-04,꽃맛살샐러드,석식
2023-03-04,배추김치,석식
2023-03-04,바나나,석식
2023-03-05,흑미밥,석식
2023-03-05,쇠고기미역국,석식
2023-03-05,제육볶음,석식
2023-03-05,오미산적,석식
2023-03-05,양배추쌈&저염쌈장,석식
2023-03-05,배추김치,석식
2023-03-06,간장불고기덮밥,석식
2023-03-06,감자짜글이,석식
2023-02-06,파채무침,석식
2023-02-06,깍두기,석식
2023-02-06,음료수 탄산 과일,석식
2023-02-07,핫도그빵,석식
2023-02-07,회오리감자,석식
2023-02-07,우유,석식
2023-02-08,밥,석식
2023-02-08,팽이버섯두부국,석식
2023-02-08,베이컨감자채볶음,석식
2023-02-08,궁중떡볶이,석식
2023-02-08,순대,석식
2023-02-08,배추김치,석식
2023-02-09,달걀케첩볶음밥,석식
2023-02-09,쑥갓어묵국,석식
2023-02-09,소떡소떡,석식
2023-02-09,두부매운조림,석식
2023-02-09,배추김치,석식
2023-02-10,비빔국수,석식
2023-02-10,김가루주먹밥,석식
2023-02-10,콩나물국,석식
2023-02-10,매운족발볶음,석식
2023-02-10,쌈무,석식
2023-02-10,깍두기,석식
2023-02-10,갈아만든배,석식
2023-02-11,밥,석식
2023-02-11,햄소시지찌개,석식
2023-02-11,잡채,석식
2023-02-11,김자반,석식
2023-02-11,계란찜,석식
2023-02-11,배추김치,석식
2023-02-11,딸기,석식
2023-02-12,참치마요덮밥,석식
2023-02-12,꼬치어묵국,석식
2023-02-12,분모자떡볶이,석식
2023-02-12,김말이튀김,석식
2023-02-12,배추김치,석식
2023-02-12,복숭아봉봉,석식
2023-02-13,감자수제비,석식
2023-02-13,오징어볶음,석식
2023-02-13,김자반,석식
2023-02-13,콩나물매운무침,석식
2023-02-13,요우티아오연유,석식
2023-02-13,배추김치,석식
2023-02-13,사이다,석식
2023-02-14,잡곡밥,석식
2023-02-14,김치찌개,석식
2023-02-14,닭갈비,석식
2023-02-14,물만두,석식
2023-02-14,깍두기,석식
2023-02-14,음료수 탄산 과일,석식
2023-02-15,달걀케첩볶음밥,석식
2023-02-15,순두부찌개,석식
2023-02-15,치킨가라아게,석식
2023-02-15,무&비트피클,석식
2023-02-15,배추김치,석식
2023-02-15,웅진자연은샤인머스켓,석식
2023-02-16,흑미밥,석식
2023-02-16,콩나물국,석식
2023-02-16,훈제오리볶음,석식
2023-02-16,동그랑땡,석식
2023-02-16,상추쌈,석식
2023-02-16,배추김치,석식
2023-02-16,딸기,석식
2023-02-16,우유,석식
2023-02-17,카레밥,석식
2023-02-17,돈가스,석식
2023-02-17,양송이스프,석식
2023-02-17,고구마샐러드,석식
2023-02-17,배추김치,석식
2023-02-17,가야농장 제주감귤,석식
2023-02-18,밥,석식
2023-02-18,감자짜글이,석식
2023-02-18,제육볶음,석식
2023-02-18,오이부추무침,석식
2023-02-18,깍두기,석식
2023-02-18,요구르트 아이스크림 떠먹는형,석식
2023-02-19,김치볶음밥,석식
2023-02-19,팽이버섯두부국,석식
2023-02-19,찹쌀꿔바로우,석식
2023-02-19,콘옥수수야채무침,석식
2023-02-19,깍두기,석식
2023-02-20,잡곡밥,석식
2023-02-20,쑥갓어묵국,석식
2023-01-24,회오리감자,석식
2023-01-24,계란찜,석식
2023-01-24,배추김치,석식
2023-01-24,딸기,석식
2023-01-25,참치마요덮밥,석식
2023-01-25,배추된장국,석식
2023-01-25,치즈돈가스,석식
2023-01-25,콘옥수수야채무침,석식
2023-01-25,배추김치,석식
2023-01-25,자연은 제주감귤 180ml,석식
2023-01-26,검은콩밥,석식
2023-01-26,김치찌개,석식
2023-01-26,치킨가라아게,석식
2023-01-26,스팸구이,석식
2023-01-26,브로콜리초고추장,석식
2023-01-26,배추김치,석식
2023-01-27,닭고기덮밥,석식
2023-01-27,유부어묵국,석식
2023-01-27,소떡소떡,석식
2023-01-27,꽃맛살샐러드,석식
2023-01-27,배추김치,석식
2023-01-28,잡곡밥,석식
2023-01-28,닭곰탕,석식
2023-01-28,베이컨감자채볶음,석식
2023-01-28,마파두부,석식
2023-01-28,배추김치,석식
2023-01-28,음료수 탄산 과일,석식
2023-01-28,딸기,석식
2023-01-29,통새우볶음밥,석식
2023-01-29,감자수제비,석식
2023-01-29,순대야채볶음,석식
2023-01-29,계란후라이,석식
2023-01-29,호빵,석식
2023-01-29,배추김치,석식
2023-01-29,사이다,석식
2023-01-30,김가루주먹밥,석식
2023-01-30,유부어묵국,석식
2023-01-30,동파육,석식
2023-01-30,파채무침,석식
2023-01-30,깍두기,석식
2023-01-30,자연은 제주감귤 180ml,석식
2023-01-31,흑미밥,석식
2023-01-31,김치찌개,석식
2023-01-31,멸치볶음,석식
2023-01-31,돼지고기청경채볶음,석식
2023-01-31,버팔로윙,석식
2023-01-31,깍두기,석식
2023-01-31,에너지바,석식
2023-02-01,잡곡밥,석식
2023-02-01,콩나물국,석식
2023-02-01,돼지불고기,석식
2023-02-01,고등어무조림,석식
2023-02-01,오이부추무침,석식
2023-02-01,배추김치,석식
2023-02-02,스쿨치밥,석식
2023-02-02,꼬치어묵국,석식
2023-02-02,분모자떡볶이,석식
2023-02-02,김말이튀김,석식
2023-02-02,배추김치,석식
2023-02-02,웅진자연은샤인머스켓,석식
2023-02-03,검은콩밥,석식
2023-02-03,김치찌개,석식
2023-02-03,언양식바싹불고기,석식
2023-02-03,두부매운조림,석식
2023-02-03,불고기브리또,석식
2023-02-03,깍두기,석식
2023-02-03,바나나,석식
2023-02-04,밥,석식
2023-02-04,닭볶음탕,석식
2023-02-04,느타리버섯볶음,석식
2023-02-04,방어순살튀김,석식
2023-02-04,배추김치,석식
2023-02-04,딸기,석식
2023-02-05,검은콩밥,석식
2023-02-05,배추된장국,석식
2023-02-05,제육볶음,석식
2023-02-05,오미산적,석식
2023-02-05,콩나물매운무침,석식
2023-02-05,배추김치,석식
2023-02-06,데리야끼삼겹살덮밥,석식
2023-02-06,감자짜글이,석식
2023-02-06,버팔로윙,석식
2023-01-11,차슈덮밥,석식
2023-01-11,짬뽕,석식
2023-01-11,김말이튀김,석식
2023-01-11,계란후라이,석식
2023-01-11,배추김치,석식
2023-01-11,감귤,석식
2023-01-12,밥,석식
2023-01-12,잔치국수,석식
2023-01-12,치킨가라아게,석식
2023-01-12,쥐어채무침,석식
2023-01-12,배추김치,석식
2023-01-12,딸기,석식
2023-01-13,잡곡밥,석식
2023-01-13,쇠고기육개장,석식
2023-01-13,집게맛살튀김,석식
2023-01-13,바베큐폭립,석식
2023-01-13,배추김치,석식
2023-01-13,자연은 제주감귤 180ml,석식
2023-01-14,밥,석식
2023-01-14,들깨미역국,석식
2023-01-14,데리야끼갈릭치킨,석식
2023-01-14,고구마치즈스틱,석식
2023-01-14,감자조림,석식
2023-01-14,배추김치,석식
2023-01-14,유산균 발효 음료,석식
2023-01-15,밥,석식
2023-01-15,햄소시지찌개,석식
2023-01-15,훈제오리볶음,석식
2023-01-15,양배추쌈&저염쌈장,석식
2023-01-15,배추김치,석식
2023-01-15,감귤,석식
2023-01-16,김치볶음밥,석식
2023-01-16,배추된장국,석식
2023-01-16,궁중떡볶이,석식
2023-01-16,계란후라이,석식
2023-01-16,깍두기,석식
2023-01-16,떠먹는 토핑형 발효유,석식
2023-01-17,잡곡밥,석식
2023-01-17,쇠고기감자국,석식
2023-01-17,돼지불고기,석식
2023-01-17,계란찜,석식
2023-01-17,상추쌈,석식
2023-01-17,배추김치,석식
2023-01-18,흑미밥,석식
2023-01-18,순두부찌개,석식
2023-01-18,비엔나소시지케찹볶음,석식
2023-01-18,김말이튀김,석식
2023-01-18,오이양파무침,석식
2023-01-18,배추김치,석식
2023-01-18,122kcal,석식
2023-01-19,검은콩밥,석식
2023-01-19,쑥갓어묵국,석식
2023-01-19,돼지고기콩나물볶음,석식
2023-01-19,너비아니,석식
2023-01-19,배추김치,석식
2023-01-19,자연은 제주감귤 180ml,석식
2023-01-20,잡곡밥,석식
2023-01-20,닭볶음탕,석식
2023-01-20,오징어튀김,석식
2023-01-20,스팸구이,석식
2023-01-20,깍두기,석식
2023-01-20,우유,석식
2023-01-21,베이컨김치볶음밥,석식
2023-01-21,감자계란국,석식
2023-01-21,고구마튀김,석식
2023-01-21,스크램블에그,석식
2023-01-21,배추김치,석식
2023-01-21,딸기,석식
2023-01-22,스팸마요덮밥,석식
2023-01-22,콩나물김치국,석식
2023-01-22,버팔로윙,석식
2023-01-22,무&비트피클,석식
2023-01-22,깍두기,석식
2023-01-22,감귤,석식
2023-01-23,달걀케첩볶음밥,석식
2023-01-23,순두부찌개,석식
2023-01-23,비엔나소시지케찹볶음,석식
2023-01-23,모듬과일샐러드,석식
2023-01-23,배추김치,석식
2023-01-23,배,석식
2023-01-24,유부된장국,석식
2023-01-24,오징어볶음,석식
2025-01-17(금),자장밥,석식
2025-01-18(토),밥,석식
2025-01-19(일),밥,석식
2025-01-20(월),밥,석식
2025-01-21(화),후리가케밥,석식
2025-01-22(수),참치마요덮밥,석식
2025-01-23(목),흑미밥,석식
2023-01-03,야채튀김,석식
2023-01-03,고등어무조림,석식
2023-01-03,오이파프리카무침,석식
2023-01-03,배추김치,석식
2023-01-04,흑미밥,석식
2023-01-04,햄소시지찌개,석식
2023-01-04,멸치볶음,석식
2023-01-04,돈가스,석식
2023-01-04,야채샐러드,석식
2023-01-04,깍두기,석식
2023-01-04,자연은 제주감귤 180ml,석식
2023-01-05,새우버거,석식
2023-01-05,우유,석식
2023-01-05,배,석식
2023-01-05,사이다,석식
2023-01-06,잡곡밥,석식
2023-01-06,참치김치찌개,석식
2023-01-06,햄슬라이스야채볶음,석식
2023-01-06,궁중닭찜,석식
2023-01-06,깍두기,석식
2023-01-07,밥,석식
2023-01-07,시금치된장국,석식
2023-01-07,맛김,석식
2023-01-07,너비아니,석식
2023-01-07,꽃맛살샐러드,석식
2023-01-07,배추김치,석식
2023-01-07,음료수 탄산 과일,석식
2023-01-08,흑미밥,석식
2023-01-08,감자짜글이,석식
2023-01-08,제육볶음,석식
2023-01-08,청포묵김가루무침,석식
2023-01-08,양배추쌈&저염쌈장,석식
2023-01-08,배추김치,석식
2023-01-09,간장불고기덮밥,석식
2023-01-09,쇠고기미역국,석식
2023-01-09,치킨가스,석식
2023-01-09,무&비트피클,석식
2023-01-09,배추김치,석식
2023-01-10,비빔국수,석식
2023-01-10,잡곡밥,석식
2023-01-10,콩나물국,석식
2023-01-10,새우가스,석식
2023-01-10,고구마샐러드,석식
2023-01-10,배추김치,석식
2023-01-10,자연은 제주감귤 180ml,석식
2024-11-30(토),밥,석식
2025-01-01(수),잡곡밥,석식
2025-01-02(목),밥,석식
2025-01-03(금),밥,석식
2025-01-04(토),달걀케첩볶음밥,석식
2025-01-05(일),밥,석식
2025-01-06(월),밥,석식
2025-01-07(화),검은콩밥,석식
2025-01-08(수),밥,석식
2025-01-09(목),차돌짬뽕,석식
2025-01-10(금),잡곡밥,석식
2025-01-11(토),잡곡밥,석식
2025-01-12(일),밥,석식
2025-01-13(월),김치찌개,석식
2025-01-14(화),흑미밥,석식
2025-01-15(수),날치알김가루주먹밥,석식
2025-01-16(목),잡곡밥,석식
2024-11-12(화),잡곡밥,석식
2024-11-13(수),밥,석식
2024-11-14(목),달걀케첩볶음밥,석식
2024-11-15(금),밥,석식
2024-11-16(토),자장밥,석식
2024-11-17(일),밥,석식
2024-11-18(월),돈코츠라멘,석식
2024-11-19(화),카레덮밥,석식
2024-11-20(수),차슈덮밥,석식
2024-11-21(목),베이컨김치볶음밥,석식
2024-11-22(금),날치알김가루주먹밥,석식
2024-11-23(토),밥,석식
2024-11-24(일),잡곡밥,석식
2024-11-25(월),비빔밥,석식
2024-11-26(화),밥,석식
2024-11-27(수),햄야채볶음밥,석식
2024-11-28(목),쌀국수,석식
2024-11-29(금),밥,석식
2024-10-26(토),달걀케첩볶음밥,석식
2024-10-27(일),잡곡밥,석식
2024-10-28(월),차돌짬뽕,석식
2024-10-29(화),차슈덮밥,석식
2024-10-30(수),햄야채볶음밥,석식
2024-10-31(목),보리밥&고추장,석식
2024-11-01(금),불닭덮밥,석식
2024-11-02(토),밥,석식
2024-11-03(일),우렁강된장찌개,석식
2024-11-04(월),잡곡밥,석식
2024-11-05(화),검은콩밥,석식
2024-11-06(수),김밥볶음밥,석식
2024-11-07(목),후리가케밥,석식
2024-11-08(금),오야꼬동,석식
2024-11-09(토),우동장국,석식
2024-11-10(일),카레덮밥,석식
2024-11-11(월),날치알김가루주먹밥,석식
2024-10-09(수),잡곡밥,석식
2024-10-10(목),밥,석식
2024-10-11(금),우동장국,석식
2024-10-12(토),흑미밥,석식
2024-10-13(일),밥,석식
2024-10-14(월),날치알볶음밥,석식
2024-10-15(화),배추된장국,석식
2024-10-16(수),잡곡밥,석식
2024-10-17(목),셀프유부초밥,석식
2024-10-18(금),후리가케밥,석식
2024-10-19(토),검은콩밥,석식
2024-10-20(일),잡곡밥,석식
2024-10-21(월),스팸마요덮밥,석식
2024-10-22(화),오야꼬동,석식
2024-10-23(수),잡곡밥,석식
2024-10-24(목),잡곡밥,석식
2024-10-25(금),참치마요덮밥,석식
2024-09-22(일),밥,석식
2024-09-23(월),차돌짬뽕,석식
2024-09-24(화),참치마요덮밥,석식
2024-09-25(수),밥,석식
2024-09-26(목),자장밥,석식
2024-09-27(금),밥,석식
2024-09-28(토),차슈덮밥,석식
2024-09-29(일),카레덮밥,석식
2024-09-30(월),햄야채볶음밥,석식
2024-10-01(화),베이컨김치볶음밥,석식
2024-10-02(수),밥,석식
2024-10-03(목),깍두기김치볶음밥,석식
2024-10-04(금),대만샌드위치,석식
2024-10-05(토),잡곡밥,석식
2024-10-06(일),밥,석식
2024-10-07(월),옛날도시락비빔밥,석식
2024-10-08(화),카레덮밥,석식
2024-09-05(목),잡곡밥,석식
2024-09-06(금),치킨너겟,석식
2024-09-07(토),잡곡밥,석식
2024-09-08(일),검은콩밥,석식
2024-09-09(월),후리가케밥,석식
2024-09-10(화),밥,석식
2024-09-11(수),밥,석식
2024-09-12(목),밥,석식
2024-09-13(금),우동장국,석식
2024-09-14(토),흑미밥,석식
2024-09-15(일),밥,석식
2024-09-16(월),스팸마요덮밥,석식
2024-09-17(화),불고기볶음밥,석식
2024-09-18(수),잡곡밥,석식
2024-09-19(목),밥,석식
2024-09-20(금),마크니커리덮밥,석식
2024-09-21(토),배추된장국,석식
2024-08-20(화),밥,석식
2024-08-21(수),차슈덮밥,석식
2024-08-22(목),베이컨김치볶음밥,석식
2024-08-23(금),김가루주먹밥,석식
2024-08-24(토),밥,석식
2024-08-25(일),잡곡밥,석식
2024-08-26(월),데리야끼삼겹살덮밥,석식
2024-08-27(화),밥,석식
2024-08-28(수),햄야채볶음밥,석식
2024-08-29(목),마제소바덮밥,석식
2024-08-30(금),밥,석식
2024-08-31(토),밥,석식
2024-09-01(일),잡곡밥,석식
2024-09-02(월),잔치국수,석식
2024-09-03(화),잡곡밥,석식
2024-09-04(수),베이컨김치볶음밥,석식
2024-08-03(토),병천순대국밥,석식
2024-08-04(일),밥,석식
2024-08-05(월),잡곡밥,석식
2024-08-06(화),검은콩밥,석식
2024-08-07(수),카레덮밥,석식
2024-08-08(목),후리가케밥,석식
2024-08-09(금),달걀케첩볶음밥,석식
2024-08-10(토),우동장국,석식
2024-08-11(일),마크니커리덮밥,석식
2024-08-12(월),밥,석식
2024-08-13(화),호박된장찌개,석식
2024-08-14(수),김치말이국수,석식
2024-08-15(목),날치알김가루주먹밥,석식
2024-08-16(금),자장밥,석식
2024-08-17(토),참치마요덮밥,석식
2024-08-18(일),밥,석식
2024-08-19(월),돈코츠라멘,석식
2024-07-17(수),짬뽕찌개,석식
2024-07-18(목),밥,석식
2024-07-19(금),잡곡밥,석식
2024-07-20(토),밥,석식
2024-07-21(일),밥,석식
2024-07-22(월),후리가케밥,석식
2024-07-23(화),밥,석식
2024-07-24(수),햄야채볶음밥,석식
2024-07-25(목),김가루주먹밥,석식
2024-07-26(금),참치마요덮밥,석식
2024-07-27(토),밥,석식
2024-07-28(일),검은콩밥,석식
2024-07-29(월),밥,석식
2024-07-30(화),밥,석식
2024-07-31(수),마제소바덮밥,석식
2024-08-01(목),잡곡밥,석식
2024-08-02(금),잡곡밥,석식
2024-05-12,목화솜탕수육,석식
2024-05-12,배추김치,석식
2024-05-12,농심,석식
2024-07-01(월),잡곡밥,석식
2024-07-02(화),잡곡밥,석식
2024-07-03(수),날치알김가루주먹밥,석식
2024-07-04(목),베이컨김치볶음밥,석식
2024-07-05(금),새우튀김,석식
2024-07-06(토),밥,석식
2024-07-07(일),스팸마요덮밥,석식
2024-07-08(월),김가루주먹밥,석식
2024-07-09(화),흑미밥,석식
2024-07-10(수),밥,석식
2024-07-11(목),자장밥,석식
2024-07-12(금),잔치국수,석식
2024-07-13(토),우동장국,석식
2024-07-14(일),밥,석식
2024-07-15(월),차슈덮밥,석식
2024-07-16(화),보리밥&고추장,석식
2024-03-30,검은콩밥,석식
2024-03-30,쇠고기육개장,석식
2024-03-30,돼지고기청경채볶음,석식
2024-03-30,간장깻잎지,석식
2024-03-30,배추김치,석식
2024-03-31,밥,석식
2024-03-31,순대국,석식
2024-03-31,오징어볶음,석식
2024-03-31,부추겉절이,석식
2024-03-31,배추김치,석식
2024-03-31,주스,석식
2024-05-01,차돌깍두기볶음밥,석식
2024-05-01,꼬치어묵국,석식
2024-05-01,야채고기말이,석식
2024-05-01,양념깻잎지,석식
2024-05-01,갓김치,석식
2024-05-02,잡곡밥,석식
2024-05-02,호박된장찌개,석식
2024-05-02,차돌박이숙주볶음,석식
2024-05-02,부추겉절이,석식
2024-05-02,명이나물절임,석식
2024-05-02,파김치,석식
2024-05-03,팽이버섯두부국,석식
2024-05-03,돈가스,석식
2024-05-03,시저샐러드,석식
2024-05-03,날치알김치덮밥,석식
2024-05-03,깍두기,석식
2024-05-04,밥,석식
2024-05-04,야채튀김,석식
2024-05-04,궁중닭찜,석식
2024-05-04,깍두기,석식
2024-05-04,웅진식품,석식
2024-05-05,밥,석식
2024-05-05,당면고추장찌개,석식
2024-05-05,돈육연탄불고기,석식
2024-05-05,쌈무,석식
2024-05-05,파채콩나물무침,석식
2024-05-05,배추김치,석식
2024-05-05,우유,석식
2024-05-06,잔치국수,석식
2024-05-06,호떡쌀군만두,석식
2024-05-06,떡갈비,석식
2024-05-06,단무지무침,석식
2024-05-06,배추김치,석식
2024-05-06,농심,석식
2024-05-07,잡곡밥,석식
2024-05-07,햄소시지찌개,석식
2024-05-07,제육볶음,석식
2024-05-07,쌈무,석식
2024-05-07,백김치,석식
2024-05-08,밥,석식
2024-05-08,김치찌개,석식
2024-05-08,견과류멸치볶음,석식
2024-05-08,깐풍새우,석식
2024-05-08,오이양파무침,석식
2024-05-08,갓김치,석식
2024-05-09,닭고기덮밥,석식
2024-05-09,팽이버섯두부국,석식
2024-05-09,순대야채볶음,석식
2024-05-09,김치메밀전병,석식
2024-05-09,배추김치,석식
2024-05-10,잡곡밥,석식
2024-05-10,우렁강된장찌개,석식
2024-05-10,돼지불고기,석식
2024-05-10,상추쌈,석식
2024-05-10,파채콩나물무침,석식
2024-05-10,배추김치,석식
2024-05-11,검은콩밥,석식
2024-05-11,닭고기육개장,석식
2024-05-11,돼지고기청경채볶음,석식
2024-05-11,고추바사삭치킨,석식
2024-05-11,무&비트피클,석식
2024-05-11,배추김치,석식
2024-05-11,주스,석식
2024-05-12,밥,석식
2024-05-12,짬뽕찌개,석식
2024-05-12,고추잡채&꽃빵,석식
2024-03-16,돼지고기애호박찌개,석식
2024-03-16,제육볶음,석식
2024-03-16,치킨너겟,석식
2024-03-16,알배기배추,석식
2024-03-16,총각김치,석식
2024-03-16,웅진식품,석식
2024-03-17,밥,석식
2024-03-17,고추장수제비,석식
2024-03-17,사각어묵야채볶음,석식
2024-03-17,스파이시안심텐더,석식
2024-03-17,배추김치,석식
2024-03-17,대추방울토마토,석식
2024-03-18,베이컨김치볶음밥,석식
2024-03-18,유부된장국,석식
2024-03-18,탄두리치킨또띠아,석식
2024-03-18,무&비트피클,석식
2024-03-18,총각김치,석식
2024-03-19,잡곡밥,석식
2024-03-19,호박된장찌개,석식
2024-03-19,훈제오리볶음,석식
2024-03-19,상추쌈,석식
2024-03-19,파김치,석식
2024-03-19,웅진식품,석식
2024-03-20,밥,석식
2024-03-20,감자짜글이,석식
2024-03-20,쇠고기불고기,석식
2024-03-20,오이부추무침,석식
2024-03-20,양배추쌈&저염쌈장,석식
2024-03-20,배추김치,석식
2024-03-21,날치알김가루주먹밥,석식
2024-03-21,쇠고기육개장,석식
2024-03-21,버팔로윙,석식
2024-03-21,야채샐러드,석식
2024-03-21,깍두기,석식
2024-03-21,대추방울토마토,석식
2024-03-22,자장밥,석식
2024-03-22,짬뽕찌개,석식
2024-03-22,버섯강정,석식
2024-03-22,계란후라이,석식
2024-03-22,단무지무침,석식
2024-03-22,파김치,석식
2024-03-23,참치마요덮밥,석식
2024-03-23,감자수제비,석식
2024-03-23,간장깻잎지,석식
2024-03-23,푸실리샐러드,석식
2024-03-23,배추김치,석식
2024-03-23,웅진식품,석식
2024-03-24,밥,석식
2024-03-24,순대국,석식
2024-03-24,동태전,석식
2024-03-24,부추겉절이,석식
2024-03-24,배추김치,석식
2024-03-24,남양유업,석식
2024-03-25,밥,석식
2024-03-25,시래기감자탕,석식
2024-03-25,국물떡볶이,석식
2024-03-25,청양마요치킨,석식
2024-03-25,배추김치,석식
2024-03-25,콜라,석식
2024-03-26,돈코츠라멘,석식
2024-03-26,후리가케밥,석식
2024-03-26,새우튀김,석식
2024-03-26,단무지무침,석식
2024-03-26,배추김치,석식
2024-03-27,햄야채볶음밥,석식
2024-03-27,시래기들깨된장국,석식
2024-03-27,골뱅이소면무침,석식
2024-03-27,유자드레싱샐러드,석식
2024-03-27,배추김치,석식
2024-03-28,밥,석식
2024-03-28,설렁탕,석식
2024-03-28,허브치킨플레로티,석식
2024-03-28,계란말이,석식
2024-03-28,배추김치,석식
2024-03-29,닭칼국수,석식
2024-03-29,소떡소떡,석식
2024-03-29,해물파전,석식
2024-03-29,도토리묵무침,석식
2024-03-29,총각김치,석식
2024-03-02,야채샐러드,석식
2024-03-02,깍두기,석식
2024-03-03,당면고추장찌개,석식
2024-03-03,제육볶음,석식
2024-03-03,파채콩나물무침,석식
2024-03-03,쌈무,석식
2024-03-03,배추김치,석식
2024-03-03,우유,석식
2024-03-04,잔치국수,석식
2024-03-04,떡갈비,석식
2024-03-04,단무지무침,석식
2024-03-04,찐만두&간장,석식
2024-03-04,배추김치,석식
2024-03-05,검은콩밥,석식
2024-03-05,쇠고기육개장,석식
2024-03-05,데리야끼갈릭치킨,석식
2024-03-05,무&비트피클,석식
2024-03-05,배추김치,석식
2024-03-06,생우동,석식
2024-03-06,스팸마요덮밥,석식
2024-03-06,돈가스,석식
2024-03-06,시저샐러드,석식
2024-03-06,깍두기,석식
2024-03-06,해태에이치티비,석식
2024-03-07,잡곡밥,석식
2024-03-07,호박된장찌개,석식
2024-03-07,돼지불고기,석식
2024-03-07,상추쌈,석식
2024-03-07,파채콩나물무침,석식
2024-03-08,배추김치,석식
2024-03-08,닭고기덮밥,석식
2024-03-08,시금치된장국,석식
2024-03-08,분모자떡볶이,석식
2024-03-08,야채고로케,석식
2024-03-08,배추김치,석식
2024-03-09,잡곡밥,석식
2024-03-09,햄소시지찌개,석식
2024-03-09,돈육연탄불고기 ,석식
2024-03-09,쌈무,석식
2024-03-09,백김치,석식
2024-03-10,해태에이치티비,석식
2024-03-10,자장밥,석식
2024-03-10,짬뽕찌개,석식
2024-03-10,고추잡채&꽃빵,석식
2024-03-10,탕수육,석식
2024-03-10,배추김치,석식
2024-03-11,밥,석식
2024-03-11,김치찌개,석식
2024-03-11,곱창야채볶음,석식
2024-03-11,브로콜리&초고추장,석식
2024-03-11,찐만두&간장,석식
2024-03-12,깍두기,석식
2024-03-12,흑미밥,석식
2024-03-12,조랭이떡들깨탕,석식
2024-03-12,대패삼겹살볶음,석식
2024-03-12,명이나물절임,석식
2024-03-12,배추김치,석식
2024-03-13,해태에이치티비,석식
2024-03-13,차돌짬뽕,석식
2024-03-13,고구마맛탕,석식
2024-03-13,닭고기오이냉채,석식
2024-03-13,단무지무침,석식
2024-03-13,배추김치,석식
2024-03-14,스쿨치밥,석식
2024-03-14,팽이버섯두부국,석식
2024-03-14,궁중떡볶이,석식
2024-03-14,무생채,석식
2024-03-14,배추김치,석식
2024-03-15,해물사천짜장,석식
2024-03-15,파송송계란국,석식
2024-03-15,만두튀김,석식
2024-03-15,단무지무침,석식
2024-03-15,배추김치,석식
2024-03-16,밥,석식
2024-02-17,배추김치,석식
2024-02-17,웅진식품,석식
2024-02-18,밥,석식
2024-02-18,쑥갓어묵국,석식
2024-02-18,고추바사삭치킨,석식
2024-02-18,잡채어묵조림,석식
2024-02-18,총각김치,석식
2024-02-18,음료수,석식
2024-02-19,나시고랭새우볶음밥,석식
2024-02-19,쌀국수,석식
2024-02-19,야채고로케,석식
2024-02-19,배추김치,석식
2024-02-20,랍스터볶음밥,석식
2024-02-20,콩나물국,석식
2024-02-20,탄두리치킨또띠아,석식
2024-02-20,야채샐러드,석식
2024-02-20,배추김치,석식
2024-02-21,밥,석식
2024-02-21,쇠고기육개장,석식
2024-02-21,만두튀김,석식
2024-02-21,아귀찜,석식
2024-02-21,배추김치,석식
2024-02-21,남양유업,석식
2024-02-22,생우동,석식
2024-02-22,후리가케밥,석식
2024-02-22,새우가스,석식
2024-02-22,오이양파무침,석식
2024-02-22,배추김치,석식
2024-02-23,해물사천짜장,석식
2024-02-23,짬뽕찌개,석식
2024-02-23,고추잡채&꽃빵,석식
2024-02-23,계란후라이,석식
2024-02-23,단무지무침,석식
2024-02-24,밥,석식
2024-02-24,햄소시지찌개,석식
2024-02-24,순대야채볶음,석식
2024-02-24,궁중닭찜,석식
2024-02-24,배추김치,석식
2024-02-25,흑미밥,석식
2024-02-25,사골우거지국,석식
2024-02-25,돼지고기콩나물볶음,석식
2024-02-25,궁중떡볶이,석식
2024-02-25,배추김치,석식
2024-02-25,주스,석식
2024-02-26,달걀케첩볶음밥,석식
2024-02-26,시금치된장국,석식
2024-02-26,데리야끼갈릭치킨,석식
2024-02-26,무&비트피클,석식
2024-02-26,배추김치,석식
2024-02-26,사이다,석식
2024-02-27,밥,석식
2024-02-27,순대국,석식
2024-02-27,쇠고기육전,석식
2024-02-27,부추겉절이,석식
2024-02-27,깍두기,석식
2024-02-28,밥,석식
2024-02-28,쇠고기팽이버섯떡볶음,석식
2024-02-28,닭고기김치찜,석식
2024-02-28,파김치,석식
2024-02-28,과일푸딩,석식
2024-02-29,마커니커리라이스,석식
2024-02-29,쇠고기미역국,석식
2024-02-29,피자떡볶이,석식
2024-02-29,바베큐폭립,석식
2024-02-29,백김치,석식
2024-03-01,밥,석식
2024-03-01,햄소시지찌개,석식
2024-03-01,순대야채볶음,석식
2024-03-01,궁중닭찜,석식
2024-03-01,깍두기,석식
2024-03-02,꼬치어묵국,석식
2024-03-02,허브치킨플레로티,석식
2024-03-02,날치알김치덮밥,석식
2024-02-04,배추김치,석식
2024-02-04,해태에이치티비,석식
2024-02-05,잔치국수,석식
2024-02-05,차슈덮밥,석식
2024-02-05,베이컨감자채볶음,석식
2024-02-05,김말이튀김,석식
2024-02-05,총각김치,석식
2024-02-05,해태에이치티비,석식
2024-02-06,검은콩밥,석식
2024-02-06,만두육개장,석식
2024-02-06,돼지고기청경채볶음,석식
2024-02-06,계란장조림,석식
2024-02-06,배추김치,석식
2024-02-06,우유,석식
2024-02-07,우렁강된장찌개,석식
2024-02-07,제육볶음,석식
2024-02-07,스파이시안심텐더,석식
2024-02-07,쌈무무침,석식
2024-02-07,배추김치,석식
2024-02-07,해태에이치티비,석식
2024-02-08,돈코츠라멘,석식
2024-02-08,야채고로케,석식
2024-02-08,닭고기오이냉채,석식
2024-02-08,단무지무침,석식
2024-02-08,배추김치,석식
2024-02-09,밥,석식
2024-02-09,닭곰탕,석식
2024-02-09,계란장조림,석식
2024-02-09,오징어젓무침,석식
2024-02-09,무생채,석식
2024-02-09,석박지,석식
2024-02-10,햄야채볶음밥,석식
2024-02-10,당면고추장찌개,석식
2024-02-10,버팔로윙,석식
2024-02-10,푸실리샐러드,석식
2024-02-10,무&비트피클,석식
2024-02-10,배추김치,석식
2024-02-10,콜라,석식
2024-02-11,스쿨치밥,석식
2024-02-11,들깨미역국,석식
2024-02-11,생선가스,석식
2024-02-11,오리엔탈샐러드,석식
2024-02-11,배추김치,석식
2024-02-11,웅진식품,석식
2024-02-12,흑미밥,석식
2024-02-12,고추장수제비,석식
2024-02-12,훈제삼겹살구이/명이나물,석식
2024-02-12,양배추쌈&저염쌈장,석식
2024-02-12,배추김치,석식
2024-02-13,잡곡밥,석식
2024-02-13,햄소시지찌개,석식
2024-02-13,훈제오리볶음,석식
2024-02-13,고구마맛탕,석식
2024-02-13,간장깻잎지,석식
2024-02-13,쌈무,석식
2024-02-13,배추김치,석식
2024-02-14,잡곡밥,석식
2024-02-14,조랭이떡들깨탕,석식
2024-02-14,오징어볶음,석식
2024-02-14,지파이,석식
2024-02-14,배추김치,석식
2024-02-14,웅진식품,석식
2024-02-15,잡곡밥,석식
2024-02-15,호박된장찌개,석식
2024-02-15,곱창야채볶음,석식
2024-02-15,알배기배추,석식
2024-02-15,배추김치,석식
2024-02-16,닭칼국수,석식
2024-02-16,후리가케밥,석식
2024-02-16,낙지볶음,석식
2024-02-16,찐만두&간장,석식
2024-02-16,깍두기,석식
2024-02-17,차돌짬뽕,석식
2024-02-17,치즈롤까스,석식
2024-02-17,시저샐러드,석식
2024-01-22,탄두리치킨또띠아,석식
2024-01-22,무&비트피클,석식
2024-01-22,총각김치,석식
2024-01-22,사이다,석식
2024-01-23,잡곡밥,석식
2024-01-23,호박된장찌개,석식
2024-01-23,훈제삼겹살구이/명이나물,석식
2024-01-23,알배기배추,석식
2024-01-23,명이나물절임,석식
2024-01-23,파김치,석식
2024-01-24,밥,석식
2024-01-24,감자짜글이,석식
2024-01-24,쇠고기불고기,석식
2024-01-24,오이부추무침,석식
2024-01-24,양배추쌈&저염쌈장,석식
2024-01-24,깍두기,석식
2024-01-24,콜라,석식
2024-01-25,날치알김가루주먹밥,석식
2024-01-25,쇠고기육개장,석식
2024-01-25,새우가스,석식
2024-01-25,유자드레싱샐러드,석식
2024-01-25,총각김치,석식
2024-01-25,우유,석식
2024-01-26,자장밥,석식
2024-01-26,짬뽕수제비,석식
2024-01-26,버섯강정,석식
2024-01-26,계란후라이,석식
2024-01-26,단무지무침,석식
2024-01-26,파김치,석식
2024-01-26,과일푸딩,석식
2024-01-27,감자수제비,석식
2024-01-27,참치마요덮밥,석식
2024-01-27,스팸구이,석식
2024-01-27,고구마맛탕,석식
2024-01-27,갓김치,석식
2024-01-28,밥,석식
2024-01-28,순대국,석식
2024-01-28,동태전,석식
2024-01-28,쌈무무침,석식
2024-01-28,부추겉절이,석식
2024-01-28,배추김치,석식
2024-01-28,주스,석식
2024-01-29,밥,석식
2024-01-29,시래기감자탕,석식
2024-01-29,분모자떡볶이,석식
2024-01-29,깐쇼새우,석식
2024-01-29,배추김치,석식
2024-01-30,흑미밥,석식
2024-01-30,사골우거지국,석식
2024-01-30,애호박나물,석식
2024-01-30,치킨너겟,석식
2024-01-30,배추김치,석식
2024-01-31,달걀케첩볶음밥,석식
2024-01-31,배추된장국,석식
2024-01-31,데리야끼갈릭치킨,석식
2024-01-31,오리엔탈샐러드,석식
2024-01-31,배추김치,석식
2024-01-31,음료수,석식
2024-02-01,랍스터볶음밥,석식
2024-02-01,순두부찌개,석식
2024-02-01,분모자떡볶이,석식
2024-02-01,버팔로윙,석식
2024-02-01,배추김치,석식
2024-02-02,김치찌개,석식
2024-02-02,견과류멸치볶음,석식
2024-02-02,쇠고기불고기,석식
2024-02-02,쌈무,석식
2024-02-02,오이풋고추무침,석식
2024-02-02,총각김치,석식
2024-02-03,마커니커리라이스,석식
2024-02-03,유부된장국,석식
2024-02-03,돈가스,석식
2024-02-03,리코타치즈샐러드,석식
2024-02-03,배추김치,석식
2024-02-03,사이다,석식
2024-02-04,날치알김가루주먹밥,석식
2024-02-04,감자짜글이,석식
2024-02-04,매운족발볶음,석식
2024-02-04,쇠고기육전,석식
2024-01-08,배추김치,석식
2024-01-09,검은콩밥,석식
2024-01-09,쇠고기육개장,석식
2024-01-09,새송이버섯야채볶음,석식
2024-01-09,고추튀김,석식
2024-01-09,배추김치,석식
2024-01-10,생우동,석식
2024-01-10,돈가스,석식
2024-01-10,날치알김치덮밥,석식
2024-01-10,야채샐러드,석식
2024-01-10,깍두기,석식
2024-01-10,웅진식품,석식
2024-01-11,잡곡밥,석식
2024-01-11,햄소시지찌개,석식
2024-01-11,돼지불고기,석식
2024-01-11,쌈무,석식
2024-01-11,백김치,석식
2024-01-12,닭고기덮밥,석식
2024-01-12,시금치된장국,석식
2024-01-12,김치메밀전병,석식
2024-01-12,에그랑땡,석식
2024-01-12,배추김치,석식
2024-01-12,과일젤리,석식
2024-01-13,잡곡밥,석식
2024-01-13,호박된장찌개,석식
2024-01-13,제육볶음,석식
2024-01-13,쌈무,석식
2024-01-13,양배추쌈&저염쌈장,석식
2024-01-13,배추김치,석식
2024-01-13,웅진식품,석식
2024-01-14,밥,석식
2024-01-14,짬뽕찌개,석식
2024-01-14,고추잡채&꽃빵,석식
2024-01-14,목화솜탕수육,석식
2024-01-14,배추김치,석식
2024-01-14,웅진식품,석식
2024-01-15,김치찌개,석식
2024-01-15,곱창야채볶음,석식
2024-01-15,오이양파무침,석식
2024-01-15,찐만두&간장,석식
2024-01-15,깍두기,석식
2024-01-16,흑미밥,석식
2024-01-16,순두부찌개,석식
2024-01-16,대패삼겹살볶음,석식
2024-01-16,양배추쌈&저염쌈장,석식
2024-01-16,배추김치,석식
2024-01-17,차돌짬뽕,석식
2024-01-17,비빔만두,석식
2024-01-17,단무지무침,석식
2024-01-17,닭고기오이냉채,석식
2024-01-17,배추김치,석식
2024-01-18,스쿨치밥,석식
2024-01-18,팽이버섯두부국,석식
2024-01-18,베이컨야채볶음,석식
2024-01-18,궁중떡볶이,석식
2024-01-18,배추김치,석식
2024-01-19,김가루주먹밥,석식
2024-01-19,해물사천짜장,석식
2024-01-19,파송송계란국,석식
2024-01-19,탕수육,석식
2024-01-19,배추김치,석식
2024-01-20,스팸마요덮밥,석식
2024-01-20,돼지고기애호박찌개,석식
2024-01-20,고구마맛탕,석식
2024-01-20,계란후라이,석식
2024-01-20,총각김치,석식
2024-01-21,밥,석식
2024-01-21,쇠고기감자국,석식
2024-01-21,스파이시안심텐더,석식
2024-01-21,잡채어묵조림,석식
2024-01-21,총각김치,석식
2024-01-21,남양유업,석식
2024-01-22,베이컨김치볶음밥,석식
2024-01-22,유부된장국,석식
2023-12-26,양지수육곰탕,석식
2023-12-26,고기산적,석식
2023-12-26,소떡소떡,석식
2023-12-26,오이풋고추무침,석식
2023-12-26,깍두기,석식
2023-12-27,달걀케첩볶음밥,석식
2023-12-27,배추된장국,석식
2023-12-27,데리야끼갈릭치킨,석식
2023-12-27,무&비트피클,석식
2023-12-27,배추김치,석식
2023-12-27,이온음료,석식
2023-12-28,밥,석식
2023-12-28,김치찌개,석식
2023-12-28,쇠고기팽이버섯떡볶음,석식
2023-12-28,무생채,석식
2023-12-28,모듬야채&쌈장,석식
2023-12-28,배추김치,석식
2023-12-29,참치마요덮밥,석식
2023-12-29,쇠고기육개장,석식
2023-12-29,버섯강정,석식
2023-12-29,그릴소시지구이,석식
2023-12-29,갓김치,석식
2023-12-29,식혜,석식
2023-12-30,잡곡밥,석식
2023-12-30,호박된장찌개,석식
2023-12-30,돼지불고기,석식
2023-12-30,상추쌈,석식
2023-12-30,간장깻잎지,석식
2023-12-30,배추김치,석식
2023-12-30,감귤,석식
2023-12-31,쇠고기콩나물밥&부추양념장,석식
2023-12-31,사골우거지국,석식
2023-12-31,애호박나물,석식
2023-12-31,치킨너겟,석식
2023-12-31,배추김치,석식
2023-12-31,농심,석식
2024-01-01,잡곡밥,석식
2024-01-01,김치찌개,석식
2024-01-01,쇠고기불고기,석식
2024-01-01,버팔로윙,석식
2024-01-01,명이나물절임,석식
2024-01-01,무&비트피클,석식
2024-01-01,배추김치,석식
2024-01-02,닭칼국수,석식
2024-01-02,소떡소떡,석식
2024-01-02,해물파전,석식
2024-01-02,도토리묵무침,석식
2024-01-02,총각김치,석식
2024-01-03,검은콩밥,석식
2024-01-03,쇠고기육개장,석식
2024-01-03,대패삼겹살볶음,석식
2024-01-03,간장깻잎지,석식
2024-01-03,배추김치,석식
2024-01-03,해태에이치티비,석식
2024-01-04,밥,석식
2024-01-04,순대국,석식
2024-01-04,오징어볶음,석식
2024-01-04,부추겉절이,석식
2024-01-04,배추김치,석식
2024-01-05,꼬치어묵국,석식
2024-01-05,매운족발볶음,석식
2024-01-05,야채샐러드,석식
2024-01-05,날치알김치덮밥,석식
2024-01-05,배추김치,석식
2024-01-05,사이다,석식
2024-01-06,밥,석식
2024-01-06,햄소시지찌개,석식
2024-01-06,순대야채볶음,석식
2024-01-06,궁중닭찜,석식
2024-01-06,깍두기,석식
2024-01-06,해태에이치티비,석식
2024-01-07,밥,석식
2024-01-07,당면고추장찌개,석식
2024-01-07,오리불고기,석식
2024-01-07,쌈무,석식
2024-01-07,배추김치,석식
2024-01-08,감자수제비,석식
2024-01-08,데리야끼삼겹살덮밥,석식
2024-01-08,콘치즈오븐구이,석식
2024-01-08,계란후라이,석식
2023-12-13,스쿨치밥,석식
2023-12-13,팽이버섯두부국,석식
2023-12-13,크림떡볶이,석식
2023-12-13,타코야끼,석식
2023-12-13,배추김치,석식
2023-12-13,과일푸딩,석식
2023-12-14,제육덮밥,석식
2023-12-14,잔치국수,석식
2023-12-14,청양마요치킨,석식
2023-12-14,계란후라이,석식
2023-12-14,총각김치,석식
2023-12-15,김가루주먹밥,석식
2023-12-15,닭곰탕,석식
2023-12-15,매운족발볶음,석식
2023-12-15,비빔만두,석식
2023-12-15,파채무침,석식
2023-12-15,배추김치,석식
2023-12-16,잡곡밥,석식
2023-12-16,햄소시지찌개,석식
2023-12-16,닭고기김치찜,석식
2023-12-16,오이부추무침,석식
2023-12-16,백김치,석식
2023-12-16,사인머스켓,석식
2023-12-17,잡곡밥,석식
2023-12-17,호박된장찌개,석식
2023-12-17,제육볶음,석식
2023-12-17,쌈무,석식
2023-12-17,명이나물절임,석식
2023-12-17,파김치,석식
2023-12-17,해태에이치티비,석식
2023-12-18,후리가케밥,석식
2023-12-18,고추장수제비,석식
2023-12-18,돈가스,석식
2023-12-18,단무지무침,석식
2023-12-18,리코타치즈샐러드,석식
2023-12-19,달걀케첩볶음밥,석식
2023-12-19,쇠고기감자국,석식
2023-12-19,닭강정,석식
2023-12-19,잡채어묵조림,석식
2023-12-19,총각김치,석식
2023-12-20,밥,석식
2023-12-20,돼지고기애호박찌개,석식
2023-12-20,돼지고기양장피볶음,석식
2023-12-20,아귀찜,석식
2023-12-20,배추김치,석식
2023-12-20,사이다,석식
2023-12-21,데리야끼삼겹살덮밥,석식
2023-12-21,콩나물국,석식
2023-12-21,탄두리치킨또띠아,석식
2023-12-21,무&비트피클,석식
2023-12-21,배추김치,석식
2023-12-21,콜라,석식
2023-12-22,해물사천짜장,석식
2023-12-22,짬뽕찌개,석식
2023-12-22,목화솜탕수육,석식
2023-12-22,계란후라이,석식
2023-12-22,단무지무침,석식
2023-12-22,배추김치,석식
2023-12-23,밥,석식
2023-12-23,감자짜글이,석식
2023-12-23,궁중떡볶이,석식
2023-12-23,쇠고기불고기,석식
2023-12-23,두부구이,석식
2023-12-23,백김치,석식
2023-12-24,밥,석식
2023-12-24,고추튀김,석식
2023-12-24,부추겉절이,석식
2023-12-24,쌈무무침,석식
2023-12-24,배추김치,석식
2023-12-24,웅진식품,석식
2023-12-25,밥,석식
2023-12-25,시래기감자탕,석식
2023-12-25,떡볶이,석식
2023-12-25,버팔로윙,석식
2023-12-25,유자드레싱샐러드,석식
2023-12-25,백김치,석식
2023-12-25,배,석식
2023-12-26,흑미밥,석식
2023-11-29,웅진식품,석식
2023-11-30,달걀케첩볶음밥,석식
2023-11-30,시금치된장국,석식
2023-11-30,데리야끼갈릭치킨,석식
2023-11-30,무&비트피클,석식
2023-11-30,배추김치,석식
2023-12-01,김치찌개,석식
2023-12-01,닭갈비,석식
2023-12-01,오이양파무침,석식
2023-12-01,상추쌈,석식
2023-12-01,깍두기,석식
2023-12-02,잡곡밥,석식
2023-12-02,황태채국,석식
2023-12-02,견과류멸치볶음,석식
2023-12-02,매운돼지갈비찜,석식
2023-12-02,간장깻잎지,석식
2023-12-02,배추김치,석식
2023-12-02,해태에이치티비,석식
2023-12-03,밥,석식
2023-12-03,당면고추장찌개,석식
2023-12-03,오리불고기,석식
2023-12-03,깐쇼새우,석식
2023-12-03,쌈무,석식
2023-12-03,배추김치,석식
2023-12-04,닭고기덮밥,석식
2023-12-04,배추된장국,석식
2023-12-04,고추튀김,석식
2023-12-04,콘치즈오븐구이,석식
2023-12-04,배추김치,석식
2023-12-05,햄야채볶음밥,석식
2023-12-05,짬뽕수제비,석식
2023-12-05,돼지고기청경채볶음,석식
2023-12-05,회오리감자,석식
2023-12-05,배추김치,석식
2023-12-06,잡곡밥,석식
2023-12-06,호박된장찌개,석식
2023-12-06,제육볶음,석식
2023-12-06,에그랑땡,석식
2023-12-06,파채무침,석식
2023-12-06,배추김치,석식
2023-12-07,잡곡밥,석식
2023-12-07,햄소시지찌개,석식
2023-12-07,훈제오리볶음,석식
2023-12-07,쌈무,석식
2023-12-07,백김치,석식
2023-12-07,농심,석식
2023-12-08,밥,석식
2023-12-08,순대국,석식
2023-12-08,잡채어묵조림,석식
2023-12-08,부추겉절이,석식
2023-12-08,오징어젓무침,석식
2023-12-08,배추김치,석식
2023-12-09,밥,석식
2023-12-09,시금치된장국,석식
2023-12-09,순대야채볶음,석식
2023-12-09,궁중닭찜,석식
2023-12-09,깍두기,석식
2023-12-09,웅진식품,석식
2023-12-10,자장밥,석식
2023-12-10,짬뽕찌개,석식
2023-12-10,고추잡채&꽃빵,석식
2023-12-10,탕수육,석식
2023-12-10,배추김치,석식
2023-12-10,배,석식
2023-12-11,흑미밥,석식
2023-12-11,순두부찌개,석식
2023-12-11,대패삼겹살볶음,석식
2023-12-11,무말랭이무침,석식
2023-12-11,양배추쌈&저염쌈장,석식
2023-12-11,배추김치,석식
2023-12-11,우유,석식
2023-12-12,후리카케밥,석식
2023-12-12,닭칼국수,석식
2023-12-12,낙지볶음,석식
2023-12-12,마늘쫑무침,석식
2023-12-12,찐만두&간장,석식
2023-12-12,깍두기,석식
2025-11-23(일),참치야채비빔밥,석식
2025-11-24(월),불고기포케,석식
2025-11-25(화),베이컨스크램블덮밥,석식
2025-11-26(수),잡채밥,석식
2025-11-27(목),쭈꾸미덮밥,석식
2025-11-28(금),밥,석식
2023-11-21,탄두리치킨또띠아,석식
2023-11-21,무&비트피클,석식
2023-11-21,배추김치,석식
2023-11-21,우유,석식
2023-11-21,사이다,석식
2023-11-22,밥,석식
2023-11-22,쇠고기육개장,석식
2023-11-22,소떡소떡,석식
2023-11-22,아귀찜,석식
2023-11-22,배추김치,석식
2023-11-23,후리카케밥,석식
2023-11-23,생우동,석식
2023-11-23,새우가스,석식
2023-11-23,단무지무침,석식
2023-11-23,시저샐러드,석식
2023-11-23,배추김치,석식
2023-11-24,자장밥,석식
2023-11-24,짬뽕찌개,석식
2023-11-24,탕수육,석식
2023-11-24,계란후라이,석식
2023-11-24,단무지무침,석식
2023-11-24,배추김치,석식
2023-11-24,해태에이치티비,석식
2023-11-25,밥,석식
2023-11-25,햄소시지찌개,석식
2023-11-25,순대야채볶음,석식
2023-11-25,궁중닭찜,석식
2023-11-25,배추김치,석식
2023-11-26,흑미밥,석식
2023-11-26,사골우거지국,석식
2023-11-26,크림떡볶이,석식
2023-11-26,돼지고기양장피볶음,석식
2023-11-26,배추김치,석식
2023-11-26,웅진식품,석식
2023-11-27,밥,석식
2023-11-27,시래기감자탕,석식
2023-11-27,버팔로윙,석식
2023-11-27,오이양파무침,석식
2023-11-27,유자드레싱샐러드,석식
2023-11-27,백김치,석식
2023-11-27,사이다,석식
2023-11-28,밥,석식
2023-11-28,순대국,석식
2023-11-28,깐쇼새우,석식
2023-11-28,부추겉절이,석식
2023-11-28,마늘쫑무침,석식
2023-11-28,깍두기,석식
2023-11-28,과일푸딩,석식
2023-11-29,밥,석식
2023-11-29,짬뽕찌개,석식
2023-11-29,쇠고기팽이버섯떡볶음,석식
2023-11-29,닭고기김치찜,석식
2023-11-29,파김치,석식
2025-11-07(금),베이컨김치볶음밥,석식
2025-11-08(토),스팸마요덮밥,석식
2025-11-09(일),밥,석식
2025-11-10(월),잡곡밥,석식
2025-11-11(화),밥,석식
2025-11-12(수),고깃집볶음밥,석식
2025-11-13(목),밥,석식
2025-11-14(금),추억의도시락,석식
2025-11-15(토),밥,석식
2025-11-16(일),불고기비빔밥,석식
2025-11-17(월),하이라이스,석식
2025-11-18(화),밥,석식
2025-11-19(수),밥,석식
2025-11-20(목),밥,석식
2025-11-21(금),밥,석식
2025-11-22(토),밥,석식
2025-10-23(목),밥,석식
2025-10-24(금),베이컨김치볶음밥,석식
2025-10-25(토),밥,석식
2025-10-26(일),밥,석식
2025-10-27(월),밥,석식
2025-10-28(화),밥,석식
2025-10-29(수),쭈꾸미덮밥,석식
2025-10-30(목),고깃집볶음밥,석식
2025-10-31(금),미트볼토마토스파게티,석식
2025-11-01(토),중화비빔밥,석식
2025-11-02(일),밥,석식
2025-11-03(월),밥,석식
2025-11-04(화),잡곡밥,석식
2025-11-05(수),참치마요주먹밥,석식
2025-11-06(목),밥,석식
2025-10-06(월),베이컨김치볶음밥,석식
2025-10-07(화),잡곡밥,석식
2025-10-08(수),김치알밥,석식
2025-10-09(목),흑미밥,석식
2025-10-10(금),밥,석식
2025-10-11(토),잡곡밥,석식
2025-10-12(일),가츠동덮밥,석식
2025-10-13(월),밥,석식
2025-10-14(화),하이라이스,석식
2025-10-15(수),밥,석식
2025-10-16(목),밥,석식
2025-10-17(금),쌀국수,석식
2025-10-18(토),오므라이스,석식
2025-10-19(일),참치야채비빔밥,석식
2025-10-20(월),자장밥,석식
2025-10-21(화),마제소바덮밥,석식
2025-10-22(수),밥,석식
2025-09-20(토),스팸마요덮밥,석식
2025-09-21(일),참치야채비빔밥,석식
2025-09-22(월),자장밥,석식
2025-09-23(화),가츠동덮밥,석식
2025-09-24(수),밥,석식
2025-09-25(목),베이컨김치볶음밥,석식
2025-09-26(금),달걀케첩볶음밥,석식
2025-09-27(토),밥,석식
2025-09-28(일),밥,석식
2025-09-29(월),밥,석식
2025-09-30(화),게맛살계란국,석식
2025-10-01(수),밥,석식
2025-10-02(목),밥,석식
2025-10-03(금),밥,석식
2025-10-04(토),달걀케첩볶음밥,석식
2025-10-05(일),밥,석식
2025-09-03(수),밥,석식
2025-09-04(목),밥,석식
2025-09-05(금),밥,석식
2025-09-06(토),쭈꾸미덮밥,석식
2025-09-07(일),밥,석식
2025-09-08(월),베이컨김치볶음밥,석식
2025-09-09(화),잡곡밥,석식
2025-09-10(수),김치알밥,석식
2025-09-11(목),흑미밥,석식
2025-09-12(금),참치마요덮밥,석식
2025-09-13(토),마제소바덮밥,석식
2025-09-14(일),밥,석식
2025-09-15(월),오므라이스,석식
2025-09-16(화),중화비빔밥,석식
2025-09-17(수),밥,석식
2025-09-18(목),밥,석식
2025-09-19(금),고추장수제비,석식
2025-08-18(월),아비꼬카레,석식
2025-08-19(화),밥,석식
2025-08-20(수),밥,석식
2025-08-21(목),달걀케첩볶음밥,석식
2025-08-22(금),밥,석식
2025-08-23(토),밥,석식
2025-08-24(일),쇠고기육개장,석식
2025-08-25(월),잡곡밥,석식
2025-08-26(화),호박된장찌개,석식
2025-08-27(수),밥,석식
2025-08-28(목),오야꼬동,석식
2025-08-29(금),불닭덮밥,석식
2025-08-30(토),흑미밥,석식
2025-08-31(일),밥,석식
2025-09-01(월),하이라이스,석식
2025-09-02(화),태국식돼지고기덮밥,석식
2025-08-02(토),밥,석식
2025-08-03(일),밥,석식
2025-08-04(월),달걀케첩볶음밥,석식
2025-08-05(화),참치야채비빔밥,석식
2025-08-06(수),밥,석식
2025-08-07(목),김치알밥,석식
2025-08-08(금),하이라이스,석식
2025-08-09(토),잡곡밥,석식
2025-08-10(일),잡곡밥,석식
2025-08-11(월),밥,석식
2025-08-12(화),로제짬뽕,석식
2025-08-13(수),마제소바덮밥,석식
2025-08-14(목),오므라이스,석식
2025-08-15(금),베이컨김치볶음밥,석식
2025-08-16(토),밥,석식
2025-08-17(일),밥,석식
2025-07-17(목),감자수제비,석식
2025-07-18(금),하이라이스,석식
2025-07-19(토),밥,석식
2025-07-20(일),참치야채비빔밥,석식
2025-07-21(월),카레덮밥,석식
2025-07-22(화),김가루주먹밥,석식
2025-07-23(수),밥,석식
2025-07-24(목),베이컨김치볶음밥,석식
2025-07-25(금),달걀케첩볶음밥,석식
2025-07-26(토),밥,석식
2025-07-27(일),밥,석식
2025-07-28(월),밥,석식
2025-07-29(화),야끼소바,석식
2025-07-30(수),햄마요덮밥,석식
2025-07-31(목),오야꼬동,석식
2025-08-01(금),잡곡밥,석식
2025-07-02(수),알리오올리오,석식
2025-07-03(목),마제소바덮밥,석식
2025-07-04(금),스팸마요덮밥,석식
2025-07-05(토),참치마요주먹밥,석식
2025-07-06(일),밥,석식
2025-07-07(월),밥,석식
2025-07-08(화),검은콩밥,석식
2025-07-09(수),김치알밥,석식
2025-07-10(목),밥,석식
2025-07-11(금),참치마요덮밥,석식
2025-07-12(토),흑미밥,석식
2025-07-13(일),불닭덮밥,석식
2025-07-14(월),햄야채볶음밥,석식
2025-07-15(화),밥,석식
2025-07-16(수),밥,석식
2025-06-16(월),햄야채볶음밥,석식
2025-06-17(화),밥,석식
2025-06-18(수),밥,석식
2025-06-19(목),추억의도시락,석식
2025-06-20(금),감자수제비,석식
2025-06-21(토),밥,석식
2025-06-22(일),밥,석식
2025-06-23(월),카레덮밥,석식
2025-06-24(화),후리가케밥,석식
2025-06-25(수),밥,석식
2025-06-26(목),잡곡밥,석식
2025-06-27(금),참치야채비빔밥,석식
2025-06-28(토),밥,석식
2025-06-29(일),밥,석식
2025-06-30(월),메밀소바,석식
2025-07-01(화),검은콩밥,석식
2025-05-31(토),스팸마요덮밥,석식
2025-06-01(일),하이라이스,석식
2025-06-02(월),밥,석식
2025-06-03(화),태국식돼지고기덮밥,석식
2025-06-04(수),검은콩밥,석식
2025-06-05(목),베이글&대파크림치즈,석식
2025-06-06(금),밥,석식
2025-06-07(토),김가루주먹밥,석식
2025-06-08(일),밥,석식
2025-06-09(월),밥,석식
2025-06-10(화),검은콩밥,석식
2025-06-11(수),자장밥,석식
2025-06-12(목),밥,석식
2025-06-13(금),불닭덮밥,석식
2025-06-14(토),흑미밥,석식
2025-06-15(일),밥,석식
2025-05-16(금),후리가케밥,석식
2025-05-17(토),잡곡밥,석식
2025-05-18(일),달걀케첩볶음밥,석식
2025-05-19(월),밥,석식
2025-05-20(화),밥,석식
2025-05-21(수),밥,석식
2025-05-22(목),밥,석식
2025-05-23(금),왕새우튀김우동,석식
2025-05-24(토),잡곡밥,석식
2025-05-25(일),밥,석식
2025-05-26(월),나시고랭볶음밥,석식
2025-05-27(화),밥,석식
2025-05-28(수),밥,석식
2025-05-29(목),비빔국수,석식
2025-05-30(금),밥,석식
2025-04-30(수),왕새우튀김우동,석식
2025-05-01(목),잡곡밥,석식
2025-05-02(금),흑미밥,석식
2025-05-03(토),감자수제비,석식
2025-05-04(일),밥,석식
2025-05-05(월),불고기볶음밥,석식
2025-05-06(화),잡곡밥,석식
2025-05-07(수),잡곡밥,석식
2025-05-08(목),밥,석식
2025-05-09(금),쫄면,석식
2025-05-10(토),잡곡밥,석식
2025-05-11(일),밥,석식
2025-05-12(월),밥,석식
2025-05-13(화),잡곡밥,석식
2025-05-14(수),밥,석식
2025-05-15(목),밥,석식
2025-04-15(화),하이라이스,석식
2025-04-16(수),후리가케밥,석식
2025-04-17(목),잡곡밥,석식
2025-04-18(금),밥,석식
2025-04-19(토),잡곡밥,석식
2025-04-20(일),소불고기비빔밥,석식
2025-04-21(월),밥,석식
2025-04-22(화),나시고랭볶음밥,석식
2025-04-23(수),볶음밥,석식
2025-04-24(목),토마토카레라이스,석식
2025-04-25(금),참치야채비빔밥,석식
2025-04-26(토),밥,석식
2025-04-27(일),밥,석식
2025-04-28(월),잡곡밥,석식
2025-04-29(화),밥,석식
2025-03-29(토),잡곡밥,석식
2025-03-30(일),베이컨김치볶음밥,석식
2025-03-31(월),불닭덮밥,석식
2025-04-01(화),불고기볶음밥,석식
2025-04-02(수),밥,석식
2025-04-03(목),돈코츠라멘,석식
2025-04-04(금),흑미밥,석식
2025-04-05(토),밥,석식
2025-04-06(일),밥,석식
2025-04-07(월),밥,석식
2025-04-08(화),김치알밥,석식
2025-04-09(수),자장밥,석식
2025-04-10(목),밥,석식
2025-04-11(금),차슈덮밥,석식
2025-04-12(토),잡곡밥,석식
2025-04-13(일),밥,석식
2025-04-14(월),햄야채볶음밥,석식
2025-03-13(목),밥,석식
2025-03-14(금),김밥볶음밥,석식
2025-03-15(토),밥,석식
2025-03-16(일),밥,석식
2025-03-17(월),나시고랭볶음밥,석식
2025-03-18(화),소불고기비빔밥,석식
2025-03-19(수),밥,석식
2025-03-20(목),베이컨김치볶음밥,석식
2025-03-21(금),후리가케밥,석식
2025-03-22(토),밥,석식
2025-03-23(일),바베큐볶음밥,석식
2025-03-24(월),밥,석식
2025-03-25(화),흑미밥,석식
2025-03-26(수),잡곡밥,석식
2025-03-27(목),불고기볶음밥,석식
2025-03-28(금),잡곡밥,석식
2025-02-26(수),흑미밥,석식
2025-02-27(목),후리가케밥,석식
2025-02-28(금),돈코츠라멘,석식
2025-03-01(토),달걀케첩볶음밥,석식
2025-03-02(일),밥,석식
2025-03-03(월),차돌볶음우동,석식
2025-03-04(화),잡곡밥,석식
2025-03-05(수),사천식잡채덮밥,석식
2025-03-06(목),보리밥&고추장,석식
2025-03-07(금),하이라이스덮밥,석식
2025-03-08(토),밥,석식
2025-03-09(일),밥,석식
2025-03-10(월),밥,석식
2025-03-11(화),카레덮밥,석식
2025-03-12(수),잡곡밥,석식
2025-02-10(월),볼카츠덮밥,석식
2025-02-11(화),밥,석식
2025-02-12(수),흑미밥,석식
2025-02-13(목),밥,석식
2025-02-14(금),훈제오리&또띠아쌈,석식
2025-02-15(토),밥,석식
2025-02-16(일),카레덮밥,석식
2025-02-17(월),흑미밥,석식
2025-02-18(화),밥,석식
2025-02-19(수),바베큐볶음밥,석식
2025-02-20(목),잡곡밥,석식
2025-02-21(금),차슈덮밥,석식
2025-02-22(토),밥,석식
2025-02-23(일),밥,석식
2025-02-24(월),아란치니,석식
2025-02-25(화),밥,석식
2025-01-25(토),배추된장국,석식
2025-01-26(일),밥,석식
2025-01-27(월),쌀국수,석식
2025-01-28(화),자장밥,석식
2025-01-29(수),불고기볶음밥,석식
2025-01-30(목),오야꼬동,석식
2025-01-31(금),잡곡밥,석식
2025-02-01(토),밥,석식
2025-02-02(일),밥,석식
2025-02-03(월),나시고랭볶음밥,석식
2025-02-04(화),김밥볶음밥,석식
2025-02-05(수),하이라이스덮밥,석식
2025-02-06(목),잡곡밥,석식
2025-02-07(금),오야꼬동,석식
2025-02-08(토),병천순대국밥,석식
2025-02-09(일),김치찌개,석식
2026-09-18(금),날치알주먹밥,석식
2026-09-19(토),스팸마요덮밥,석식
2026-09-20(일),밥,석식
2026-09-21(월),김치알밥,석식
2026-09-22(화),돈코츠라멘,석식
2026-09-23(수),중화비빔밥,석식
2026-09-24(목),아비꼬카레,석식
2026-09-25(금),베이컨스크램블덮밥,석식
2026-09-26(토),라구파스타,석식
2026-09-27(일),밥,석식
2026-09-28(월),밥,석식
2026-09-29(화),오므라이스,석식
2026-09-30(수),밥,석식
2025-01-24(금),김밥볶음밥,석식
2026-09-04(금),참치마요주먹밥,석식
2026-09-05(토),밥,석식
2026-09-06(일),밥,석식
2026-09-07(월),훈제오리볶음밥,석식
2026-09-08(화),계란볶음밥,석식
2026-09-09(수),밥,석식
2026-09-10(목),목살필라프,석식
2026-09-11(금),자장밥,석식
2026-09-12(토),불닭덮밥,석식
2026-09-13(일),밥,석식
2026-09-14(월),불고기비빔밥,석식
2026-09-15(화),달걀케첩볶음밥,석식
2026-09-16(수),밥,석식
2026-09-17(목),밥,석식
2026-08-21(금),훈제오리볶음밥,석식
2026-08-22(토),베이컨스크램블덮밥,석식
2026-08-23(일),밥,석식
2026-08-24(월),라구파스타,석식
2026-08-25(화),날치알주먹밥,석식
2026-08-26(수),밥,석식
2026-08-27(목),고깃집볶음밥,석식
2026-08-28(금),목살필라프,석식
2026-08-29(토),밥,석식
2026-08-30(일),밥,석식
2026-08-31(월),밥,석식
2026-09-01(화),밥,석식
2026-09-02(수),밥,석식
2026-09-03(목),베이컨김치볶음밥,석식
2026-08-07(금),베이컨김치볶음밥,석식
2026-08-08(토),밥,석식
2026-08-09(일),밥,석식
2026-08-10(월),밥,석식
2026-08-11(화),밥,석식
2026-08-12(수),후리가케밥,석식
2026-08-13(목),밥,석식
2026-08-14(금),밥,석식
2026-08-15(토),밥,석식
2026-08-16(일),밥,석식
2026-08-17(월),자장밥,석식
2026-08-18(화),오므라이스,석식
2026-08-19(수),밥,석식
2026-08-20(목),잡곡밥,석식
2026-07-24(금),밥,석식
2026-07-25(토),아비꼬카레,석식
2026-07-26(일),밥,석식
2026-07-27(월),돼지고기덮밥,석식
2026-07-28(화),후리가케밥,석식
2026-07-29(수),날치알주먹밥,석식
2026-07-30(목),밥,석식
2026-07-31(금),베이컨스크램블덮밥,석식
2026-08-01(토),스팸마요덮밥,석식
2026-08-02(일),하이라이스,석식
2026-08-03(월),달걀케첩볶음밥,석식
2026-08-04(화),카레우동,석식
2026-08-05(수),불닭덮밥,석식
2026-08-06(목),밥,석식
2026-07-10(금),밥,석식
2026-07-11(토),참치야채비빔밥,석식
2026-07-12(일),밥,석식
2026-07-13(월),베이컨김치볶음밥,석식
2026-07-14(화),밥,석식
2026-07-15(수),스팸마요덮밥,석식
2026-07-16(목),찹스테이크구이&소스,석식
2026-07-17(금),하이라이스,석식
2026-07-18(토),밥,석식
2026-07-19(일),밥,석식
2026-07-20(월),차돌짬뽕,석식
2026-07-21(화),참치마요주먹밥,석식
2026-07-22(수),불닭덮밥,석식
2026-07-23(목),고깃집볶음밥,석식
2026-06-25(목),유린기,석식
2026-06-26(금),고깃집볶음밥,석식
2026-06-27(토),밥,석식
2026-06-28(일),밥,석식
2026-06-29(월),아비꼬카레,석식
2026-06-30(화),밥,석식
2026-07-01(수),오므라이스,석식
2026-07-02(목),불고기포케,석식
2026-07-03(금),자장밥,석식
2026-07-04(토),밥,석식
2026-07-05(일),달걀케첩볶음밥,석식
2026-07-06(월),밥,석식
2026-07-07(화),김가루주먹밥,석식
2026-07-08(수),밥,석식
2026-07-09(목),밥,석식
2026-06-11(목),밥,석식
2026-06-12(금),밥,석식
2026-06-13(토),밥,석식
2026-06-14(일),하이라이스,석식
2026-06-15(월),불닭덮밥,석식
2026-06-16(화),쭈꾸미덮밥,석식
2026-06-17(수),김가루주먹밥,석식
2026-06-18(목),밥,석식
2026-06-19(금),오므라이스,석식
2026-06-20(토),밥,석식
2026-06-21(일),밥,석식
2026-06-22(월),달걀케첩볶음밥,석식
2026-06-23(화),참치마요주먹밥,석식
2026-06-24(수),중화비빔밥,석식
2026-05-27(수),밥,석식
2026-05-28(목),달걀케첩볶음밥,석식
2026-05-29(금),불고기포케,석식
2026-05-30(토),잡곡밥,석식
2026-05-31(일),베이컨스크램블덮밥,석식
2026-06-01(월),목살필라프,석식
2026-06-02(화),밥,석식
2026-06-03(수),참치야채비빔밥,석식
2026-06-04(목),밥,석식
2026-06-05(금),훈제오리볶음밥,석식
2026-06-06(토),밥,석식
2026-06-07(일),돼지고기덮밥,석식
2026-06-08(월),베이컨김치볶음밥,석식
2026-06-09(화),밥,석식
2026-06-10(수),밥,석식
2026-05-13(수),중화비빔밥,석식
2026-05-14(목),밥,석식
2026-05-15(금),참치마요주먹밥,석식
2026-05-16(토),고깃집볶음밥,석식
2026-05-17(일),잡곡밥,석식
2026-05-18(월),밥,석식
2026-05-19(화),후리가케밥,석식
2026-05-20(수),카레우동,석식
2026-05-21(목),돼지고기덮밥,석식
2026-05-22(금),밥,석식
2026-05-23(토),하이라이스,석식
2026-05-24(일),스팸마요덮밥,석식
2026-05-25(월),쭈꾸미덮밥,석식
2026-05-26(화),목살필라프,석식
2026-04-28(화),돈코츠라멘,석식
2026-04-29(수),밥,석식
2026-04-30(목),목살필라프,석식
2026-05-01(금),밥,석식
2026-05-02(토),밥,석식
2026-05-03(일),밥,석식
2026-05-04(월),오므라이스,석식
2026-05-05(화),김가루주먹밥,석식
2026-05-06(수),달걀케첩볶음밥,석식
2026-05-07(목),밥,석식
2026-05-08(금),밥,석식
2026-05-09(토),밥,석식
2026-05-10(일),밥,석식
2026-05-11(월),베이컨김치볶음밥,석식
2026-05-12(화),훈제오리볶음밥,석식
2026-04-14(화),김가루주먹밥,석식
2026-04-15(수),카레우동,석식
2026-04-16(목),훈제오리볶음밥,석식
2026-04-17(금),마제소바덮밥,석식
2026-04-18(토),불고기비빔밥,석식
2026-04-19(일),하이라이스,석식
2026-04-20(월),밥,석식
2026-04-21(화),밥,석식
2026-04-22(수),베이컨김치볶음밥,석식
2026-04-23(목),밥,석식
2026-04-24(금),고깃집볶음밥,석식
2026-04-25(토),밥,석식
2026-04-26(일),불고기포케,석식
2026-04-27(월),베이컨김치볶음밥,석식
2026-03-30(월),후리가케밥,석식
2026-03-31(화),카레우동,석식
2026-04-01(수),김치알밥,석식
2026-04-02(목),불닭덮밥,석식
2026-04-03(금),밥,석식
2026-04-04(토),밥,석식
2026-04-05(일),스팸마요덮밥,석식
2026-04-06(월),밥,석식
2026-04-07(화),자장밥,석식
2026-04-08(수),참치마요주먹밥,석식
2026-04-09(목),베이컨스크램블덮밥,석식
2026-04-10(금),달걀케첩볶음밥,석식
2026-04-11(토),밥,석식
2026-04-12(일),밥,석식
2026-04-13(월),오므라이스,석식
2026-03-16(월),김치알밥,석식
2026-03-17(화),오므라이스,석식
2026-03-18(수),고깃집볶음밥,석식
2026-03-19(목),잡곡밥,석식
2026-03-20(금),중화비빔밥,석식
2026-03-21(토),밥,석식
2026-03-22(일),불고기비빔밥,석식
2026-03-23(월),밥,석식
2026-03-24(화),가츠동덮밥,석식
2026-03-25(수),밥,석식
2026-03-26(목),베이컨김치볶음밥,석식
2026-03-27(금),밥,석식
2026-03-28(토),밥,석식
2026-03-29(일),밥,석식
2026-03-01(일),밥,석식
2026-03-02(월),밥,석식
2026-03-03(화),마제소바덮밥,석식
2026-03-04(수),베이컨스크램블덮밥,석식
2026-03-05(목),추억의도시락,석식
2026-03-06(금),밥,석식
2026-03-07(토),불닭덮밥,석식
2026-03-08(일),불고기포케,석식
2026-03-09(월),밥,석식
2026-03-10(화),밥,석식
2026-03-11(수),아비꼬카레,석식
2026-03-12(목),밥,석식
2026-03-13(금),김가루주먹밥,석식
2026-03-14(토),김치볶음밥,석식
2026-03-15(일),스팸마요덮밥,석식
2026-02-14(토),오므라이스,석식
2026-02-15(일),베이컨스크램블덮밥,석식
2026-02-16(월),고깃집볶음밥,석식
2026-02-17(화),베이컨김치볶음밥,석식
2026-02-18(수),돼지고기덮밥,석식
2026-02-19(목),후리가케밥,석식
2026-02-20(금),밥,석식
2026-02-21(토),밥,석식
2026-02-22(일),불고기비빔밥,석식
2026-02-23(월),하이라이스,석식
2026-02-24(화),나시고랭볶음밥,석식
2026-02-25(수),쭈꾸미덮밥,석식
2026-02-26(목),김가루주먹밥,석식
2026-02-27(금),밥,석식
2026-02-28(토),밥,석식
2026-01-30(금),돈코츠라멘,석식
2026-01-31(토),밥,석식
2026-02-01(일),밥,석식
2026-02-02(월),아비꼬카레,석식
2026-02-03(화),마제소바덮밥,석식
2026-02-04(수),밥,석식
2026-02-05(목),가츠동덮밥,석식
2026-02-06(금),밥,석식
2026-02-07(토),밥,석식
2026-02-08(일),불고기포케,석식
2026-02-09(월),불닭덮밥,석식
2026-02-10(화),스팸마요덮밥,석식
2026-02-11(수),밥,석식
2026-02-12(목),밥,석식
2026-02-13(금),밥,석식
2026-01-15(목),고깃집볶음밥,석식
2026-01-16(금),팽이버섯계란국,석식
2026-01-17(토),밥,석식
2026-01-18(일),밥,석식
2026-01-19(월),돼지고기덮밥,석식
2026-01-20(화),가츠동덮밥,석식
2026-01-21(수),김가루주먹밥,석식
2026-01-22(목),참치마요주먹밥,석식
2026-01-23(금),밥,석식
2026-01-24(토),불닭덮밥,석식
2026-01-25(일),하이라이스,석식
2026-01-26(월),김가루주먹밥,석식
2026-01-27(화),자장밥,석식
2026-01-28(수),김치알밥,석식
2026-01-29(목),불고기포케,석식
2025-12-31(수),밥,석식
2026-01-01(목),스팸마요덮밥,석식
2026-01-02(금),밥,석식
2026-01-03(토),참치마요주먹밥,석식
2026-01-04(일),밥,석식
2026-01-05(월),대패삼겹김치파스타,석식
2026-01-06(화),아비꼬카레,석식
2026-01-07(수),밥,석식
2026-01-08(목),베이컨김치볶음밥,석식
2026-01-09(금),중화비빔밥,석식
2026-01-10(토),밥,석식
2026-01-11(일),불고기비빔밥,석식
2026-01-12(월),밥,석식
2026-01-13(화),베이컨스크램블덮밥,석식
2026-01-14(수),후리가케밥,석식
2025-12-15(월),참치마요덮밥,석식
2025-12-16(화),밥,석식
2025-12-17(수),밥,석식
2025-12-18(목),베이컨스크램블덮밥,석식
2025-12-19(금),밥,석식
2025-12-20(토),밥,석식
2025-12-21(일),불고기비빔밥,석식
2025-12-22(월),밥,석식
2025-12-23(화),스팸마요덮밥,석식
2025-12-24(수),오므라이스,석식
2025-12-25(목),김가루주먹밥,석식
2025-12-26(금),가츠동덮밥,석식
2025-12-27(토),베이컨김치볶음밥,석식
2025-12-28(일),불고기포케,석식
2025-12-29(월),밥,석식
2025-12-30(화),밥,석식
2025-11-29(토),베이컨김치볶음밥,석식
2025-11-30(일),밥,석식
2025-12-01(월),밥,석식
2025-12-02(화),감자수제비,석식
2025-12-03(수),달걀케첩볶음밥,석식
2025-12-04(목),밥,석식
2025-12-05(금),밥,석식
2025-12-06(토),마제소바덮밥,석식
2025-12-07(일),밥,석식
2025-12-08(월),짬뽕쌀국수,석식
2025-12-09(화),하이라이스,석식
2025-12-10(수),밥,석식
2025-12-11(목),밥,석식
2025-12-12(금),고깃집볶음밥,석식
2025-12-13(토),밥,석식
2025-12-14(일),불닭덮밥,석식
2021-05-12,브로콜리/초고추장,석식
2021-05-12,깍두기,석식
2021-05-12,아이스크림 콘 완제품,석식
2021-05-13,치킨마요덮밥,석식
2021-05-13,순두부찌개,석식
2021-05-13,김자반,석식
2021-05-13,매실피클,석식
2021-05-13,깍두기,석식
2021-05-13,참외,석식
2021-05-13,우유,석식
2021-05-14,김치덮밥,석식
2021-05-14,된장국,석식
2021-05-14,닭강정,석식
2021-05-14,맛김,석식
2021-05-14,배추김치,석식
2021-05-15,밥,석식
2021-05-15,김치찌개,석식
2021-05-15,고추잡채,석식
2021-05-15,고등어순살조림,석식
2021-05-15,깻잎무침,석식
2021-05-15,깍두기,석식
2021-05-16,밥,석식
2021-05-16,버섯된장찌개,석식
2021-05-16,제육볶음,석식
2021-05-16,오이무침,석식
2021-05-16,양배추쌈,석식
2021-05-16,배추김치,석식
2021-05-17,밥,석식
