날짜,음식,식사유형
2025-03-23(일),돼지불고기,조식
2025-03-23(일),부추양파무침,조식
2025-03-23(일),배추김치,조식
2025-03-24(월),밥,조식
2025-03-25(월),쇠고기육개장,조식
2025-03-26(월),애호박나물,조식
2025-03-27(월),김자반,조식
2025-03-28(월),계란말이,조식
2025-03-29(월),백색우유,조식
2025-03-30(월),배추김치,조식
2025-03-25(화),밥,조식
2025-03-25(화),황태해장국,조식
2025-03-25(화),돼지고기육전,조식
2025-03-25(화),무나물,조식
2025-03-25(화),배추김치,조식
2025-03-26(수),참치오믈렛,조식
2025-03-26(수),밥,조식
2025-03-26(수),김치콩나물국,조식
2025-03-26(수),달콤돼지고기볶음,조식
2025-03-26(수),깍두기,조식
2025-03-27(목),밥,조식
2025-03-27(목),황태채국,조식
2025-03-27(목),비엔나소시지케찹볶음,조식
2025-03-27(목),메추리알장조림,조식
2025-03-27(목),짜먹는발효유,조식
2025-03-27(목),김,조식
2025-03-27(목),배추김치,조식
2025-03-28(금),밥,조식
2025-03-28(금),달래된장국,조식
2025-03-28(금),쇠고기감자조림,조식
2025-03-28(금),콩나물무침,조식
2025-03-28(금),백색우유,조식
2025-03-28(금),열무김치,조식
2025-03-29(토),불고기버거,조식
2025-03-29(토),계란후라이,조식
2025-03-29(토),백색우유,조식
2025-03-29(토),시리얼,조식
2025-03-30(일),밥,조식
2025-03-30(일),콩나물김치국,조식
2025-03-30(일),미트볼조림,조식
2025-03-30(일),오이무침,조식
2025-03-30(일),백색우유,조식
2025-03-30(일),깍두기,조식
2025-03-31(월),밥,조식
2025-03-31(월),햄감자찌개,조식
2025-03-31(월),오삼불고기,조식
2025-03-31(월),상추겉절이,조식
2025-03-31(월),백색우유,조식
2025-03-31(월),열무김치,조식
2025-04-01(화),밥,조식
2025-04-01(화),감자국,조식
2025-04-01(화),쇠고기불고기,조식
2025-04-01(화),콩나물매운무침,조식
2025-04-01(화),배추김치,조식
2025-04-02(수),밥,조식
2025-04-02(수),순두부해물찌개,조식
2025-04-02(수),호박새우볶음,조식
2025-04-02(수),무나물,조식
2025-04-02(수),백색우유,조식
2025-04-02(수),배추김치,조식
2025-04-03(목),밥,조식
2025-04-03(목),닭고기미역국,조식
2025-04-03(목),느타리버섯볶음,조식
2025-04-03(목),돼지고기부추볶음,조식
2025-04-03(목),배추김치,조식
2025-04-04(금),밥,조식
2025-04-04(금),얼큰쇠고기무국,조식
2025-04-04(금),계란말이,조식
2025-04-04(금),백색우유,조식
2025-04-04(금),연두부&양념장,조식
2025-04-04(금),배추김치,조식
2025-04-05(토),햄치즈버거,조식
2025-04-05(토),계란후라이,조식
2025-04-05(토),백색우유,조식
2025-04-05(토),가공우유,조식
2025-04-05(토),양배추샐러드,조식
2025-04-05(토),시리얼,조식
2025-04-06(일),밥,조식
2025-04-06(일),얼갈이된장국,조식
2025-04-06(일),새송이버섯야채볶음,조식
2025-03-09(일),소고기꽈리고추조림,조식
2025-03-09(일),부추겉절이,조식
2025-03-09(일),백색우유,조식
2025-03-09(일),배추김치,조식
2025-03-10(월),밥,조식
2025-03-10(월),근대된장국,조식
2025-03-10(월),치즈함박스테이크,조식
2025-03-10(월),연두부&양념장,조식
2025-03-10(월),열무김치,조식
2025-03-11(화),밥,조식
2025-03-11(화),황태채국,조식
2025-03-11(화),비엔나소시지케찹볶음,조식
2025-03-11(화),계란장조림,조식
2025-03-11(화),백색우유,조식
2025-03-11(화),배추김치,조식
2025-03-12(수),밥,조식
2025-03-12(수),어묵탕,조식
2025-03-12(수),마파두부,조식
2025-03-12(수),무생채,조식
2025-03-12(수),배추김치,조식
2025-03-13(목),밥,조식
2025-03-13(목),햄감자찌개,조식
2025-03-13(목),언양식바싹불고기,조식
2025-03-13(목),상추겉절이,조식
2025-03-13(목),배추김치,조식
2025-03-14(금),밥,조식
2025-03-14(금),황태해장국,조식
2025-03-14(금),애호박나물,조식
2025-03-14(금),돼지고기부추볶음,조식
2025-03-14(금),배추김치,조식
2025-03-15(토),햄치즈버거,조식
2025-03-15(토),백색우유,조식
2025-03-15(토),감자에그샐러드,조식
2025-03-15(토),양파찹&소스,조식
2025-03-15(토),시리얼,조식
2025-03-16(일),밥,조식
2025-03-16(일),콩나물무채국,조식
2025-03-16(일),멸치볶음,조식
2025-03-16(일),비엔나소시지감자조림,조식
2025-03-16(일),김,조식
2025-03-16(일),배추김치,조식
2025-03-17(월),밥,조식
2025-03-17(월),얼큰쇠고기무국,조식
2025-03-17(월),호박새우볶음,조식
2025-03-17(월),돼지고기청경채볶음,조식
2025-03-17(월),백색우유,조식
2025-03-17(월),배추김치,조식
2025-03-18(화),밥,조식
2025-03-18(화),황태채국,조식
2025-03-18(화),닭순살야채조림,조식
2025-03-18(화),상추겉절이,조식
2025-03-18(화),배추김치,조식
2025-03-19(수),밥,조식
2025-03-19(수),어묵탕,조식
2025-03-19(수),맛밤송송함박스테이크,조식
2025-03-19(수),콩나물무침,조식
2025-03-19(수),깍두기,조식
2025-03-20(목),밥,조식
2025-03-21(목),홍합탕,조식
2025-03-22(목),돼지고기고추장볶음,조식
2025-03-23(목),애호박나물,조식
2025-03-24(목),백색우유,조식
2025-03-25(목),배추김치,조식
2025-03-21(금),밥,조식
2025-03-21(금),감자국,조식
2025-03-21(금),돼지고기부추볶음,조식
2025-03-21(금),어묵볶음,조식
2025-03-21(금),김자반,조식
2025-03-21(금),배추김치,조식
2025-03-22(토),핫도그빵,조식
2025-03-22(토),스크램블에그,조식
2025-03-22(토),시리얼,조식
2025-03-22(토),코울슬로샐러드,조식
2025-03-22(토),백색우유,조식
2025-03-23(일),밥,조식
2025-03-23(일),콩나물무채국,조식
2025-02-25(화),쇠고기감자조림,조식
2025-02-25(화),무나물,조식
2025-02-25(화),배추김치,조식
2025-02-26(수),참치오믈렛,조식
2025-02-26(수),밥,조식
2025-02-26(수),콩나물김치국,조식
2025-02-26(수),닭간장소스찜,조식
2025-02-26(수),백색우유,조식
2025-02-26(수),깍두기,조식
2025-02-27(목),밥,조식
2025-02-27(목),황태채국,조식
2025-02-27(목),비엔나소시지케찹볶음,조식
2025-02-27(목),메추리알장조림,조식
2025-02-27(목),김,조식
2025-02-27(목),열무김치,조식
2025-02-28(금),밥,조식
2025-02-28(금),햄감자찌개,조식
2025-02-28(금),계란말이,조식
2025-02-28(금),콩나물무침,조식
2025-02-28(금),열무김치,조식
2024-11-28(목),연두부&양념장,조식
2024-11-28(목),배추김치,조식
2024-11-29(금),밥,조식
2024-11-29(금),참치오믈렛,조식
2024-11-29(금),두부된장찌개,조식
2024-11-29(금),동그랑땡,조식
2024-11-29(금),열무김치,조식
2024-11-30(토),햄치즈버거,조식
2024-11-30(토),해쉬브라운케찹,조식
2024-11-30(토),시리얼,조식
2024-11-30(토),백색우유,조식
2024-11-30(토),양파찹&소스,조식
2025-03-01(토),쇠고기떡국,조식
2025-03-01(토),고기만두찜,조식
2025-03-01(토),시금치무침,조식
2025-03-01(토),배추김치,조식
2025-03-02(일),밥,조식
2025-03-03(일),쇠고기미역국,조식
2025-03-04(일),한입떡갈비,조식
2025-03-05(일),콩나물매운무침,조식
2025-03-06(일),배추김치,조식
2025-03-03(월),밥,조식
2025-03-03(월),감자국,조식
2025-03-03(월),애호박나물,조식
2025-03-03(월),돼지고기무볶음,조식
2025-03-03(월),백색우유,조식
2025-03-03(월),배추김치,조식
2025-03-04(화),밥,조식
2025-03-04(화),쇠고기무국,조식
2025-03-04(화),계란말이,조식
2025-03-04(화),연두부&양념장,조식
2025-03-04(화),배추김치,조식
2025-03-05(수),밥,조식
2025-03-05(수),콩나물국,조식
2025-03-05(수),언양식바싹불고기,조식
2025-03-05(수),메추리알장조림,조식
2025-03-05(수),김,조식
2025-03-05(수),백색우유,조식
2025-03-05(수),배추김치,조식
2025-03-06(목),밥,조식
2025-03-06(목),황태해장국,조식
2025-03-06(목),닭간장소스찜,조식
2025-03-06(목),부추겉절이,조식
2025-03-06(목),배추김치,조식
2025-03-07(금),밥,조식
2025-03-07(금),순두부백탕,조식
2025-03-07(금),비엔나메추리알조림,조식
2025-03-07(금),상추겉절이,조식
2025-03-07(금),백색우유,조식
2025-03-07(금),배추김치,조식
2025-03-08(토),핫도그빵,조식
2025-03-08(토),스크램블에그,조식
2025-03-08(토),시리얼,조식
2025-03-08(토),백색우유,조식
2025-03-08(토),단호박샐러드,조식
2025-03-09(일),밥,조식
2025-03-09(일),콩나물국,조식
2025-02-11(화),계란장조림,조식
2025-02-11(화),배추김치,조식
2025-02-12(수),밥,조식
2025-02-12(수),시금치된장국,조식
2025-02-12(수),마파두부,조식
2025-02-12(수),콩나물무침,조식
2025-02-12(수),배추김치,조식
2025-02-13(목),밥,조식
2025-02-13(목),햄감자찌개,조식
2025-02-13(목),언양식바싹불고기,조식
2025-02-13(목),오이무침,조식
2025-02-13(목),백색우유,조식
2025-02-13(목),김,조식
2025-02-13(목),배추김치,조식
2025-02-14(금),밥,조식
2025-02-14(금),쇠고기미역국,조식
2025-02-14(금),마파감자,조식
2025-02-14(금),애호박나물,조식
2025-02-14(금),배추김치,조식
2025-02-15(토),햄치즈버거,조식
2025-02-15(토),감자에그샐러드,조식
2025-02-15(토),양파찹&소스,조식
2025-02-15(토),시리얼,조식
2025-02-15(토),백색우유,조식
2025-02-16(일),밥,조식
2025-02-16(일),콩나물무채국,조식
2025-02-16(일),멸치볶음,조식
2025-02-16(일),비엔나소시지감자조림,조식
2025-02-16(일),김,조식
2025-02-16(일),백색우유,조식
2025-02-16(일),배추김치,조식
2025-02-17(월),밥,조식
2025-02-17(월),얼큰쇠고기무국,조식
2025-02-17(월),어묵볶음,조식
2025-02-17(월),돼지고기청경채볶음,조식
2025-02-17(월),배추김치,조식
2025-02-18(화),밥,조식
2025-02-18(화),닭곰탕,조식
2025-02-18(화),돼지고기부추볶음,조식
2025-02-18(화),시금치무침,조식
2025-02-18(화),배추김치,조식
2025-02-19(수),밥,조식
2025-02-19(수),콩나물김치국,조식
2025-02-19(수),맛밤송송함박스테이크,조식
2025-02-19(수),피자오믈렛,조식
2025-02-19(수),백색우유,조식
2025-02-19(수),깍두기,조식
2025-02-20(목),밥,조식
2025-02-20(목),홍합탕,조식
2025-02-20(목),돼지고기고추장볶음,조식
2025-02-20(목),부추양파무침,조식
2025-02-20(목),배추김치,조식
2025-02-21(금),밥,조식
2025-02-21(금),감자국,조식
2025-02-21(금),호박새우볶음,조식
2025-02-21(금),김자반,조식
2025-02-21(금),닭순살야채조림,조식
2025-02-21(금),배추김치,조식
2025-02-22(토),핫도그빵,조식
2025-02-22(토),스크램블에그,조식
2025-02-22(토),백색우유,조식
2025-02-22(토),시리얼,조식
2025-02-22(토),코울슬로샐러드,조식
2025-02-23(일),밥,조식
2025-02-23(일),홍합탕,조식
2025-02-23(일),돼지불고기,조식
2025-02-23(일),무생채,조식
2025-02-23(일),백색우유,조식
2025-02-23(일),배추김치,조식
2025-02-24(월),밥,조식
2025-02-24(월),콩나물국,조식
2025-02-24(월),애호박나물,조식
2025-02-24(월),마파두부,조식
2025-02-24(월),배추김치,조식
2025-02-25(화),밥,조식
2025-02-25(화),호박된장찌개,조식
2025-01-28(화),호박된장찌개,조식
2025-01-28(화),돼지고기청경채볶음,조식
2025-01-28(화),무나물,조식
2025-01-28(화),배추김치,조식
2025-01-29(수),쇠고기떡국,조식
2025-01-29(수),왕교자만두찜,조식
2025-01-29(수),상추겉절이,조식
2025-01-29(수),백색우유,조식
2025-01-29(수),계란지단채,조식
2025-01-29(수),깍두기,조식
2025-01-30(목),밥,조식
2025-01-30(목),황태채국,조식
2025-01-30(목),비엔나소시지케찹볶음,조식
2025-01-30(목),연두부&양념장,조식
2025-01-30(목),배추김치,조식
2025-01-31(금),밥,조식
2025-01-31(금),햄감자찌개,조식
2025-01-31(금),계란말이,조식
2025-01-31(금),콩나물무침,조식
2025-01-31(금),백색우유,조식
2025-01-31(금),열무김치,조식
2025-02-01(토),불고기버거,조식
2025-02-01(토),계란후라이,조식
2025-02-01(토),시리얼,조식
2025-02-01(토),백색우유,조식
2025-02-02(일),밥,조식
2025-02-02(일),닭고기미역국,조식
2025-02-02(일),한입떡갈비,조식
2025-02-02(일),브로콜리깨소금무침,조식
2025-02-02(일),배추김치,조식
2025-02-03(월),밥,조식
2025-02-03(월),순두부백탕,조식
2025-02-03(월),미트볼조림,조식
2025-02-03(월),시금치무침,조식
2025-02-03(월),배추김치,조식
2025-02-04(화),밥,조식
2025-02-04(화),쇠고기무국,조식
2025-02-04(화),계란말이,조식
2025-02-04(화),연두부&양념장,조식
2025-02-04(화),배추김치,조식
2025-02-05(수),밥,조식
2025-02-05(수),감자국,조식
2025-02-05(수),오삼불고기,조식
2025-02-05(수),메추리알장조림,조식
2025-02-05(수),김,조식
2025-02-05(수),배추김치,조식
2025-02-06(목),밥,조식
2025-02-06(목),황태해장국,조식
2025-02-06(목),애호박나물,조식
2025-02-06(목),닭간장소스찜,조식
2025-02-06(목),배추김치,조식
2025-02-07(금),밥,조식
2025-02-07(금),어묵탕,조식
2025-02-07(금),비엔나메추리알조림,조식
2025-02-07(금),상추겉절이,조식
2025-02-07(금),백색우유,조식
2025-02-07(금),배추김치,조식
2025-02-08(토),핫도그빵,조식
2025-02-08(토),스크램블에그,조식
2025-02-08(토),단호박샐러드,조식
2025-02-08(토),백색우유,조식
2025-02-08(토),시리얼,조식
2025-02-09(일),밥,조식
2025-02-09(일),콩나물국,조식
2025-02-09(일),소고기꽈리고추조림,조식
2025-02-09(일),부추겉절이,조식
2025-02-09(일),배추김치,조식
2025-02-10(월),밥,조식
2025-02-10(월),근대된장국,조식
2025-02-10(월),치즈함박스테이크,조식
2025-02-10(월),연두부&양념장,조식
2025-02-10(월),백색우유,조식
2025-02-10(월),열무김치,조식
2025-02-11(화),밥,조식
2025-02-11(화),콩나물무채국,조식
2025-02-11(화),비엔나소시지케찹볶음,조식
2025-01-14(화),시금치된장국,조식
2025-01-14(화),마파두부,조식
2025-01-14(화),콩나물무침,조식
2025-01-14(화),배추김치,조식
2025-01-15(수),밥,조식
2025-01-15(수),콩나물무채국,조식
2025-01-15(수),언양식바싹불고기,조식
2025-01-15(수),오이무침,조식
2025-01-15(수),백색우유,조식
2025-01-15(수),김,조식
2025-01-15(수),배추김치,조식
2025-01-16(목),밥,조식
2025-01-16(목),쇠고기무국,조식
2025-01-16(목),애호박나물,조식
2025-01-16(목),비엔나소시지케찹볶음,조식
2025-01-16(목),백색우유,조식
2025-01-16(목),배추김치,조식
2025-01-17(금),밥,조식
2025-01-17(금),콩나물김치국,조식
2025-01-17(금),느타리버섯볶음,조식
2025-01-17(금),닭간장소스찜,조식
2025-01-17(금),깍두기,조식
2025-01-18(토),햄치즈버거,조식
2025-01-18(토),해쉬브라운케찹,조식
2025-01-18(토),양파찹&소스,조식
2025-01-18(토),백색우유,조식
2025-01-18(토),시리얼,조식
2025-01-19(일),밥,조식
2025-01-19(일),콩나물무채국,조식
2025-01-19(일),멸치볶음,조식
2025-01-19(일),닭순살야채조림,조식
2025-01-19(일),김,조식
2025-01-19(일),백색우유,조식
2025-01-19(일),배추김치,조식
2025-01-20(월),밥,조식
2025-01-20(월),얼큰쇠고기무국,조식
2025-01-20(월),비엔나소시지감자조림,조식
2025-01-20(월),콩나물무침,조식
2025-01-20(월),백색우유,조식
2025-01-20(월),배추김치,조식
2025-01-21(화),밥,조식
2025-01-21(화),홍합탕,조식
2025-01-21(화),마파감자,조식
2025-01-21(화),메추리알장조림,조식
2025-01-21(화),배추김치,조식
2025-01-22(수),밥,조식
2025-01-22(수),팽이버섯된장국,조식
2025-01-22(수),고구마함박스테이크,조식
2025-01-22(수),피자오믈렛,조식
2025-01-22(수),배추김치,조식
2025-01-23(목),밥,조식
2025-01-23(목),순두부백탕,조식
2025-01-23(목),돼지고기고추장볶음,조식
2025-01-23(목),부추양파무침,조식
2025-01-23(목),배추김치,조식
2025-01-24(금),밥,조식
2025-01-24(금),감자국,조식
2025-01-24(금),호박새우볶음,조식
2025-01-24(금),닭간장소스찜,조식
2025-01-24(금),김,조식
2025-01-24(금),배추김치,조식
2025-01-25(토),핫도그빵,조식
2025-01-25(토),스크램블에그,조식
2025-01-25(토),코울슬로샐러드,조식
2025-01-25(토),백색우유,조식
2025-01-25(토),시리얼,조식
2025-01-26(일),밥,조식
2025-01-26(일),홍합탕,조식
2025-01-26(일),돼지고기부추볶음,조식
2025-01-26(일),무생채,조식
2025-01-26(일),백색우유,조식
2025-01-26(일),배추김치,조식
2025-01-27(월),밥,조식
2025-01-27(월),콩나물국,조식
2025-01-27(월),쇠고기감자조림,조식
2025-01-27(월),메추리알장조림,조식
2025-01-27(월),열무김치,조식
2025-01-28(화),밥,조식
2024-12-30(월),김,조식
2024-12-30(월),배추김치,조식
2024-12-31(화),밥,조식
2024-12-31(화),콩나물무채국,조식
2024-12-31(화),돼지고기고추장볶음,조식
2024-12-31(화),풋고추된장무침,조식
2024-12-31(화),배추김치,조식
2025-01-01(수),쇠고기떡국,조식
2025-01-01(수),어묵볶음,조식
2025-01-01(수),찐새우만두,조식
2025-01-01(수),깍두기,조식
2025-01-02(목),밥,조식
2025-01-02(목),순두부백탕,조식
2025-01-02(목),미트볼조림,조식
2025-01-02(목),시금치무침,조식
2025-01-02(목),배추김치,조식
2025-01-03(금),밥,조식
2025-01-03(금),쇠고기무국,조식
2025-01-03(금),김자반,조식
2025-01-03(금),계란말이,조식
2025-01-03(금),브로콜리깨소금무침,조식
2025-01-03(금),배추김치,조식
2025-01-04(토),불고기버거,조식
2025-01-04(토),계란후라이,조식
2025-01-04(토),백색우유,조식
2025-01-04(토),시리얼,조식
2025-01-05(일),밥,조식
2025-01-05(일),쇠고기미역국,조식
2025-01-05(일),한입떡갈비,조식
2025-01-05(일),브로콜리깨소금무침,조식
2025-01-05(일),백색우유,조식
2025-01-05(일),배추김치,조식
2025-01-06(월),밥,조식
2025-01-06(월),닭고기육개장,조식
2025-01-06(월),오징어볶음,조식
2025-01-06(월),콩나물무침,조식
2025-01-06(월),백색우유,조식
2025-01-06(월),배추김치,조식
2025-01-07(화),밥,조식
2025-01-07(화),어묵탕,조식
2025-01-07(화),마파두부,조식
2025-01-07(화),상추겉절이,조식
2025-01-07(화),배추김치,조식
2025-01-08(수),밥,조식
2025-01-08(수),감자국,조식
2025-01-08(수),오삼불고기,조식
2025-01-08(수),연두부&양념장,조식
2025-01-08(수),백색우유,조식
2025-01-08(수),김,조식
2025-01-08(수),배추김치,조식
2025-01-09(목),밥,조식
2025-01-09(목),근대된장국,조식
2025-01-09(목),치즈함박스테이크,조식
2025-01-09(목),감자에그샐러드,조식
2025-01-09(목),열무김치,조식
2025-01-10(금),밥,조식
2025-01-10(금),콩나물무채국,조식
2025-01-10(금),비엔나소시지케찹볶음,조식
2025-01-10(금),계란장조림,조식
2025-01-10(금),배추김치,조식
2025-01-11(토),핫도그빵,조식
2025-01-11(토),스크램블에그,조식
2025-01-11(토),시리얼,조식
2025-01-11(토),백색우유,조식
2025-01-11(토),단호박샐러드,조식
2025-01-12(일),밥,조식
2025-01-12(일),콩나물국,조식
2025-01-12(일),소고기꽈리고추조림,조식
2025-01-12(일),부추겉절이,조식
2025-01-12(일),배추김치,조식
2025-01-13(월),밥,조식
2025-01-13(월),두부된장찌개,조식
2025-01-13(월),비엔나메추리알조림,조식
2025-01-13(월),무나물,조식
2025-01-13(월),백색우유,조식
2025-01-13(월),배추김치,조식
2025-01-14(화),밥,조식
2024-12-15(일),백색우유,조식
2024-12-15(일),배추김치,조식
2024-12-16(월),밥,조식
2024-12-16(월),근대된장국,조식
2024-12-16(월),닭바베큐소스조림,조식
2024-12-16(월),오이무침,조식
2024-12-16(월),백색우유,조식
2024-12-16(월),배추김치,조식
2024-12-17(화),밥,조식
2024-12-17(화),콩나물국,조식
2024-12-17(화),오삼불고기,조식
2024-12-17(화),계란장조림,조식
2024-12-17(화),배추김치,조식
2024-12-18(수),밥,조식
2024-12-18(수),오징어국,조식
2024-12-18(수),감자채볶음,조식
2024-12-18(수),언양식바싹불고기,조식
2024-12-18(수),백색우유,조식
2024-12-18(수),배추김치,조식
2024-12-19(목),밥,조식
2024-12-19(목),쇠고기미역국,조식
2024-12-19(목),돼지고기청경채볶음,조식
2024-12-19(목),오이부추무침,조식
2024-12-19(목),배추김치,조식
2024-12-20(금),밥,조식
2024-12-20(금),감자고추장찌개,조식
2024-12-20(금),느타리버섯볶음,조식
2024-12-20(금),비엔나소시지케찹볶음,조식
2024-12-20(금),배추김치,조식
2024-12-21(토),핫도그빵,조식
2024-12-21(토),스크램블에그,조식
2024-12-21(토),백색우유,조식
2024-12-21(토),시리얼,조식
2024-12-21(토),단호박샐러드,조식
2024-12-22(일),밥,조식
2024-12-22(일),콩나물김치국,조식
2024-12-22(일),오징어볶음,조식
2024-12-22(일),오이무침,조식
2024-12-22(일),김,조식
2024-12-22(일),깍두기,조식
2024-12-23(월),밥,조식
2024-12-23(월),햄감자찌개,조식
2024-12-23(월),돼지삼겹야채볶음,조식
2024-12-23(월),무나물,조식
2024-12-23(월),배추김치,조식
2024-12-24(화),밥,조식
2024-12-24(화),황태채미역국,조식
2024-12-24(화),오징어삼겹볶음,조식
2024-12-24(화),상추겉절이,조식
2024-12-24(화),백색우유,조식
2024-12-24(화),배추김치,조식
2024-12-25(수),밥,조식
2024-12-25(수),콩나물국,조식
2024-12-25(수),돼지불고기,조식
2024-12-25(수),김자반,조식
2024-12-25(수),무생채,조식
2024-12-25(수),백색우유,조식
2024-12-25(수),배추김치,조식
2024-12-26(목),밥,조식
2024-12-26(목),김치찌개,조식
2024-12-26(목),꽈리고추멸치볶음,조식
2024-12-26(목),미트볼조림,조식
2024-12-26(목),깍두기,조식
2024-12-27(금),밥,조식
2024-12-27(금),콩나물무채국,조식
2024-12-27(금),마파두부,조식
2024-12-27(금),시금치무침,조식
2024-12-27(금),배추김치,조식
2024-12-28(토),햄치즈버거,조식
2024-12-28(토),백색우유,조식
2024-12-28(토),시리얼,조식
2024-12-28(토),양파찹&소스,조식
2024-12-29(일),밥,조식
2024-12-29(일),닭곰탕,조식
2024-12-29(일),돼지고기청경채볶음,조식
2024-12-29(일),콩나물무침,조식
2024-12-29(일),배추김치,조식
2024-12-30(월),밥,조식
2024-12-30(월),두부된장찌개,조식
2024-12-30(월),쇠고기감자조림,조식
2024-12-30(월),상추겉절이,조식
2024-12-01(일),닭고기미역국,조식
2024-12-01(일),비엔나소시지케찹볶음,조식
2024-12-01(일),상추겉절이,조식
2024-12-01(일),배추김치,조식
2024-12-02(월),밥,조식
2024-12-02(월),콩나물국,조식
2024-12-02(월),달콤돼지고기볶음,조식
2024-12-02(월),부추겉절이,조식
2024-12-02(월),김,조식
2024-12-02(월),배추김치,조식
2024-12-03(화),밥,조식
2024-12-03(화),황태채국,조식
2024-12-03(화),쇠고기장조림,조식
2024-12-03(화),오이무침,조식
2024-12-03(화),배추김치,조식
2024-12-04(수),밥,조식
2024-12-04(수),돼지고기김치찌개,조식
2024-12-04(수),언양식바싹불고기,조식
2024-12-04(수),콩나물무침,조식
2024-12-04(수),백색우유,조식
2024-12-04(수),깍두기,조식
2024-12-05(목),밥,조식
2024-12-05(목),오징어국,조식
2024-12-05(목),닭고기야채조림,조식
2024-12-05(목),무생채,조식
2024-12-05(목),배추김치,조식
2024-12-06(금),밥,조식
2024-12-06(금),쇠고기무국,조식
2024-12-06(금),어묵볶음,조식
2024-12-06(금),브로콜리깨소금무침,조식
2024-12-06(금),김,조식
2024-12-06(금),백색우유,조식
2024-12-06(금),배추김치,조식
2024-12-07(토),불고기버거,조식
2024-12-07(토),시리얼,조식
2024-12-07(토),백색우유,조식
2024-12-08(일),밥,조식
2024-12-08(일),닭고기미역국,조식
2024-12-08(일),마파감자,조식
2024-12-08(일),오이무침,조식
2024-12-08(일),백색우유,조식
2024-12-08(일),배추김치,조식
2024-12-09(월),밥,조식
2024-12-09(월),황태채국,조식
2024-12-09(월),애호박나물,조식
2024-12-09(월),비엔나소시지케찹볶음,조식
2024-12-09(월),김자반,조식
2024-12-09(월),백색우유,조식
2024-12-09(월),배추김치,조식
2024-12-10(화),밥,조식
2024-12-10(화),햄감자찌개,조식
2024-12-10(화),멸치볶음,조식
2024-12-10(화),돼지고기자장볶음,조식
2024-12-10(화),배추김치,조식
2024-12-11(수),밥,조식
2024-12-11(수),닭고기육개장,조식
2024-12-11(수),감자채볶음,조식
2024-12-11(수),계란말이,조식
2024-12-11(수),백색우유,조식
2024-12-11(수),배추김치,조식
2024-12-12(목),밥,조식
2024-12-12(목),패주미역국,조식
2024-12-12(목),고구마함박스테이크,조식
2024-12-12(목),계란장조림,조식
2024-12-12(목),배추김치,조식
2024-12-13(금),밥,조식
2024-12-13(금),콩나물국,조식
2024-12-13(금),비엔나소시지감자조림,조식
2024-12-13(금),피자오믈렛,조식
2024-12-13(금),백색우유,조식
2024-12-13(금),배추김치,조식
2024-12-14(토),핫도그빵,조식
2024-12-14(토),스크램블에그,조식
2024-12-14(토),양배추샐러드,조식
2024-12-14(토),시리얼,조식
2024-12-14(토),백색우유,조식
2024-12-15(일),밥,조식
2024-12-15(일),사골미역국,조식
2024-12-15(일),오징어볶음,조식
2024-12-15(일),콩나물무침,조식
2024-09-15(일),배추김치,조식
2024-09-14(토),스크램블에그,조식
2024-09-14(토),시리얼,조식
2024-09-14(토),단호박샐러드,조식
2024-09-15(일),밥,조식
2024-09-01(일),밥,조식
2024-09-01(일),참치 고추장찌개,조식
2024-09-01(일),새송이버섯야채볶음,조식
2024-09-01(일),계란말이,조식
2024-09-01(일),배추김치,조식
2024-09-02(월),밥,조식
2024-09-02(월),감자고추장찌개,조식
2024-09-02(월),돼지고기자장볶음,조식
2024-09-02(월),무생채,조식
2024-09-02(월),김,조식
2024-09-02(월),배추김치,조식
2024-09-03(화),밥,조식
2024-09-03(화),닭고기육개장,조식
2024-09-03(화),오삼불고기,조식
2024-09-03(화),상추겉절이,조식
2024-09-03(화),배추김치,조식
2024-09-04(수),밥,조식
2024-09-04(수),순두부백탕,조식
2024-09-04(수),돼지고기고추장볶음,조식
2024-09-04(수),콩나물매운무침,조식
2024-09-04(수),김,조식
2024-09-04(수),파김치,조식
2024-09-05(목),밥,조식
2024-09-05(목),참치김치찌개,조식
2024-09-05(목),닭순살야채조림,조식
2024-09-05(목),부추겉절이,조식
2024-09-05(목),깍두기,조식
2024-09-06(금),밥,조식
2024-09-06(금),콩나물무채국,조식
2024-09-06(금),마파감자,조식
2024-09-06(금),메추리알장조림,조식
2024-09-06(금),배추김치,조식
2024-09-07(토),불고기버거,조식
2024-09-07(토),계란후라이,조식
2024-09-07(토),시리얼,조식
2024-09-08(일),밥,조식
2024-09-08(일),어묵탕,조식
2024-09-08(일),느타리버섯볶음,조식
2024-09-08(일),소고기꽈리고추조림,조식
2024-09-08(일),배추김치,조식
2024-09-09(월),밥,조식
2024-09-09(월),감자국,조식
2024-09-09(월),비엔나소시지케찹볶음,조식
2024-09-09(월),연두부&양념장,조식
2024-09-09(월),김,조식
2024-09-09(월),배추김치,조식
2024-09-10(화),밥,조식
2024-09-10(화),얼갈이된장국,조식
2024-09-10(화),고구마함박스테이크,조식
2024-09-10(화),상추겉절이,조식
2024-09-10(화),배추김치,조식
2024-09-11(수),밥,조식
2024-09-11(수),콩나물무채국,조식
2024-09-11(수),언양식바싹불고기,조식
2024-09-11(수),오이무침,조식
2024-09-11(수),김,조식
2024-09-11(수),배추김치,조식
2024-09-12(목),밥,조식
2024-09-12(목),황태채국,조식
2024-09-12(목),돼지불고기,조식
2024-09-12(목),김자반,조식
2024-09-12(목),부추양파무침,조식
2024-09-12(목),배추김치,조식
2024-09-13(금),밥,조식
2024-09-13(금),패주미역국,조식
2024-09-13(금),닭바베큐소스조림,조식
2024-09-13(금),콩나물무침,조식
2024-09-13(금),배추김치,조식
2024-09-14(토),핫도그빵,조식
2024-12-01(일),밥,조식
2024-10-11(금),배추된장국,조식
2024-10-11(금),돼지불고기,조식
2024-10-11(금),콩나물무침,조식
2024-10-11(금),깍두기,조식
2024-09-16(월),밥,조식
2024-09-16(월),두부된장찌개,조식
2024-09-16(월),달콤돼지고기볶음,조식
2024-09-16(월),무생채,조식
2024-09-16(월),배추김치,조식
2024-09-17(화),쇠고기떡국,조식
2024-09-17(화),계란장조림,조식
2024-09-17(화),부추양파무침,조식
2024-09-17(화),깍두기,조식
2024-09-18(수),밥,조식
2024-09-18(수),닭고기미역국,조식
2024-09-18(수),애호박나물,조식
2024-09-18(수),마파두부,조식
2024-09-18(수),김,조식
2024-09-18(수),열무김치,조식
2024-09-19(목),밥,조식
2024-09-19(목),쇠고기무국,조식
2024-09-19(목),닭간장소스찜,조식
2024-09-19(목),콩나물무침,조식
2024-09-19(목),배추김치,조식
2024-09-20(금),밥,조식
2024-09-20(금),홍합탕,조식
2024-09-20(금),비엔나소시지케찹볶음,조식
2024-09-20(금),김자반,조식
2024-09-20(금),무나물,조식
2024-09-20(금),배추김치,조식
2024-09-21(토),코울슬로샐러드,조식
2024-09-21(토),풀드포크&모닝빵,조식
2024-09-21(토),시리얼,조식
2024-09-22(일),밥,조식
2024-09-22(일),콩나물무채국,조식
2024-09-22(일),꽈리고추멸치볶음,조식
2024-09-22(일),쇠고기감자조림,조식
2024-09-22(일),김,조식
2024-09-22(일),갓김치1,조식
2024-09-23(월),밥,조식
2024-09-23(월),쇠고기육개장,조식
2024-09-23(월),호박새우볶음,조식
2024-09-23(월),비엔나소시지감자조림,조식
2024-09-23(월),배추김치,조식
2024-09-24(화),밥,조식
2024-09-24(화),홍합탕,조식
2024-09-24(화),김자반,조식
2024-09-24(화),닭순살야채조림,조식
2024-09-24(화),상추겉절이,조식
2024-09-24(화),배추김치,조식
2024-09-25(수),밥,조식
2024-09-25(수),팽이버섯된장국,조식
2024-09-25(수),마파두부,조식
2024-09-25(수),피자오믈렛,조식
2024-09-25(수),배추김치,조식
2024-09-26(목),밥,조식
2024-09-26(목),순두부백탕,조식
2024-09-26(목),함박스테이크,조식
2024-09-26(목),오이무침,조식
2024-09-26(목),배추김치,조식
2024-09-27(금),밥,조식
2024-09-27(금),황태해장국,조식
2024-09-27(금),돼지고기고추장볶음,조식
2024-09-27(금),메추리알장조림,조식
2024-09-27(금),배추김치,조식
2024-09-28(토),핫도그빵,조식
2024-09-28(토),스크램블에그,조식
2024-09-15(일),닭고기육개장,조식
2024-09-15(일),비엔나메추리알조림,조식
2024-09-15(일),청경채무침,조식
2024-10-23(수),배추김치,조식
2024-10-24(목),밥,조식
2024-10-24(목),순두부백탕,조식
2024-10-24(목),돼지고기고추장볶음,조식
2024-10-24(목),김자반,조식
2024-10-24(목),부추양파무침,조식
2024-10-24(목),배추김치,조식
2024-10-25(금),밥,조식
2024-10-25(금),콩나물국,조식
2024-09-28(토),감자에그샐러드,조식
2024-09-28(토),시리얼,조식
2024-09-29(일),밥,조식
2024-09-29(일),호박된장찌개,조식
2024-09-29(일),볼케이노치킨,조식
2024-09-29(일),무생채,조식
2024-09-29(일),파김치,조식
2024-09-30(월),밥,조식
2024-09-30(월),참치오믈렛,조식
2024-09-30(월),얼큰쇠고기무국,조식
2024-09-30(월),연두부&양념장,조식
2024-09-30(월),깍두기,조식
2024-10-01(화),밥,조식
2024-10-01(화),감자고추장찌개,조식
2024-10-01(화),돼지고기자장볶음,조식
2024-10-01(화),김자반,조식
2024-10-01(화),부추겉절이,조식
2024-10-01(화),배추김치,조식
2024-10-02(수),밥,조식
2024-10-02(수),참치김치찌개,조식
2024-10-02(수),닭순살야채조림,조식
2024-10-02(수),배추나물,조식
2024-10-02(수),열무김치,조식
2024-10-03(목),밥,조식
2024-10-03(목),닭고기육개장,조식
2024-10-03(목),오삼불고기,조식
2024-10-03(목),상추겉절이,조식
2024-10-03(목),배추김치,조식
2024-10-04(금),밥,조식
2024-10-04(금),순두부백탕,조식
2024-10-04(금),돼지고기고추장볶음,조식
2024-10-04(금),시금치무침,조식
2024-10-04(금),깍두기,조식
2024-10-05(토),햄치즈버거,조식
2024-10-05(토),해쉬브라운케찹,조식
2024-10-05(토),백색우유,조식
2024-10-05(토),시리얼,조식
2024-10-05(토),양파찹&소스,조식
2024-10-06(일),밥,조식
2024-10-06(일),참치 고추장찌개,조식
2024-10-06(일),미트볼조림,조식
2024-10-06(일),계란말이,조식
2024-10-06(일),백색우유,조식
2024-10-06(일),배추김치,조식
2024-10-07(월),밥,조식
2024-10-07(월),패주미역국,조식
2024-10-07(월),닭바베큐소스조림,조식
2024-10-07(월),김,조식
2024-10-07(월),연두부&양념장,조식
2024-10-07(월),배추김치,조식
2024-10-08(화),밥,조식
2024-10-08(화),근대된장국,조식
2024-10-08(화),고구마함박스테이크,조식
2024-10-08(화),감자에그샐러드,조식
2024-10-08(화),배추김치,조식
2024-10-09(수),밥,조식
2024-10-09(수),콩나물무채국,조식
2024-10-09(수),마파두부,조식
2024-10-09(수),계란장조림,조식
2024-10-09(수),배추김치,조식
2024-10-10(목),밥,조식
2024-10-10(목),황태채국,조식
2024-10-10(목),비엔나소시지케찹볶음,조식
2024-10-10(목),애호박나물,조식
2024-10-10(목),김,조식
2024-10-10(목),백색우유,조식
2024-10-10(목),배추김치,조식
2024-10-11(금),밥,조식
2024-10-05(토),해쉬브라운케찹,조식
2024-10-05(토),백색우유,조식
2024-10-05(토),시리얼,조식
2024-10-05(토),양파찹&소스,조식
2024-10-06(일),밥,조식
2024-10-06(일),참치 고추장찌개,조식
2024-10-06(일),미트볼조림,조식
2024-10-06(일),계란말이,조식
2024-10-06(일),백색우유,조식
2024-10-06(일),배추김치,조식
2024-10-07(월),밥,조식
2024-10-07(월),패주미역국,조식
2024-10-07(월),닭바베큐소스조림,조식
2024-10-07(월),김,조식
2024-10-07(월),연두부&양념장,조식
2024-10-12(토),핫도그빵,조식
2024-10-12(토),스크램블에그,조식
2024-10-12(토),단호박샐러드,조식
2024-10-12(토),시리얼,조식
2024-10-12(토),백색우유,조식
2024-10-13(일),밥,조식
2024-10-13(일),닭고기육개장,조식
2024-10-13(일),비엔나메추리알조림,조식
2024-10-13(일),부추겉절이,조식
2024-10-13(일),백색우유,조식
2024-10-13(일),배추김치,조식
2024-10-14(월),밥,조식
2024-10-14(월),두부된장찌개,조식
2024-10-14(월),달콤돼지고기볶음,조식
2024-10-14(월),시금치무침,조식
2024-10-14(월),배추김치,조식
2024-10-15(화),밥,조식
2024-10-15(화),닭고기미역국,조식
2024-10-15(화),애호박나물,조식
2024-10-15(화),마파감자,조식
2024-10-15(화),배추김치,조식
2024-10-16(수),밥,조식
2024-10-16(수),콩나물무채국,조식
2024-10-16(수),언양식바싹불고기,조식
2024-10-16(수),오이무침,조식
2024-10-16(수),김,조식
2024-10-16(수),백색우유,조식
2024-10-16(수),배추김치,조식
2024-10-17(목),밥,조식
2024-10-17(목),쇠고기무국,조식
2024-10-17(목),닭간장소스찜,조식
2024-10-17(목),콩나물매운무침,조식
2024-10-17(목),배추김치,조식
2024-10-18(금),밥,조식
2024-10-18(금),황태채국,조식
2024-10-18(금),느타리버섯볶음,조식
2024-10-18(금),소고기꽈리고추조림,조식
2024-10-18(금),배추김치,조식
2024-10-19(토),코울슬로샐러드,조식
2024-10-19(토),풀드포크&모닝빵,조식
2024-10-19(토),시리얼,조식
2024-10-19(토),백색우유,조식
2024-10-20(일),밥,조식
2024-10-20(일),콩나물무채국,조식
2024-10-20(일),꽈리고추멸치볶음,조식
2024-10-20(일),닭순살야채조림,조식
2024-10-20(일),김,조식
2024-10-21(월),밥,조식
2024-10-21(월),얼큰쇠고기무국,조식
2024-10-21(월),호박새우볶음,조식
2024-10-21(월),비엔나소시지감자조림,조식
2024-10-21(월),백색우유,조식
2024-10-21(월),배추김치,조식
2024-10-22(화),밥,조식
2024-10-22(화),홍합탕,조식
2024-10-22(화),마파두부,조식
2024-10-22(화),메추리알장조림,조식
2024-10-22(화),배추김치,조식
2024-10-23(수),밥,조식
2024-10-23(수),팽이버섯된장국,조식
2024-10-23(수),피자오믈렛,조식
2024-10-23(수),함박스테이크,조식
2024-10-18(금),밥,조식
2024-10-18(금),황태채국,조식
2024-10-18(금),느타리버섯볶음,조식
2024-10-18(금),소고기꽈리고추조림,조식
2024-10-18(금),배추김치,조식
2024-10-19(토),코울슬로샐러드,조식
2024-10-19(토),풀드포크&모닝빵,조식
2024-10-19(토),시리얼,조식
2024-10-19(토),백색우유,조식
2024-10-20(일),밥,조식
2024-10-20(일),콩나물무채국,조식
2024-10-20(일),꽈리고추멸치볶음,조식
2024-10-20(일),닭순살야채조림,조식
2024-10-20(일),김,조식
2024-10-21(월),밥,조식
2024-10-21(월),얼큰쇠고기무국,조식
2024-10-21(월),호박새우볶음,조식
2024-10-25(금),닭간장소스찜,조식
2024-10-25(금),무나물,조식
2024-10-25(금),김,조식
2024-10-25(금),갓김치1,조식
2024-10-26(토),핫도그빵,조식
2024-10-26(토),스크램블에그,조식
2024-10-26(토),시리얼,조식
2024-10-26(토),양배추샐러드,조식
2024-10-26(토),백색우유,조식
2024-10-27(일),밥,조식
2024-10-27(일),홍합탕,조식
2024-10-27(일),비엔나소시지케찹볶음,조식
2024-10-27(일),무생채,조식
2024-10-27(일),김,조식
2024-10-27(일),배추김치,조식
2024-10-28(월),밥,조식
2024-10-28(월),콩나물국,조식
2024-10-28(월),쇠고기감자조림,조식
2024-10-28(월),메추리알장조림,조식
2024-10-28(월),열무김치,조식
2024-10-29(화),참치오믈렛,조식
2024-10-29(화),밥,조식
2024-10-29(화),시금치된장국,조식
2024-10-29(화),돼지고기고추장볶음,조식
2024-10-29(화),배추김치,조식
2024-10-30(수),밥,조식
2024-10-30(수),콩나물김치국,조식
2024-10-30(수),닭순살야채조림,조식
2024-10-30(수),상추겉절이,조식
2024-10-30(수),김,조식
2024-10-30(수),열무김치,조식
2024-10-31(목),밥,조식
2024-10-31(목),감자국,조식
2024-10-31(목),돼지고기청경채볶음,조식
2024-10-31(목),연두부&양념장,조식
2024-10-31(목),배추김치,조식
2024-10-01(화),밥,조식
2024-10-01(화),감자고추장찌개,조식
2024-10-01(화),돼지고기자장볶음,조식
2024-10-01(화),김자반,조식
2024-10-01(화),부추겉절이,조식
2024-10-01(화),배추김치,조식
2024-10-02(수),밥,조식
2024-10-02(수),참치김치찌개,조식
2024-10-02(수),닭순살야채조림,조식
2024-10-02(수),배추나물,조식
2024-10-02(수),열무김치,조식
2024-10-03(목),밥,조식
2024-10-03(목),닭고기육개장,조식
2024-10-03(목),오삼불고기,조식
2024-10-03(목),상추겉절이,조식
2024-10-03(목),배추김치,조식
2024-10-04(금),밥,조식
2024-10-04(금),순두부백탕,조식
2024-10-04(금),돼지고기고추장볶음,조식
2024-10-04(금),시금치무침,조식
2024-10-04(금),깍두기,조식
2024-10-05(토),햄치즈버거,조식
2024-10-30(수),닭순살야채조림,조식
2024-10-30(수),상추겉절이,조식
2024-10-30(수),김,조식
2024-10-30(수),열무김치,조식
2024-10-31(목),밥,조식
2024-10-31(목),감자국,조식
2024-10-31(목),돼지고기청경채볶음,조식
2024-10-31(목),연두부&양념장,조식
2024-10-31(목),배추김치,조식
2024-11-01(금),밥,조식
2024-11-01(금),황태채국,조식
2024-11-01(금),애호박나물,조식
2024-11-01(금),김자반,조식
2024-11-01(금),닭바베큐소스조림,조식
2024-11-01(금),백색우유,조식
2024-11-01(금),배추김치,조식
2024-11-02(토),불고기버거,조식
2024-11-02(토),계란후라이,조식
2024-11-02(토),백색우유,조식
2024-11-02(토),시리얼,조식
2024-11-03(일),밥,조식
2024-11-03(일),닭고기육개장,조식
2024-11-03(일),미트볼조림,조식
2024-11-03(일),계란말이,조식
2024-10-07(월),배추김치,조식
2024-10-08(화),밥,조식
2024-10-08(화),근대된장국,조식
2024-10-08(화),고구마함박스테이크,조식
2024-10-08(화),감자에그샐러드,조식
2024-10-08(화),배추김치,조식
2024-10-09(수),밥,조식
2024-10-09(수),콩나물무채국,조식
2024-10-09(수),마파두부,조식
2024-10-09(수),계란장조림,조식
2024-10-09(수),배추김치,조식
2024-10-10(목),밥,조식
2024-10-10(목),황태채국,조식
2024-10-10(목),비엔나소시지케찹볶음,조식
2024-10-10(목),애호박나물,조식
2024-10-10(목),김,조식
2024-10-10(목),백색우유,조식
2024-10-10(목),배추김치,조식
2024-10-11(금),밥,조식
2024-10-11(금),배추된장국,조식
2024-10-11(금),돼지불고기,조식
2024-10-11(금),콩나물무침,조식
2024-10-11(금),깍두기,조식
2024-10-12(토),핫도그빵,조식
2024-10-12(토),스크램블에그,조식
2024-10-12(토),단호박샐러드,조식
2024-10-12(토),시리얼,조식
2024-10-12(토),백색우유,조식
2024-10-13(일),밥,조식
2024-10-13(일),닭고기육개장,조식
2024-10-13(일),비엔나메추리알조림,조식
2024-10-13(일),부추겉절이,조식
2024-10-13(일),백색우유,조식
2024-10-13(일),배추김치,조식
2024-10-14(월),밥,조식
2024-10-14(월),두부된장찌개,조식
2024-10-14(월),달콤돼지고기볶음,조식
2024-10-14(월),시금치무침,조식
2024-10-14(월),배추김치,조식
2024-10-15(화),밥,조식
2024-10-15(화),닭고기미역국,조식
2024-10-15(화),애호박나물,조식
2024-10-15(화),마파감자,조식
2024-10-15(화),배추김치,조식
2024-10-16(수),밥,조식
2024-10-16(수),콩나물무채국,조식
2024-10-16(수),언양식바싹불고기,조식
2024-10-16(수),오이무침,조식
2024-10-16(수),김,조식
2024-10-16(수),백색우유,조식
2024-10-16(수),배추김치,조식
2024-10-17(목),밥,조식
2024-10-17(목),쇠고기무국,조식
2024-10-17(목),닭간장소스찜,조식
2024-10-17(목),콩나물매운무침,조식
2024-10-17(목),배추김치,조식
2024-11-12(화),밥,조식
2024-11-12(화),닭고기육개장,조식
2024-11-12(화),애호박나물,조식
2024-11-12(화),마파두부,조식
2024-11-12(화),백색우유,조식
2024-11-12(화),배추김치,조식
2024-11-13(수),밥,조식
2024-11-13(수),콩나물무채국,조식
2024-11-13(수),언양식바싹불고기,조식
2024-11-13(수),오이무침,조식
2024-11-13(수),김,조식
2024-11-13(수),배추김치,조식
2024-11-14(목),밥,조식
2024-11-14(목),쇠고기무국,조식
2024-11-14(목),닭간장소스찜,조식
2024-11-14(목),시금치무침,조식
2024-11-14(목),배추김치,조식
2024-11-15(금),밥,조식
2024-11-15(금),배추된장국,조식
2024-11-15(금),느타리버섯볶음,조식
2024-11-15(금),소고기꽈리고추조림,조식
2024-11-15(금),배추김치,조식
2024-11-16(토),풀드포크&모닝빵,조식
2024-11-16(토),시리얼,조식
2024-11-16(토),백색우유,조식
2024-11-16(토),코울슬로샐러드,조식
2024-11-17(일),밥,조식
2024-10-21(월),비엔나소시지감자조림,조식
2024-10-21(월),백색우유,조식
2024-10-21(월),배추김치,조식
2024-10-22(화),밥,조식
2024-10-22(화),홍합탕,조식
2024-10-22(화),마파두부,조식
2024-10-22(화),메추리알장조림,조식
2024-10-22(화),배추김치,조식
2024-10-23(수),밥,조식
2024-10-23(수),팽이버섯된장국,조식
2024-10-23(수),피자오믈렛,조식
2024-10-23(수),함박스테이크,조식
2024-10-23(수),배추김치,조식
2024-10-24(목),밥,조식
2024-10-24(목),순두부백탕,조식
2024-10-24(목),돼지고기고추장볶음,조식
2024-10-24(목),김자반,조식
2024-10-24(목),부추양파무침,조식
2024-10-24(목),배추김치,조식
2024-10-25(금),밥,조식
2024-10-25(금),콩나물국,조식
2024-10-25(금),닭간장소스찜,조식
2024-10-25(금),무나물,조식
2024-10-25(금),김,조식
2024-10-25(금),갓김치1,조식
2024-10-26(토),핫도그빵,조식
2024-10-26(토),스크램블에그,조식
2024-10-26(토),시리얼,조식
2024-10-26(토),양배추샐러드,조식
2024-10-26(토),백색우유,조식
2024-10-27(일),밥,조식
2024-10-27(일),홍합탕,조식
2024-10-27(일),비엔나소시지케찹볶음,조식
2024-10-27(일),무생채,조식
2024-10-27(일),김,조식
2024-10-27(일),배추김치,조식
2024-10-28(월),밥,조식
2024-10-28(월),콩나물국,조식
2024-10-28(월),쇠고기감자조림,조식
2024-10-28(월),메추리알장조림,조식
2024-10-28(월),열무김치,조식
2024-10-29(화),참치오믈렛,조식
2024-10-29(화),밥,조식
2024-10-29(화),시금치된장국,조식
2024-10-29(화),돼지고기고추장볶음,조식
2024-10-29(화),배추김치,조식
2024-10-30(수),밥,조식
2024-10-30(수),콩나물김치국,조식
2024-11-24(일),홍합탕,조식
2024-11-24(일),비엔나소시지케찹볶음,조식
2024-11-24(일),무생채,조식
2024-11-24(일),김,조식
2024-11-24(일),백색우유,조식
2024-11-24(일),배추김치,조식
2024-11-25(월),밥,조식
2024-11-25(월),콩나물국,조식
2024-11-25(월),메추리알장조림,조식
2024-11-25(월),쇠고기감자조림,조식
2024-11-25(월),열무김치,조식
2024-11-26(화),밥,조식
2024-11-26(화),호박된장찌개,조식
2024-11-26(화),돼지고기고추장볶음,조식
2024-11-26(화),무나물,조식
2024-11-26(화),배추김치,조식
2024-11-27(수),밥,조식
2024-11-27(수),콩나물김치국,조식
2024-11-27(수),닭순살야채조림,조식
2024-11-27(수),상추겉절이,조식
2024-11-27(수),김,조식
2024-11-27(수),열무김치,조식
2024-11-28(목),밥,조식
2024-11-28(목),황태채국,조식
2024-11-28(목),돼지고기청경채볶음,조식
2024-11-28(목),백색우유,조식
2024-11-28(목),연두부&양념장,조식
2024-11-28(목),배추김치,조식
2024-11-29(금),밥,조식
2024-11-29(금),참치오믈렛,조식
2024-11-29(금),두부된장찌개,조식
2024-11-29(금),동그랑땡,조식
2024-11-29(금),열무김치,조식
2024-11-30(토),햄치즈버거,조식
2024-11-30(토),해쉬브라운케찹,조식
2024-11-03(일),백색우유,조식
2024-11-03(일),배추김치,조식
2024-11-04(월),밥,조식
2024-11-04(월),순두부백탕,조식
2024-11-04(월),돼지고기고추장볶음,조식
2024-11-04(월),시금치무침,조식
2024-11-04(월),깍두기,조식
2024-11-05(화),밥,조식
2024-11-05(화),어묵탕,조식
2024-11-05(화),오삼불고기,조식
2024-11-05(화),상추겉절이,조식
2024-11-05(화),배추김치,조식
2024-11-06(수),밥,조식
2024-11-06(수),감자국,조식
2024-11-06(수),비엔나소시지케찹볶음,조식
2024-11-06(수),연두부&양념장,조식
2024-11-06(수),김,조식
2024-11-06(수),배추김치,조식
2024-11-07(목),밥,조식
2024-11-07(목),근대된장국,조식
2024-11-07(목),고구마함박스테이크,조식
2024-11-07(목),백색우유,조식
2024-11-07(목),감자에그샐러드,조식
2024-11-07(목),열무김치,조식
2024-11-08(금),밥,조식
2024-11-08(금),콩나물무채국,조식
2024-11-08(금),마파감자,조식
2024-11-08(금),계란장조림,조식
2024-11-08(금),배추김치,조식
2024-11-09(토),핫도그빵,조식
2024-11-09(토),스크램블에그,조식
2024-11-09(토),백색우유,조식
2024-11-09(토),단호박샐러드,조식
2024-11-09(토),시리얼,조식
2024-11-10(일),밥,조식
2024-11-10(일),쇠고기미역국,조식
2024-11-10(일),비엔나메추리알조림,조식
2024-11-10(일),브로콜리깨소금무침,조식
2024-11-10(일),백색우유,조식
2024-11-10(일),배추김치,조식
2024-11-11(월),밥,조식
2024-11-11(월),두부된장찌개,조식
2024-11-11(월),달콤돼지고기볶음,조식
2024-11-11(월),콩나물무침,조식
2024-11-11(월),배추김치,조식
2025-12-04(목),치즈함박스테이크,조식
2025-12-04(목),연두부&양념장,조식
2025-12-04(목),배추김치,조식
2025-12-05(금),밥,조식
2025-12-05(금),키조개미역국,조식
2025-12-05(금),돼지고기부추볶음,조식
2025-12-05(금),느타리버섯볶음,조식
2025-12-05(금),배추김치,조식
2025-12-06(토),햄치즈버거,조식
2025-12-06(토),계란후라이,조식
2025-12-06(토),백색우유,조식
2025-12-06(토),시리얼,조식
2025-12-06(토),감자에그샐러드,조식
2025-12-07(일),밥,조식
2025-12-07(일),사골우거지국,조식
2025-12-07(일),두부스테이크,조식
2025-12-07(일),진미채고추장조림,조식
2025-12-07(일),배추김치,조식
2025-12-08(월),밥,조식
2025-12-08(월),시금치된장국,조식
2025-12-08(월),어묵볶음,조식
2025-12-08(월),치킨너겟,조식
2025-12-08(월),배추김치,조식
2025-12-09(화),밥,조식
2025-12-09(화),닭곰탕,조식
2025-12-09(화),감자채볶음,조식
2025-12-09(화),돼지고기무볶음,조식
2025-12-09(화),배추김치,조식
2025-12-10(수),밥,조식
2025-12-10(수),얼큰계란국,조식
2025-12-10(수),소고기꽈리고추조림,조식
2025-12-10(수),오이나물,조식
2024-11-30(토),시리얼,조식
2024-11-30(토),백색우유,조식
2024-11-30(토),양파찹&소스,조식
2024-11-17(일),콩나물무채국,조식
2024-11-17(일),멸치볶음,조식
2024-11-17(일),닭순살야채조림,조식
2024-11-17(일),김,조식
2024-11-17(일),배추김치,조식
2024-11-18(월),밥,조식
2024-11-18(월),얼큰쇠고기무국,조식
2024-11-18(월),비엔나소시지감자조림,조식
2024-11-18(월),콩나물무침,조식
2024-11-18(월),백색우유,조식
2024-11-18(월),배추김치,조식
2024-11-19(화),밥,조식
2024-11-19(화),홍합탕,조식
2024-11-19(화),마파두부,조식
2024-11-19(화),메추리알장조림,조식
2024-11-19(화),백색우유,조식
2024-11-19(화),배추김치,조식
2024-11-20(수),밥,조식
2024-11-20(수),팽이버섯된장국,조식
2024-11-20(수),피자오믈렛,조식
2024-11-20(수),함박스테이크,조식
2024-11-20(수),배추김치,조식
2024-11-21(목),밥,조식
2024-11-21(목),순두부백탕,조식
2024-11-21(목),돼지고기고추장볶음,조식
2024-11-21(목),김자반,조식
2024-11-21(목),부추양파무침,조식
2024-11-21(목),배추김치,조식
2024-11-22(금),밥,조식
2024-11-22(금),감자국,조식
2024-11-22(금),호박새우볶음,조식
2024-11-22(금),닭간장소스찜,조식
2024-11-22(금),김,조식
2024-11-22(금),배추김치,조식
2024-11-23(토),핫도그빵,조식
2024-11-23(토),스크램블에그,조식
2024-11-23(토),양배추샐러드,조식
2024-11-23(토),백색우유,조식
2024-11-23(토),시리얼,조식
2024-11-24(일),밥,조식
2025-11-20(목),황태채국,조식
2025-11-20(목),어묵볶음,조식
2025-11-20(목),닭바베큐소스조림,조식
2025-11-20(목),배추김치,조식
2025-11-21(금),밥,조식
2025-11-21(금),계란국,조식
2025-11-21(금),애호박나물,조식
2025-11-21(금),언양식바싹불고기,조식
2025-11-21(금),김,조식
2025-11-21(금),배추김치,조식
2025-11-22(토),불고기버거,조식
2025-11-22(토),계란후라이,조식
2025-11-22(토),가공우유,조식
2025-11-22(토),시리얼,조식
2025-11-22(토),백색우유,조식
2025-11-23(일),밥,조식
2025-11-23(일),얼큰계란국,조식
2025-11-23(일),치킨너겟,조식
2025-11-23(일),콩나물무침,조식
2025-11-23(일),배추김치,조식
2025-11-24(월),밥,조식
2025-11-24(월),수제비국,조식
2025-11-24(월),가지볶음,조식
2025-11-24(월),맛밤송송함박스테이크,조식
2025-11-24(월),배추김치,조식
2025-11-25(화),밥,조식
2025-11-25(화),들깨무채국,조식
2025-11-25(화),비엔나소시지케찹볶음,조식
2025-11-25(화),메추리알장조림,조식
2025-11-25(화),배추김치,조식
2025-11-26(수),밥,조식
2025-11-26(수),쇠고기무국,조식
2025-11-26(수),느타리버섯볶음,조식
2025-11-26(수),순살안동찜닭,조식
2025-11-26(수),배추김치,조식
2025-11-27(목),밥,조식
2025-11-27(목),참치오믈렛,조식
2025-11-27(목),황태해장국,조식
2025-11-27(목),부들어묵볶음,조식
2025-11-27(목),김,조식
2025-11-27(목),배추김치,조식
2025-11-28(금),밥,조식
2025-11-28(금),닭곰탕,조식
2025-11-28(금),동그랑땡,조식
2025-11-28(금),오이나물,조식
2025-11-28(금),깍두기,조식
2025-11-29(토),햄치즈버거,조식
2025-11-29(토),계란후라이,조식
2025-11-29(토),시리얼,조식
2025-11-29(토),가공우유,조식
2025-11-29(토),야채샐러드,조식
2025-11-29(토),백색우유,조식
2025-11-30(일),밥,조식
2025-11-30(일),사골미역국,조식
2025-11-30(일),치즈함박스테이크,조식
2025-11-30(일),무나물,조식
2025-11-30(일),배추김치,조식
2025-12-01(월),밥,조식
2025-12-01(월),황태해장국,조식
2025-12-01(월),멸치볶음,조식
2025-12-01(월),닭바베큐소스조림,조식
2025-12-01(월),배추김치,조식
2025-12-02(화),밥,조식
2025-12-02(화),두부김치국,조식
2025-12-02(화),가지볶음,조식
2025-12-02(화),비엔나메추리알조림,조식
2025-12-02(화),깍두기,조식
2025-12-03(수),밥,조식
2025-12-03(수),참치오믈렛,조식
2025-12-03(수),감자호박국,조식
2025-12-03(수),미트볼조림,조식
2025-12-03(수),배추김치,조식
2025-12-04(목),밥,조식
2025-12-04(목),돼지고기애호박찌개,조식
2025-11-06(목),남도떡갈비,조식
2025-11-06(목),콩나물무침,조식
2025-11-06(목),배추김치,조식
2025-11-07(금),밥,조식
2025-11-07(금),황태해장국,조식
2025-11-07(금),돼지고기무볶음,조식
2025-11-07(금),감자채볶음,조식
2025-11-07(금),배추김치,조식
2025-11-08(토),햄치즈버거,조식
2025-11-08(토),계란후라이,조식
2025-11-08(토),단호박샐러드,조식
2025-11-08(토),시리얼,조식
2025-11-08(토),백색우유,조식
2025-11-08(토),가공우유,조식
2025-11-09(일),핫도그빵,조식
2025-11-09(일),스크램블에그,조식
2025-11-09(일),코울슬로샐러드,조식
2025-11-09(일),시리얼,조식
2025-11-09(일),오이피클,조식
2025-11-09(일),백색우유,조식
2025-11-09(일),가공우유,조식
2025-11-10(월),밥,조식
2025-11-10(월),얼갈이된장국,조식
2025-11-10(월),호박새우볶음,조식
2025-11-10(월),마파두부,조식
2025-11-10(월),김자반,조식
2025-11-10(월),열무김치,조식
2025-11-11(화),밥,조식
2025-11-11(화),콩나물국,조식
2025-11-11(화),치즈함박스테이크,조식
2025-11-11(화),계란장조림,조식
2025-11-11(화),배추김치,조식
2025-11-12(수),밥,조식
2025-11-12(수),키조개미역국,조식
2025-11-12(수),비엔나소시지감자조림,조식
2025-11-12(수),연두부&양념장,조식
2025-11-12(수),배추김치,조식
2025-11-13(목),밥,조식
2025-11-13(목),어묵탕,조식
2025-11-13(목),느타리버섯볶음,조식
2025-11-13(목),돼지고기고추장볶음,조식
2025-11-13(목),배추김치,조식
2025-11-14(금),밥,조식
2025-11-14(금),감자호박국,조식
2025-11-14(금),소고기꽈리고추조림,조식
2025-11-14(금),양념깻잎지,조식
2025-11-14(금),배추김치,조식
2025-11-15(토),불고기버거,조식
2025-11-15(토),계란후라이,조식
2025-11-15(토),가공우유,조식
2025-11-15(토),시리얼,조식
2025-11-15(토),백색우유,조식
2025-11-16(일),밥,조식
2025-11-16(일),쇠고기무국,조식
2025-11-16(일),맛밤송송함박스테이크,조식
2025-11-16(일),진미채고추장조림,조식
2025-11-16(일),배추김치,조식
2025-11-17(월),밥,조식
2025-11-17(월),두부김치국,조식
2025-11-17(월),돼지고기청경채볶음,조식
2025-11-17(월),김계란말이,조식
2025-11-17(월),깍두기,조식
2025-11-18(화),밥,조식
2025-11-18(화),돼지고기애호박찌개,조식
2025-11-18(화),치킨너겟,조식
2025-11-18(화),무나물,조식
2025-11-18(화),배추김치,조식
2025-11-19(수),밥,조식
2025-11-19(수),순두부백탕,조식
2025-11-19(수),김자반,조식
2025-11-19(수),동그랑땡,조식
2025-11-19(수),콩나물무침,조식
2025-11-19(수),배추김치,조식
2025-11-20(목),밥,조식
2025-10-23(목),오삼불고기,조식
2025-10-23(목),콩나물무침,조식
2025-10-23(목),열무김치,조식
2025-10-24(금),밥,조식
2025-10-24(금),닭고기육개장,조식
2025-10-24(금),감자채볶음,조식
2025-10-24(금),계란말이,조식
2025-10-24(금),깍두기,조식
2025-10-25(토),핫도그빵,조식
2025-10-25(토),스크램블에그,조식
2025-10-25(토),야채샐러드,조식
2025-10-25(토),시리얼,조식
2025-10-25(토),백색우유,조식
2025-10-25(토),오이피클,조식
2025-10-26(일),밥,조식
2025-10-26(일),사골곰탕,조식
2025-10-26(일),치즈함박스테이크,조식
2025-10-26(일),오이무침,조식
2025-10-26(일),깍두기,조식
2025-10-27(월),밥,조식
2025-10-27(월),얼갈이된장국,조식
2025-10-27(월),멸치볶음,조식
2025-10-27(월),쇠고기감자조림,조식
2025-10-27(월),배추김치,조식
2025-10-28(화),밥,조식
2025-10-28(화),얼큰계란국,조식
2025-10-28(화),애호박나물,조식
2025-10-28(화),비엔나소시지감자조림,조식
2025-10-28(화),배추김치,조식
2025-10-29(수),밥,조식
2025-10-29(수),쇠고기미역국,조식
2025-10-29(수),닭고기야채조림,조식
2025-10-29(수),무생채,조식
2025-10-29(수),배추김치,조식
2025-10-30(목),밥,조식
2025-10-30(목),얼큰쇠고기무국,조식
2025-10-30(목),느타리버섯볶음,조식
2025-10-30(목),피자오믈렛,조식
2025-10-30(목),배추김치,조식
2025-10-31(금),밥,조식
2025-10-31(금),황태채국,조식
2025-10-31(금),감자채볶음,조식
2025-10-31(금),맛밤송송함박스테이크,조식
2025-10-31(금),배추김치,조식
2025-11-01(토),찹쌀밥,조식
2025-11-01(토),쇠고기떡국,조식
2025-11-01(토),왕교자만두찜,조식
2025-11-01(토),진미채고추장조림,조식
2025-11-01(토),배추김치,조식
2025-11-02(일),밥,조식
2025-11-02(일),사골우거지국,조식
2025-11-02(일),스팸튀김,조식
2025-11-02(일),메추리알장조림,조식
2025-11-02(일),배추김치,조식
2025-11-03(월),밥,조식
2025-11-03(월),쇠고기미역국,조식
2025-11-03(월),비엔나소시지케찹볶음,조식
2025-11-03(월),멸치볶음,조식
2025-11-03(월),배추김치,조식
2025-11-04(화),밥,조식
2025-11-04(화),아욱된장국,조식
2025-11-04(화),부들어묵볶음,조식
2025-11-04(화),돼지불고기,조식
2025-11-04(화),배추김치,조식
2025-11-05(수),밥,조식
2025-11-05(수),감자국,조식
2025-11-05(수),불고기오믈렛,조식
2025-11-05(수),미트볼조림,조식
2025-11-05(수),배추김치,조식
2025-11-06(목),밥,조식
2025-11-06(목),어묵탕,조식
2025-10-09(목),밥,조식
2025-10-09(목),어묵탕,조식
2025-10-09(목),마파두부,조식
2025-10-09(목),콩나물무침,조식
2025-10-09(목),김,조식
2025-10-09(목),배추김치,조식
2025-10-10(금),밥,조식
2025-10-10(금),참치오믈렛,조식
2025-10-10(금),쇠고기미역국,조식
2025-10-10(금),느타리버섯볶음,조식
2025-10-10(금),배추김치,조식
2025-10-11(토),핫도그빵,조식
2025-10-11(토),스크램블에그,조식
2025-10-11(토),시리얼,조식
2025-10-11(토),백색우유,조식
2025-10-11(토),코울슬로샐러드,조식
2025-10-12(일),밥,조식
2025-10-12(일),황태해장국,조식
2025-10-12(일),언양식바싹불고기,조식
2025-10-12(일),오이무침,조식
2025-10-12(일),배추김치,조식
2025-10-13(월),밥,조식
2025-10-13(월),닭고기육개장,조식
2025-10-13(월),어묵볶음,조식
2025-10-13(월),계란말이,조식
2025-10-13(월),배추김치,조식
2025-10-14(화),밥,조식
2025-10-14(화),얼큰수제비국,조식
2025-10-14(화),애호박나물,조식
2025-10-14(화),비엔나소시지감자조림,조식
2025-10-14(화),배추김치,조식
2025-10-15(수),밥,조식
2025-10-15(수),닭곰탕,조식
2025-10-15(수),맛밤송송함박스테이크,조식
2025-10-15(수),양념깻잎지,조식
2025-10-15(수),깍두기,조식
2025-10-16(목),밥,조식
2025-10-16(목),두부된장찌개,조식
2025-10-16(목),새송이버섯야채볶음,조식
2025-10-16(목),미트볼조림,조식
2025-10-16(목),배추김치,조식
2025-10-17(금),밥,조식
2025-10-17(금),얼큰계란국,조식
2025-10-17(금),김자반,조식
2025-10-17(금),닭순살야채조림,조식
2025-10-17(금),무생채,조식
2025-10-17(금),배추김치,조식
2025-10-18(토),불고기버거,조식
2025-10-18(토),계란후라이,조식
2025-10-18(토),백색우유,조식
2025-10-18(토),시리얼,조식
2025-10-18(토),가공우유,조식
2025-10-19(일),밥,조식
2025-10-19(일),황태해장국,조식
2025-10-19(일),호박새우볶음,조식
2025-10-19(일),계란장조림,조식
2025-10-19(일),배추김치,조식
2025-10-20(월),밥,조식
2025-10-20(월),시금치된장국,조식
2025-10-20(월),쇠고기불고기,조식
2025-10-20(월),무나물,조식
2025-10-20(월),배추김치,조식
2025-10-21(화),밥,조식
2025-10-21(화),콩나물국,조식
2025-10-21(화),돼지고기무볶음,조식
2025-10-21(화),새송이버섯야채볶음,조식
2025-10-21(화),배추김치,조식
2025-10-22(수),밥,조식
2025-10-22(수),감자호박국,조식
2025-10-22(수),동그랑땡,조식
2025-10-22(수),연두부&양념장,조식
2025-10-22(수),김,조식
2025-10-22(수),배추김치,조식
2025-10-23(목),밥,조식
2025-10-23(목),들깨무채국,조식
2025-09-24(수),무조림,조식
2025-09-24(수),배추김치,조식
2025-09-25(목),밥,조식
2025-09-25(목),닭고기육개장,조식
2025-09-25(목),메추리알장조림,조식
2025-09-25(목),콩나물매운무침,조식
2025-09-25(목),배추김치,조식
2025-09-26(금),밥,조식
2025-09-26(금),유부장국,조식
2025-09-26(금),호박새우볶음,조식
2025-09-26(금),닭순살야채조림,조식
2025-09-26(금),배추김치,조식
2025-09-27(토),핫도그빵,조식
2025-09-27(토),스크램블에그,조식
2025-09-27(토),시리얼,조식
2025-09-27(토),백색우유,조식
2025-09-27(토),코울슬로샐러드,조식
2025-09-28(일),밥,조식
2025-09-28(일),콩나물국,조식
2025-09-28(일),김자반,조식
2025-09-28(일),닭바베큐소스조림,조식
2025-09-28(일),무생채,조식
2025-09-28(일),배추김치,조식
2025-09-29(월),밥,조식
2025-09-29(월),사골우거지국,조식
2025-09-29(월),어묵볶음,조식
2025-09-29(월),동그랑땡,조식
2025-09-29(월),배추김치,조식
2025-09-30(화),밥,조식
2025-09-30(화),감자호박국,조식
2025-09-30(화),새송이버섯야채볶음,조식
2025-09-30(화),계란말이,조식
2025-09-30(화),배추김치,조식
2025-10-01(수),밥,조식
2025-10-01(수),쇠고기무국,조식
2025-10-01(수),감자채볶음,조식
2025-10-01(수),비엔나메추리알조림,조식
2025-10-01(수),배추김치,조식
2025-10-02(목),밥,조식
2025-10-02(목),사골미역국,조식
2025-10-02(목),어묵볶음,조식
2025-10-02(목),한입떡갈비,조식
2025-10-02(목),배추김치,조식
2025-10-03(금),밥,조식
2025-10-03(금),콩나물국,조식
2025-10-03(금),언양식바싹불고기,조식
2025-10-03(금),메추리알장조림,조식
2025-10-03(금),배추김치,조식
2025-10-04(토),햄치즈버거,조식
2025-10-04(토),계란후라이,조식
2025-10-04(토),백색우유,조식
2025-10-04(토),가공우유,조식
2025-10-04(토),치킨텐더샐러드,조식
2025-10-04(토),시리얼,조식
2025-10-05(일),밥,조식
2025-10-05(일),사골우거지국,조식
2025-10-05(일),치즈함박스테이크,조식
2025-10-05(일),근대무침,조식
2025-10-05(일),배추김치,조식
2025-10-06(월),밥,조식
2025-10-06(월),쇠고기떡국,조식
2025-10-06(월),야채고기말이,조식
2025-10-06(월),시금치무침,조식
2025-10-06(월),식혜,조식
2025-10-06(월),배추김치,조식
2025-10-07(화),밥,조식
2025-10-07(화),황태채국,조식
2025-10-07(화),어묵볶음,조식
2025-10-07(화),소고기꽈리고추조림,조식
2025-10-07(화),배추김치,조식
2025-10-08(수),밥,조식
2025-10-08(수),쇠고기탕국,조식
2025-10-08(수),꽈리고추멸치볶음,조식
2025-10-08(수),비엔나소시지케찹볶음,조식
2025-10-08(수),배추김치,조식
2025-09-10(수),돼지고기청경채볶음,조식
2025-09-10(수),연두부&양념장,조식
2025-09-10(수),배추김치,조식
2025-09-11(목),밥,조식
2025-09-11(목),얼갈이된장국,조식
2025-09-11(목),멸치볶음,조식
2025-09-11(목),동그랑땡,조식
2025-09-11(목),깍두기,조식
2025-09-12(금),밥,조식
2025-09-12(금),감자호박국,조식
2025-09-12(금),새송이버섯야채볶음,조식
2025-09-12(금),쇠고기불고기,조식
2025-09-12(금),김자반,조식
2025-09-12(금),배추김치,조식
2025-09-13(토),핫도그빵,조식
2025-09-13(토),스크램블에그,조식
2025-09-13(토),백색우유,조식
2025-09-13(토),오이피클,조식
2025-09-13(토),시리얼,조식
2025-09-13(토),단호박샐러드,조식
2025-09-14(일),밥,조식
2025-09-14(일),사골곰탕,조식
2025-09-14(일),맛밤송송함박스테이크,조식
2025-09-14(일),부추양파무침,조식
2025-09-14(일),깍두기,조식
2025-09-15(월),밥,조식
2025-09-15(월),얼큰계란국,조식
2025-09-15(월),느타리버섯볶음,조식
2025-09-15(월),한입떡갈비,조식
2025-09-15(월),배추김치,조식
2025-09-16(화),밥,조식
2025-09-16(화),콩나물김치국,조식
2025-09-16(화),감자채볶음,조식
2025-09-16(화),비엔나메추리알조림,조식
2025-09-16(화),열무김치,조식
2025-09-17(수),밥,조식
2025-09-17(수),쇠고기미역국,조식
2025-09-17(수),언양식바싹불고기,조식
2025-09-17(수),무나물,조식
2025-09-17(수),배추김치,조식
2025-09-18(목),밥,조식
2025-09-18(목),근대된장국,조식
2025-09-18(목),꽈리고추멸치볶음,조식
2025-09-18(목),마파두부,조식
2025-09-18(목),배추김치,조식
2025-09-19(금),밥,조식
2025-09-19(금),얼큰쇠고기무국,조식
2025-09-19(금),어묵볶음,조식
2025-09-19(금),치즈함박스테이크,조식
2025-09-19(금),열무김치,조식
2025-09-20(토),햄치즈버거,조식
2025-09-20(토),계란후라이,조식
2025-09-20(토),백색우유,조식
2025-09-20(토),치킨텐더샐러드,조식
2025-09-20(토),가공우유,조식
2025-09-20(토),시리얼,조식
2025-09-21(일),밥,조식
2025-09-21(일),황태해장국,조식
2025-09-21(일),소고기꽈리고추조림,조식
2025-09-21(일),오이무침,조식
2025-09-21(일),깍두기,조식
2025-09-22(월),밥,조식
2025-09-22(월),쇠고기탕국,조식
2025-09-22(월),느타리버섯볶음,조식
2025-09-22(월),비엔나소시지케찹볶음,조식
2025-09-22(월),배추김치,조식
2025-09-23(화),밥,조식
2025-09-23(화),감자달걀국,조식
2025-09-23(화),돼지고기부추볶음,조식
2025-09-23(화),연두부&양념장,조식
2025-09-23(화),배추김치,조식
2025-09-24(수),밥,조식
2025-09-24(수),돼지고기고추장찌개,조식
2025-09-24(수),맛밤송송함박스테이크,조식
2025-08-27(수),밥,조식
2025-08-27(수),감자호박국,조식
2025-08-27(수),느타리버섯볶음,조식
2025-08-27(수),닭바베큐소스조림,조식
2025-08-27(수),김,조식
2025-08-27(수),배추김치,조식
2025-08-28(목),밥,조식
2025-08-28(목),쇠고기무국,조식
2025-08-28(목),꽈리고추멸치볶음,조식
2025-08-28(목),돼지고기고추장볶음,조식
2025-08-28(목),배추김치,조식
2025-08-29(금),밥,조식
2025-08-29(금),돼지고기애호박찌개,조식
2025-08-29(금),어묵볶음,조식
2025-08-29(금),돼지고기무볶음,조식
2025-08-29(금),배추김치,조식
2025-08-30(토),밥,조식
2025-08-30(토),사골곰탕,조식
2025-08-30(토),맛밤송송함박스테이크,조식
2025-08-30(토),오이부추무침,조식
2025-08-30(토),백색우유,조식
2025-08-30(토),열무김치,조식
2025-08-31(일),밥,조식
2025-08-31(일),들깨무채국,조식
2025-08-31(일),감자채볶음,조식
2025-08-31(일),닭순살야채조림,조식
2025-08-31(일),배추김치,조식
2025-09-01(월),밥,조식
2025-09-01(월),닭곰탕,조식
2025-09-01(월),치즈함박스테이크,조식
2025-09-01(월),오이부추무침,조식
2025-09-01(월),배추김치,조식
2025-09-02(화),밥,조식
2025-09-02(화),황태채국,조식
2025-09-02(화),쇠고기감자조림,조식
2025-09-02(화),피자오믈렛,조식
2025-09-02(화),배추김치,조식
2025-09-03(수),밥,조식
2025-09-03(수),사골미역국,조식
2025-09-03(수),감자채볶음,조식
2025-09-03(수),미트볼조림,조식
2025-09-03(수),배추김치,조식
2025-09-04(목),밥,조식
2025-09-04(목),어묵탕,조식
2025-09-04(목),사천식캐슈넛멸치볶음,조식
2025-09-04(목),닭순살야채조림,조식
2025-09-04(목),배추김치,조식
2025-09-05(금),밥,조식
2025-09-05(금),쇠고기무국,조식
2025-09-05(금),김자반,조식
2025-09-05(금),계란말이,조식
2025-09-05(금),무생채,조식
2025-09-05(금),배추김치,조식
2025-09-06(토),불고기버거,조식
2025-09-06(토),계란후라이,조식
2025-09-06(토),가공우유,조식
2025-09-06(토),백색우유,조식
2025-09-06(토),시리얼,조식
2025-09-07(일),밥,조식
2025-09-07(일),사골우거지국,조식
2025-09-07(일),언양식바싹불고기,조식
2025-09-07(일),오이부추무침,조식
2025-09-07(일),열무김치,조식
2025-09-08(월),참치오믈렛,조식
2025-09-08(월),밥,조식
2025-09-08(월),오징어무국,조식
2025-09-08(월),감자채볶음,조식
2025-09-08(월),김,조식
2025-09-08(월),열무김치,조식
2025-09-09(화),밥,조식
2025-09-09(화),쇠고기육개장,조식
2025-09-09(화),어묵볶음,조식
2025-09-09(화),비엔나소시지감자조림,조식
2025-09-09(화),배추김치,조식
2025-09-10(수),밥,조식
2025-09-10(수),감자달걀국,조식
2025-08-12(화),사천식캐슈넛멸치볶음,조식
2025-08-12(화),소고기꽈리고추조림,조식
2025-08-12(화),깍두기,조식
2025-08-13(수),밥,조식
2025-08-14(수),햄감자찌개,조식
2025-08-15(수),어묵볶음,조식
2025-08-16(수),오삼불고기,조식
2025-08-17(수),배추김치,조식
2025-08-14(목),밥,조식
2025-08-14(목),유부장국,조식
2025-08-14(목),쇠고기감자조림,조식
2025-08-14(목),피자오믈렛,조식
2025-08-14(목),배추김치,조식
2025-08-15(금),밥,조식
2025-08-15(금),황태채국,조식
2025-08-15(금),호박새우볶음,조식
2025-08-15(금),닭간장소스찜,조식
2025-08-15(금),배추김치,조식
2025-08-16(토),불고기버거,조식
2025-08-16(토),계란후라이,조식
2025-08-16(토),가공우유,조식
2025-08-16(토),백색우유,조식
2025-08-16(토),시리얼,조식
2025-08-17(일),밥,조식
2025-08-17(일),쇠고기미역국,조식
2025-08-17(일),감자채볶음,조식
2025-08-17(일),계란말이,조식
2025-08-17(일),배추김치,조식
2025-08-18(월),밥,조식
2025-08-18(월),팽이버섯된장국,조식
2025-08-18(월),김자반,조식
2025-08-18(월),닭순살야채조림,조식
2025-08-18(월),오복지무침,조식
2025-08-18(월),배추김치,조식
2025-08-19(화),밥,조식
2025-08-19(화),감자호박국,조식
2025-08-19(화),비엔나소시지감자조림,조식
2025-08-19(화),계란장조림,조식
2025-08-19(화),배추김치,조식
2025-08-20(수),밥,조식
2025-08-20(수),유부장국,조식
2025-08-20(수),쇠고기불고기,조식
2025-08-20(수),연두부&양념장,조식
2025-08-20(수),배추김치,조식
2025-08-21(목),밥,조식
2025-08-21(목),황태채국,조식
2025-08-21(목),새송이버섯야채볶음,조식
2025-08-21(목),동그랑땡,조식
2025-08-21(목),김,조식
2025-08-21(목),배추김치,조식
2025-08-22(금),밥,조식
2025-08-22(금),닭곰탕,조식
2025-08-22(금),치즈함박스테이크,조식
2025-08-22(금),무말랭이무침,조식
2025-08-22(금),배추김치,조식
2025-08-23(토),핫도그빵,조식
2025-08-23(토),스크램블에그,조식
2025-08-23(토),단호박샐러드,조식
2025-08-23(토),백색우유,조식
2025-08-23(토),시리얼,조식
2025-08-23(토),오이피클,조식
2025-08-24(일),밥,조식
2025-08-24(일),홍합탕,조식
2025-08-24(일),미트볼조림,조식
2025-08-24(일),무생채,조식
2025-08-24(일),배추김치,조식
2025-08-25(월),밥,조식
2025-08-25(월),사골우거지국,조식
2025-08-25(월),멸치볶음,조식
2025-08-25(월),언양식바싹불고기,조식
2025-08-25(월),깍두기,조식
2025-08-26(화),밥,조식
2025-08-26(화),순두부백탕,조식
2025-08-26(화),감자채볶음,조식
2025-08-26(화),돼지불고기,조식
2025-08-26(화),배추김치,조식
2025-08-28(목),돼지고기고추장볶음,조식
2025-08-28(목),배추김치,조식
2025-08-29(금),밥,조식
2025-08-29(금),돼지고기애호박찌개,조식
2025-08-29(금),어묵볶음,조식
2025-08-29(금),돼지고기무볶음,조식
2025-08-29(금),배추김치,조식
2025-08-30(토),밥,조식
2025-08-30(토),사골곰탕,조식
2025-08-30(토),맛밤송송함박스테이크,조식
2025-08-30(토),오이부추무침,조식
2025-08-30(토),백색우유,조식
2025-08-30(토),열무김치,조식
2025-08-31(일),밥,조식
2025-08-31(일),들깨무채국,조식
2025-08-31(일),감자채볶음,조식
2025-08-31(일),닭순살야채조림,조식
2025-08-31(일),배추김치,조식
2025-08-01(금),밥,조식
2025-08-01(금),쇠고기탕국,조식
2025-08-01(금),맛밤송송함박스테이크,조식
2025-08-01(금),무조림,조식
2025-08-01(금),배추김치,조식
2025-08-02(토),햄치즈버거,조식
2025-08-02(토),계란후라이,조식
2025-08-02(토),가공우유,조식
2025-08-02(토),치킨텐더샐러드,조식
2025-08-02(토),시리얼,조식
2025-08-02(토),백색우유,조식
2025-08-03(일),밥,조식
2025-08-03(일),순두부된장국,조식
2025-08-03(일),돼지고기청경채볶음,조식
2025-08-03(일),배추겉절이,조식
2025-08-03(일),김,조식
2025-08-04(월),밥,조식
2025-08-04(월),닭고기육개장,조식
2025-08-04(월),느타리버섯볶음,조식
2025-08-04(월),마파두부,조식
2025-08-04(월),배추김치,조식
2025-08-05(화),밥,조식
2025-08-05(화),사골미역국,조식
2025-08-05(화),감자채볶음,조식
2025-08-05(화),언양식바싹불고기,조식
2025-08-05(화),배추김치,조식
2025-08-06(수),밥,조식
2025-08-06(수),얼큰계란국,조식
2025-08-06(수),비엔나소시지케찹볶음,조식
2025-08-06(수),호박새우볶음,조식
2025-08-06(수),배추김치,조식
2025-08-07(목),밥,조식
2025-08-07(목),황태채국,조식
2025-08-07(목),돼지고기부추볶음,조식
2025-08-07(목),연두부&양념장,조식
2025-08-07(목),깍두기,조식
2025-08-08(금),밥,조식
2025-08-08(금),콩나물김치국,조식
2025-08-08(금),어묵볶음,조식
2025-08-08(금),치즈함박스테이크,조식
2025-08-08(금),배추김치,조식
2025-08-09(토),핫도그빵,조식
2025-08-09(토),스크램블에그,조식
2025-08-09(토),시리얼,조식
2025-08-09(토),백색우유,조식
2025-08-09(토),코울슬로샐러드,조식
2025-08-10(일),밥,조식
2025-08-10(일),사골우거지국,조식
2025-08-10(일),김자반,조식
2025-08-10(일),무조림,조식
2025-08-10(일),비엔나소시지감자조림,조식
2025-08-10(일),열무김치,조식
2025-08-11(월),밥,조식
2025-08-11(월),순두부해물찌개,조식
2025-08-11(월),햄감자채볶음,조식
2025-08-11(월),동그랑땡,조식
2025-08-11(월),배추김치,조식
2025-08-12(화),밥,조식
2025-08-12(화),어묵탕,조식
2025-08-14(목),밥,조식
2025-08-14(목),유부장국,조식
2025-08-14(목),쇠고기감자조림,조식
2025-08-14(목),피자오믈렛,조식
2025-08-14(목),배추김치,조식
2025-08-15(금),밥,조식
2025-08-15(금),황태채국,조식
2025-08-15(금),호박새우볶음,조식
2025-08-15(금),닭간장소스찜,조식
2025-08-15(금),배추김치,조식
2025-08-16(토),불고기버거,조식
2025-08-16(토),계란후라이,조식
2025-08-16(토),가공우유,조식
2025-08-16(토),백색우유,조식
2025-08-16(토),시리얼,조식
2025-08-17(일),밥,조식
2025-08-17(일),쇠고기미역국,조식
2025-08-17(일),감자채볶음,조식
2025-08-17(일),계란말이,조식
2025-08-17(일),배추김치,조식
2025-08-18(월),밥,조식
2025-08-18(월),팽이버섯된장국,조식
2025-08-18(월),김자반,조식
2025-08-18(월),닭순살야채조림,조식
2025-08-18(월),오복지무침,조식
2025-08-18(월),배추김치,조식
2025-08-19(화),밥,조식
2025-08-19(화),감자호박국,조식
2025-08-19(화),비엔나소시지감자조림,조식
2025-08-19(화),계란장조림,조식
2025-08-19(화),배추김치,조식
2025-08-20(수),밥,조식
2025-08-20(수),유부장국,조식
2025-08-20(수),쇠고기불고기,조식
2025-08-20(수),연두부&양념장,조식
2025-08-20(수),배추김치,조식
2025-08-21(목),밥,조식
2025-08-21(목),황태채국,조식
2025-08-21(목),새송이버섯야채볶음,조식
2025-08-21(목),동그랑땡,조식
2025-08-21(목),김,조식
2025-08-21(목),배추김치,조식
2025-08-22(금),밥,조식
2025-08-22(금),닭곰탕,조식
2025-08-22(금),치즈함박스테이크,조식
2025-08-22(금),무말랭이무침,조식
2025-08-22(금),배추김치,조식
2025-08-23(토),핫도그빵,조식
2025-08-23(토),스크램블에그,조식
2025-08-23(토),단호박샐러드,조식
2025-08-23(토),백색우유,조식
2025-08-23(토),시리얼,조식
2025-08-23(토),오이피클,조식
2025-08-24(일),밥,조식
2025-08-24(일),홍합탕,조식
2025-08-24(일),미트볼조림,조식
2025-08-24(일),무생채,조식
2025-08-24(일),배추김치,조식
2025-08-25(월),밥,조식
2025-08-25(월),사골우거지국,조식
2025-08-25(월),멸치볶음,조식
2025-08-25(월),언양식바싹불고기,조식
2025-08-25(월),깍두기,조식
2025-08-26(화),밥,조식
2025-08-26(화),순두부백탕,조식
2025-08-26(화),감자채볶음,조식
2025-08-26(화),돼지불고기,조식
2025-08-26(화),배추김치,조식
2025-08-27(수),밥,조식
2025-08-27(수),감자호박국,조식
2025-08-27(수),느타리버섯볶음,조식
2025-08-27(수),닭바베큐소스조림,조식
2025-08-27(수),김,조식
2025-08-27(수),배추김치,조식
2025-08-28(목),밥,조식
2025-08-28(목),쇠고기무국,조식
2025-08-28(목),꽈리고추멸치볶음,조식
2025-07-30(수),멸치볶음,조식
2025-07-30(수),언양식바싹불고기,조식
2025-07-30(수),배추김치,조식
2025-07-31(목),밥,조식
2025-07-31(목),감자호박국,조식
2025-07-31(목),어묵볶음,조식
2025-07-31(목),김자반,조식
2025-07-31(목),닭바베큐소스조림,조식
2025-07-31(목),배추김치,조식
2025-08-01(금),밥,조식
2025-08-01(금),쇠고기탕국,조식
2025-08-01(금),맛밤송송함박스테이크,조식
2025-08-01(금),무조림,조식
2025-08-01(금),배추김치,조식
2025-08-02(토),햄치즈버거,조식
2025-08-02(토),계란후라이,조식
2025-08-02(토),가공우유,조식
2025-08-02(토),치킨텐더샐러드,조식
2025-08-02(토),시리얼,조식
2025-08-02(토),백색우유,조식
2025-08-03(일),밥,조식
2025-08-03(일),순두부된장국,조식
2025-08-03(일),돼지고기청경채볶음,조식
2025-08-03(일),배추겉절이,조식
2025-08-03(일),김,조식
2025-08-04(월),밥,조식
2025-08-04(월),닭고기육개장,조식
2025-08-04(월),느타리버섯볶음,조식
2025-08-04(월),마파두부,조식
2025-08-04(월),배추김치,조식
2025-08-05(화),밥,조식
2025-08-05(화),사골미역국,조식
2025-08-05(화),감자채볶음,조식
2025-08-05(화),언양식바싹불고기,조식
2025-08-05(화),배추김치,조식
2025-08-06(수),밥,조식
2025-08-06(수),얼큰계란국,조식
2025-08-06(수),비엔나소시지케찹볶음,조식
2025-08-06(수),호박새우볶음,조식
2025-08-06(수),배추김치,조식
2025-08-07(목),밥,조식
2025-08-07(목),황태채국,조식
2025-08-07(목),돼지고기부추볶음,조식
2025-08-07(목),연두부&양념장,조식
2025-08-07(목),깍두기,조식
2025-08-08(금),밥,조식
2025-08-08(금),콩나물김치국,조식
2025-08-08(금),어묵볶음,조식
2025-08-08(금),치즈함박스테이크,조식
2025-08-08(금),배추김치,조식
2025-08-09(토),핫도그빵,조식
2025-08-09(토),스크램블에그,조식
2025-08-09(토),시리얼,조식
2025-08-09(토),백색우유,조식
2025-08-09(토),코울슬로샐러드,조식
2025-08-10(일),밥,조식
2025-08-10(일),사골우거지국,조식
2025-08-10(일),김자반,조식
2025-08-10(일),무조림,조식
2025-08-10(일),비엔나소시지감자조림,조식
2025-08-10(일),열무김치,조식
2025-08-11(월),밥,조식
2025-08-11(월),순두부해물찌개,조식
2025-08-11(월),햄감자채볶음,조식
2025-08-11(월),동그랑땡,조식
2025-08-11(월),배추김치,조식
2025-08-12(화),밥,조식
2025-08-12(화),어묵탕,조식
2025-08-12(화),사천식캐슈넛멸치볶음,조식
2025-08-12(화),소고기꽈리고추조림,조식
2025-08-12(화),깍두기,조식
2025-08-13(수),밥,조식
2025-08-14(수),햄감자찌개,조식
2025-08-15(수),어묵볶음,조식
2025-08-16(수),오삼불고기,조식
2025-08-17(수),배추김치,조식
2025-07-16(수),감자양파찌개,조식
2025-07-16(수),느타리버섯볶음,조식
2025-07-16(수),돼지불고기,조식
2025-07-16(수),배추김치,조식
2025-07-17(목),밥,조식
2025-07-17(목),황태채국,조식
2025-07-17(목),호박새우볶음,조식
2025-07-17(목),닭순살야채조림,조식
2025-07-17(목),열무김치,조식
2025-07-18(금),밥,조식
2025-07-18(금),얼큰계란국,조식
2025-07-18(금),어묵볶음,조식
2025-07-18(금),맛밤송송함박스테이크,조식
2025-07-18(금),배추김치,조식
2025-07-19(토),불고기버거,조식
2025-07-19(토),계란후라이,조식
2025-07-19(토),가공우유,조식
2025-07-19(토),백색우유,조식
2025-07-19(토),시리얼,조식
2025-07-20(일),밥,조식
2025-07-20(일),순두부백탕,조식
2025-07-20(일),미트볼조림,조식
2025-07-20(일),무생채,조식
2025-07-20(일),배추김치,조식
2025-07-21(월),밥,조식
2025-07-21(월),햄감자찌개,조식
2025-07-21(월),오삼불고기,조식
2025-07-21(월),무조림,조식
2025-07-21(월),배추김치,조식
2025-07-22(화),밥,조식
2025-07-22(화),사골우거지국,조식
2025-07-22(화),동그랑땡,조식
2025-07-22(화),연두부&양념장,조식
2025-07-22(화),배추김치,조식
2025-07-23(수),밥,조식
2025-07-23(수),들깨무채국,조식
2025-07-23(수),감자채볶음,조식
2025-07-23(수),김자반,조식
2025-07-23(수),비엔나소시지감자조림,조식
2025-07-23(수),배추김치,조식
2025-07-24(목),밥,조식
2025-07-24(목),감자양파찌개,조식
2025-07-24(목),돼지고기부추볶음,조식
2025-07-24(목),배추나물,조식
2025-07-24(목),열무김치,조식
2025-07-25(금),밥,조식
2025-07-25(금),얼갈이된장국,조식
2025-07-25(금),사천식캐슈넛멸치볶음,조식
2025-07-25(금),닭순살야채조림,조식
2025-07-25(금),열무김치,조식
2025-07-26(토),핫도그빵,조식
2025-07-26(토),스크램블에그,조식
2025-07-26(토),백색우유,조식
2025-07-26(토),시리얼,조식
2025-07-26(토),코울슬로샐러드,조식
2025-07-27(일),밥,조식
2025-07-27(일),쇠고기미역국,조식
2025-07-27(일),닭간장소스찜,조식
2025-07-27(일),무조림,조식
2025-07-27(일),배추김치,조식
2025-07-28(월),밥,조식
2025-07-28(월),유부장국,조식
2025-07-28(월),가지볶음,조식
2025-07-28(월),치즈함박스테이크,조식
2025-07-28(월),김,조식
2025-07-28(월),배추김치,조식
2025-07-29(화),밥,조식
2025-07-29(화),황태채국,조식
2025-07-29(화),소고기꽈리고추조림,조식
2025-07-29(화),연두부&양념장,조식
2025-07-29(화),배추김치,조식
2025-07-30(수),밥,조식
2025-07-30(수),얼큰쇠고기무국,조식
2025-07-01(화),배추김치,조식
2025-07-02(수),밥,조식
2025-07-02(수),닭곰탕,조식
2025-07-02(수),감자채볶음,조식
2025-07-02(수),언양식바싹불고기,조식
2025-07-02(수),배추김치,조식
2025-07-03(목),밥,조식
2025-07-03(목),쇠고기무국,조식
2025-07-03(목),돼지고기고추장볶음,조식
2025-07-03(목),오징어채무침,조식
2025-07-03(목),깍두기,조식
2025-07-04(금),밥,조식
2025-07-04(금),황태채국,조식
2025-07-04(금),비엔나소시지감자조림,조식
2025-07-04(금),피자오믈렛,조식
2025-07-04(금),배추김치,조식
2025-07-05(토),햄치즈버거,조식
2025-07-05(토),계란후라이,조식
2025-07-05(토),가공우유,조식
2025-07-05(토),치킨텐더샐러드,조식
2025-07-05(토),시리얼,조식
2025-07-05(토),백색우유,조식
2025-07-06(일),밥,조식
2025-07-06(일),순두부된장국,조식
2025-07-06(일),계란말이,조식
2025-07-06(일),오이무침,조식
2025-07-06(일),배추김치,조식
2025-07-07(월),밥,조식
2025-07-07(월),팽이버섯된장국,조식
2025-07-07(월),멸치볶음,조식
2025-07-07(월),돼지고기부추볶음,조식
2025-07-07(월),깍두기,조식
2025-07-08(화),밥,조식
2025-07-08(화),참치오믈렛,조식
2025-07-08(화),얼큰수제비국,조식
2025-07-08(화),비엔나소시지케찹볶음,조식
2025-07-08(화),배추김치,조식
2025-07-09(수),밥,조식
2025-07-09(수),얼큰계란국,조식
2025-07-09(수),어묵볶음,조식
2025-07-09(수),맛밤송송함박스테이크,조식
2025-07-09(수),열무김치,조식
2025-07-10(목),밥,조식
2025-07-10(목),두부계란국,조식
2025-07-10(목),쇠고기불고기,조식
2025-07-10(목),가지볶음,조식
2025-07-10(목),배추김치,조식
2025-07-11(금),밥,조식
2025-07-11(금),유부장국,조식
2025-07-11(금),돼지고기무볶음,조식
2025-07-11(금),김자반,조식
2025-07-11(금),배추김치,조식
2025-07-12(토),핫도그빵,조식
2025-07-12(토),스크램블에그,조식
2025-07-12(토),시리얼,조식
2025-07-12(토),백색우유,조식
2025-07-12(토),오이피클,조식
2025-07-12(토),단호박샐러드,조식
2025-07-13(일),밥,조식
2025-07-13(일),홍합탕,조식
2025-07-13(일),돼지고기청경채볶음,조식
2025-07-13(일),배추겉절이,조식
2025-07-13(일),김,조식
2025-07-14(월),밥,조식
2025-07-14(월),닭고기육개장,조식
2025-07-14(월),햄감자채볶음,조식
2025-07-14(월),치즈함박스테이크,조식
2025-07-14(월),배추김치,조식
2025-07-15(화),밥,조식
2025-07-15(화),순두부해물찌개,조식
2025-07-15(화),동그랑땡,조식
2025-07-15(화),오복지무침,조식
2025-07-15(화),김,조식
2025-07-15(화),배추김치,조식
2025-07-16(수),흑미밥,조식
2025-07-18(금),얼큰계란국,조식
2025-07-18(금),어묵볶음,조식
2025-07-18(금),맛밤송송함박스테이크,조식
2025-07-18(금),배추김치,조식
2025-07-19(토),불고기버거,조식
2025-07-19(토),계란후라이,조식
2025-07-19(토),가공우유,조식
2025-07-19(토),백색우유,조식
2025-07-19(토),시리얼,조식
2025-07-20(일),밥,조식
2025-07-20(일),순두부백탕,조식
2025-07-20(일),미트볼조림,조식
2025-07-20(일),무생채,조식
2025-07-20(일),배추김치,조식
2025-07-21(월),밥,조식
2025-07-21(월),햄감자찌개,조식
2025-07-21(월),오삼불고기,조식
2025-07-21(월),무조림,조식
2025-07-21(월),배추김치,조식
2025-07-22(화),밥,조식
2025-07-22(화),사골우거지국,조식
2025-07-22(화),동그랑땡,조식
2025-07-22(화),연두부&양념장,조식
2025-07-22(화),배추김치,조식
2025-07-23(수),밥,조식
2025-07-23(수),들깨무채국,조식
2025-07-23(수),감자채볶음,조식
2025-07-23(수),김자반,조식
2025-07-23(수),비엔나소시지감자조림,조식
2025-07-23(수),배추김치,조식
2025-07-24(목),밥,조식
2025-07-24(목),감자양파찌개,조식
2025-07-24(목),돼지고기부추볶음,조식
2025-07-24(목),배추나물,조식
2025-07-24(목),열무김치,조식
2025-07-25(금),밥,조식
2025-07-25(금),얼갈이된장국,조식
2025-07-25(금),사천식캐슈넛멸치볶음,조식
2025-07-25(금),닭순살야채조림,조식
2025-07-25(금),열무김치,조식
2025-07-26(토),핫도그빵,조식
2025-07-26(토),스크램블에그,조식
2025-07-26(토),백색우유,조식
2025-07-26(토),시리얼,조식
2025-07-26(토),코울슬로샐러드,조식
2025-07-27(일),밥,조식
2025-07-27(일),쇠고기미역국,조식
2025-07-27(일),닭간장소스찜,조식
2025-07-27(일),무조림,조식
2025-07-27(일),배추김치,조식
2025-07-28(월),밥,조식
2025-07-28(월),유부장국,조식
2025-07-28(월),가지볶음,조식
2025-07-28(월),치즈함박스테이크,조식
2025-07-28(월),김,조식
2025-07-28(월),배추김치,조식
2025-07-29(화),밥,조식
2025-07-29(화),황태채국,조식
2025-07-29(화),소고기꽈리고추조림,조식
2025-07-29(화),연두부&양념장,조식
2025-07-29(화),배추김치,조식
2025-07-30(수),밥,조식
2025-07-30(수),얼큰쇠고기무국,조식
2025-07-30(수),멸치볶음,조식
2025-07-30(수),언양식바싹불고기,조식
2025-07-30(수),배추김치,조식
2025-07-31(목),밥,조식
2025-07-31(목),감자호박국,조식
2025-07-31(목),어묵볶음,조식
2025-07-31(목),김자반,조식
2025-07-31(목),닭바베큐소스조림,조식
2025-07-31(목),배추김치,조식
2025-07-01(화),밥,조식
2025-07-01(화),어묵탕,조식
2025-07-01(화),계란장조림,조식
2025-07-01(화),쇠고기감자조림,조식
2025-07-04(금),황태채국,조식
2025-07-04(금),비엔나소시지감자조림,조식
2025-07-04(금),피자오믈렛,조식
2025-07-04(금),배추김치,조식
2025-07-05(토),햄치즈버거,조식
2025-07-05(토),계란후라이,조식
2025-07-05(토),가공우유,조식
2025-07-05(토),치킨텐더샐러드,조식
2025-07-05(토),시리얼,조식
2025-07-05(토),백색우유,조식
2025-07-06(일),밥,조식
2025-07-06(일),순두부된장국,조식
2025-07-06(일),계란말이,조식
2025-07-06(일),오이무침,조식
2025-07-06(일),배추김치,조식
2025-07-07(월),밥,조식
2025-07-07(월),팽이버섯된장국,조식
2025-07-07(월),멸치볶음,조식
2025-07-07(월),돼지고기부추볶음,조식
2025-07-07(월),깍두기,조식
2025-07-08(화),밥,조식
2025-07-08(화),참치오믈렛,조식
2025-07-08(화),얼큰수제비국,조식
2025-07-08(화),비엔나소시지케찹볶음,조식
2025-07-08(화),배추김치,조식
2025-07-09(수),밥,조식
2025-07-09(수),얼큰계란국,조식
2025-07-09(수),어묵볶음,조식
2025-07-09(수),맛밤송송함박스테이크,조식
2025-07-09(수),열무김치,조식
2025-07-10(목),밥,조식
2025-07-10(목),두부계란국,조식
2025-07-10(목),쇠고기불고기,조식
2025-07-10(목),가지볶음,조식
2025-07-10(목),배추김치,조식
2025-07-11(금),밥,조식
2025-07-11(금),유부장국,조식
2025-07-11(금),돼지고기무볶음,조식
2025-07-11(금),김자반,조식
2025-07-11(금),배추김치,조식
2025-07-12(토),핫도그빵,조식
2025-07-12(토),스크램블에그,조식
2025-07-12(토),시리얼,조식
2025-07-12(토),백색우유,조식
2025-07-12(토),오이피클,조식
2025-07-12(토),단호박샐러드,조식
2025-07-13(일),밥,조식
2025-07-13(일),홍합탕,조식
2025-07-13(일),돼지고기청경채볶음,조식
2025-07-13(일),배추겉절이,조식
2025-07-13(일),김,조식
2025-07-14(월),밥,조식
2025-07-14(월),닭고기육개장,조식
2025-07-14(월),햄감자채볶음,조식
2025-07-14(월),치즈함박스테이크,조식
2025-07-14(월),배추김치,조식
2025-07-15(화),밥,조식
2025-07-15(화),순두부해물찌개,조식
2025-07-15(화),동그랑땡,조식
2025-07-15(화),오복지무침,조식
2025-07-15(화),김,조식
2025-07-15(화),배추김치,조식
2025-07-16(수),흑미밥,조식
2025-07-16(수),감자양파찌개,조식
2025-07-16(수),느타리버섯볶음,조식
2025-07-16(수),돼지불고기,조식
2025-07-16(수),배추김치,조식
2025-07-17(목),밥,조식
2025-07-17(목),황태채국,조식
2025-07-17(목),호박새우볶음,조식
2025-07-17(목),닭순살야채조림,조식
2025-07-17(목),열무김치,조식
2025-07-18(금),밥,조식
2025-06-19(목),맛밤송송함박스테이크,조식
2025-06-19(목),열무김치,조식
2025-06-20(금),밥,조식
2025-06-20(금),들깨무채국,조식
2025-06-20(금),가지볶음,조식
2025-06-20(금),김자반,조식
2025-06-20(금),닭순살야채조림,조식
2025-06-20(금),배추김치,조식
2025-06-21(토),햄치즈버거,조식
2025-06-21(토),계란후라이,조식
2025-06-21(토),치킨텐더샐러드,조식
2025-06-21(토),가공우유,조식
2025-06-21(토),백색우유,조식
2025-06-21(토),시리얼,조식
2025-06-22(일),밥,조식
2025-06-22(일),시금치된장국,조식
2025-06-22(일),소고기꽈리고추조림,조식
2025-06-22(일),무조림,조식
2025-06-22(일),배추김치,조식
2025-06-23(월),밥,조식
2025-06-23(월),콩나물국,조식
2025-06-23(월),돼지고기고추장볶음,조식
2025-06-23(월),호박새우볶음,조식
2025-06-23(월),열무김치,조식
2025-06-24(화),밥,조식
2025-06-24(화),쇠고기무국,조식
2025-06-24(화),새송이버섯야채볶음,조식
2025-06-24(화),닭순살야채조림,조식
2025-06-24(화),깍두기,조식
2025-06-25(수),밥,조식
2025-06-25(수),황태채국,조식
2025-06-25(수),멸치볶음,조식
2025-06-25(수),언양식바싹불고기,조식
2025-06-25(수),배추김치,조식
2025-06-26(목),밥,조식
2025-06-26(목),아욱된장국,조식
2025-06-26(목),쇠고기불고기,조식
2025-06-26(목),가지볶음,조식
2025-06-26(목),배추김치,조식
2025-06-27(금),밥,조식
2025-06-27(금),순두부해물찌개,조식
2025-06-27(금),감자채볶음,조식
2025-06-27(금),동그랑땡,조식
2025-06-27(금),김,조식
2025-06-27(금),배추김치,조식
2025-06-28(토),핫도그빵,조식
2025-06-28(토),스크램블에그,조식
2025-06-28(토),시리얼,조식
2025-06-28(토),단호박샐러드,조식
2025-06-28(토),백색우유,조식
2025-06-28(토),오이피클,조식
2025-06-29(일),밥,조식
2025-06-29(일),홍합탕,조식
2025-06-29(일),돼지고기청경채볶음,조식
2025-06-29(일),배추겉절이,조식
2025-06-29(일),김,조식
2025-06-30(월),흑미밥,조식
2025-06-30(월),감자양파찌개,조식
2025-06-30(월),애호박나물,조식
2025-06-30(월),돼지불고기,조식
2025-06-30(월),배추김치,조식
2025-07-01(화),밥,조식
2025-07-01(화),어묵탕,조식
2025-07-01(화),계란장조림,조식
2025-07-01(화),쇠고기감자조림,조식
2025-07-01(화),배추김치,조식
2025-07-02(수),밥,조식
2025-07-02(수),닭곰탕,조식
2025-07-02(수),감자채볶음,조식
2025-07-02(수),언양식바싹불고기,조식
2025-07-02(수),배추김치,조식
2025-07-03(목),밥,조식
2025-07-03(목),쇠고기무국,조식
2025-07-03(목),돼지고기고추장볶음,조식
2025-07-03(목),오징어채무침,조식
2025-07-03(목),깍두기,조식
2025-07-04(금),밥,조식
2025-06-05(목),어묵탕,조식
2025-06-05(목),쇠고기감자조림,조식
2025-06-05(목),피자오믈렛,조식
2025-06-05(목),배추김치,조식
2025-06-06(금),밥,조식
2025-06-06(금),황태채국,조식
2025-06-06(금),감자채볶음,조식
2025-06-06(금),비엔나소시지케찹볶음,조식
2025-06-06(금),배추김치,조식
2025-06-07(토),불고기버거,조식
2025-06-07(토),계란후라이,조식
2025-06-07(토),시리얼,조식
2025-06-07(토),백색우유,조식
2025-06-07(토),가공우유,조식
2025-06-08(일),밥,조식
2025-06-08(일),쇠고기미역국,조식
2025-06-08(일),닭간장소스찜,조식
2025-06-08(일),무생채,조식
2025-06-08(일),배추김치,조식
2025-06-09(월),밥,조식
2025-06-09(월),사골우거지국,조식
2025-06-09(월),감자채볶음,조식
2025-06-09(월),치즈함박스테이크,조식
2025-06-09(월),배추김치,조식
2025-06-10(화),밥,조식
2025-06-10(화),들깨무채국,조식
2025-06-10(화),돼지고기부추볶음,조식
2025-06-10(화),애호박나물,조식
2025-06-10(화),김,조식
2025-06-10(화),배추김치,조식
2025-06-11(수),밥,조식
2025-06-11(수),감자호박국,조식
2025-06-11(수),사천식캐슈넛멸치볶음,조식
2025-06-11(수),김자반,조식
2025-06-11(수),닭바베큐소스조림,조식
2025-06-11(수),배추김치,조식
2025-06-12(목),밥,조식
2025-06-12(목),감자양파찌개,조식
2025-06-12(목),동그랑땡,조식
2025-06-12(목),연두부&양념장,조식
2025-06-12(목),배추김치,조식
2025-06-13(금),밥,조식
2025-06-13(금),황태채국,조식
2025-06-13(금),돼지고기무볶음,조식
2025-06-13(금),계란장조림,조식
2025-06-13(금),배추김치,조식
2025-06-14(토),핫도그빵,조식
2025-06-14(토),스크램블에그,조식
2025-06-14(토),백색우유,조식
2025-06-14(토),코울슬로샐러드,조식
2025-06-14(토),시리얼,조식
2025-06-15(일),밥,조식
2025-06-15(일),순두부백탕,조식
2025-06-15(일),계란말이,조식
2025-06-15(일),오이무침,조식
2025-06-15(일),배추김치,조식
2025-06-16(월),밥,조식
2025-06-16(월),얼큰쇠고기무국,조식
2025-06-16(월),미트볼조림,조식
2025-06-16(월),연두부&양념장,조식
2025-06-16(월),배추김치,조식
2025-06-17(화),밥,조식
2025-06-17(화),황태해장국,조식
2025-06-17(화),돼지고기부추볶음,조식
2025-06-17(화),무조림,조식
2025-06-17(화),배추김치,조식
2025-06-18(수),밥,조식
2025-06-18(수),참치오믈렛,조식
2025-06-18(수),얼큰수제비국,조식
2025-06-18(수),비엔나소시지케찹볶음,조식
2025-06-18(수),배추김치,조식
2025-06-19(목),밥,조식
2025-06-19(목),얼큰계란국,조식
2025-06-19(목),어묵볶음,조식
2025-05-21(수),동그랑땡,조식
2025-05-21(수),백색우유,조식
2025-05-21(수),열무김치,조식
2025-05-22(목),참치오믈렛,조식
2025-05-22(목),밥,조식
2025-05-22(목),얼큰수제비국,조식
2025-05-22(목),비엔나소시지케찹볶음,조식
2025-05-22(목),깍두기,조식
2025-05-23(금),밥,조식
2025-05-23(금),들깨무채국,조식
2025-05-23(금),가지볶음,조식
2025-05-23(금),김자반,조식
2025-05-23(금),닭순살야채조림,조식
2025-05-23(금),열무김치,조식
2025-05-24(토),핫도그빵,조식
2025-05-24(토),스크램블에그,조식
2025-05-24(토),백색우유,조식
2025-05-24(토),시리얼,조식
2025-05-24(토),코울슬로샐러드,조식
2025-05-25(일),밥,조식
2025-05-25(일),홍합탕,조식
2025-05-25(일),미트볼조림,조식
2025-05-25(일),오이무침,조식
2025-05-25(일),백색우유,조식
2025-05-25(일),열무김치,조식
2025-05-26(월),밥,조식
2025-05-26(월),감자국,조식
2025-05-26(월),쇠고기불고기,조식
2025-05-26(월),콩나물매운무침,조식
2025-05-26(월),배추김치,조식
2025-05-27(화),밥,조식
2025-05-27(화),순두부해물찌개,조식
2025-05-27(화),한입떡갈비,조식
2025-05-27(화),시금치무침,조식
2025-05-27(화),백색우유,조식
2025-05-27(화),김,조식
2025-05-27(화),배추김치,조식
2025-05-28(수),밥,조식
2025-05-28(수),쇠고기무국,조식
2025-05-28(수),새송이버섯야채볶음,조식
2025-05-28(수),닭순살야채조림,조식
2025-05-28(수),배추김치,조식
2025-05-29(목),밥,조식
2025-05-29(목),닭고기미역국,조식
2025-05-29(목),돼지고기부추볶음,조식
2025-05-29(목),무생채,조식
2025-05-29(목),배추김치,조식
2025-05-30(금),밥,조식
2025-05-30(금),얼큰쇠고기무국,조식
2025-05-30(금),계란말이,조식
2025-05-30(금),연두부&양념장,조식
2025-05-30(금),배추김치,조식
2025-05-31(토),떡국,조식
2025-05-31(토),애호박나물,조식
2025-05-31(토),메추리알장조림,조식
2025-05-31(토),백색우유,조식
2025-05-31(토),배추김치,조식
2025-06-01(일),밥,조식
2025-06-01(일),팽이버섯된장국,조식
2025-06-01(일),멸치볶음,조식
2025-06-01(일),비엔나소시지감자조림,조식
2025-06-01(일),깍두기,조식
2025-06-02(월),밥,조식
2025-06-02(월),닭고기육개장,조식
2025-06-02(월),맛밤송송함박스테이크,조식
2025-06-02(월),무나물,조식
2025-06-02(월),김,조식
2025-06-02(월),배추김치,조식
2025-06-03(화),밥,조식
2025-06-03(화),햄감자찌개,조식
2025-06-03(화),오삼불고기,조식
2025-06-03(화),배추나물,조식
2025-06-03(화),열무김치,조식
2025-06-04(수),밥,조식
2025-06-04(수),닭곰탕,조식
2025-06-04(수),언양식바싹불고기,조식
2025-06-04(수),풋고추된장무침,조식
2025-06-04(수),배추김치,조식
2025-06-05(목),밥,조식
2025-05-07(수),감자양파찌개,조식
2025-05-07(수),오삼불고기,조식
2025-05-07(수),배추겉절이,조식
2025-05-07(수),깍두기,조식
2025-05-08(목),밥,조식
2025-05-08(목),쇠고기미역국,조식
2025-05-08(목),꽈리고추멸치볶음,조식
2025-05-08(목),닭간장소스찜,조식
2025-05-08(목),백색우유,조식
2025-05-08(목),배추김치,조식
2025-05-09(금),밥,조식
2025-05-09(금),콩나물국,조식
2025-05-09(금),돼지고기무볶음,조식
2025-05-09(금),시금치무침,조식
2025-05-09(금),열무김치,조식
2025-05-10(토),핫도그빵,조식
2025-05-10(토),스크램블에그,조식
2025-05-10(토),시리얼,조식
2025-05-10(토),단호박샐러드,조식
2025-05-10(토),백색우유,조식
2025-05-10(토),오이피클,조식
2025-05-11(일),밥,조식
2025-05-11(일),닭곰탕,조식
2025-05-11(일),멸치볶음,조식
2025-05-11(일),비엔나소시지감자조림,조식
2025-05-11(일),백색우유,조식
2025-05-11(일),배추김치,조식
2025-05-12(월),밥,조식
2025-05-12(월),햄감자찌개,조식
2025-05-12(월),언양식바싹불고기,조식
2025-05-12(월),연두부&양념장,조식
2025-05-12(월),배추김치,조식
2025-05-13(화),밥,조식
2025-05-13(화),황태채국,조식
2025-05-13(화),맛밤송송함박스테이크,조식
2025-05-13(화),계란장조림,조식
2025-05-13(화),배추김치,조식
2025-05-14(수),밥,조식
2025-05-14(수),순두부백탕,조식
2025-05-14(수),애호박나물,조식
2025-05-14(수),돼지고기부추볶음,조식
2025-05-14(수),김,조식
2025-05-14(수),깍두기,조식
2025-05-15(목),밥,조식
2025-05-15(목),감자호박국,조식
2025-05-15(목),김자반,조식
2025-05-15(목),닭간장소스찜,조식
2025-05-15(목),근대무침,조식
2025-05-15(목),백색우유,조식
2025-05-15(목),배추김치,조식
2025-05-16(금),밥,조식
2025-05-16(금),사골우거지국,조식
2025-05-16(금),돼지고기고추장볶음,조식
2025-05-16(금),김자반,조식
2025-05-16(금),부추양파무침,조식
2025-05-16(금),깍두기,조식
2025-05-17(토),햄치즈버거,조식
2025-05-17(토),계란후라이,조식
2025-05-17(토),치킨텐더샐러드,조식
2025-05-17(토),시리얼,조식
2025-05-17(토),가공우유,조식
2025-05-17(토),백색우유,조식
2025-05-18(일),밥,조식
2025-05-18(일),얼갈이된장국,조식
2025-05-18(일),새송이버섯야채볶음,조식
2025-05-18(일),소고기꽈리고추조림,조식
2025-05-18(일),배추김치,조식
2025-05-19(월),밥,조식
2025-05-19(월),어묵탕,조식
2025-05-19(월),돼지고기고추장볶음,조식
2025-05-19(월),근대무침,조식
2025-05-19(월),백색우유,조식
2025-05-19(월),배추김치,조식
2025-05-20(화),떡국,조식
2025-05-20(화),쇠고기감자조림,조식
2025-05-20(화),계란말이,조식
2025-05-20(화),배추김치,조식
2025-05-21(수),밥,조식
2025-05-21(수),황태해장국,조식
2025-05-21(수),어묵볶음,조식
2025-05-23(금),가지볶음,조식
2025-05-23(금),김자반,조식
2025-05-23(금),닭순살야채조림,조식
2025-05-23(금),열무김치,조식
2025-05-24(토),핫도그빵,조식
2025-05-24(토),스크램블에그,조식
2025-05-24(토),백색우유,조식
2025-05-24(토),시리얼,조식
2025-05-24(토),코울슬로샐러드,조식
2025-05-25(일),밥,조식
2025-05-25(일),홍합탕,조식
2025-05-25(일),미트볼조림,조식
2025-05-25(일),오이무침,조식
2025-05-25(일),백색우유,조식
2025-05-25(일),열무김치,조식
2025-05-26(월),밥,조식
2025-05-26(월),감자국,조식
2025-05-26(월),쇠고기불고기,조식
2025-05-26(월),콩나물매운무침,조식
2025-05-26(월),배추김치,조식
2025-05-27(화),밥,조식
2025-05-27(화),순두부해물찌개,조식
2025-05-27(화),한입떡갈비,조식
2025-05-27(화),시금치무침,조식
2025-05-27(화),백색우유,조식
2025-05-27(화),김,조식
2025-05-27(화),배추김치,조식
2025-05-28(수),밥,조식
2025-05-28(수),쇠고기무국,조식
2025-05-28(수),새송이버섯야채볶음,조식
2025-05-28(수),닭순살야채조림,조식
2025-05-28(수),배추김치,조식
2025-05-29(목),밥,조식
2025-05-29(목),닭고기미역국,조식
2025-05-29(목),돼지고기부추볶음,조식
2025-05-29(목),무생채,조식
2025-05-29(목),배추김치,조식
2025-05-30(금),밥,조식
2025-05-30(금),얼큰쇠고기무국,조식
2025-05-30(금),계란말이,조식
2025-05-30(금),연두부&양념장,조식
2025-05-30(금),배추김치,조식
2025-05-31(토),떡국,조식
2025-05-32(토),애호박나물,조식
2025-05-33(토),메추리알장조림,조식
2025-05-34(토),백색우유,조식
2025-05-35(토),배추김치,조식
2025-05-01(목),밥,조식
2025-05-01(목),닭고기육개장,조식
2025-05-01(목),언양식바싹불고기,조식
2025-05-01(목),상추겉절이,조식
2025-05-01(목),깍두기,조식
2025-05-02(금),밥,조식
2025-05-02(금),어묵탕,조식
2025-05-02(금),애호박나물,조식
2025-05-02(금),맛밤송송함박스테이크,조식
2025-05-02(금),김,조식
2025-05-02(금),배추김치,조식
2025-05-03(토),불고기버거,조식
2025-05-03(토),계란후라이,조식
2025-05-03(토),가공우유,조식
2025-05-03(토),백색우유,조식
2025-05-03(토),시리얼,조식
2025-05-04(일),밥,조식
2025-05-04(일),시금치된장국,조식
2025-05-04(일),돼지불고기,조식
2025-05-04(일),풋고추된장무침,조식
2025-05-04(일),배추김치,조식
2025-05-05(월),밥,조식
2025-05-05(월),어묵탕,조식
2025-05-05(월),치즈함박스테이크,조식
2025-05-05(월),무조림,조식
2025-05-05(월),배추김치,조식
2025-05-06(화),밥,조식
2025-05-06(화),들깨무채국,조식
2025-05-06(화),비엔나소시지케찹볶음,조식
2025-05-06(화),피자오믈렛,조식
2025-05-06(화),백색우유,조식
2025-05-06(화),배추김치,조식
2025-05-07(수),밥,조식
2025-05-09(금),콩나물국,조식
2025-05-09(금),돼지고기무볶음,조식
2025-05-09(금),시금치무침,조식
2025-05-09(금),열무김치,조식
2025-05-10(토),핫도그빵,조식
2025-05-10(토),스크램블에그,조식
2025-05-10(토),시리얼,조식
2025-05-10(토),단호박샐러드,조식
2025-05-10(토),백색우유,조식
2025-05-10(토),오이피클,조식
2025-05-11(일),밥,조식
2025-05-11(일),닭곰탕,조식
2025-05-11(일),멸치볶음,조식
2025-05-11(일),비엔나소시지감자조림,조식
2025-05-11(일),백색우유,조식
2025-05-11(일),배추김치,조식
2025-05-12(월),밥,조식
2025-05-12(월),햄감자찌개,조식
2025-05-12(월),언양식바싹불고기,조식
2025-05-12(월),연두부&양념장,조식
2025-05-12(월),배추김치,조식
2025-05-13(화),밥,조식
2025-05-13(화),황태채국,조식
2025-05-13(화),맛밤송송함박스테이크,조식
2025-05-13(화),계란장조림,조식
2025-05-13(화),배추김치,조식
2025-05-14(수),밥,조식
2025-05-14(수),순두부백탕,조식
2025-05-14(수),애호박나물,조식
2025-05-14(수),돼지고기부추볶음,조식
2025-05-14(수),김,조식
2025-05-14(수),깍두기,조식
2025-05-15(목),밥,조식
2025-05-15(목),감자호박국,조식
2025-05-15(목),김자반,조식
2025-05-15(목),닭간장소스찜,조식
2025-05-15(목),근대무침,조식
2025-05-15(목),백색우유,조식
2025-05-15(목),배추김치,조식
2025-05-16(금),밥,조식
2025-05-16(금),사골우거지국,조식
2025-05-16(금),돼지고기고추장볶음,조식
2025-05-16(금),김자반,조식
2025-05-16(금),부추양파무침,조식
2025-05-16(금),깍두기,조식
2025-05-17(토),햄치즈버거,조식
2025-05-17(토),계란후라이,조식
2025-05-17(토),치킨텐더샐러드,조식
2025-05-17(토),시리얼,조식
2025-05-17(토),가공우유,조식
2025-05-17(토),백색우유,조식
2025-05-18(일),밥,조식
2025-05-18(일),얼갈이된장국,조식
2025-05-18(일),새송이버섯야채볶음,조식
2025-05-18(일),소고기꽈리고추조림,조식
2025-05-18(일),배추김치,조식
2025-05-19(월),밥,조식
2025-05-19(월),어묵탕,조식
2025-05-19(월),돼지고기고추장볶음,조식
2025-05-19(월),근대무침,조식
2025-05-19(월),백색우유,조식
2025-05-19(월),배추김치,조식
2025-05-20(화),떡국,조식
2025-05-20(화),쇠고기감자조림,조식
2025-05-20(화),계란말이,조식
2025-05-20(화),배추김치,조식
2025-05-21(수),밥,조식
2025-05-21(수),황태해장국,조식
2025-05-21(수),어묵볶음,조식
2025-05-21(수),동그랑땡,조식
2025-05-21(수),백색우유,조식
2025-05-21(수),열무김치,조식
2025-05-22(목),참치오믈렛,조식
2025-05-22(목),밥,조식
2025-05-22(목),얼큰수제비국,조식
2025-05-22(목),비엔나소시지케찹볶음,조식
2025-05-22(목),깍두기,조식
2025-05-23(금),밥,조식
2025-05-23(금),들깨무채국,조식
2025-04-24(목),김자반,조식
2025-04-24(목),무나물,조식
2025-04-24(목),배추김치,조식
2025-04-25(금),떡국,조식
2025-04-25(금),밥,조식
2025-04-25(금),어묵볶음,조식
2025-04-25(금),쇠고기감자조림,조식
2025-04-25(금),배추김치,조식
2025-04-26(토),핫도그빵,조식
2025-04-26(토),스크램블에그,조식
2025-04-26(토),코울슬로샐러드,조식
2025-04-26(토),백색우유,조식
2025-04-26(토),시리얼,조식
2025-04-27(일),밥,조식
2025-04-27(일),홍합탕,조식
2025-04-27(일),미트볼조림,조식
2025-04-27(일),오이무침,조식
2025-04-27(일),볶음김치,조식
2025-04-28(월),밥,조식
2025-04-28(월),감자양파찌개,조식
2025-04-28(월),계란말이,조식
2025-04-28(월),동그랑땡,조식
2025-04-28(월),김,조식
2025-04-28(월),백색우유,조식
2025-04-28(월),열무김치,조식
2025-04-29(화),밥,조식
2025-04-29(화),참치오믈렛,조식
2025-04-29(화),들깨무채국,조식
2025-04-29(화),비엔나소시지케찹볶음,조식
2025-04-29(화),깍두기,조식
2025-04-30(수),밥,조식
2025-04-30(수),황태채국,조식
2025-04-30(수),돼지고기고추장볶음,조식
2025-04-30(수),김자반,조식
2025-04-30(수),두부조림,조식
2025-04-30(수),백색우유,조식
2025-04-30(수),열무김치,조식
2025-05-01(목),밥,조식
2025-05-01(목),닭고기육개장,조식
2025-05-01(목),언양식바싹불고기,조식
2025-05-01(목),상추겉절이,조식
2025-05-01(목),깍두기,조식
2025-05-02(금),밥,조식
2025-05-02(금),어묵탕,조식
2025-05-02(금),애호박나물,조식
2025-05-02(금),맛밤송송함박스테이크,조식
2025-05-02(금),김,조식
2025-05-02(금),배추김치,조식
2025-05-03(토),불고기버거,조식
2025-05-03(토),계란후라이,조식
2025-05-03(토),가공우유,조식
2025-05-03(토),백색우유,조식
2025-05-03(토),시리얼,조식
2025-05-04(일),밥,조식
2025-05-04(일),시금치된장국,조식
2025-05-04(일),돼지불고기,조식
2025-05-04(일),풋고추된장무침,조식
2025-05-04(일),배추김치,조식
2025-05-05(월),밥,조식
2025-05-05(월),어묵탕,조식
2025-05-05(월),치즈함박스테이크,조식
2025-05-05(월),무조림,조식
2025-05-05(월),배추김치,조식
2025-05-06(화),밥,조식
2025-05-06(화),들깨무채국,조식
2025-05-06(화),비엔나소시지케찹볶음,조식
2025-05-06(화),피자오믈렛,조식
2025-05-06(화),백색우유,조식
2025-05-06(화),배추김치,조식
2025-05-07(수),밥,조식
2025-05-07(수),감자양파찌개,조식
2025-05-07(수),오삼불고기,조식
2025-05-07(수),배추겉절이,조식
2025-05-07(수),깍두기,조식
2025-05-08(목),밥,조식
2025-05-08(목),쇠고기미역국,조식
2025-05-08(목),꽈리고추멸치볶음,조식
2025-05-08(목),닭간장소스찜,조식
2025-05-08(목),백색우유,조식
2025-05-08(목),배추김치,조식
2025-05-09(금),밥,조식
2026-09-21(월),배추김치,조식
2026-09-22(화),밥,조식
2026-09-22(화),닭곰탕,조식
2026-09-22(화),치즈함박스테이크,조식
2026-09-22(화),진미채고추장조림,조식
2026-09-22(화),열무김치,조식
2026-09-23(수),밥,조식
2026-09-23(수),김치찌개,조식
2026-09-23(수),호박새우볶음,조식
2026-09-23(수),비엔나메추리알조림,조식
2026-09-23(수),깍두기,조식
2026-09-24(목),밥,조식
2026-09-24(목),쇠고기무국,조식
2026-09-24(목),콩나물불고기,조식
2026-09-24(목),부추해물완자,조식
2026-09-24(목),배추김치,조식
2026-09-25(금),밥,조식
2026-09-25(금),쇠고기떡국,조식
2026-09-25(금),왕교자만두찜,조식
2026-09-25(금),메추리알장조림,조식
2026-09-25(금),식혜,조식
2026-09-25(금),배추김치,조식
2026-09-26(토),밥,조식
2026-09-26(토),돼지고기고추장찌개,조식
2026-09-26(토),치킨스테이크,조식
2026-09-26(토),연두부&오리엔탈드레싱,조식
2026-09-26(토),에너지음료,조식
2026-09-26(토),배추김치,조식
2026-09-27(일),밥,조식
2026-09-27(일),쇠고기탕국,조식
2026-09-27(일),애호박나물,조식
2026-09-27(일),남도떡갈비,조식
2026-09-27(일),배추김치,조식
2026-09-28(월),밥,조식
2026-09-28(월),콩나물국,조식
2026-09-28(월),비엔나소시지케찹볶음,조식
2026-09-28(월),마파두부,조식
2026-09-28(월),배추김치,조식
2026-09-29(화),밥,조식
2026-09-29(화),쇠고기버섯전골,조식
2026-09-29(화),고구마함박스테이크,조식
2026-09-29(화),계란장조림,조식
2026-09-29(화),배추김치,조식
2026-09-30(수),밥,조식
2026-09-30(수),어묵탕,조식
2026-09-30(수),소고기꽈리고추조림,조식
2026-09-30(수),연두부&양념장,조식
2026-09-30(수),배추김치,조식
2025-04-20(일),돼지불고기,조식
2025-04-20(일),오징어젓무침,조식
2025-04-20(일),배추김치,조식
2025-04-21(월),밥,조식
2025-04-21(월),콩나물김치국,조식
2025-04-21(월),애호박나물,조식
2025-04-21(월),닭순살야채조림,조식
2025-04-21(월),백색우유,조식
2025-04-21(월),열무김치,조식
2025-04-22(화),밥,조식
2025-04-22(화),두부된장찌개,조식
2025-04-22(화),맛밤송송함박스테이크,조식
2025-04-22(화),피자오믈렛,조식
2025-04-22(화),깍두기,조식
2025-04-23(수),밥,조식
2025-04-23(수),사골우거지국,조식
2025-04-23(수),돼지고기고추장볶음,조식
2025-04-23(수),부추겉절이,조식
2025-04-23(수),백색우유,조식
2025-04-23(수),깍두기,조식
2025-04-24(목),밥,조식
2025-04-24(목),감자호박국,조식
2025-04-24(목),닭간장소스찜,조식
2026-09-08(화),연근떡갈비,조식
2026-09-08(화),배추김치,조식
2026-09-09(수),밥,조식
2026-09-09(수),감자양파찌개,조식
2026-09-09(수),부들어묵볶음,조식
2026-09-09(수),계란장조림,조식
2026-09-09(수),배추김치,조식
2026-09-10(목),밥,조식
2026-09-10(목),참치오믈렛,조식
2026-09-10(목),맑은홍합탕,조식
2026-09-10(목),마파두부,조식
2026-09-10(목),배추김치,조식
2026-09-11(금),밥,조식
2026-09-11(금),사골우거지국,조식
2026-09-11(금),감자채볶음,조식
2026-09-11(금),함박스테이크,조식
2026-09-11(금),배추김치,조식
2026-09-12(토),밥1,조식
2026-09-12(토),삼각주먹밥,조식
2026-09-12(토),소떡소떡,조식
2026-09-12(토),닭가슴살,조식
2026-09-12(토),양송이스프,조식
2026-09-12(토),배추김치,조식
2026-09-13(일),전복죽,조식
2026-09-13(일),너비아니꼬지치즈맛,조식
2026-09-13(일),메추리알장조림,조식
2026-09-13(일),배추김치,조식
2026-09-14(월),밥,조식
2026-09-14(월),콩나물국,조식
2026-09-14(월),돼지고기부추볶음,조식
2026-09-14(월),꽈리고추멸치볶음,조식
2026-09-14(월),배추김치,조식
2026-09-15(화),밥,조식
2026-09-15(화),장터국,조식
2026-09-15(화),어묵볶음,조식
2026-09-15(화),치킨너겟,조식
2026-09-15(화),백김치,조식
2026-09-16(수),밥,조식
2026-09-16(수),돼지고기애호박찌개,조식
2026-09-16(수),닭바베큐소스조림,조식
2026-09-16(수),연두부&양념장,조식
2026-09-16(수),배추김치,조식
2026-09-17(목),밥,조식
2026-09-17(목),황태채국,조식
2026-09-17(목),동그랑땡,조식
2026-09-17(목),계란말이,조식
2026-09-17(목),배추김치,조식
2026-09-18(금),밥,조식
2026-09-18(금),쇠고기탕국,조식
2026-09-18(금),비엔나소시지감자조림,조식
2026-09-18(금),두부양념장,조식
2026-09-18(금),열무김치,조식
2026-09-19(토),밥,조식
2026-09-19(토),감자호박국,조식
2026-09-19(토),느타리버섯볶음,조식
2026-09-19(토),김자반,조식
2026-09-19(토),미트볼조림,조식
2026-09-19(토),배추김치,조식
2026-09-20(일),밥,조식
2026-09-20(일),쇠고기육개장,조식
2026-09-20(일),멸치볶음,조식
2026-09-20(일),언양식바싹불고기,조식
2026-09-20(일),배추김치,조식
2026-09-21(월),밥,조식
2026-09-21(월),맑은홍합탕,조식
2026-09-21(월),감자채볶음,조식
2026-09-21(월),돼지고기고추장볶음,조식
2026-08-26(수),밥,조식
2026-08-26(수),돼지고기애호박찌개,조식
2026-08-26(수),언양식바싹불고기,조식
2026-08-26(수),메추리알장조림,조식
2026-08-26(수),배추김치,조식
2026-08-27(목),밥,조식
2026-08-27(목),참치고추장찌개,조식
2026-08-27(목),감자채볶음,조식
2026-08-27(목),순살안동찜닭,조식
2026-08-27(목),배추김치,조식
2026-08-28(금),밥,조식
2026-08-28(금),얼큰쇠고기무국,조식
2026-08-28(금),꽈리고추멸치볶음,조식
2026-08-28(금),함박스테이크,조식
2026-08-28(금),배추김치,조식
2026-08-29(토),밥,조식
2026-08-29(토),감자어묵탕,조식
2026-08-29(토),돼지고기부추볶음,조식
2026-08-29(토),연두부&양념장,조식
2026-08-29(토),배추김치,조식
2026-08-30(일),밥,조식
2026-08-30(일),쇠고기육개장,조식
2026-08-30(일),부들어묵볶음,조식
2026-08-30(일),미트볼조림,조식
2026-08-30(일),배추김치,조식
2026-08-31(월),밥,조식
2026-08-31(월),가리비미역국,조식
2026-08-31(월),닭갈비,조식
2026-08-31(월),계란장조림,조식
2026-08-31(월),배추김치,조식
2026-09-01(화),밥,조식
2026-09-01(화),얼큰쇠고기무국,조식
2026-09-01(화),새송이버섯야채볶음,조식
2026-09-01(화),맛밤송송함박스테이크,조식
2026-09-01(화),배추김치,조식
2026-09-02(수),밥,조식
2026-09-02(수),두부된장찌개,조식
2026-09-02(수),콩나물불고기,조식
2026-09-02(수),감자채볶음,조식
2026-09-02(수),배추김치,조식
2026-09-03(목),밥,조식
2026-09-03(목),쇠고기버섯전골,조식
2026-09-03(목),치킨너겟,조식
2026-09-03(목),연두부&양념장,조식
2026-09-03(목),열무김치,조식
2026-09-04(금),밥,조식
2026-09-04(금),황태채국,조식
2026-09-04(금),어묵볶음,조식
2026-09-04(금),갈비산적,조식
2026-09-04(금),김,조식
2026-09-04(금),배추김치,조식
2026-09-05(토),밥,조식
2026-09-05(토),맑은홍합탕,조식
2026-09-05(토),돼지고기부추볶음,조식
2026-09-05(토),두부양념장,조식
2026-09-05(토),배추김치,조식
2026-09-06(일),밥,조식
2026-09-06(일),감자호박국,조식
2026-09-06(일),치즈언양식불고기,조식
2026-09-06(일),콩나물무침,조식
2026-09-06(일),배추김치,조식
2026-09-07(월),밥,조식
2026-09-07(월),사골미역국,조식
2026-09-07(월),닭갈비,조식
2026-09-07(월),사천식캐슈넛멸치볶음,조식
2026-09-07(월),배추김치,조식
2026-09-08(화),밥,조식
2026-09-08(화),쇠고기육개장,조식
2026-09-08(화),느타리버섯볶음,조식
2026-08-12(수),부대찌개,조식
2026-08-12(수),계란말이,조식
2026-08-12(수),동그랑땡,조식
2026-08-12(수),배추김치,조식
2026-08-13(목),밥,조식
2026-08-13(목),돼지고기고추장찌개,조식
2026-08-13(목),닭갈비,조식
2026-08-13(목),밥싸먹는훈제오리,조식
2026-08-13(목),배추김치,조식
2026-08-14(금),밥,조식
2026-08-14(금),쇠고기육개장,조식
2026-08-14(금),멸치볶음,조식
2026-08-14(금),돼지고기새송이볶음,조식
2026-08-14(금),열무김치,조식
2026-08-15(토),밥,조식
2026-08-15(토),감자호박국,조식
2026-08-15(토),느타리버섯볶음,조식
2026-08-15(토),김자반,조식
2026-08-15(토),남도떡갈비,조식
2026-08-15(토),배추김치,조식
2026-08-16(일),밥,조식
2026-08-16(일),김치찌개,조식
2026-08-16(일),치즈언양식불고기,조식
2026-08-16(일),피자오믈렛,조식
2026-08-16(일),깍두기,조식
2026-08-17(월),밥,조식
2026-08-17(월),얼큰수제비국,조식
2026-08-17(월),새송이버섯야채볶음,조식
2026-08-17(월),소고기꽈리고추조림,조식
2026-08-17(월),배추김치,조식
2026-08-18(화),밥,조식
2026-08-18(화),장터국,조식
2026-08-18(화),애호박나물,조식
2026-08-18(화),치킨너겟,조식
2026-08-18(화),김,조식
2026-08-18(화),배추김치,조식
2026-08-19(수),밥,조식
2026-08-19(수),맑은홍합탕,조식
2026-08-19(수),콩나물불고기,조식
2026-08-19(수),명엽채볶음,조식
2026-08-19(수),배추김치,조식
2026-08-20(목),밥,조식
2026-08-20(목),사골우거지국,조식
2026-08-20(목),닭바베큐소스조림,조식
2026-08-20(목),부추해물완자,조식
2026-08-20(목),배추김치,조식
2026-08-21(금),밥,조식
2026-08-21(금),쇠고기미역국,조식
2026-08-21(금),맛밤송송함박스테이크,조식
2026-08-21(금),연두부&양념장,조식
2026-08-21(금),배추김치,조식
2026-08-22(토),핫도그빵,조식
2026-08-22(토),스크램블에그,조식
2026-08-22(토),백색우유,조식
2026-08-22(토),오이피클,조식
2026-08-22(토),야채샐러드,조식
2026-08-22(토),씨리얼,조식
2026-08-22(토),제로콜라2,조식
2026-08-23(일),밥,조식
2026-08-23(일),황태해장국,조식
2026-08-23(일),느타리버섯볶음,조식
2026-08-23(일),동그랑땡,조식
2026-08-23(일),배추김치,조식
2026-08-24(월),밥,조식
2026-08-24(월),감자양파찌개,조식
2026-08-24(월),쇠고기감자조림,조식
2026-08-24(월),계란말이,조식
2026-08-24(월),배추김치,조식
2026-08-25(화),밥,조식
2026-08-25(화),장터국,조식
2026-08-25(화),비엔나소시지감자조림,조식
2026-08-25(화),두부양념장,조식
2026-08-25(화),배추김치,조식
2026-07-29(수),부들어묵볶음,조식
2026-07-29(수),계란장조림,조식
2026-07-29(수),김,조식
2026-07-29(수),배추김치,조식
2026-07-30(목),밥,조식
2026-07-30(목),해물탕,조식
2026-07-30(목),마파두부,조식
2026-07-30(목),감자채볶음,조식
2026-07-30(목),배추김치,조식
2026-07-31(금),밥,조식
2026-07-31(금),어묵탕,조식
2026-07-31(금),맛밤송송함박스테이크,조식
2026-07-31(금),메추리알장조림,조식
2026-07-31(금),배추김치,조식
2026-08-01(토),밥,조식
2026-08-01(토),사골우거지국,조식
2026-08-01(토),순살안동찜닭,조식
2026-08-01(토),두부양념장,조식
2026-08-01(토),배추김치,조식
2026-08-02(일),밥,조식
2026-08-02(일),얼큰계란국,조식
2026-08-02(일),어묵볶음,조식
2026-08-02(일),치킨너겟,조식
2026-08-02(일),배추김치,조식
2026-08-03(월),밥,조식
2026-08-03(월),쇠고기무국,조식
2026-08-03(월),새송이버섯야채볶음,조식
2026-08-03(월),돼지고기부추볶음,조식
2026-08-03(월),배추김치,조식
2026-08-04(화),밥,조식
2026-08-04(화),돼지고기애호박찌개,조식
2026-08-04(화),맛밤송송함박스테이크,조식
2026-08-04(화),계란장조림,조식
2026-08-04(화),열무김치,조식
2026-08-05(수),밥,조식
2026-08-05(수),황태해장국,조식
2026-08-05(수),감자채볶음,조식
2026-08-05(수),마파두부,조식
2026-08-05(수),김,조식
2026-08-05(수),배추김치,조식
2026-08-06(목),밥,조식
2026-08-06(목),쇠고기버섯전골,조식
2026-08-06(목),비엔나소시지케찹볶음,조식
2026-08-06(목),연두부&양념장,조식
2026-08-06(목),배추김치,조식
2026-08-07(금),밥,조식
2026-08-07(금),참치오믈렛,조식
2026-08-07(금),감자호박국,조식
2026-08-07(금),돼지고기고추장볶음,조식
2026-08-07(금),배추김치,조식
2026-08-08(토),삼각주먹밥,조식
2026-08-08(토),밥1,조식
2026-08-08(토),소떡소떡,조식
2026-08-08(토),닭가슴살,조식
2026-08-08(토),양송이스프,조식
2026-08-08(토),배추김치,조식
2026-08-09(일),전복죽,조식
2026-08-09(일),너비아니꼬지치즈맛,조식
2026-08-09(일),메추리알장조림,조식
2026-08-09(일),배추김치,조식
2026-08-10(월),밥,조식
2026-08-10(월),쇠고기무국,조식
2026-08-10(월),닭순살김치볶음,조식
2026-08-10(월),두부양념장,조식
2026-08-10(월),깍두기,조식
2026-08-11(화),밥,조식
2026-08-11(화),닭곰탕,조식
2026-08-11(화),치즈함박스테이크,조식
2026-08-11(화),진미채고추장조림,조식
2026-08-11(화),열무김치,조식
2026-08-12(수),밥,조식
2026-07-15(수),언양식바싹불고기,조식
2026-07-15(수),배추김치,조식
2026-07-16(목),밥,조식
2026-07-16(목),참치오믈렛,조식
2026-07-16(목),황태해장국,조식
2026-07-16(목),마파두부,조식
2026-07-16(목),배추김치,조식
2026-07-17(금),밥,조식
2026-07-17(금),돼지고기애호박찌개,조식
2026-07-17(금),소고기꽈리고추조림,조식
2026-07-17(금),연두부&양념장,조식
2026-07-17(금),김,조식
2026-07-17(금),배추김치,조식
2026-07-18(토),밥,조식
2026-07-18(토),쇠고기미역국,조식
2026-07-18(토),너비아니꼬지치즈맛,조식
2026-07-18(토),메추리알장조림,조식
2026-07-18(토),배추김치,조식
2026-07-19(일),밥,조식
2026-07-19(일),물만두국,조식
2026-07-19(일),어묵볶음,조식
2026-07-19(일),맛밤송송함박스테이크,조식
2026-07-19(일),배추김치,조식
2026-07-20(월),밥,조식
2026-07-20(월),장터국,조식
2026-07-20(월),치킨너겟,조식
2026-07-20(월),계란장조림,조식
2026-07-20(월),배추김치,조식
2026-07-21(화),밥,조식
2026-07-21(화),얼큰쇠고기무국,조식
2026-07-21(화),닭갈비,조식
2026-07-21(화),두부양념장,조식
2026-07-21(화),배추김치,조식
2026-07-22(수),밥,조식
2026-07-22(수),김치찌개,조식
2026-07-22(수),사천식캐슈넛멸치볶음,조식
2026-07-22(수),돼지고기청경채볶음,조식
2026-07-22(수),열무김치,조식
2026-07-23(목),밥,조식
2026-07-23(목),어묵탕,조식
2026-07-23(목),호박새우볶음,조식
2026-07-23(목),갈비산적,조식
2026-07-23(목),김자반,조식
2026-07-23(목),배추김치,조식
2026-07-24(금),밥,조식
2026-07-24(금),쇠고기미역국,조식
2026-07-24(금),파채&간장돼지불백,조식
2026-07-24(금),새송이버섯야채볶음,조식
2026-07-24(금),배추김치,조식
2026-07-25(토),핫도그빵,조식
2026-07-25(토),스크램블에그,조식
2026-07-25(토),백색우유,조식
2026-07-25(토),오이피클,조식
2026-07-25(토),블루베리아몬드,조식
2026-07-25(토),단호박샐러드,조식
2026-07-26(일),밥,조식
2026-07-26(일),닭곰탕,조식
2026-07-26(일),치즈함박스테이크,조식
2026-07-26(일),진미채고추장조림,조식
2026-07-26(일),백김치,조식
2026-07-27(월),밥,조식
2026-07-27(월),부대찌개,조식
2026-07-27(월),느타리버섯볶음,조식
2026-07-27(월),부추해물완자,조식
2026-07-27(월),깍두기,조식
2026-07-28(화),밥,조식
2026-07-28(화),쇠고기탕국,조식
2026-07-28(화),돼지고기고추장볶음,조식
2026-07-28(화),무말랭이무침,조식
2026-07-28(화),배추김치,조식
2026-07-29(수),밥,조식
2026-07-29(수),황태해장국,조식
2026-07-01(수),비엔나소시지케찹볶음,조식
2026-07-01(수),배추김치,조식
2026-07-02(목),밥,조식
2026-07-02(목),어묵탕,조식
2026-07-02(목),돼지고기고추장볶음,조식
2026-07-02(목),계란말이,조식
2026-07-02(목),배추김치,조식
2026-07-03(금),밥,조식
2026-07-03(금),장터국,조식
2026-07-03(금),불고기오믈렛,조식
2026-07-03(금),미트볼조림,조식
2026-07-03(금),배추김치,조식
2026-07-04(토),밥,조식
2026-07-04(토),물만두국,조식
2026-07-04(토),고구마함박스테이크,조식
2026-07-04(토),오이무침,조식
2026-07-04(토),배추김치,조식
2026-07-05(일),쇠고기죽,조식
2026-07-05(일),남도떡갈비,조식
2026-07-05(일),콩나물무침,조식
2026-07-05(일),배추김치,조식
2026-07-06(월),밥,조식
2026-07-06(월),쇠고기육개장,조식
2026-07-06(월),호박새우볶음,조식
2026-07-06(월),치킨너겟,조식
2026-07-06(월),배추김치,조식
2026-07-07(화),밥,조식
2026-07-07(화),감자호박국,조식
2026-07-07(화),어묵볶음,조식
2026-07-07(화),치즈언양식불고기,조식
2026-07-07(화),배추김치,조식
2026-07-08(수),밥,조식
2026-07-08(수),두부된장찌개,조식
2026-07-08(수),닭갈비,조식
2026-07-08(수),김자반,조식
2026-07-08(수),무조림,조식
2026-07-08(수),배추김치,조식
2026-07-09(목),밥,조식
2026-07-09(목),사골우거지국,조식
2026-07-09(목),함박스테이크,조식
2026-07-09(목),연두부&양념장,조식
2026-07-09(목),배추김치,조식
2026-07-10(금),밥,조식
2026-07-10(금),순두부찌개,조식
2026-07-10(금),새송이버섯야채볶음,조식
2026-07-10(금),콩나물불고기,조식
2026-07-10(금),배추김치,조식
2026-07-11(토),밥1,조식
2026-07-11(토),삼각주먹밥,조식
2026-07-11(토),소떡소떡,조식
2026-07-11(토),닭가슴살,조식
2026-07-11(토),포테이토크림스프,조식
2026-07-11(토),배추김치,조식
2026-07-12(일),밥,조식
2026-07-12(일),햄짜글이,조식
2026-07-12(일),멸치볶음,조식
2026-07-12(일),동그랑땡,조식
2026-07-12(일),배추김치,조식
2026-07-13(월),밥,조식
2026-07-13(월),닭고기육개장,조식
2026-07-13(월),오삼불고기,조식
2026-07-13(월),연근조림,조식
2026-07-13(월),배추김치,조식
2026-07-14(화),밥,조식
2026-07-14(화),참치고추장찌개,조식
2026-07-14(화),부들어묵볶음,조식
2026-07-14(화),계란말이,조식
2026-07-14(화),배추김치,조식
2026-07-15(수),밥,조식
2026-07-15(수),사골우거지국,조식
2026-07-15(수),느타리버섯볶음,조식
2026-06-17(수),연두부&양념장,조식
2026-06-17(수),배추김치,조식
2026-06-18(목),밥,조식
2026-06-18(목),얼큰쇠고기무국,조식
2026-06-18(목),투움바함박스테이크,조식
2026-06-18(목),계란장조림,조식
2026-06-18(목),배추김치,조식
2026-06-19(금),밥,조식
2026-06-19(금),순두부찌개,조식
2026-06-19(금),새송이버섯야채볶음,조식
2026-06-19(금),돼지삼겹야채볶음,조식
2026-06-19(금),김,조식
2026-06-19(금),배추김치,조식
2026-06-20(토),밥,조식
2026-06-20(토),쇠고기미역국,조식
2026-06-20(토),너비아니꼬지치즈맛,조식
2026-06-20(토),상추겉절이,조식
2026-06-20(토),배추김치,조식
2026-06-21(일),전복내장죽,조식
2026-06-21(일),동그랑땡,조식
2026-06-21(일),낙지젓무침,조식
2026-06-21(일),배추김치,조식
2026-06-22(월),밥,조식
2026-06-22(월),물만두국,조식
2026-06-22(월),돼지고기고추장볶음,조식
2026-06-22(월),김자반,조식
2026-06-22(월),오이무침,조식
2026-06-22(월),배추김치,조식
2026-06-23(화),밥,조식
2026-06-23(화),시금치된장국,조식
2026-06-23(화),순살안동찜닭,조식
2026-06-23(화),진미채고추장조림,조식
2026-06-23(화),배추김치,조식
2026-06-24(수),밥,조식
2026-06-24(수),감자양파찌개,조식
2026-06-24(수),사천식캐슈넛멸치볶음,조식
2026-06-24(수),치즈언양식불고기,조식
2026-06-24(수),배추김치,조식
2026-06-25(목),밥,조식
2026-06-25(목),쇠고기무국,조식
2026-06-25(목),어묵볶음,조식
2026-06-25(목),치킨너겟,조식
2026-06-25(목),배추김치,조식
2026-06-26(금),밥,조식
2026-06-26(금),감자국,조식
2026-06-26(금),소고기꽈리고추조림,조식
2026-06-26(금),두부양념장,조식
2026-06-26(금),배추김치,조식
2026-06-27(토),핫도그빵,조식
2026-06-27(토),스크램블에그,조식
2026-06-27(토),양배추샐러드,조식
2026-06-27(토),블루베리아몬드,조식
2026-06-27(토),백색우유,조식
2026-06-27(토),오이피클,조식
2026-06-28(일),밥,조식
2026-06-28(일),황태해장국,조식
2026-06-28(일),닭갈비,조식
2026-06-28(일),느타리버섯볶음,조식
2026-06-28(일),배추김치,조식
2026-06-29(월),밥,조식
2026-06-29(월),쇠고기미역국,조식
2026-06-29(월),부들어묵볶음,조식
2026-06-29(월),맛밤송송함박스테이크,조식
2026-06-29(월),배추김치,조식
2026-06-30(화),밥,조식
2026-06-30(화),해물탕,조식
2026-06-30(화),마파두부,조식
2026-06-30(화),메추리알장조림,조식
2026-06-30(화),배추김치,조식
2026-07-01(수),밥,조식
2026-07-01(수),쇠고기탕국,조식
2026-07-01(수),꽈리고추멸치볶음,조식
2026-06-04(목),밥,조식
2026-06-04(목),닭곰탕,조식
2026-06-04(목),비엔나소시지케찹볶음,조식
2026-06-04(목),어묵볶음,조식
2026-06-04(목),배추김치,조식
2026-06-05(금),밥,조식
2026-06-05(금),황태채국,조식
2026-06-05(금),애호박나물,조식
2026-06-05(금),닭바베큐소스조림,조식
2026-06-05(금),김,조식
2026-06-05(금),배추김치,조식
2026-06-06(토),밥,조식
2026-06-06(토),가리비미역국,조식
2026-06-06(토),돼지고기청경채볶음,조식
2026-06-06(토),도토리묵&양념장,조식
2026-06-06(토),배추김치,조식
2026-06-07(일),밥,조식
2026-06-07(일),감자달걀국,조식
2026-06-07(일),언양식바싹불고기,조식
2026-06-07(일),진미채고추장조림,조식
2026-06-07(일),배추김치,조식
2026-06-08(월),밥,조식
2026-06-08(월),사골우거지국,조식
2026-06-08(월),동그랑땡,조식
2026-06-08(월),오이무침,조식
2026-06-08(월),배추김치,조식
2026-06-09(화),밥,조식
2026-06-09(화),참치고추장찌개,조식
2026-06-09(화),쇠고기감자조림,조식
2026-06-09(화),맛살계란말이,조식
2026-06-09(화),배추김치,조식
2026-06-10(수),밥,조식
2026-06-10(수),아욱된장국,조식
2026-06-10(수),새송이버섯야채볶음,조식
2026-06-10(수),치즈함박스테이크,조식
2026-06-10(수),김자반,조식
2026-06-10(수),배추김치,조식
2026-06-11(목),밥,조식
2026-06-11(목),감자호박국,조식
2026-06-11(목),마파두부,조식
2026-06-11(목),메추리알장조림,조식
2026-06-11(목),배추김치,조식
2026-06-12(금),밥,조식
2026-06-12(금),물만두국,조식
2026-06-12(금),순살안동찜닭,조식
2026-06-12(금),연근조림,조식
2026-06-12(금),배추김치,조식
2026-06-13(토),삼각주먹밥,조식
2026-06-13(토),밥1,조식
2026-06-13(토),소떡소떡,조식
2026-06-13(토),닭가슴살,조식
2026-06-13(토),포테이토크림스프,조식
2026-06-13(토),배추김치,조식
2026-06-14(일),밥,조식
2026-06-14(일),황태해장국,조식
2026-06-14(일),미트볼조림,조식
2026-06-14(일),콩나물무침,조식
2026-06-14(일),배추김치,조식
2026-06-15(월),밥,조식
2026-06-15(월),차돌박이된장찌개,조식
2026-06-15(월),알떡스테이크,조식
2026-06-15(월),불고기오믈렛,조식
2026-06-15(월),배추김치,조식
2026-06-16(화),밥,조식
2026-06-16(화),두부된장찌개,조식
2026-06-16(화),부들어묵볶음,조식
2026-06-16(화),비엔나메추리알조림,조식
2026-06-16(화),배추김치,조식
2026-06-17(수),밥,조식
2026-06-17(수),돼지고기애호박찌개,조식
2026-06-17(수),콩나물불고기,조식
2026-05-21(목),밥,조식
2026-05-21(목),두부김치국,조식
2026-05-21(목),순살안동찜닭,조식
2026-05-21(목),계란장조림,조식
2026-05-21(목),깍두기,조식
2026-05-22(금),밥,조식
2026-05-22(금),물만두국,조식
2026-05-22(금),어묵볶음,조식
2026-05-22(금),맛밤송송함박스테이크,조식
2026-05-22(금),배추김치,조식
2026-05-23(토),밥1,조식
2026-05-23(토),치킨스테이크,조식
2026-05-23(토),피자오믈렛,조식
2026-05-23(토),양송이스프,조식
2026-05-23(토),배추김치,조식
2026-05-24(일),밥,조식
2026-05-24(일),사골우거지국,조식
2026-05-24(일),남도떡갈비,조식
2026-05-24(일),콩나물무침,조식
2026-05-24(일),배추김치,조식
2026-05-25(월),밥,조식
2026-05-25(월),얼큰쇠고기무국,조식
2026-05-25(월),꽈리고추멸치볶음,조식
2026-05-25(월),투움바함박스테이크,조식
2026-05-25(월),배추김치,조식
2026-05-26(화),밥,조식
2026-05-26(화),어묵탕,조식
2026-05-26(화),마파두부,조식
2026-05-26(화),치킨너겟,조식
2026-05-26(화),배추김치,조식
2026-05-27(수),밥,조식
2026-05-27(수),쇠고기탕국,조식
2026-05-27(수),진미채고추장조림,조식
2026-05-27(수),비엔나소시지감자조림,조식
2026-05-27(수),배추김치,조식
2026-05-28(목),밥,조식
2026-05-28(목),아욱된장국,조식
2026-05-28(목),느타리버섯볶음,조식
2026-05-28(목),너비아니꼬지치즈맛,조식
2026-05-28(목),김,조식
2026-05-28(목),배추김치,조식
2026-05-29(금),밥,조식
2026-05-29(금),쇠고기미역국,조식
2026-05-29(금),언양식바싹불고기,조식
2026-05-29(금),계란장조림,조식
2026-05-29(금),배추김치,조식
2026-05-30(토),밥,조식
2026-05-30(토),황태채국,조식
2026-05-30(토),닭고기야채조림,조식
2026-05-30(토),연두부&양념장,조식
2026-05-30(토),배추김치,조식
2026-05-31(일),밥,조식
2026-05-31(일),감자국,조식
2026-05-31(일),새송이버섯야채볶음,조식
2026-05-31(일),김자반,조식
2026-05-31(일),동그랑땡,조식
2026-05-31(일),배추김치,조식
2026-06-01(월),밥,조식
2026-06-01(월),장터국,조식
2026-06-01(월),치킨너겟,조식
2026-06-01(월),연두부&양념장,조식
2026-06-01(월),배추김치,조식
2026-06-02(화),밥,조식
2026-06-02(화),맑은홍합탕,조식
2026-06-02(화),돼지고기부추볶음,조식
2026-06-02(화),계란장조림,조식
2026-06-02(화),배추김치,조식
2026-06-03(수),밥,조식
2026-06-03(수),쇠고기무국,조식
2026-06-03(수),맛밤송송함박스테이크,조식
2026-06-03(수),콩나물무침,조식
2026-06-03(수),배추김치,조식
2026-05-07(목),부들어묵볶음,조식
2026-05-07(목),닭바베큐소스조림,조식
2026-05-07(목),배추김치,조식
2026-05-08(금),밥,조식
2026-05-08(금),차돌박이된장찌개,조식
2026-05-08(금),느타리버섯볶음,조식
2026-05-08(금),언양식바싹불고기,조식
2026-05-08(금),배추김치,조식
2026-05-09(토),밥1,조식
2026-05-09(토),삼각주먹밥,조식
2026-05-09(토),소떡소떡,조식
2026-05-09(토),닭가슴살,조식
2026-05-09(토),포테이토크림스프,조식
2026-05-09(토),배추김치,조식
2026-05-10(일),전복죽,조식
2026-05-10(일),남도떡갈비,조식
2026-05-10(일),메추리알장조림,조식
2026-05-10(일),배추김치,조식
2026-05-11(월),밥,조식
2026-05-11(월),감자국,조식
2026-05-11(월),동그랑땡,조식
2026-05-11(월),두부양념장,조식
2026-05-11(월),배추김치,조식
2026-05-12(화),밥,조식
2026-05-12(화),시금치된장국,조식
2026-05-12(화),돼지고기청경채볶음,조식
2026-05-12(화),무생채,조식
2026-05-12(화),배추김치,조식
2026-05-13(수),밥,조식
2026-05-13(수),참치고추장찌개,조식
2026-05-13(수),가지볶음,조식
2026-05-13(수),치즈언양식불고기,조식
2026-05-13(수),배추김치,조식
2026-05-14(목),참치오믈렛,조식
2026-05-14(목),밥,조식
2026-05-14(목),맑은홍합탕,조식
2026-05-14(목),치킨너겟,조식
2026-05-14(목),배추김치,조식
2026-05-15(금),밥,조식
2026-05-15(금),들깨무채국,조식
2026-05-15(금),호박새우볶음,조식
2026-05-15(금),비엔나소시지케찹볶음,조식
2026-05-15(금),김자반,조식
2026-05-15(금),배추김치,조식
2026-05-16(토),밥,조식
2026-05-16(토),순두부찌개,조식
2026-05-16(토),쇠고기감자조림,조식
2026-05-16(토),시금치무침,조식
2026-05-16(토),김,조식
2026-05-16(토),깍두기,조식
2026-05-17(일),밥,조식
2026-05-17(일),참치김치찌개,조식
2026-05-17(일),치즈함박스테이크,조식
2026-05-17(일),맛살계란말이,조식
2026-05-17(일),백김치,조식
2026-05-18(월),밥,조식
2026-05-18(월),쇠고기무국,조식
2026-05-18(월),미트볼조림,조식
2026-05-18(월),연두부&양념장,조식
2026-05-18(월),배추김치,조식
2026-05-19(화),밥,조식
2026-05-19(화),얼큰계란국,조식
2026-05-19(화),돼지고기고추장볶음,조식
2026-05-19(화),새송이버섯야채볶음,조식
2026-05-19(화),배추김치,조식
2026-05-20(수),밥,조식
2026-05-20(수),황태채국,조식
2026-05-20(수),호박새우볶음,조식
2026-05-20(수),알떡스테이크,조식
2026-05-20(수),배추김치,조식
2026-05-24(일),콩나물무침,조식
2026-05-24(일),배추김치,조식
2026-05-25(월),밥,조식
2026-05-25(월),얼큰쇠고기무국,조식
2026-05-25(월),꽈리고추멸치볶음,조식
2026-05-25(월),투움바함박스테이크,조식
2026-05-25(월),배추김치,조식
2026-05-26(화),밥,조식
2026-05-26(화),어묵탕,조식
2026-05-26(화),마파두부,조식
2026-05-26(화),치킨너겟,조식
2026-05-26(화),배추김치,조식
2026-05-27(수),밥,조식
2026-05-27(수),쇠고기탕국,조식
2026-05-27(수),진미채고추장조림,조식
2026-05-27(수),비엔나소시지감자조림,조식
2026-05-27(수),배추김치,조식
2026-05-28(목),밥,조식
2026-05-28(목),아욱된장국,조식
2026-05-28(목),느타리버섯볶음,조식
2026-05-28(목),너비아니꼬지치즈맛,조식
2026-05-28(목),김,조식
2026-05-28(목),배추김치,조식
2026-05-29(금),밥,조식
2026-05-29(금),쇠고기미역국,조식
2026-05-29(금),언양식바싹불고기,조식
2026-05-29(금),계란장조림,조식
2026-05-29(금),배추김치,조식
2026-05-30(토),밥,조식
2026-05-30(토),황태채국,조식
2026-05-30(토),닭고기야채조림,조식
2026-05-30(토),연두부&양념장,조식
2026-05-30(토),배추김치,조식
2026-05-31(일),밥,조식
2026-05-31(일),감자국,조식
2026-05-31(일),새송이버섯야채볶음,조식
2026-05-31(일),김자반,조식
2026-05-31(일),동그랑땡,조식
2026-05-31(일),배추김치,조식
2026-05-01(금),밥,조식
2026-05-01(금),사골우거지국,조식
2026-05-01(금),마파두부,조식
2026-05-01(금),불고기오믈렛,조식
2026-05-01(금),배추김치,조식
2026-05-02(토),밥,조식
2026-05-02(토),감자호박국,조식
2026-05-02(토),연근조림,조식
2026-05-02(토),동그랑땡,조식
2026-05-02(토),배추김치,조식
2026-05-03(일),밥,조식
2026-05-03(일),김치찌개,조식
2026-05-03(일),멸치볶음,조식
2026-05-03(일),투움바함박스테이크,조식
2026-05-03(일),파김치,조식
2026-05-04(월),밥,조식
2026-05-04(월),돼지고기애호박찌개,조식
2026-05-04(월),어묵볶음,조식
2026-05-04(월),김자반,조식
2026-05-04(월),소고기꽈리고추조림,조식
2026-05-04(월),배추김치,조식
2026-05-05(화),밥,조식
2026-05-05(화),쇠고기무국,조식
2026-05-05(화),호박새우볶음,조식
2026-05-05(화),비엔나메추리알조림,조식
2026-05-05(화),배추김치,조식
2026-05-06(수),밥,조식
2026-05-06(수),가리비미역국,조식
2026-05-06(수),돼지고기부추볶음,조식
2026-05-06(수),콩나물무침,조식
2026-05-06(수),배추김치,조식
2026-05-07(목),밥,조식
2026-05-07(목),햄짜글이,조식
2026-05-11(월),밥,조식
2026-05-11(월),감자국,조식
2026-05-11(월),동그랑땡,조식
2026-05-11(월),두부양념장,조식
2026-05-11(월),배추김치,조식
2026-05-12(화),밥,조식
2026-05-12(화),시금치된장국,조식
2026-05-12(화),돼지고기청경채볶음,조식
2026-05-12(화),무생채,조식
2026-05-12(화),배추김치,조식
2026-05-13(수),밥,조식
2026-05-13(수),참치고추장찌개,조식
2026-05-13(수),가지볶음,조식
2026-05-13(수),치즈언양식불고기,조식
2026-05-13(수),배추김치,조식
2026-05-14(목),참치오믈렛,조식
2026-05-14(목),밥,조식
2026-05-14(목),맑은홍합탕,조식
2026-05-14(목),치킨너겟,조식
2026-05-14(목),배추김치,조식
2026-05-15(금),밥,조식
2026-05-15(금),들깨무채국,조식
2026-05-15(금),호박새우볶음,조식
2026-05-15(금),비엔나소시지케찹볶음,조식
2026-05-15(금),김자반,조식
2026-05-15(금),배추김치,조식
2026-05-16(토),밥,조식
2026-05-16(토),순두부찌개,조식
2026-05-16(토),쇠고기감자조림,조식
2026-05-16(토),시금치무침,조식
2026-05-16(토),김,조식
2026-05-16(토),깍두기,조식
2026-05-17(일),밥,조식
2026-05-17(일),참치김치찌개,조식
2026-05-17(일),치즈함박스테이크,조식
2026-05-17(일),맛살계란말이,조식
2026-05-17(일),백김치,조식
2026-05-18(월),밥,조식
2026-05-18(월),쇠고기무국,조식
2026-05-18(월),미트볼조림,조식
2026-05-18(월),연두부&양념장,조식
2026-05-18(월),배추김치,조식
2026-05-19(화),밥,조식
2026-05-19(화),얼큰계란국,조식
2026-05-19(화),돼지고기고추장볶음,조식
2026-05-19(화),새송이버섯야채볶음,조식
2026-05-19(화),배추김치,조식
2026-05-20(수),밥,조식
2026-05-20(수),황태채국,조식
2026-05-20(수),호박새우볶음,조식
2026-05-20(수),알떡스테이크,조식
2026-05-20(수),배추김치,조식
2026-05-21(목),밥,조식
2026-05-21(목),두부김치국,조식
2026-05-21(목),순살안동찜닭,조식
2026-05-21(목),계란장조림,조식
2026-05-21(목),깍두기,조식
2026-05-22(금),밥,조식
2026-05-22(금),물만두국,조식
2026-05-22(금),어묵볶음,조식
2026-05-22(금),맛밤송송함박스테이크,조식
2026-05-22(금),배추김치,조식
2026-05-23(토),밥1,조식
2026-05-23(토),치킨스테이크,조식
2026-05-23(토),피자오믈렛,조식
2026-05-23(토),양송이스프,조식
2026-05-23(토),배추김치,조식
2026-05-24(일),밥,조식
2026-05-24(일),사골우거지국,조식
2026-05-24(일),남도떡갈비,조식
2026-04-27(월),시금치된장국,조식
2026-04-27(월),어묵볶음,조식
2026-04-27(월),치킨너겟,조식
2026-04-27(월),배추김치,조식
2026-04-28(화),밥,조식
2026-04-28(화),두부김치국,조식
2026-04-28(화),미트볼조림,조식
2026-04-28(화),메추리알장조림,조식
2026-04-28(화),깍두기,조식
2026-04-29(수),밥,조식
2026-04-29(수),어묵탕,조식
2026-04-29(수),알떡스테이크,조식
2026-04-29(수),두부양념장,조식
2026-04-29(수),배추김치,조식
2026-04-30(목),밥,조식
2026-04-30(목),들깨무채국,조식
2026-04-30(목),호박새우볶음,조식
2026-04-30(목),비엔나소시지케찹볶음,조식
2026-04-30(목),김자반,조식
2026-04-30(목),배추김치,조식
2026-05-01(금),밥,조식
2026-05-01(금),사골우거지국,조식
2026-05-01(금),마파두부,조식
2026-05-01(금),불고기오믈렛,조식
2026-05-01(금),배추김치,조식
2026-05-02(토),밥,조식
2026-05-02(토),감자호박국,조식
2026-05-02(토),연근조림,조식
2026-05-02(토),동그랑땡,조식
2026-05-02(토),배추김치,조식
2026-05-03(일),밥,조식
2026-05-03(일),김치찌개,조식
2026-05-03(일),멸치볶음,조식
2026-05-03(일),투움바함박스테이크,조식
2026-05-03(일),파김치,조식
2026-05-04(월),밥,조식
2026-05-04(월),돼지고기애호박찌개,조식
2026-05-04(월),어묵볶음,조식
2026-05-04(월),김자반,조식
2026-05-04(월),소고기꽈리고추조림,조식
2026-05-04(월),배추김치,조식
2026-05-05(화),밥,조식
2026-05-05(화),쇠고기무국,조식
2026-05-05(화),호박새우볶음,조식
2026-05-05(화),비엔나메추리알조림,조식
2026-05-05(화),배추김치,조식
2026-05-06(수),밥,조식
2026-05-06(수),가리비미역국,조식
2026-05-06(수),돼지고기부추볶음,조식
2026-05-06(수),콩나물무침,조식
2026-05-06(수),배추김치,조식
2026-05-07(목),밥,조식
2026-05-07(목),햄짜글이,조식
2026-05-07(목),부들어묵볶음,조식
2026-05-07(목),닭바베큐소스조림,조식
2026-05-07(목),배추김치,조식
2026-05-08(금),밥,조식
2026-05-08(금),차돌박이된장찌개,조식
2026-05-08(금),느타리버섯볶음,조식
2026-05-08(금),언양식바싹불고기,조식
2026-05-08(금),배추김치,조식
2026-05-09(토),밥1,조식
2026-05-09(토),삼각주먹밥,조식
2026-05-09(토),소떡소떡,조식
2026-05-09(토),닭가슴살,조식
2026-05-09(토),포테이토크림스프,조식
2026-05-09(토),배추김치,조식
2026-05-10(일),전복죽,조식
2026-05-10(일),남도떡갈비,조식
2026-05-10(일),메추리알장조림,조식
2026-05-10(일),배추김치,조식
2026-04-13(월),김,조식
2026-04-13(월),깍두기,조식
2026-04-14(화),밥,조식
2026-04-14(화),키조개미역국,조식
2026-04-14(화),부들어묵볶음,조식
2026-04-14(화),동그랑땡,조식
2026-04-14(화),배추김치,조식
2026-04-15(수),밥,조식
2026-04-15(수),사골우거지국,조식
2026-04-15(수),돼지고기부추볶음,조식
2026-04-15(수),연두부&양념장,조식
2026-04-15(수),배추김치,조식
2026-04-16(목),밥,조식
2026-04-16(목),황태채국,조식
2026-04-16(목),맛밤송송함박스테이크,조식
2026-04-16(목),연근조림,조식
2026-04-16(목),배추김치,조식
2026-04-17(금),밥,조식
2026-04-17(금),참치오믈렛,조식
2026-04-17(금),돼지고기애호박찌개,조식
2026-04-17(금),닭바베큐소스조림,조식
2026-04-17(금),배추김치,조식
2026-04-18(토),밥,조식
2026-04-18(토),콩나물김치국,조식
2026-04-18(토),비엔나소시지케찹볶음,조식
2026-04-18(토),밥싸먹는훈제오리,조식
2026-04-18(토),깍두기,조식
2026-04-19(일),쇠고기죽,조식
2026-04-19(일),남도떡갈비,조식
2026-04-19(일),메추리알장조림,조식
2026-04-19(일),배추김치,조식
2026-04-20(월),밥,조식
2026-04-20(월),맑은홍합탕,조식
2026-04-20(월),돼지고기청경채볶음,조식
2026-04-20(월),무생채,조식
2026-04-20(월),배추김치,조식
2026-04-21(화),밥,조식
2026-04-21(화),감자국,조식
2026-04-21(화),가지볶음,조식
2026-04-21(화),언양식바싹불고기,조식
2026-04-21(화),배추김치,조식
2026-04-22(수),밥,조식
2026-04-22(수),쇠고기탕국,조식
2026-04-22(수),비엔나메추리알조림,조식
2026-04-22(수),두부양념장,조식
2026-04-22(수),배추김치,조식
2026-04-23(목),밥,조식
2026-04-23(목),콩나물국,조식
2026-04-23(목),치즈함박스테이크,조식
2026-04-23(목),계란장조림,조식
2026-04-23(목),배추김치,조식
2026-04-24(금),밥,조식
2026-04-24(금),얼큰계란국,조식
2026-04-24(금),꽈리고추멸치볶음,조식
2026-04-24(금),김자반,조식
2026-04-24(금),너비아니꼬지치즈맛,조식
2026-04-24(금),배추김치,조식
2026-04-25(토),밥1,조식
2026-04-25(토),치킨스테이크,조식
2026-04-25(토),피자오믈렛,조식
2026-04-25(토),포테이토크림스프,조식
2026-04-25(토),배추김치,조식
2026-04-26(일),밥,조식
2026-04-26(일),닭고기육개장,조식
2026-04-26(일),치즈언양식불고기,조식
2026-04-26(일),계란말이,조식
2026-04-26(일),배추김치,조식
2026-04-27(월),밥,조식
2026-03-30(월),배추김치,조식
2026-03-31(화),밥,조식
2026-03-31(화),쇠고기미역국,조식
2026-03-31(화),남도떡갈비,조식
2026-03-31(화),연두부&양념장,조식
2026-03-31(화),배추김치,조식
2026-04-01(수),밥,조식
2026-04-01(수),감자호박국,조식
2026-04-01(수),돼지고기부추볶음,조식
2026-04-01(수),부추무침,조식
2026-04-01(수),배추김치,조식
2026-04-02(목),밥,조식
2026-04-02(목),황태해장국,조식
2026-04-02(목),느타리버섯볶음,조식
2026-04-02(목),투움바함박스테이크,조식
2026-04-02(목),김,조식
2026-04-02(목),배추김치,조식
2026-04-03(금),밥,조식
2026-04-03(금),쇠고기무국,조식
2026-04-03(금),어묵볶음,조식
2026-04-03(금),소고기꽈리고추조림,조식
2026-04-03(금),배추김치,조식
2026-04-04(토),밥,조식
2026-04-04(토),사골우거지국,조식
2026-04-04(토),멸치볶음,조식
2026-04-04(토),치즈언양식불고기,조식
2026-04-04(토),배추김치,조식
2026-04-05(일),밥,조식
2026-04-05(일),순두부찌개,조식
2026-04-05(일),호박새우볶음,조식
2026-04-05(일),동그랑땡,조식
2026-04-05(일),배추김치,조식
2026-04-06(월),밥,조식
2026-04-06(월),시금치된장국,조식
2026-04-06(월),마파두부,조식
2026-04-06(월),불고기오믈렛,조식
2026-04-06(월),배추김치,조식
2026-04-07(화),밥,조식
2026-04-07(화),돼지고기고추장찌개,조식
2026-04-07(화),비엔나소시지감자조림,조식
2026-04-07(화),콩나물무침,조식
2026-04-07(화),배추김치,조식
2026-04-08(수),밥,조식
2026-04-08(수),황태채국,조식
2026-04-08(수),돼지고기고추장볶음,조식
2026-04-08(수),메추리알장조림,조식
2026-04-08(수),배추김치,조식
2026-04-09(목),밥,조식
2026-04-09(목),돼지고기애호박찌개,조식
2026-04-09(목),가지볶음,조식
2026-04-09(목),치킨너겟,조식
2026-04-09(목),김자반,조식
2026-04-09(목),배추김치,조식
2026-04-10(금),밥,조식
2026-04-10(금),김치찌개,조식
2026-04-10(금),치즈함박스테이크,조식
2026-04-10(금),연두부&양념장,조식
2026-04-10(금),깍두기,조식
2026-04-11(토),삼각주먹밥,조식
2026-04-11(토),밥1,조식
2026-04-11(토),소떡소떡,조식
2026-04-11(토),닭가슴살,조식
2026-04-11(토),양송이스프,조식
2026-04-11(토),배추김치,조식
2026-04-12(일),밥,조식
2026-04-12(일),감자호박국,조식
2026-04-12(일),투움바함박스테이크,조식
2026-04-12(일),진미채고추장조림,조식
2026-04-12(일),배추김치,조식
2026-04-13(월),밥,조식
2026-04-13(월),참치김치찌개,조식
2026-04-13(월),쇠고기감자조림,조식
2026-04-13(월),콩나물무침,조식
2026-03-17(화),맑은홍합탕,조식
2026-03-17(화),돼지고기청경채볶음,조식
2026-03-17(화),무생채,조식
2026-03-17(화),배추김치,조식
2026-03-18(수),밥,조식
2026-03-18(수),얼큰쇠고기무국,조식
2026-03-18(수),부들어묵볶음,조식
2026-03-18(수),계란말이,조식
2026-03-18(수),배추김치,조식
2026-03-19(목),밥,조식
2026-03-19(목),황태해장국,조식
2026-03-19(목),맛밤송송함박스테이크,조식
2026-03-19(목),연두부&양념장,조식
2026-03-19(목),백김치,조식
2026-03-20(금),밥,조식
2026-03-20(금),참치오믈렛,조식
2026-03-20(금),두부김치국,조식
2026-03-20(금),쇠고기감자조림,조식
2026-03-20(금),깍두기,조식
2026-03-21(토),햄치즈버거,조식
2026-03-21(토),계란후라이,조식
2026-03-21(토),백색우유,조식
2026-03-21(토),닭가슴살샐러드,조식
2026-03-21(토),오곡코코볼,조식
2026-03-22(일),전복죽,조식
2026-03-22(일),남도떡갈비,조식
2026-03-22(일),메추리알장조림,조식
2026-03-22(일),배추김치,조식
2026-03-23(월),밥,조식
2026-03-23(월),황태채국,조식
2026-03-23(월),느타리버섯볶음,조식
2026-03-23(월),투움바함박스테이크,조식
2026-03-23(월),배추김치,조식
2026-03-24(화),밥,조식
2026-03-24(화),감자호박국,조식
2026-03-24(화),어묵볶음,조식
2026-03-24(화),비엔나메추리알조림,조식
2026-03-24(화),배추김치,조식
2026-03-25(수),밥,조식
2026-03-25(수),키조개미역국,조식
2026-03-25(수),언양식바싹불고기,조식
2026-03-25(수),콩나물무침,조식
2026-03-25(수),배추김치,조식
2026-03-26(목),밥,조식
2026-03-26(목),돼지고기애호박찌개,조식
2026-03-26(목),마파두부,조식
2026-03-26(목),동그랑땡,조식
2026-03-26(목),배추김치,조식
2026-03-27(금),밥,조식
2026-03-27(금),시금치된장국,조식
2026-03-27(금),꽈리고추멸치볶음,조식
2026-03-27(금),김자반,조식
2026-03-27(금),너비아니꼬지치즈맛,조식
2026-03-27(금),배추김치,조식
2026-03-28(토),핫도그빵,조식
2026-03-28(토),스크램블에그,조식
2026-03-28(토),단호박샐러드,조식
2026-03-28(토),오이피클,조식
2026-03-28(토),블루베리아몬드,조식
2026-03-28(토),백색우유,조식
2026-03-29(일),밥,조식
2026-03-29(일),순두부찌개,조식
2026-03-29(일),비엔나소시지케찹볶음,조식
2026-03-29(일),계란장조림,조식
2026-03-29(일),배추김치,조식
2026-03-30(월),밥,조식
2026-03-30(월),어묵탕,조식
2026-03-30(월),치즈함박스테이크,조식
2026-03-30(월),브로콜리&초고추장,조식
2026-03-03(화),감자채볶음,조식
2026-03-03(화),배추김치,조식
2026-03-04(수),밥,조식
2026-03-04(수),가리비미역국,조식
2026-03-04(수),미트볼조림,조식
2026-03-04(수),연두부&양념장,조식
2026-03-04(수),배추김치,조식
2026-03-05(목),밥,조식
2026-03-05(목),감자호박국,조식
2026-03-05(목),어묵볶음,조식
2026-03-05(목),소고기꽈리고추조림,조식
2026-03-05(목),배추김치,조식
2026-03-06(금),밥,조식
2026-03-06(금),얼큰쇠고기무국,조식
2026-03-06(금),새송이버섯야채볶음,조식
2026-03-06(금),치즈언양식불고기,조식
2026-03-06(금),배추김치,조식
2026-03-07(토),불고기버거,조식
2026-03-07(토),계란후라이,조식
2026-03-07(토),고구마샐러드,조식
2026-03-07(토),백색우유,조식
2026-03-07(토),오레오오즈,조식
2026-03-08(일),밥,조식
2026-03-08(일),시금치된장국,조식
2026-03-08(일),마파두부,조식
2026-03-08(일),불고기오믈렛,조식
2026-03-08(일),배추김치,조식
2026-03-09(월),밥,조식
2026-03-09(월),순두부찌개,조식
2026-03-09(월),연근조림,조식
2026-03-09(월),동그랑땡,조식
2026-03-09(월),배추김치,조식
2026-03-10(화),밥,조식
2026-03-10(화),돼지고기애호박찌개,조식
2026-03-10(화),치킨너겟,조식
2026-03-10(화),김자반,조식
2026-03-10(화),콩나물무침,조식
2026-03-10(화),배추김치,조식
2026-03-11(수),밥,조식
2026-03-11(수),황태채국,조식
2026-03-11(수),메추리알장조림,조식
2026-03-11(수),들깨백불고기,조식
2026-03-11(수),배추김치,조식
2026-03-12(목),밥,조식
2026-03-12(목),얼큰수제비국,조식
2026-03-12(목),호박새우볶음,조식
2026-03-12(목),닭바베큐소스조림,조식
2026-03-12(목),배추김치,조식
2026-03-13(금),밥,조식
2026-03-13(금),돼지고기고추장찌개,조식
2026-03-13(금),느타리버섯볶음,조식
2026-03-13(금),치즈함박스테이크,조식
2026-03-13(금),배추김치,조식
2026-03-14(토),핫도그빵,조식
2026-03-14(토),스크램블에그,조식
2026-03-14(토),콘푸로스트,조식
2026-03-14(토),백색우유,조식
2026-03-14(토),코울슬로샐러드,조식
2026-03-15(일),밥,조식
2026-03-15(일),사골미역국,조식
2026-03-15(일),알떡스테이크,조식
2026-03-15(일),브로콜리&초고추장,조식
2026-03-15(일),배추김치,조식
2026-03-16(월),밥,조식
2026-03-16(월),쇠고기탕국,조식
2026-03-16(월),진미채고추장조림,조식
2026-03-16(월),비엔나소시지감자조림,조식
2026-03-16(월),김,조식
2026-03-16(월),배추김치,조식
2026-03-17(화),밥,조식
2026-02-18(수),밥,조식
2026-02-18(수),얼큰수제비국,조식
2026-02-18(수),김자반,조식
2026-02-18(수),치즈언양식불고기,조식
2026-02-18(수),무나물,조식
2026-02-18(수),배추김치,조식
2026-02-19(목),밥,조식
2026-02-19(목),쇠고기무국,조식
2026-02-19(목),맛밤송송함박스테이크,조식
2026-02-19(목),브로콜리&초고추장,조식
2026-02-19(목),배추김치,조식
2026-02-20(금),밥,조식
2026-02-20(금),돼지고기고추장찌개,조식
2026-02-20(금),너비아니꼬지치즈맛,조식
2026-02-20(금),콩나물매운무침,조식
2026-02-20(금),김,조식
2026-02-20(금),백김치,조식
2026-02-21(토),햄치즈버거,조식
2026-02-21(토),계란후라이,조식
2026-02-21(토),첵스초코시리얼,조식
2026-02-21(토),백색우유,조식
2026-02-21(토),감자에그샐러드,조식
2026-02-22(일),밥,조식
2026-02-22(일),쇠고기미역국,조식
2026-02-22(일),계란장조림,조식
2026-02-22(일),동그랑땡,조식
2026-02-22(일),배추김치,조식
2026-02-23(월),밥,조식
2026-02-23(월),조갯살시금치된장국,조식
2026-02-23(월),어묵볶음,조식
2026-02-23(월),비엔나메추리알조림,조식
2026-02-23(월),배추김치,조식
2026-02-24(화),밥,조식
2026-02-24(화),순두부찌개,조식
2026-02-24(화),애호박나물,조식
2026-02-24(화),치즈함박스테이크,조식
2026-02-24(화),배추김치,조식
2026-02-25(수),밥,조식
2026-02-25(수),황태채국,조식
2026-02-25(수),감자채볶음,조식
2026-02-25(수),치킨너겟,조식
2026-02-25(수),배추김치,조식
2026-02-26(목),밥,조식
2026-02-26(목),참치오믈렛,조식
2026-02-26(목),두부김치국,조식
2026-02-26(목),언양식바싹불고기,조식
2026-02-26(목),깍두기,조식
2026-02-27(금),밥,조식
2026-02-27(금),쇠고기무국,조식
2026-02-27(금),느타리버섯볶음,조식
2026-02-27(금),남도떡갈비,조식
2026-02-27(금),배추김치,조식
2026-02-28(토),핫도그빵,조식
2026-02-28(토),스크램블에그,조식
2026-02-28(토),코울슬로샐러드,조식
2026-02-28(토),백색우유,조식
2026-02-28(토),오레오오즈,조식
2026-02-28(토),오이피클,조식
2026-03-01(일),밥,조식
2026-03-01(일),사골우거지국,조식
2026-03-01(일),투움바함박스테이크,조식
2026-03-01(일),시금치고추장무침,조식
2026-03-01(일),배추김치,조식
2026-03-02(월),밥,조식
2026-03-02(월),김치찌개,조식
2026-03-02(월),비엔나소시지케찹볶음,조식
2026-03-02(월),멸치볶음,조식
2026-03-02(월),깍두기,조식
2026-03-03(화),밥,조식
2026-03-03(화),황태해장국,조식
2026-03-03(화),돼지고기부추볶음,조식
2026-02-04(수),돼지고기고추장찌개,조식
2026-02-04(수),김자반,조식
2026-02-04(수),쇠고기감자조림,조식
2026-02-04(수),무나물,조식
2026-02-04(수),배추김치,조식
2026-02-05(목),밥,조식
2026-02-05(목),황태채국,조식
2026-02-05(목),돼지고기부추볶음,조식
2026-02-05(목),브로콜리&초고추장,조식
2026-02-05(목),배추김치,조식
2026-02-06(금),밥,조식
2026-02-06(금),얼큰쇠고기무국,조식
2026-02-06(금),맛밤송송함박스테이크,조식
2026-02-06(금),근대무침,조식
2026-02-06(금),배추김치,조식
2026-02-07(토),불고기버거,조식
2026-02-07(토),계란후라이,조식
2026-02-07(토),고구마샐러드,조식
2026-02-07(토),오곡코코볼,조식
2026-02-07(토),백색우유,조식
2026-02-08(일),밥,조식
2026-02-08(일),사골우거지국,조식
2026-02-08(일),느타리버섯볶음,조식
2026-02-08(일),두부스테이크,조식
2026-02-08(일),배추김치,조식
2026-02-09(월),밥,조식
2026-02-09(월),감자호박국,조식
2026-02-09(월),마파두부,조식
2026-02-09(월),시금치무침,조식
2026-02-09(월),김,조식
2026-02-09(월),배추김치,조식
2026-02-10(화),밥,조식
2026-02-10(화),키조개미역국,조식
2026-02-10(화),치킨너겟,조식
2026-02-10(화),메추리알장조림,조식
2026-02-10(화),배추김치,조식
2026-02-11(수),밥,조식
2026-02-11(수),얼갈이된장국,조식
2026-02-11(수),소고기꽈리고추조림,조식
2026-02-11(수),연두부&양념장,조식
2026-02-11(수),열무김치,조식
2026-02-12(목),밥,조식
2026-02-12(목),감자국,조식
2026-02-12(목),미트볼조림,조식
2026-02-12(목),피자오믈렛,조식
2026-02-12(목),배추김치,조식
2026-02-13(금),밥,조식
2026-02-13(금),김치찌개,조식
2026-02-13(금),돼지고기무볶음,조식
2026-02-13(금),멸치볶음,조식
2026-02-13(금),깍두기,조식
2026-02-14(토),핫도그빵,조식
2026-02-14(토),스크램블에그,조식
2026-02-14(토),백색우유,조식
2026-02-14(토),아몬드후레이크,조식
2026-02-14(토),코울슬로샐러드,조식
2026-02-15(일),전복내장죽,조식
2026-02-15(일),남도떡갈비,조식
2026-02-15(일),메추리알장조림,조식
2026-02-15(일),배추김치,조식
2026-02-16(월),밥,조식
2026-02-16(월),황태해장국,조식
2026-02-16(월),투움바함박스테이크,조식
2026-02-16(월),두부양념장,조식
2026-02-16(월),배추김치,조식
2026-02-17(화),쇠고기떡국,조식
2026-02-17(화),밥,조식
2026-02-17(화),부들어묵볶음,조식
2026-02-17(화),왕교자만두찜,조식
2026-02-17(화),배추김치,조식
2026-01-21(수),배추김치,조식
2026-01-22(목),밥,조식
2026-01-22(목),참치오믈렛,조식
2026-01-22(목),두부김치국,조식
2026-01-22(목),돼지고기청경채볶음,조식
2026-01-22(목),깍두기,조식
2026-01-23(금),밥,조식
2026-01-23(금),쇠고기무국,조식
2026-01-23(금),맛밤송송함박스테이크,조식
2026-01-23(금),시금치고추장무침,조식
2026-01-23(금),배추김치,조식
2026-01-24(토),핫도그빵,조식
2026-01-24(토),스크램블에그,조식
2026-01-24(토),백색우유,조식
2026-01-24(토),오이피클,조식
2026-01-24(토),오레오오즈,조식
2026-01-25(일),밥,조식
2026-01-25(일),아욱된장국,조식
2026-01-25(일),치킨너겟,조식
2026-01-25(일),연두부&양념장,조식
2026-01-25(일),배추김치,조식
2026-01-26(월),밥,조식
2026-01-26(월),두부김치국,조식
2026-01-26(월),김자반,조식
2026-01-26(월),동그랑땡,조식
2026-01-26(월),콩나물무침,조식
2026-01-26(월),깍두기,조식
2026-01-27(화),밥,조식
2026-01-27(화),돼지고기애호박찌개,조식
2026-01-27(화),너비아니꼬지치즈맛,조식
2026-01-27(화),진미채고추장조림,조식
2026-01-27(화),배추김치,조식
2026-01-28(수),밥,조식
2026-01-28(수),쇠고기탕국,조식
2026-01-28(수),비엔나메추리알조림,조식
2026-01-28(수),두부양념장,조식
2026-01-28(수),배추김치,조식
2026-01-29(목),밥,조식
2026-01-29(목),황태해장국,조식
2026-01-29(목),가지볶음,조식
2026-01-29(목),치즈함박스테이크,조식
2026-01-29(목),배추김치,조식
2026-01-30(금),밥,조식
2026-01-30(금),사골우거지국,조식
2026-01-30(금),돼지고기부추볶음,조식
2026-01-30(금),시금치무침,조식
2026-01-30(금),배추김치,조식
2026-01-31(토),햄치즈버거,조식
2026-01-31(토),계란후라이,조식
2026-01-31(토),백색우유,조식
2026-01-31(토),단호박샐러드,조식
2026-01-31(토),콘푸로스트,조식
2026-02-01(일),밥,조식
2026-02-01(일),닭고기육개장,조식
2026-02-01(일),부들어묵볶음,조식
2026-02-01(일),계란말이,조식
2026-02-01(일),배추김치,조식
2026-02-02(월),밥,조식
2026-02-02(월),순두부찌개,조식
2026-02-02(월),투움바함박스테이크,조식
2026-02-02(월),계란장조림,조식
2026-02-02(월),배추김치,조식
2026-02-03(화),밥,조식
2026-02-03(화),콩나물김치국,조식
2026-02-03(화),불고기오믈렛,조식
2026-02-03(화),야채고기말이,조식
2026-02-03(화),깍두기,조식
2026-02-04(수),밥,조식
2026-01-07(수),열무김치,조식
2026-01-08(목),밥,조식
2026-01-08(목),순두부찌개,조식
2026-01-08(목),불고기오믈렛,조식
2026-01-08(목),미트볼조림,조식
2026-01-08(목),배추김치,조식
2026-01-09(금),밥,조식
2026-01-09(금),김치찌개,조식
2026-01-09(금),돼지고기무볶음,조식
2026-01-09(금),연두부&양념장,조식
2026-01-09(금),깍두기,조식
2026-01-10(토),핫도그빵,조식
2026-01-10(토),스크램블에그,조식
2026-01-10(토),감자샐러드,조식
2026-01-10(토),백색우유,조식
2026-01-10(토),아몬드후레이크,조식
2026-01-11(일),쇠고기죽,조식
2026-01-11(일),계란장조림,조식
2026-01-11(일),동그랑땡,조식
2026-01-11(일),배추김치,조식
2026-01-12(월),밥,조식
2026-01-12(월),조갯살시금치된장국,조식
2026-01-12(월),애호박나물,조식
2026-01-12(월),투움바함박스테이크,조식
2026-01-12(월),배추김치,조식
2026-01-13(화),밥,조식
2026-01-13(화),닭고기육개장,조식
2026-01-13(화),부들어묵볶음,조식
2026-01-13(화),계란말이,조식
2026-01-13(화),배추김치,조식
2026-01-14(수),밥,조식
2026-01-14(수),얼큰수제비국,조식
2026-01-14(수),김자반,조식
2026-01-14(수),쇠고기감자조림,조식
2026-01-14(수),무나물,조식
2026-01-14(수),배추김치,조식
2026-01-15(목),밥,조식
2026-01-15(목),얼큰쇠고기무국,조식
2026-01-15(목),남도떡갈비,조식
2026-01-15(목),브로콜리&초고추장,조식
2026-01-15(목),배추김치,조식
2026-01-16(금),밥,조식
2026-01-16(금),황태채국,조식
2026-01-16(금),맛밤송송함박스테이크,조식
2026-01-16(금),두부양념장,조식
2026-01-16(금),김,조식
2026-01-16(금),백김치,조식
2026-01-17(토),불고기버거,조식
2026-01-17(토),계란후라이,조식
2026-01-17(토),고구마샐러드,조식
2026-01-17(토),첵스초코시리얼,조식
2026-01-17(토),백색우유,조식
2026-01-18(일),밥,조식
2026-01-18(일),사골미역국,조식
2026-01-18(일),두부스테이크,조식
2026-01-18(일),진미채고추장조림,조식
2026-01-18(일),배추김치,조식
2026-01-19(월),밥,조식
2026-01-19(월),닭곰탕,조식
2026-01-19(월),비엔나소시지케찹볶음,조식
2026-01-19(월),어묵볶음,조식
2026-01-19(월),배추김치,조식
2026-01-20(화),밥,조식
2026-01-20(화),콩나물국,조식
2026-01-20(화),치즈함박스테이크,조식
2026-01-20(화),메추리알장조림,조식
2026-01-20(화),배추김치,조식
2026-01-21(수),밥,조식
2026-01-21(수),황태채국,조식
2026-01-21(수),닭바베큐소스조림,조식
2026-01-21(수),연두부&양념장,조식
2025-12-24(수),배추김치,조식
2025-12-25(목),밥,조식
2025-12-25(목),쇠고기무국,조식
2025-12-25(목),동그랑땡,조식
2025-12-25(목),오이나물,조식
2025-12-25(목),배추김치,조식
2025-12-26(금),밥,조식
2025-12-26(금),조갯살시금치된장국,조식
2025-12-26(금),들깨백불고기,조식
2025-12-26(금),계란말이,조식
2025-12-26(금),배추김치,조식
2025-12-27(토),핫도그빵,조식
2025-12-27(토),스크램블에그,조식
2025-12-27(토),시리얼,조식
2025-12-27(토),백색우유,조식
2025-12-27(토),오이피클,조식
2025-12-28(일),전복죽,조식
2025-12-28(일),남도떡갈비,조식
2025-12-28(일),메추리알장조림,조식
2025-12-28(일),배추김치,조식
2025-12-29(월),밥,조식
2025-12-29(월),아욱된장국,조식
2025-12-29(월),양배추베이컨볶음,조식
2025-12-29(월),순살안동찜닭,조식
2025-12-29(월),배추김치,조식
2025-12-30(화),밥,조식
2025-12-30(화),콩나물김치국,조식
2025-12-30(화),비엔나소시지케찹볶음,조식
2025-12-30(화),불고기오믈렛,조식
2025-12-30(화),깍두기,조식
2025-12-31(수),밥,조식
2025-12-31(수),쇠고기탕국,조식
2025-12-31(수),마파두부,조식
2025-12-31(수),애호박나물,조식
2025-12-31(수),김,조식
2025-12-31(수),깍두기,조식
2026-01-01(목),찹쌀밥,조식
2026-01-01(목),쇠고기떡국,조식
2026-01-01(목),새우교자만두,조식
2026-01-01(목),무조림,조식
2026-01-01(목),배추김치,조식
2026-01-02(금),밥,조식
2026-01-02(금),감자양파찌개,조식
2026-01-02(금),부들어묵볶음,조식
2026-01-02(금),치킨너겟,조식
2026-01-02(금),배추김치,조식
2026-01-03(토),햄치즈버거,조식
2026-01-03(토),계란후라이,조식
2026-01-03(토),오곡코코볼,조식
2026-01-03(토),에그샐러드,조식
2026-01-03(토),백색우유,조식
2026-01-04(일),밥,조식
2026-01-04(일),들깨무채국,조식
2026-01-04(일),호박새우볶음,조식
2026-01-04(일),두부스테이크,조식
2026-01-04(일),배추김치,조식
2026-01-05(월),밥,조식
2026-01-05(월),키조개미역국,조식
2026-01-05(월),비엔나소시지케찹볶음,조식
2026-01-05(월),멸치볶음,조식
2026-01-05(월),배추김치,조식
2026-01-06(화),밥,조식
2026-01-06(화),감자국,조식
2026-01-06(화),소고기꽈리고추조림,조식
2026-01-06(화),시금치무침,조식
2026-01-06(화),김,조식
2026-01-06(화),배추김치,조식
2026-01-07(수),밥,조식
2026-01-07(수),얼갈이된장국,조식
2026-01-07(수),마파두부,조식
2026-01-07(수),메추리알장조림,조식
2025-12-10(수),배추김치,조식
2025-12-11(목),밥,조식
2025-12-11(목),쇠고기무국,조식
2025-12-11(목),꽈리고추멸치볶음,조식
2025-12-11(목),동그랑땡,조식
2025-12-11(목),배추김치,조식
2025-12-12(금),밥,조식
2025-12-12(금),수제비국,조식
2025-12-12(금),돼지불고기,조식
2025-12-12(금),콩나물무침,조식
2025-12-12(금),배추김치,조식
2025-12-13(토),핫도그빵,조식
2025-12-13(토),스크램블에그,조식
2025-12-13(토),시리얼,조식
2025-12-13(토),백색우유,조식
2025-12-13(토),코울슬로샐러드,조식
2025-12-14(일),밥,조식
2025-12-14(일),들깨무채국,조식
2025-12-14(일),언양식바싹불고기,조식
2025-12-14(일),두부양념장,조식
2025-12-14(일),배추김치,조식
2025-12-15(월),밥,조식
2025-12-15(월),돼지고기고추장찌개,조식
2025-12-15(월),메추리알장조림,조식
2025-12-15(월),비엔나소시지감자조림,조식
2025-12-15(월),배추김치,조식
2025-12-16(화),밥,조식
2025-12-16(화),아욱된장국,조식
2025-12-16(화),치킨너겟,조식
2025-12-16(화),연두부&양념장,조식
2025-12-16(화),배추김치,조식
2025-12-17(수),밥,조식
2025-12-17(수),닭고기육개장,조식
2025-12-17(수),부들어묵볶음,조식
2025-12-17(수),계란말이,조식
2025-12-17(수),배추김치,조식
2025-12-18(목),밥,조식
2025-12-18(목),얼큰쇠고기무국,조식
2025-12-18(목),스팸튀김,조식
2025-12-18(목),미역초무침,조식
2025-12-18(목),배추김치,조식
2025-12-19(금),밥,조식
2025-12-19(금),순두부찌개,조식
2025-12-19(금),쇠고기감자조림,조식
2025-12-19(금),무나물,조식
2025-12-19(금),배추김치,조식
2025-12-20(토),불고기버거,조식
2025-12-20(토),계란후라이,조식
2025-12-20(토),백색우유,조식
2025-12-20(토),시리얼,조식
2025-12-20(토),고구마샐러드,조식
2025-12-21(일),밥,조식
2025-12-21(일),두부된장찌개,조식
2025-12-21(일),새송이버섯야채볶음,조식
2025-12-21(일),순살안동찜닭,조식
2025-12-21(일),배추김치,조식
2025-12-22(월),밥,조식
2025-12-22(월),콩나물국,조식
2025-12-22(월),맛밤송송함박스테이크,조식
2025-12-22(월),연두부&양념장,조식
2025-12-22(월),배추김치,조식
2025-12-23(화),밥,조식
2025-12-23(화),사골우거지국,조식
2025-12-23(화),비엔나소시지케찹볶음,조식
2025-12-23(화),호박새우볶음,조식
2025-12-23(화),배추김치,조식
2025-12-24(수),밥,조식
2025-12-24(수),황태채국,조식
2025-12-24(수),투움바함박스테이크,조식
2025-12-24(수),브로콜리&초고추장,조식
2025-04-06(일),소고기꽈리고추조림,조식
2025-04-06(일),배추김치,조식
2025-04-07(월),밥,조식
2025-04-07(월),닭고기육개장,조식
2025-04-07(월),언양식바싹불고기,조식
2025-04-07(월),상추겉절이,조식
2025-04-07(월),백색우유,조식
2025-04-07(월),깍두기,조식
2025-04-08(화),밥,조식
2025-04-08(화),어묵탕,조식
2025-04-08(화),애호박나물,조식
2025-04-08(화),돼지고기무볶음,조식
2025-04-08(화),김,조식
2025-04-08(화),배추김치,조식
2025-04-09(수),밥,조식
2025-04-09(수),황태해장국,조식
2025-04-09(수),닭간장소스찜,조식
2025-04-09(수),메추리알장조림,조식
2025-04-09(수),배추김치,조식
2025-04-10(목),밥,조식
2025-04-10(목),들깨무채국,조식
2025-04-10(목),비엔나소시지케찹볶음,조식
2025-04-10(목),계란장조림,조식
2025-04-10(목),배추김치,조식
2025-04-11(금),밥,조식
2025-04-11(금),근대된장국,조식
2025-04-11(금),치즈함박스테이크,조식
2025-04-11(금),무생채,조식
2025-04-11(금),백색우유,조식
2025-04-11(금),열무김치,조식
2025-04-12(토),핫도그빵,조식
2025-04-12(토),스크램블에그,조식
2025-04-12(토),시리얼,조식
2025-04-12(토),백색우유,조식
2025-04-12(토),오이피클,조식
2025-04-13(일),밥,조식
2025-04-13(일),감자호박국,조식
2025-04-13(일),새송이버섯야채볶음,조식
2025-04-13(일),비엔나소시지감자조림,조식
2025-04-13(일),김,조식
2025-04-13(일),배추김치,조식
2025-04-14(월),밥,조식
2025-04-14(월),쇠고기미역국,조식
2025-04-14(월),애호박나물,조식
2025-04-14(월),오삼불고기,조식
2025-04-14(월),백색우유,조식
2025-04-14(월),배추김치,조식
2025-04-15(화),밥,조식
2025-04-15(화),어묵탕,조식
2025-04-15(화),닭간장소스찜,조식
2025-04-15(화),무생채,조식
2025-04-15(화),열무김치,조식
2025-04-16(수),밥,조식
2025-04-16(수),근대된장국,조식
2025-04-16(수),언양식바싹불고기,조식
2025-04-16(수),연두부&양념장,조식
2025-04-16(수),백색우유,조식
2025-04-16(수),배추김치,조식
2025-04-17(목),밥,조식
2025-04-17(목),쇠고기무국,조식
2025-04-17(목),한입떡갈비,조식
2025-04-17(목),닭순살야채조림,조식
2025-04-17(목),배추김치,조식
2025-04-18(금),밥,조식
2025-04-18(금),닭곰탕,조식
2025-04-18(금),돼지고기부추볶음,조식
2025-04-18(금),상추겉절이,조식
2025-04-18(금),깍두기,조식
2025-04-19(토),불고기버거,조식
2025-04-19(토),계란후라이,조식
2025-04-19(토),백색우유,조식
2025-04-19(토),시리얼,조식
2025-04-19(토),가공우유,조식
2025-04-20(일),밥,조식
2025-04-20(일),시금치된장국,조식
2025-03-23(일),왕교자만두찜,중식
2025-03-23(일),풋고추된장무침,중식
2025-03-23(일),토핑형발효유,중식
2025-03-23(일),깍두기,중식
2025-03-24(월),찹쌀밥,중식
2025-03-25(월),김치찌개,중식
2025-03-26(월),돼지삼겹야채볶음,중식
2025-03-27(월),상추겉절이,중식
2025-03-28(월),깍두기,중식
2025-03-25(화),밥,중식
2025-03-25(화),계란국,중식
2025-03-25(화),버섯잡채,중식
2025-03-25(화),낙지삼겹살새우볶음,중식
2025-03-25(화),짜먹는발효유,중식
2025-03-25(화),배추김치,중식
2025-03-26(수),밥,중식
2025-03-26(수),쇠고기탕국,중식
2025-03-26(수),훈제오리볶음,중식
2025-03-26(수),부추겉절이,중식
2025-03-26(수),무쌈,중식
2025-03-26(수),배추김치,중식
2025-03-27(목),검은콩밥,중식
2025-03-27(목),닭고기육개장,중식
2025-03-27(목),마파두부,중식
2025-03-27(목),느타리버섯볶음,중식
2025-03-27(목),두유,중식
2025-03-27(목),열무김치,중식
2025-03-28(금),밥,중식
2025-03-28(금),우거지갈비탕,중식
2025-03-28(금),감자채볶음,중식
2025-03-28(금),어묵볶음,중식
2025-03-28(금),마시는발효유,중식
2025-03-28(금),배추김치,중식
2025-03-29(토),밥,중식
2025-03-29(토),얼갈이된장국,중식
2025-03-29(토),오삼불고기,중식
2025-03-29(토),닭꼬치,중식
2025-03-29(토),짜먹는발효유,중식
2025-03-29(토),깍두기,중식
2025-03-30(일),밥,중식
2025-03-30(일),계란국,중식
2025-03-30(일),감자채볶음,중식
2025-03-30(일),돼지고기자장볶음,중식
2025-03-30(일),배추김치,중식
2025-03-31(월),밥,중식
2025-03-31(월),맑은홍합탕,중식
2025-03-31(월),닭고기야채조림,중식
2025-03-31(월),무생채,중식
2025-03-31(월),배추김치,중식
2025-04-01(화),현미밥,중식
2025-04-01(화),참치김치찌개,중식
2025-04-01(화),새송이버섯야채볶음,중식
2025-04-01(화),비엔나메추리알조림,중식
2025-04-01(화),깍두기,중식
2025-04-02(수),밥,중식
2025-04-02(수),차돌박이된장찌개,중식
2025-04-02(수),돼지고기청경채볶음,중식
2025-04-02(수),시금치무침,중식
2025-04-02(수),배추김치,중식
2025-04-03(목),밥,중식
2025-04-03(목),쇠고기탕국,중식
2025-04-03(목),가지볶음,중식
2025-04-03(목),닭순살김치볶음,중식
2025-04-03(목),배추김치,중식
2025-04-04(금),밥,중식
2025-04-04(금),콩나물무채국,중식
2025-04-04(금),돼지불고기,중식
2025-04-04(금),풋고추된장무침,중식
2025-04-04(금),배추김치,중식
2025-04-05(토),밥,중식
2025-04-05(토),사골곰탕,중식
2025-04-05(토),고기만두찜,중식
2025-04-05(토),오징어젓무침,중식
2025-04-05(토),깍두기,중식
2025-04-06(일),밥,중식
2025-04-06(일),콩나물국,중식
2025-04-06(일),간장돼지불고기,중식
2025-03-09(일),간장돼지불고기,중식
2025-03-09(일),오이무침,중식
2025-03-09(일),이온음료,중식
2025-03-09(일),배추김치,중식
2025-03-10(월),밀쌀밥,중식
2025-03-10(월),감자고추장찌개,중식
2025-03-10(월),김자반,중식
2025-03-10(월),닭바베큐소스조림,중식
2025-03-10(월),무나물,중식
2025-03-10(월),백색우유,중식
2025-03-10(월),배추김치,중식
2025-03-11(화),밥,중식
2025-03-11(화),순두부백탕,중식
2025-03-11(화),돼지불고기,중식
2025-03-11(화),풋고추된장무침,중식
2025-03-11(화),깍두기,중식
2025-03-12(수),밥,중식
2025-03-12(수),돼지고기애호박찌개,중식
2025-03-12(수),김말이튀김,중식
2025-03-12(수),오이부추무침,중식
2025-03-12(수),배추김치,중식
2025-03-13(목),잡곡밥,중식
2025-03-13(목),얼큰수제비국,중식
2025-03-13(목),닭순살야채조림,중식
2025-03-13(목),시금치무침,중식
2025-03-13(목),짜먹는발효유,중식
2025-03-13(목),배추김치,중식
2025-03-14(금),현미밥,중식
2025-03-14(금),쇠고기미역국,중식
2025-03-14(금),피자오믈렛,중식
2025-03-14(금),가리비야채무침,중식
2025-03-14(금),마시는발효유,중식
2025-03-14(금),열무김치,중식
2025-03-15(토),밥,중식
2025-03-15(토),참치김치찌개,중식
2025-03-15(토),닭간장소스찜,중식
2025-03-15(토),부추양파무침,중식
2025-03-15(토),깍두기,중식
2025-03-16(일),밥,중식
2025-03-16(일),호박된장찌개,중식
2025-03-16(일),소불고기,중식
2025-03-16(일),오징어채무침,중식
2025-03-16(일),백색우유,중식
2025-03-16(일),열무김치,중식
2025-03-17(월),밥,중식
2025-03-17(월),계란국,중식
2025-03-17(월),오리불고기,중식
2025-03-17(월),흑임자드레싱,중식
2025-03-17(월),무쌈,중식
2025-03-17(월),배추김치,중식
2025-03-18(화),흑미밥,중식
2025-03-18(화),순두부찌개,중식
2025-03-18(화),오징어삼겹볶음,중식
2025-03-18(화),시금치무침,중식
2025-03-18(화),배추김치,중식
2025-03-19(수),밥,중식
2025-03-19(수),쇠고기버섯전골,중식
2025-03-19(수),사천식캐슈넛멸치볶음,중식
2025-03-19(수),콩나물잡채,중식
2025-03-19(수),백색우유,중식
2025-03-19(수),배추김치,중식
2025-03-20(목),밥,중식
2025-03-21(목),얼갈이된장국,중식
2025-03-22(목),감자채볶음,중식
2025-03-23(목),볼케이노치킨,중식
2025-03-24(목),배추김치,중식
2025-03-21(금),찹쌀밥,중식
2025-03-21(금),콩나물국,중식
2025-03-21(금),한우갈비찜,중식
2025-03-21(금),오이무침,중식
2025-03-21(금),백색우유,중식
2025-03-21(금),열무김치,중식
2025-03-22(토),삼각주먹밥,중식
2025-03-22(토),미니바베큐,중식
2025-03-22(토),감바스,중식
2025-03-22(토),가공우유,중식
2025-03-22(토),배추김치,중식
2025-03-23(일),밥,중식
2025-03-23(일),순대국밥,중식
2025-02-25(화),버섯잡채,중식
2025-02-25(화),닭순살야채조림,중식
2025-02-25(화),배추김치,중식
2025-02-26(수),밥,중식
2025-02-26(수),닭고기육개장,중식
2025-02-26(수),달콤돼지고기볶음,중식
2025-02-26(수),느타리버섯볶음,중식
2025-02-26(수),배추김치,중식
2025-02-27(목),찹쌀밥,중식
2025-02-27(목),순대국밥,중식
2025-02-27(목),왕교자만두찜,중식
2025-02-27(목),풋고추된장무침,중식
2025-02-27(목),토핑형발효유,중식
2025-02-27(목),깍두기,중식
2025-02-28(금),밥,중식
2025-02-28(금),한우갈비탕,중식
2025-02-28(금),김말이튀김,중식
2025-02-28(금),부추겉절이,중식
2025-02-28(금),짜먹는발효유,중식
2025-02-28(금),배추김치,중식
2024-11-28(목),열무김치,중식
2024-11-29(금),잡곡밥,중식
2024-11-29(금),쇠고기육개장,중식
2024-11-29(금),버섯잡채,중식
2024-11-29(금),브로콜리깨소금무침,중식
2024-11-29(금),탄산음료,중식
2024-11-29(금),파김치,중식
2024-11-30(토),밥,중식
2024-11-30(토),순대국밥,중식
2024-11-30(토),왕교자만두찜,중식
2024-11-30(토),풋고추된장무침,중식
2024-11-30(토),가공우유,중식
2024-11-30(토),깍두기,중식
2025-03-01(토),밥,중식
2025-03-01(토),어묵탕,중식
2025-03-01(토),닭고기야채조림,중식
2025-03-01(토),낙지젓무침,중식
2025-03-01(토),가공우유,중식
2025-03-01(토),깍두기,중식
2025-03-02(일),밥,중식
2025-03-03(일),무청시래기국,중식
2025-03-04(일),고추장돼지불고기,중식
2025-03-05(일),꽈리고추멸치볶음,중식
2025-03-06(일),배추김치,중식
2025-03-03(월),밥,중식
2025-03-03(월),순두부찌개,중식
2025-03-03(월),닭순살김치볶음,중식
2025-03-03(월),느타리버섯볶음,중식
2025-03-03(월),짜먹는발효유,중식
2025-03-03(월),열무김치,중식
2025-03-04(화),찹쌀밥,중식
2025-03-04(화),패주미역국,중식
2025-03-04(화),오삼불고기,중식
2025-03-04(화),무생채,중식
2025-03-04(화),마시는발효유,중식
2025-03-04(화),배추김치,중식
2025-03-05(수),잡곡밥,중식
2025-03-05(수),돼지고기짜글이,중식
2025-03-05(수),멸치볶음,중식
2025-03-05(수),닭순살볶음우동,중식
2025-03-05(수),열무김치,중식
2025-03-06(목),찰수수밥,중식
2025-03-06(목),감자달걀국,중식
2025-03-06(목),낙지삼겹살새우볶음,중식
2025-03-06(목),시금치무침,중식
2025-03-06(목),배추김치,중식
2025-03-07(금),현미밥,중식
2025-03-07(금),꽃게탕,중식
2025-03-07(금),돼지고기고추장볶음,중식
2025-03-07(금),콩나물무침,중식
2025-03-07(금),짜먹는발효유,중식
2025-03-07(금),열무김치,중식
2025-03-08(토),밥,중식
2025-03-08(토),바베큐폭립,중식
2025-03-08(토),가공우유,중식
2025-03-08(토),야채샐러드유자드레싱,중식
2025-03-08(토),양송이스프,중식
2025-03-08(토),배추김치,중식
2025-03-09(일),밥,중식
2025-03-09(일),순두부찌개,중식
2025-02-11(화),풋고추된장무침,중식
2025-02-11(화),토핑형발효유,중식
2025-02-11(화),깍두기,중식
2025-02-12(수),밥,중식
2025-02-12(수),감자국,중식
2025-02-12(수),훈제오리볶음,중식
2025-02-12(수),부추겉절이,중식
2025-02-12(수),마시는발효유,중식
2025-02-12(수),무쌈,중식
2025-02-12(수),배추김치,중식
2025-02-13(목),흑미밥,중식
2025-02-13(목),얼큰수제비국,중식
2025-02-13(목),닭순살야채조림,중식
2025-02-13(목),동그랑땡,중식
2025-02-13(목),두유,중식
2025-02-13(목),배추김치,중식
2025-02-14(금),현미밥,중식
2025-02-14(금),부대찌개,중식
2025-02-14(금),낙지삼겹살새우볶음,중식
2025-02-14(금),시금치무침,중식
2025-02-14(금),짜먹는발효유,중식
2025-02-14(금),열무김치,중식
2025-02-15(토),밥,중식
2025-02-15(토),순두부백탕,중식
2025-02-15(토),닭간장소스찜,중식
2025-02-15(토),상추겉절이,중식
2025-02-15(토),토핑형발효유,중식
2025-02-15(토),깍두기,중식
2025-02-16(일),밥,중식
2025-02-16(일),호박된장찌개,중식
2025-02-16(일),소불고기,중식
2025-02-16(일),오징어채무침,중식
2025-02-16(일),열무김치,중식
2025-02-17(월),밥,중식
2025-02-17(월),계란국,중식
2025-02-17(월),오리불고기,중식
2025-02-17(월),무쌈,중식
2025-02-17(월),흑임자드레싱,중식
2025-02-17(월),배추김치,중식
2025-02-18(화),찰수수밥,중식
2025-02-18(화),순두부된장국,중식
2025-02-18(화),오징어삼겹볶음,중식
2025-02-18(화),상추겉절이,중식
2025-02-18(화),배추김치,중식
2025-02-19(수),밥,중식
2025-02-19(수),쇠고기버섯전골,중식
2025-02-19(수),사천식캐슈넛멸치볶음,중식
2025-02-19(수),콩나물잡채,중식
2025-02-19(수),토핑형발효유,중식
2025-02-19(수),배추김치,중식
2025-02-20(목),밥,중식
2025-02-20(목),얼갈이된장국,중식
2025-02-20(목),감자채볶음,중식
2025-02-20(목),볼케이노치킨,중식
2025-02-20(목),배추김치,중식
2025-02-21(금),찹쌀밥,중식
2025-02-21(금),꼬리곰탕,중식
2025-02-21(금),고기만두찜,중식
2025-02-21(금),낙지젓무침,중식
2025-02-21(금),백색우유,중식
2025-02-21(금),깍두기,중식
2025-02-22(토),삼각주먹밥,중식
2025-02-22(토),바베큐폭립,중식
2025-02-22(토),감바스,중식
2025-02-22(토),배추김치,중식
2025-02-23(일),밥,중식
2025-02-23(일),얼갈이된장국,중식
2025-02-23(일),낙지삼겹살새우볶음,중식
2025-02-23(일),닭꼬치,중식
2025-02-23(일),깍두기,중식
2025-02-24(월),잡곡밥,중식
2025-02-24(월),김치찌개,중식
2025-02-24(월),오징어볶음,중식
2025-02-24(월),상추겉절이,중식
2025-02-24(월),짜먹는발효유,중식
2025-02-24(월),깍두기,중식
2025-02-25(화),밥,중식
2025-02-25(화),두부된장찌개,중식
2025-01-28(화),꼬리곰탕,중식
2025-01-28(화),버섯잡채,중식
2025-01-28(화),등갈비김치찜,중식
2025-01-28(화),샤인머스켓,중식
2025-01-28(화),배추김치,중식
2025-01-29(수),밥,중식
2025-01-29(수),닭장각전복삼계탕,중식
2025-01-29(수),김말이튀김,중식
2025-01-29(수),마시는발효유,중식
2025-01-29(수),깍두기,중식
2025-01-30(목),밥,중식
2025-01-30(목),시금치된장국,중식
2025-01-30(목),감자채볶음,중식
2025-01-30(목),치즈함박스테이크,중식
2025-01-30(목),짜먹는발효유,중식
2025-01-30(목),열무김치,중식
2025-01-31(금),흑미밥,중식
2025-01-31(금),닭고기육개장,중식
2025-01-31(금),참치김치볶음,중식
2025-01-31(금),부추겉절이,중식
2025-01-31(금),배추김치,중식
2025-02-01(토),밥,중식
2025-02-01(토),콩나물김치국,중식
2025-02-01(토),닭고기야채조림,중식
2025-02-01(토),낙지젓무침,중식
2025-02-01(토),깍두기,중식
2025-02-02(일),밥,중식
2025-02-02(일),콩나물국,중식
2025-02-02(일),고추장돼지불고기,중식
2025-02-02(일),꽈리고추멸치볶음,중식
2025-02-02(일),배추김치,중식
2025-02-03(월),찹쌀밥,중식
2025-02-03(월),차돌박이된장찌개,중식
2025-02-03(월),느타리버섯볶음,중식
2025-02-03(월),닭순살김치볶음,중식
2025-02-03(월),백색우유,중식
2025-02-03(월),열무김치,중식
2025-02-04(화),흑미밥,중식
2025-02-04(화),오징어국,중식
2025-02-04(화),언양식바싹불고기,중식
2025-02-04(화),콩나물무침,중식
2025-02-04(화),짜먹는발효유,중식
2025-02-04(화),배추김치,중식
2025-02-05(수),잡곡밥,중식
2025-02-05(수),부대찌개,중식
2025-02-05(수),닭순살야채조림,중식
2025-02-05(수),봄동겉절이,중식
2025-02-05(수),백색우유,중식
2025-02-05(수),깍두기,중식
2025-02-06(목),검은콩밥,중식
2025-02-06(목),닭고기육개장,중식
2025-02-06(목),돼지삼겹야채볶음,중식
2025-02-06(목),부추겉절이,중식
2025-02-06(목),배추김치,중식
2025-02-07(금),밥,중식
2025-02-07(금),콩나물김치국,중식
2025-02-07(금),돼지고기고추장볶음,중식
2025-02-07(금),멸치볶음,중식
2025-02-07(금),열무김치,중식
2025-02-08(토),밥1,중식
2025-02-08(토),브로콜리크림스프,중식
2025-02-08(토),미니바베큐,중식
2025-02-08(토),오이피클,중식
2025-02-08(토),배추김치,중식
2025-02-09(일),밥,중식
2025-02-09(일),오징어국,중식
2025-02-09(일),간장돼지불고기,중식
2025-02-09(일),브로콜리깨소금무침,중식
2025-02-09(일),백색우유,중식
2025-02-09(일),배추김치,중식
2025-02-10(월),밀쌀밥,중식
2025-02-10(월),감자고추장찌개,중식
2025-02-10(월),김자반,중식
2025-02-10(월),닭바베큐소스조림,중식
2025-02-10(월),부추양파무침,중식
2025-02-10(월),배추김치,중식
2025-02-11(화),밥,중식
2025-02-11(화),참치김치찌개,중식
2025-02-11(화),돼지불고기,중식
2025-01-14(화),감자국,중식
2025-01-14(화),훈제오리볶음,중식
2025-01-14(화),부추겉절이,중식
2025-01-14(화),무쌈,중식
2025-01-14(화),배추김치,중식
2025-01-15(수),찹쌀밥,중식
2025-01-15(수),꼬리곰탕,중식
2025-01-15(수),닭순살야채조림,중식
2025-01-15(수),상추겉절이,중식
2025-01-15(수),배추김치,중식
2025-01-16(목),현미밥,중식
2025-01-16(목),얼큰수제비국,중식
2025-01-16(목),달콤돼지고기볶음,중식
2025-01-16(목),동그랑땡,중식
2025-01-16(목),열무김치,중식
2025-01-17(금),검은콩밥,중식
2025-01-17(금),부대찌개,중식
2025-01-17(금),낙지삼겹살새우볶음,중식
2025-01-17(금),부추양파무침,중식
2025-01-17(금),토핑형발효유,중식
2025-01-17(금),깍두기,중식
2025-01-18(토),밥,중식
2025-01-18(토),닭고기미역국,중식
2025-01-18(토),돼지불고기,중식
2025-01-18(토),콩나물매운무침,중식
2025-01-18(토),가공우유,중식
2025-01-18(토),배추김치,중식
2025-01-19(일),밥,중식
2025-01-19(일),호박된장찌개,중식
2025-01-19(일),소불고기,중식
2025-01-19(일),오징어채무침,중식
2025-01-19(일),열무김치,중식
2025-01-20(월),밥,중식
2025-01-20(월),두부된장찌개,중식
2025-01-20(월),오리불고기,중식
2025-01-20(월),무쌈,중식
2025-01-20(월),흑임자드레싱,중식
2025-01-20(월),배추김치,중식
2025-01-21(화),찰수수밥,중식
2025-01-21(화),순두부된장국,중식
2025-01-21(화),오징어삼겹볶음,중식
2025-01-21(화),상추겉절이,중식
2025-01-21(화),토핑형발효유,중식
2025-01-21(화),배추김치,중식
2025-01-22(수),밥,중식
2025-01-22(수),쇠고기버섯전골,중식
2025-01-22(수),사천식캐슈넛멸치볶음,중식
2025-01-22(수),콩나물잡채,중식
2025-01-22(수),백색우유,중식
2025-01-22(수),배추김치,중식
2025-01-23(목),밥,중식
2025-01-23(목),얼갈이된장국,중식
2025-01-23(목),감자채볶음,중식
2025-01-23(목),볼케이노치킨,중식
2025-01-23(목),백색우유,중식
2025-01-23(목),배추김치,중식
2025-01-24(금),찹쌀밥,중식
2025-01-24(금),사골곰탕,중식
2025-01-24(금),고기만두찜,중식
2025-01-24(금),낙지젓무침,중식
2025-01-24(금),이온음료,중식
2025-01-24(금),깍두기,중식
2025-01-25(토),삼각주먹밥,중식
2025-01-25(토),우동국1,중식
2025-01-25(토),바베큐폭립,중식
2025-01-25(토),배추김치,중식
2025-01-26(일),밥,중식
2025-01-26(일),김치찌개,중식
2025-01-26(일),낙지삼겹살새우볶음,중식
2025-01-26(일),시금치무침,중식
2025-01-26(일),깍두기,중식
2025-01-27(월),잡곡밥,중식
2025-01-27(월),얼갈이된장국,중식
2025-01-27(월),오징어볶음,중식
2025-01-27(월),애호박나물,중식
2025-01-27(월),백색우유,중식
2025-01-27(월),배추김치,중식
2025-01-28(화),밥,중식
2024-12-30(월),배추김치,중식
2024-12-31(화),찹쌀밥,중식
2024-12-31(화),차돌박이된장찌개,중식
2024-12-31(화),돼지고기무볶음,중식
2024-12-31(화),오이무침,중식
2024-12-31(화),샤인머스켓,중식
2024-12-31(화),깍두기,중식
2025-01-01(수),밥,중식
2025-01-01(수),황태채국,중식
2025-01-01(수),애호박나물,중식
2025-01-01(수),주꾸미볶음,중식
2025-01-01(수),백색우유,중식
2025-01-01(수),배추김치,중식
2025-01-02(목),찹쌀밥,중식
2025-01-02(목),참치 고추장찌개,중식
2025-01-02(목),닭순살김치볶음,중식
2025-01-02(목),느타리버섯볶음,중식
2025-01-02(목),짜먹는발효유,중식
2025-01-02(목),열무김치,중식
2025-01-03(금),흑미밥,중식
2025-01-03(금),오징어국,중식
2025-01-03(금),언양식바싹불고기,중식
2025-01-03(금),봄동겉절이,중식
2025-01-03(금),마시는발효유,중식
2025-01-03(금),배추김치,중식
2025-01-04(토),밥,중식
2025-01-04(토),콩나물김치국,중식
2025-01-04(토),닭고기야채조림,중식
2025-01-04(토),양념새우살장,중식
2025-01-04(토),가공우유,중식
2025-01-04(토),깍두기,중식
2025-01-05(일),밥,중식
2025-01-05(일),콩나물국,중식
2025-01-05(일),꽈리고추멸치볶음,중식
2025-01-05(일),고추장돼지불고기,중식
2025-01-05(일),짜먹는발효유,중식
2025-01-05(일),배추김치,중식
2025-01-06(월),밥,중식
2025-01-06(월),순두부백탕,중식
2025-01-06(월),닭간장소스찜,중식
2025-01-06(월),시금치무침,중식
2025-01-06(월),토핑형발효유,중식
2025-01-06(월),깍두기,중식
2025-01-07(화),밥,중식
2025-01-07(화),콩나물김치국,중식
2025-01-07(화),멸치볶음,중식
2025-01-07(화),돼지고기고추장볶음,중식
2025-01-07(화),백색우유,중식
2025-01-07(화),열무김치,중식
2025-01-08(수),잡곡밥,중식
2025-01-08(수),부대찌개,중식
2025-01-08(수),닭순살야채조림,중식
2025-01-08(수),브로콜리깨소금무침,중식
2025-01-08(수),깍두기,중식
2025-01-09(목),밀쌀밥,중식
2025-01-09(목),감자고추장찌개,중식
2025-01-09(목),돼지고기부추볶음,중식
2025-01-09(목),김자반,중식
2025-01-09(목),부추양파무침,중식
2025-01-09(목),배추김치,중식
2025-01-10(금),밥,중식
2025-01-10(금),돼지고기김치찌개,중식
2025-01-10(금),닭바베큐소스조림,중식
2025-01-10(금),풋고추된장무침,중식
2025-01-10(금),깍두기,중식
2025-01-11(토),밥,중식
2025-01-11(토),황태해장국,중식
2025-01-11(토),닭순살볶음우동,중식
2025-01-11(토),애호박나물,중식
2025-01-11(토),깍두기,중식
2025-01-12(일),밥,중식
2025-01-12(일),오징어국,중식
2025-01-12(일),간장돼지불고기,중식
2025-01-12(일),브로콜리깨소금무침,중식
2025-01-12(일),백색우유,중식
2025-01-12(일),배추김치,중식
2025-01-13(월),투움바파스타,중식
2025-01-13(월),밥1,중식
2025-01-13(월),게살크래미주먹밥,중식
2025-01-13(월),무&비트피클,중식
2025-01-13(월),배추김치,중식
2025-01-14(화),밥,중식
2024-12-15(일),배추김치,중식
2024-12-16(월),밥,중식
2024-12-16(월),홍합탕,중식
2024-12-16(월),돼지고기부추볶음,중식
2024-12-16(월),브로콜리깨소금무침,중식
2024-12-16(월),배추김치,중식
2024-12-17(화),밥,중식
2024-12-17(화),시금치된장국,중식
2024-12-17(화),닭순살김치볶음,중식
2024-12-17(화),무생채,중식
2024-12-17(화),열무김치,중식
2024-12-18(수),잡곡밥,중식
2024-12-18(수),쇠고기육개장,중식
2024-12-18(수),호박새우볶음,중식
2024-12-18(수),김말이튀김,중식
2024-12-18(수),마시는발효유,중식
2024-12-18(수),배추김치,중식
2024-12-19(목),찹쌀밥,중식
2024-12-19(목),꼬리곰탕,중식
2024-12-19(목),왕교자만두찜,중식
2024-12-19(목),오징어젓무침,중식
2024-12-19(목),짜먹는발효유,중식
2024-12-19(목),깍두기,중식
2024-12-20(금),밥,중식
2024-12-20(금),참치김치찌개,중식
2024-12-20(금),오리불고기,중식
2024-12-20(금),흑임자드레싱,중식
2024-12-20(금),무쌈,중식
2024-12-20(금),열무김치,중식
2024-12-21(토),밥,중식
2024-12-21(토),순두부백탕,중식
2024-12-21(토),닭간장소스찜,중식
2024-12-21(토),시금치무침,중식
2024-12-21(토),배추김치,중식
2024-12-22(일),밥,중식
2024-12-22(일),감자국,중식
2024-12-22(일),간장돼지불고기,중식
2024-12-22(일),부추겉절이,중식
2024-12-22(일),백색우유,중식
2024-12-22(일),배추김치,중식
2024-12-23(월),밥,중식
2024-12-23(월),순대국밥,중식
2024-12-23(월),김밥튀김,중식
2024-12-23(월),풋고추된장무침,중식
2024-12-23(월),백색우유,중식
2024-12-23(월),깍두기,중식
2024-12-24(화),현미밥,중식
2024-12-24(화),팽이버섯된장국,중식
2024-12-24(화),마파두부,중식
2024-12-24(화),사천식캐슈넛멸치볶음,중식
2024-12-24(화),배추김치,중식
2024-12-25(수),비빔밥,중식
2024-12-25(수),두부된장찌개,중식
2024-12-25(수),김말이튀김,중식
2024-12-25(수),열무김치,중식
2024-12-26(목),밥,중식
2024-12-26(목),어묵탕,중식
2024-12-26(목),왕만두찜,중식
2024-12-26(목),브로콜리깨소금무침,중식
2024-12-26(목),백색우유,중식
2024-12-26(목),배추김치,중식
2024-12-27(금),흑미밥,중식
2024-12-27(금),호박된장찌개,중식
2024-12-27(금),주꾸미볶음,중식
2024-12-27(금),부추양파무침,중식
2024-12-27(금),깍두기,중식
2024-12-28(토),밥,중식
2024-12-28(토),돼지고기애호박찌개,중식
2024-12-28(토),닭순살야채조림,중식
2024-12-28(토),양배추샐러드,중식
2024-12-28(토),사과,중식
2024-12-28(토),깍두기,중식
2024-12-29(일),밥,중식
2024-12-29(일),닭볶음탕,중식
2024-12-29(일),감자국,중식
2024-12-29(일),멸치볶음,중식
2024-12-29(일),김자반,중식
2024-12-29(일),배추김치,중식
2024-12-30(월),검은콩밥,중식
2024-12-30(월),순두부된장국,중식
2024-12-30(월),낙지삼겹살새우볶음,중식
2024-12-30(월),무생채,중식
2024-12-01(일),부대찌개,중식
2024-12-01(일),애호박나물,중식
2024-12-01(일),간장돼지불고기,중식
2024-12-01(일),배추김치,중식
2024-12-02(월),현미밥,중식
2024-12-02(월),오징어국,중식
2024-12-02(월),감자채볶음,중식
2024-12-02(월),닭순살야채조림,중식
2024-12-02(월),열무김치,중식
2024-12-03(화),찹쌀밥,중식
2024-12-03(화),꼬리곰탕,중식
2024-12-03(화),고기만두찜,중식
2024-12-03(화),오징어젓무침,중식
2024-12-03(화),토핑형발효유,중식
2024-12-03(화),깍두기,중식
2024-12-04(수),밥,중식
2024-12-04(수),홍합탕,중식
2024-12-04(수),참치김치볶음,중식
2024-12-04(수),연두부&양념장,중식
2024-12-04(수),배추김치,중식
2024-12-05(목),찰수수밥,중식
2024-12-05(목),콩나물김치국,중식
2024-12-05(목),돼지불고기,중식
2024-12-05(목),부추양파무침,중식
2024-12-05(목),백색우유,중식
2024-12-05(목),열무김치,중식
2024-12-06(금),잡곡밥,중식
2024-12-06(금),참치 고추장찌개,중식
2024-12-06(금),고추잡채,중식
2024-12-06(금),봄동겉절이,중식
2024-12-06(금),깍두기,중식
2024-12-07(토),밥,중식
2024-12-07(토),콩나물무채국,중식
2024-12-07(토),돼지고기고추장볶음,중식
2024-12-07(토),김자반,중식
2024-12-07(토),낙지젓무침,중식
2024-12-07(토),열무김치,중식
2024-12-08(일),밥,중식
2024-12-08(일),감자국,중식
2024-12-08(일),고추장돼지불고기,중식
2024-12-08(일),상추겉절이,중식
2024-12-08(일),배추김치,중식
2024-12-09(월),밥,중식
2024-12-09(월),마라탕,중식
2024-12-09(월),콩나물잡채,중식
2024-12-09(월),계란찜,중식
2024-12-09(월),짜먹는발효유,중식
2024-12-09(월),배추김치,중식
2024-12-10(화),흑미밥,중식
2024-12-10(화),짬뽕순두부,중식
2024-12-10(화),명태순살칠리볶음,중식
2024-12-10(화),닭간장소스찜,중식
2024-12-10(화),배추김치,중식
2024-12-11(수),찹쌀밥,중식
2024-12-11(수),아귀탕,중식
2024-12-11(수),돼지고기고추장볶음,중식
2024-12-11(수),무생채,중식
2024-12-11(수),마시는발효유,중식
2024-12-11(수),배추김치,중식
2024-12-12(목),밥,중식
2024-12-12(목),순두부백탕,중식
2024-12-12(목),볼케이노치킨,중식
2024-12-12(목),시금치무침,중식
2024-12-12(목),배추김치,중식
2024-12-13(금),밥,중식
2024-12-13(금),사골우거지국,중식
2024-12-13(금),훈제오리볶음,중식
2024-12-13(금),부추겉절이,중식
2024-12-13(금),무쌈,중식
2024-12-13(금),배추김치,중식
2024-12-14(토),밥,중식
2024-12-14(토),사골곰탕,중식
2024-12-14(토),찐새우만두,중식
2024-12-14(토),낙지젓무침,중식
2024-12-14(토),가공우유,중식
2024-12-14(토),깍두기,중식
2024-12-15(일),밥,중식
2024-12-15(일),두부된장찌개,중식
2024-12-15(일),소불고기,중식
2024-12-15(일),상추겉절이,중식
2024-09-15(일),배추김치,중식
2024-09-14(토),우동국1,중식
2024-09-14(토),찹스테이크,중식
2024-09-14(토),배추김치,중식
2024-09-15(일),밥,중식
2024-09-01(일),밥,중식
2024-09-01(일),황태채미역국,중식
2024-09-01(일),사천식캐슈넛멸치볶음,중식
2024-09-01(일),고추장돼지불고기,중식
2024-09-01(일),배추김치,중식
2024-09-02(월),현미밥,중식
2024-09-02(월),콩나물국,중식
2024-09-02(월),주꾸미볶음,중식
2024-09-02(월),어묵볶음,중식
2024-09-02(월),김자반,중식
2024-09-02(월),배추김치,중식
2024-09-03(화),흑미밥,중식
2024-09-03(화),돼지고기애호박찌개,중식
2024-09-03(화),옥수수계란찜,중식
2024-09-03(화),청경채무침,중식
2024-09-03(화),깍두기,중식
2024-09-04(수),밥,중식
2024-09-04(수),차돌박이된장찌개,중식
2024-09-04(수),감자채볶음,중식
2024-09-04(수),순살고등어구이,중식
2024-09-04(수),배추김치,중식
2024-09-05(목),밥,중식
2024-09-05(목),쇠고기미역국,중식
2024-09-05(목),돼지불고기,중식
2024-09-05(목),콩나물무침,중식
2024-09-05(목),백김치,중식
2024-09-06(금),찹쌀밥,중식
2024-09-06(금),사골곰탕,중식
2024-09-06(금),왕만두찜,중식
2024-09-06(금),낙지젓무침,중식
2024-09-06(금),깍두기,중식
2024-09-07(토),밥,중식
2024-09-07(토),등뼈감자탕,중식
2024-09-07(토),언양식바싹불고기,중식
2024-09-07(토),풋고추된장무침,중식
2024-09-07(토),깍두기,중식
2024-09-08(일),밥,중식
2024-09-08(일),콩나물김치국,중식
2024-09-08(일),간장돼지불고기,중식
2024-09-08(일),감자채볶음,중식
2024-09-08(일),열무김치,중식
2024-09-09(월),흑미밥,중식
2024-09-09(월),햄감자찌개,중식
2024-09-09(월),낙지삼겹살새우볶음,중식
2024-09-09(월),무생채,중식
2024-09-09(월),배추김치,중식
2024-09-10(화),찰수수밥,중식
2024-09-10(화),쇠고기버섯전골,중식
2024-09-10(화),삼치순살튀김,중식
2024-09-10(화),미트볼조림,중식
2024-09-10(화),열무김치,중식
2024-09-11(수),밀쌀밥,중식
2024-09-11(수),두부된장찌개,중식
2024-09-11(수),돼지고기고추장볶음,중식
2024-09-11(수),애호박나물,중식
2024-09-11(수),김자반,중식
2024-09-11(수),배추김치,중식
2024-09-12(목),밥,중식
2024-09-12(목),닭볶음탕,중식
2024-09-12(목),부대찌개,중식
2024-09-12(목),무나물,중식
2024-09-12(목),배추김치,중식
2024-09-13(금),찹쌀밥,중식
2024-09-13(금),꼬리곰탕,중식
2024-09-13(금),찐새우만두,중식
2024-09-13(금),오징어젓무침,중식
2024-09-13(금),깍두기,중식
2024-09-14(토),게살크래미주먹밥,중식
2024-12-01(일),밥,중식
2024-10-11(금),미소장국,중식
2024-10-11(금),닭장각구이,중식
2024-10-11(금),참치샐러드,중식
2024-10-11(금),오이장아찌,중식
2024-09-16(월),밥,중식
2024-09-16(월),닭곰탕,중식
2024-09-16(월),오징어볶음,중식
2024-09-16(월),김말이튀김,중식
2024-09-16(월),배추김치,중식
2024-09-17(화),밥,중식
2024-09-17(화),얼갈이된장국,중식
2024-09-17(화),가지볶음,중식
2024-09-17(화),돼지고기육전,중식
2024-09-17(화),파김치,중식
2024-09-18(수),밥,중식
2024-09-18(수),감자국,중식
2024-09-18(수),훈제오리볶음,중식
2024-09-18(수),흑임자드레싱,중식
2024-09-18(수),무쌈,중식
2024-09-18(수),배추김치,중식
2024-09-19(목),찹쌀밥,중식
2024-09-19(목),순대국밥,중식
2024-09-19(목),왕교자만두찜,중식
2024-09-19(목),풋고추된장무침,중식
2024-09-19(목),깍두기,중식
2024-09-20(금),밥,중식
2024-09-20(금),계란국,중식
2024-09-20(금),돼지삼겹야채볶음,중식
2024-09-20(금),콩나물매운무침,중식
2024-09-20(금),배추김치,중식
2024-09-21(토),밥,중식
2024-09-21(토),팽이버섯된장국,중식
2024-09-21(토),닭고기야채조림,중식
2024-09-21(토),상추겉절이,중식
2024-09-21(토),파김치,중식
2024-09-22(일),밥,중식
2024-09-22(일),감자국,중식
2024-09-22(일),반건조오징어볶음,중식
2024-09-22(일),고추장돼지불고기,중식
2024-09-22(일),백김치,중식
2024-09-23(월),밥,중식
2024-09-23(월),얼큰수제비국,중식
2024-09-23(월),명태순살칠리볶음,중식
2024-09-23(월),콩나물잡채,중식
2024-09-23(월),김말이튀김,중식
2024-09-23(월),배추김치,중식
2024-09-24(화),현미밥,중식
2024-09-24(화),쇠고기무국,중식
2024-09-24(화),오징어삼겹볶음,중식
2024-09-24(화),계란찜,중식
2024-09-24(화),배추김치,중식
2024-09-25(수),밥,중식
2024-09-25(수),순두부된장국,중식
2024-09-25(수),오리불고기,중식
2024-09-25(수),부추겉절이,중식
2024-09-25(수),무쌈,중식
2024-09-25(수),배추김치,중식
2024-09-26(목),찹쌀밥,중식
2024-09-26(목),꼬리곰탕,중식
2024-09-26(목),고기만두찜,중식
2024-09-26(목),오징어젓무침,중식
2024-09-26(목),깍두기,중식
2024-09-27(금),잡곡밥,중식
2024-09-27(금),김치찌개,중식
2024-09-27(금),낙지삼겹살새우볶음,중식
2024-09-27(금),무생채,중식
2024-09-27(금),열무김치,중식
2024-09-28(토),밥,중식
2024-09-28(토),콩나물김치국,중식
2024-09-15(일),감자국,중식
2024-09-15(일),소불고기,중식
2024-09-15(일),멸치볶음,중식
2024-10-23(수),백색우유,중식
2024-10-23(수),배추김치,중식
2024-10-24(목),밥,중식
2024-10-24(목),근대된장국,중식
2024-10-24(목),감자채볶음,중식
2024-10-24(목),볼케이노치킨,중식
2024-10-24(목),두유,중식
2024-10-24(목),배추김치,중식
2024-10-25(금),밥,중식
2024-10-25(금),닭고기미역국,중식
2024-09-28(토),닭순살볶음우동,중식
2024-09-28(토),애호박나물,중식
2024-09-28(토),깍두기,중식
2024-09-29(일),밥,중식
2024-09-29(일),콩나물국,중식
2024-09-29(일),간장돼지불고기,중식
2024-09-29(일),닭꼬치,중식
2024-09-29(일),열무김치,중식
2024-09-30(월),삼각주먹밥,중식
2024-09-30(월),투움바파스타,중식
2024-09-30(월),무&비트피클,중식
2024-09-30(월),배추김치,중식
2024-10-01(화),쇠고기떡국,중식
2024-10-01(화),어묵볶음,중식
2024-10-01(화),왕만두찜,중식
2024-10-01(화),샤인머스켓,중식
2024-10-01(화),갓김치1,중식
2024-10-02(수),찹쌀밥,중식
2024-10-02(수),닭곰탕,중식
2024-10-02(수),돼지고기육전,중식
2024-10-02(수),낙지젓무침,중식
2024-10-02(수),백색우유,중식
2024-10-02(수),깍두기,중식
2024-10-03(목),밥,중식
2024-10-03(목),차돌박이된장찌개,중식
2024-10-03(목),감자채볶음,중식
2024-10-03(목),순살고등어구이,중식
2024-10-03(목),이온음료,중식
2024-10-03(목),깍두기,중식
2024-10-04(금),흑미밥,중식
2024-10-04(금),돼지고기애호박찌개,중식
2024-10-04(금),언양식바싹불고기,중식
2024-10-04(금),풋고추된장무침,중식
2024-10-04(금),배추김치,중식
2024-10-05(토),밥,중식
2024-10-05(토),쇠고기미역국,중식
2024-10-05(토),돼지불고기,중식
2024-10-05(토),콩나물무침,중식
2024-10-05(토),배추김치,중식
2024-10-06(일),밥,중식
2024-10-06(일),콩나물국,중식
2024-10-06(일),사천식캐슈넛멸치볶음,중식
2024-10-06(일),소불고기,중식
2024-10-06(일),배추김치,중식
2024-10-07(월),흑미밥,중식
2024-10-07(월),햄감자찌개,중식
2024-10-07(월),오징어볶음,중식
2024-10-07(월),한입떡갈비,중식
2024-10-07(월),백색우유,중식
2024-10-07(월),배추김치,중식
2024-10-08(화),밀쌀밥,중식
2024-10-08(화),두부된장찌개,중식
2024-10-08(화),돼지고기고추장볶음,중식
2024-10-08(화),김자반,중식
2024-10-08(화),배추나물,중식
2024-10-08(화),깍두기,중식
2024-10-09(수),찰수수밥,중식
2024-10-09(수),쇠고기버섯전골,중식
2024-10-09(수),닭볶음탕,중식
2024-10-09(수),무나물,중식
2024-10-09(수),백색우유,중식
2024-10-09(수),파김치,중식
2024-10-10(목),찹쌀밥,중식
2024-10-10(목),꼬리곰탕,중식
2024-10-10(목),찐새우만두,중식
2024-10-10(목),오징어젓무침,중식
2024-10-10(목),깍두기,중식
2024-10-11(금),밥,중식
2024-10-05(토),쇠고기미역국,중식
2024-10-05(토),돼지불고기,중식
2024-10-05(토),콩나물무침,중식
2024-10-05(토),배추김치,중식
2024-10-06(일),밥,중식
2024-10-06(일),콩나물국,중식
2024-10-06(일),사천식캐슈넛멸치볶음,중식
2024-10-06(일),소불고기,중식
2024-10-06(일),배추김치,중식
2024-10-07(월),흑미밥,중식
2024-10-07(월),햄감자찌개,중식
2024-10-07(월),오징어볶음,중식
2024-10-07(월),한입떡갈비,중식
2024-10-07(월),백색우유,중식
2024-10-12(토),게살크래미주먹밥,중식
2024-10-12(토),우동국1,중식
2024-10-12(토),바베큐폭립,중식
2024-10-12(토),가공우유,중식
2024-10-12(토),배추김치,중식
2024-10-13(일),밥,중식
2024-10-13(일),황태채미역국,중식
2024-10-13(일),멸치볶음,중식
2024-10-13(일),고추장돼지불고기,중식
2024-10-13(일),배추김치,중식
2024-10-14(월),찹쌀밥,중식
2024-10-14(월),쇠고기육개장,중식
2024-10-14(월),갑오징어야채볶음,중식
2024-10-14(월),닭꼬치,중식
2024-10-14(월),배추김치,중식
2024-10-15(화),밥,중식
2024-10-15(화),감자국,중식
2024-10-15(화),훈제오리볶음,중식
2024-10-15(화),무쌈,중식
2024-10-15(화),흑임자드레싱,중식
2024-10-15(화),배추김치,중식
2024-10-16(수),밥,중식
2024-10-16(수),배추된장국,중식
2024-10-16(수),닭고기야채조림,중식
2024-10-16(수),상추겉절이,중식
2024-10-16(수),갓김치1,중식
2024-10-17(목),밥,중식
2024-10-17(목),시금치된장국,중식
2024-10-17(목),가지볶음,중식
2024-10-17(목),등갈비김치찜,중식
2024-10-17(목),파김치,중식
2024-10-18(금),검은콩밥,중식
2024-10-18(금),부대찌개,중식
2024-10-18(금),낙지삼겹살새우볶음,중식
2024-10-18(금),콩나물무침,중식
2024-10-18(금),백색우유,중식
2024-10-18(금),배추김치,중식
2024-10-19(토),밥,중식
2024-10-19(토),순대국밥,중식
2024-10-19(토),왕교자만두찜,중식
2024-10-19(토),풋고추된장무침,중식
2024-10-19(토),깍두기,중식
2024-10-20(일),밥,중식
2024-10-20(일),감자국,중식
2024-10-20(일),명태순살칠리볶음,중식
2024-10-20(일),간장돼지불고기,중식
2024-10-20(일),열무김치,중식
2024-10-21(월),밥,중식
2024-10-21(월),순두부된장국,중식
2024-10-21(월),오리불고기,중식
2024-10-21(월),부추겉절이,중식
2024-10-21(월),무쌈,중식
2024-10-21(월),배추김치,중식
2024-10-22(화),현미밥,중식
2024-10-22(화),꼬리곰탕,중식
2024-10-22(화),오징어삼겹볶음,중식
2024-10-22(화),상추겉절이,중식
2024-10-22(화),백색우유,중식
2024-10-22(화),깍두기,중식
2024-10-23(수),밥,중식
2024-10-23(수),얼큰수제비국,중식
2024-10-23(수),콩나물잡채,중식
2024-10-23(수),닭꼬치,중식
2024-10-18(금),검은콩밥,중식
2024-10-18(금),부대찌개,중식
2024-10-18(금),낙지삼겹살새우볶음,중식
2024-10-18(금),콩나물무침,중식
2024-10-18(금),백색우유,중식
2024-10-18(금),배추김치,중식
2024-10-19(토),밥,중식
2024-10-19(토),순대국밥,중식
2024-10-19(토),왕교자만두찜,중식
2024-10-19(토),풋고추된장무침,중식
2024-10-19(토),깍두기,중식
2024-10-20(일),밥,중식
2024-10-20(일),감자국,중식
2024-10-20(일),명태순살칠리볶음,중식
2024-10-20(일),간장돼지불고기,중식
2024-10-20(일),열무김치,중식
2024-10-21(월),밥,중식
2024-10-21(월),순두부된장국,중식
2024-10-21(월),오리불고기,중식
2024-10-25(금),돼지삼겹야채볶음,중식
2024-10-25(금),오이무침,중식
2024-10-25(금),배추김치,중식
2024-10-26(토),밥,중식
2024-10-26(토),우거지갈비탕,중식
2024-10-26(토),닭순살볶음우동,중식
2024-10-26(토),애호박나물,중식
2024-10-26(토),가공우유,중식
2024-10-26(토),깍두기,중식
2024-10-27(일),밥,중식
2024-10-27(일),김치찌개,중식
2024-10-27(일),닭고기야채조림,중식
2024-10-27(일),배추나물,중식
2024-10-27(일),백색우유,중식
2024-10-27(일),갓김치1,중식
2024-10-28(월),투움바파스타,중식
2024-10-28(월),삼각주먹밥,중식
2024-10-28(월),무&비트피클,중식
2024-10-28(월),배추김치,중식
2024-10-29(화),불닭덮밥,중식
2024-10-29(화),쇠고기미역국,중식
2024-10-29(화),반건조오징어볶음,중식
2024-10-29(화),백색우유,중식
2024-10-29(화),깍두기,중식
2024-10-30(수),찹쌀밥,중식
2024-10-30(수),사골곰탕,중식
2024-10-30(수),고기만두찜,중식
2024-10-30(수),대게살장,중식
2024-10-30(수),깍두기,중식
2024-10-31(목),밥,중식
2024-10-31(목),참치김치찌개,중식
2024-10-31(목),순대야채볶음,중식
2024-10-31(목),계란찜,중식
2024-10-31(목),감귤,중식
2024-10-31(목),열무김치,중식
2024-10-01(화),쇠고기떡국,중식
2024-10-01(화),어묵볶음,중식
2024-10-01(화),왕만두찜,중식
2024-10-01(화),샤인머스켓,중식
2024-10-01(화),갓김치1,중식
2024-10-02(수),찹쌀밥,중식
2024-10-02(수),닭곰탕,중식
2024-10-02(수),돼지고기육전,중식
2024-10-02(수),낙지젓무침,중식
2024-10-02(수),백색우유,중식
2024-10-02(수),깍두기,중식
2024-10-03(목),밥,중식
2024-10-03(목),차돌박이된장찌개,중식
2024-10-03(목),감자채볶음,중식
2024-10-03(목),순살고등어구이,중식
2024-10-03(목),이온음료,중식
2024-10-03(목),깍두기,중식
2024-10-04(금),흑미밥,중식
2024-10-04(금),돼지고기애호박찌개,중식
2024-10-04(금),언양식바싹불고기,중식
2024-10-04(금),풋고추된장무침,중식
2024-10-04(금),배추김치,중식
2024-10-05(토),밥,중식
2024-10-30(수),고기만두찜,중식
2024-10-30(수),대게살장,중식
2024-10-30(수),깍두기,중식
2024-10-31(목),밥,중식
2024-10-31(목),참치김치찌개,중식
2024-10-31(목),순대야채볶음,중식
2024-10-31(목),계란찜,중식
2024-10-31(목),감귤,중식
2024-10-31(목),열무김치,중식
2024-11-01(금),쇠고기떡국,중식
2024-11-01(금),어묵볶음,중식
2024-11-01(금),돼지고기육전,중식
2024-11-01(금),짜먹는발효유,중식
2024-11-01(금),갓김치1,중식
2024-11-02(토),밥,중식
2024-11-02(토),오징어국,중식
2024-11-02(토),한우갈비찜,중식
2024-11-02(토),시금치무침,중식
2024-11-02(토),가공우유,중식
2024-11-02(토),깍두기,중식
2024-11-03(일),밥,중식
2024-11-03(일),황태채미역국,중식
2024-11-03(일),느타리버섯볶음,중식
2024-11-03(일),간장돼지불고기,중식
2024-10-07(월),배추김치,중식
2024-10-08(화),밀쌀밥,중식
2024-10-08(화),두부된장찌개,중식
2024-10-08(화),돼지고기고추장볶음,중식
2024-10-08(화),김자반,중식
2024-10-08(화),배추나물,중식
2024-10-08(화),깍두기,중식
2024-10-09(수),찰수수밥,중식
2024-10-09(수),쇠고기버섯전골,중식
2024-10-09(수),닭볶음탕,중식
2024-10-09(수),무나물,중식
2024-10-09(수),백색우유,중식
2024-10-09(수),파김치,중식
2024-10-10(목),찹쌀밥,중식
2024-10-10(목),꼬리곰탕,중식
2024-10-10(목),찐새우만두,중식
2024-10-10(목),오징어젓무침,중식
2024-10-10(목),깍두기,중식
2024-10-11(금),밥,중식
2024-10-11(금),미소장국,중식
2024-10-11(금),닭장각구이,중식
2024-10-11(금),참치샐러드,중식
2024-10-11(금),오이장아찌,중식
2024-10-12(토),게살크래미주먹밥,중식
2024-10-12(토),우동국1,중식
2024-10-12(토),바베큐폭립,중식
2024-10-12(토),가공우유,중식
2024-10-12(토),배추김치,중식
2024-10-13(일),밥,중식
2024-10-13(일),황태채미역국,중식
2024-10-13(일),멸치볶음,중식
2024-10-13(일),고추장돼지불고기,중식
2024-10-13(일),배추김치,중식
2024-10-14(월),찹쌀밥,중식
2024-10-14(월),쇠고기육개장,중식
2024-10-14(월),갑오징어야채볶음,중식
2024-10-14(월),닭꼬치,중식
2024-10-14(월),배추김치,중식
2024-10-15(화),밥,중식
2024-10-15(화),감자국,중식
2024-10-15(화),훈제오리볶음,중식
2024-10-15(화),무쌈,중식
2024-10-15(화),흑임자드레싱,중식
2024-10-15(화),배추김치,중식
2024-10-16(수),밥,중식
2024-10-16(수),배추된장국,중식
2024-10-16(수),닭고기야채조림,중식
2024-10-16(수),상추겉절이,중식
2024-10-16(수),갓김치1,중식
2024-10-17(목),밥,중식
2024-10-17(목),시금치된장국,중식
2024-10-17(목),가지볶음,중식
2024-10-17(목),등갈비김치찜,중식
2024-10-17(목),파김치,중식
2024-11-12(화),밥,중식
2024-11-12(화),감자국,중식
2024-11-12(화),훈제오리볶음,중식
2024-11-12(화),흑임자드레싱,중식
2024-11-12(화),무쌈,중식
2024-11-12(화),배추김치,중식
2024-11-13(수),찹쌀밥,중식
2024-11-13(수),꼬리곰탕,중식
2024-11-13(수),닭고기야채조림,중식
2024-11-13(수),상추겉절이,중식
2024-11-13(수),배추김치,중식
2024-11-14(목),현미밥,중식
2024-11-14(목),얼큰수제비국,중식
2024-11-14(목),갈치순살튀김,중식
2024-11-14(목),부추양파무침,중식
2024-11-14(목),이온음료,중식
2024-11-14(목),열무김치,중식
2024-11-15(금),검은콩밥,중식
2024-11-15(금),부대찌개,중식
2024-11-15(금),낙지삼겹살새우볶음,중식
2024-11-15(금),김말이튀김,중식
2024-11-15(금),백색우유,중식
2024-11-15(금),열무김치,중식
2024-11-16(토),밥,중식
2024-11-16(토),닭고기미역국,중식
2024-11-16(토),돼지불고기,중식
2024-11-16(토),콩나물매운무침,중식
2024-11-16(토),가공우유,중식
2024-11-16(토),배추김치,중식
2024-11-17(일),밥,중식
2024-10-21(월),부추겉절이,중식
2024-10-21(월),무쌈,중식
2024-10-21(월),배추김치,중식
2024-10-22(화),현미밥,중식
2024-10-22(화),꼬리곰탕,중식
2024-10-22(화),오징어삼겹볶음,중식
2024-10-22(화),상추겉절이,중식
2024-10-22(화),백색우유,중식
2024-10-22(화),깍두기,중식
2024-10-23(수),밥,중식
2024-10-23(수),얼큰수제비국,중식
2024-10-23(수),콩나물잡채,중식
2024-10-23(수),닭꼬치,중식
2024-10-23(수),백색우유,중식
2024-10-23(수),배추김치,중식
2024-10-24(목),밥,중식
2024-10-24(목),근대된장국,중식
2024-10-24(목),감자채볶음,중식
2024-10-24(목),볼케이노치킨,중식
2024-10-24(목),두유,중식
2024-10-24(목),배추김치,중식
2024-10-25(금),밥,중식
2024-10-25(금),닭고기미역국,중식
2024-10-25(금),돼지삼겹야채볶음,중식
2024-10-25(금),오이무침,중식
2024-10-25(금),배추김치,중식
2024-10-26(토),밥,중식
2024-10-26(토),우거지갈비탕,중식
2024-10-26(토),닭순살볶음우동,중식
2024-10-26(토),애호박나물,중식
2024-10-26(토),가공우유,중식
2024-10-26(토),깍두기,중식
2024-10-27(일),밥,중식
2024-10-27(일),김치찌개,중식
2024-10-27(일),닭고기야채조림,중식
2024-10-27(일),배추나물,중식
2024-10-27(일),백색우유,중식
2024-10-27(일),갓김치1,중식
2024-10-28(월),투움바파스타,중식
2024-10-28(월),삼각주먹밥,중식
2024-10-28(월),무&비트피클,중식
2024-10-28(월),배추김치,중식
2024-10-29(화),불닭덮밥,중식
2024-10-29(화),쇠고기미역국,중식
2024-10-29(화),반건조오징어볶음,중식
2024-10-29(화),백색우유,중식
2024-10-29(화),깍두기,중식
2024-10-30(수),찹쌀밥,중식
2024-10-30(수),사골곰탕,중식
2024-11-24(일),김치찌개,중식
2024-11-24(일),낙지삼겹살새우볶음,중식
2024-11-24(일),배추나물,중식
2024-11-24(일),열무김치,중식
2024-11-25(월),찹쌀밥,중식
2024-11-25(월),시금치된장국,중식
2024-11-25(월),애호박나물,중식
2024-11-25(월),등갈비김치찜,중식
2024-11-25(월),배추김치,중식
2024-11-26(화),밥,중식
2024-11-26(화),감자국,중식
2024-11-26(화),닭고기야채조림,중식
2024-11-26(화),봄동겉절이,중식
2024-11-26(화),깍두기,중식
2024-11-27(수),흑미밥,중식
2024-11-27(수),닭곰탕,중식
2024-11-27(수),오징어볶음,중식
2024-11-27(수),김밥튀김,중식
2024-11-27(수),백색우유,중식
2024-11-27(수),배추김치,중식
2024-11-28(목),밥,중식
2024-11-28(목),참치김치찌개,중식
2024-11-28(목),가지볶음,중식
2024-11-28(목),치즈함박스테이크,중식
2024-11-28(목),열무김치,중식
2024-11-29(금),잡곡밥,중식
2024-11-29(금),쇠고기육개장,중식
2024-11-29(금),버섯잡채,중식
2024-11-29(금),브로콜리깨소금무침,중식
2024-11-29(금),탄산음료,중식
2024-11-29(금),파김치,중식
2024-11-30(토),밥,중식
2024-11-30(토),순대국밥,중식
2024-11-03(일),토핑형발효유,중식
2024-11-03(일),배추김치,중식
2024-11-04(월),흑미밥,중식
2024-11-04(월),돼지고기애호박찌개,중식
2024-11-04(월),언양식바싹불고기,중식
2024-11-04(월),파채무침,중식
2024-11-04(월),백색우유,중식
2024-11-04(월),깍두기,중식
2024-11-05(화),밥,중식
2024-11-05(화),차돌박이된장찌개,중식
2024-11-05(화),감자채볶음,중식
2024-11-05(화),순살고등어구이,중식
2024-11-05(화),샤인머스켓,중식
2024-11-05(화),열무김치,중식
2024-11-06(수),잡곡밥,중식
2024-11-06(수),부대찌개,중식
2024-11-06(수),닭순살야채조림,중식
2024-11-06(수),브로콜리깨소금무침,중식
2024-11-06(수),백색우유,중식
2024-11-06(수),깍두기,중식
2024-11-07(목),밀쌀밥,중식
2024-11-07(목),감자고추장찌개,중식
2024-11-07(목),돼지고기자장볶음,중식
2024-11-07(목),김자반,중식
2024-11-07(목),부추양파무침,중식
2024-11-07(목),배추김치,중식
2024-11-08(금),찹쌀밥,중식
2024-11-08(금),꼬리곰탕,중식
2024-11-08(금),찐새우만두,중식
2024-11-08(금),오징어젓무침,중식
2024-11-08(금),마시는발효유,중식
2024-11-08(금),깍두기,중식
2024-11-09(토),밥,중식
2024-11-09(토),우거지갈비탕,중식
2024-11-09(토),애호박나물,중식
2024-11-09(토),닭순살볶음우동,중식
2024-11-09(토),깍두기,중식
2024-11-10(일),밥,중식
2024-11-10(일),콩나물국,중식
2024-11-10(일),꽈리고추멸치볶음,중식
2024-11-10(일),고추장돼지불고기,중식
2024-11-10(일),배추김치,중식
2024-11-11(월),게살크래미주먹밥,중식
2024-11-11(월),투움바파스타,중식
2024-11-11(월),무&비트피클,중식
2024-11-11(월),배추김치,중식
2025-12-04(목),오삼불고기,중식
2025-12-04(목),계란찜,중식
2025-12-04(목),파김치,중식
2025-12-05(금),비빔밥,중식
2025-12-05(금),얼큰수제비국,중식
2025-12-05(금),오미산적,중식
2025-12-05(금),계란후라이,중식
2025-12-05(금),백색우유,중식
2025-12-05(금),배추김치,중식
2025-12-06(토),밥,중식
2025-12-06(토),꼬리곰탕,중식
2025-12-06(토),고기만두찜,중식
2025-12-06(토),양념고추지,중식
2025-12-06(토),가공우유,중식
2025-12-06(토),깍두기,중식
2025-12-07(일),밥,중식
2025-12-07(일),콩나물국,중식
2025-12-07(일),돼지고기청경채볶음,중식
2025-12-07(일),계란장조림,중식
2025-12-07(일),배추김치,중식
2025-12-08(월),현미밥,중식
2025-12-08(월),쇠고기육개장,중식
2025-12-08(월),궁중떡볶이,중식
2025-12-08(월),가자미구이,중식
2025-12-08(월),식혜,중식
2025-12-08(월),배추김치,중식
2025-12-09(화),유산슬덮밥,중식
2025-12-09(화),순두부백탕,중식
2025-12-09(화),오징어튀김,중식
2025-12-09(화),배추김치,중식
2025-12-10(수),찰수수밥,중식
2025-12-10(수),감자국,중식
2025-12-10(수),콩나물불고기,중식
2025-12-10(수),무나물,중식
2024-11-30(토),왕교자만두찜,중식
2024-11-30(토),풋고추된장무침,중식
2024-11-30(토),가공우유,중식
2024-11-30(토),깍두기,중식
2024-11-17(일),호박된장찌개,중식
2024-11-17(일),명태순살칠리볶음,중식
2024-11-17(일),소불고기,중식
2024-11-17(일),백색우유,중식
2024-11-17(일),열무김치,중식
2024-11-18(월),밥,중식
2024-11-18(월),참치 고추장찌개,중식
2024-11-18(월),오리불고기,중식
2024-11-18(월),부추겉절이,중식
2024-11-18(월),무쌈,중식
2024-11-18(월),배추김치,중식
2024-11-19(화),찰수수밥,중식
2024-11-19(화),쇠고기버섯전골,중식
2024-11-19(화),오징어삼겹볶음,중식
2024-11-19(화),상추겉절이,중식
2024-11-19(화),배추김치,중식
2024-11-20(수),밥,중식
2024-11-20(수),아귀탕,중식
2024-11-20(수),콩나물잡채,중식
2024-11-20(수),계란찜,중식
2024-11-20(수),김,중식
2024-11-20(수),토핑형발효유,중식
2024-11-20(수),배추김치,중식
2024-11-21(목),밥,중식
2024-11-21(목),근대된장국,중식
2024-11-21(목),감자채볶음,중식
2024-11-21(목),볼케이노치킨,중식
2024-11-21(목),백색우유,중식
2024-11-21(목),배추김치,중식
2024-11-22(금),찹쌀밥,중식
2024-11-22(금),사골곰탕,중식
2024-11-22(금),고기만두찜,중식
2024-11-22(금),대게살장,중식
2024-11-22(금),백색우유,중식
2024-11-22(금),깍두기,중식
2024-11-23(토),삼각주먹밥,중식
2024-11-23(토),우동국1,중식
2024-11-23(토),바베큐폭립,중식
2024-11-23(토),배추김치,중식
2024-11-24(일),밥,중식
2025-11-20(목),얼큰쇠고기무국,중식
2025-11-20(목),궁중떡볶이,중식
2025-11-20(목),순살삼치구이,중식
2025-11-20(목),마시는발효유,중식
2025-11-20(목),배추김치,중식
2025-11-21(금),밥,중식
2025-11-21(금),햄감자찌개,중식
2025-11-21(금),오리불고기,중식
2025-11-21(금),무쌈,중식
2025-11-21(금),백색우유,중식
2025-11-21(금),백김치,중식
2025-11-22(토),밥,중식
2025-11-22(토),돼지국밥,중식
2025-11-22(토),고기만두찜,중식
2025-11-22(토),양념고추지,중식
2025-11-22(토),깍두기,중식
2025-11-23(일),밥,중식
2025-11-23(일),김치찌개,중식
2025-11-23(일),낙지삼겹살새우볶음,중식
2025-11-23(일),청포묵무침,중식
2025-11-23(일),백색우유,중식
2025-11-23(일),깍두기,중식
2025-11-24(월),현미밥,중식
2025-11-24(월),조갯살시금치된장국,중식
2025-11-24(월),닭순살김치볶음,중식
2025-11-24(월),백색우유,중식
2025-11-24(월),연두부&양념장,중식
2025-11-24(월),깍두기,중식
2025-11-25(화),밥,중식
2025-11-25(화),순두부찌개,중식
2025-11-25(화),사천식캐슈넛멸치볶음,중식
2025-11-25(화),콩나물불고기,중식
2025-11-25(화),배추김치,중식
2025-11-26(수),찹쌀밥,중식
2025-11-26(수),사골곰탕,중식
2025-11-26(수),돼지고기육전,중식
2025-11-26(수),오징어젓무침,중식
2025-11-26(수),두유,중식
2025-11-26(수),깍두기,중식
2025-11-27(목),흑미밥,중식
2025-11-27(목),아욱된장국,중식
2025-11-27(목),훈제삼겹살,중식
2025-11-27(목),양념깻잎지,중식
2025-11-27(목),저염쌈장,중식
2025-11-27(목),배추김치,중식
2025-11-28(금),밥,중식
2025-11-28(금),감자양파찌개,중식
2025-11-28(금),갈치순살튀김,중식
2025-11-28(금),무조림,중식
2025-11-28(금),백색우유,중식
2025-11-28(금),배추김치,중식
2025-11-29(토),밥1,중식
2025-11-29(토),너비아니꼬지치즈맛,중식
2025-11-29(토),양송이스프,중식
2025-11-29(토),배추김치,중식
2025-11-30(일),밥,중식
2025-11-30(일),꼬리곰탕,중식
2025-11-30(일),야채고기말이,중식
2025-11-30(일),도토리묵&양념장,중식
2025-11-30(일),깍두기,중식
2025-12-01(월),밥,중식
2025-12-01(월),쇠고기버섯전골,중식
2025-12-01(월),순살삼치구이,중식
2025-12-01(월),두부양념장,중식
2025-12-01(월),백색우유,중식
2025-12-01(월),열무김치,중식
2025-12-02(화),찹쌀밥,중식
2025-12-02(화),순대국밥,중식
2025-12-02(화),닭꼬치,중식
2025-12-02(화),배추나물,중식
2025-12-02(화),깍두기,중식
2025-12-03(수),데리야끼삼겹살덮밥,중식
2025-12-03(수),미소장국,중식
2025-12-03(수),깐쇼새우,중식
2025-12-03(수),계란후라이,중식
2025-12-03(수),마시는발효유,중식
2025-12-03(수),배추김치,중식
2025-12-04(목),밥,중식
2025-12-04(목),부대찌개,중식
2025-11-06(목),낙지삼겹살새우볶음,중식
2025-11-06(목),무나물,중식
2025-11-06(목),백색우유,중식
2025-11-06(목),열무김치,중식
2025-11-07(금),찰현미밥,중식
2025-11-07(금),꽃게탕,중식
2025-11-07(금),닭순살김치볶음,중식
2025-11-07(금),백색우유,중식
2025-11-07(금),연두부&양념장,중식
2025-11-07(금),깍두기,중식
2025-11-08(토),밥,중식
2025-11-08(토),돼지고기고추장찌개,중식
2025-11-08(토),훈제오리볶음,중식
2025-11-08(토),미역초무침,중식
2025-11-08(토),무쌈,중식
2025-11-08(토),파김치,중식
2025-11-09(일),밥,중식
2025-11-09(일),미역국,중식
2025-11-09(일),돼지삼겹야채볶음,중식
2025-11-09(일),콩나물무침,중식
2025-11-09(일),배추김치,중식
2025-11-10(월),잡곡밥,중식
2025-11-10(월),닭고기육개장,중식
2025-11-10(월),고추잡채,중식
2025-11-10(월),무말랭이무침,중식
2025-11-10(월),배추김치,중식
2025-11-11(화),밥,중식
2025-11-11(화),두부된장찌개,중식
2025-11-11(화),돼지고기가지볶음,중식
2025-11-11(화),옥수수계란찜,중식
2025-11-11(화),갈배사이다,중식
2025-11-11(화),깍두기,중식
2025-11-12(수),밥,중식
2025-11-12(수),부대찌개,중식
2025-11-12(수),양배추베이컨볶음,중식
2025-11-12(수),오징어삼겹볶음,중식
2025-11-12(수),백색우유,중식
2025-11-12(수),깍두기,중식
2025-11-13(목),찰현미밥,중식
2025-11-13(목),마라탕,중식
2025-11-13(목),주꾸미볶음,중식
2025-11-13(목),근대무침,중식
2025-11-13(목),배추김치,중식
2025-11-14(금),햄김치덮밥,중식
2025-11-14(금),시금치된장국,중식
2025-11-14(금),계란후라이,중식
2025-11-14(금),양배추피클,중식
2025-11-14(금),백색우유,중식
2025-11-14(금),깍두기,중식
2025-11-15(토),밥1,중식
2025-11-15(토),삼각주먹밥,중식
2025-11-15(토),소떡소떡,중식
2025-11-15(토),포테이토크림스프,중식
2025-11-15(토),배추김치,중식
2025-11-16(일),밥,중식
2025-11-16(일),들깨무채국,중식
2025-11-16(일),고추장돼지불고기,중식
2025-11-16(일),새송이버섯야채볶음,중식
2025-11-16(일),백색우유,중식
2025-11-16(일),배추김치,중식
2025-11-17(월),잡곡밥,중식
2025-11-17(월),짬뽕찌개,중식
2025-11-17(월),순살족발,중식
2025-11-17(월),모듬쌈,중식
2025-11-17(월),무말랭이무침,중식
2025-11-17(월),식혜,중식
2025-11-17(월),보쌈김치,중식
2025-11-18(화),밥,중식
2025-11-18(화),쇠고기육개장,중식
2025-11-18(화),마파두부,중식
2025-11-18(화),계란찜,중식
2025-11-18(화),백색우유,중식
2025-11-18(화),배추김치,중식
2025-11-19(수),찰현미밥,중식
2025-11-19(수),닭볶음탕,중식
2025-11-19(수),수제비국,중식
2025-11-19(수),깻잎전,중식
2025-11-19(수),깍두기,중식
2025-11-20(목),밥,중식
2025-10-23(목),갈치순살튀김,중식
2025-10-23(목),김자반,중식
2025-10-23(목),시금치무침,중식
2025-10-23(목),볶음김치,중식
2025-10-24(금),밥,중식
2025-10-24(금),키조개미역국,중식
2025-10-24(금),파채&간장돼지불백,중식
2025-10-24(금),느타리버섯볶음,중식
2025-10-24(금),배추겉절이,중식
2025-10-25(토),밥1,중식
2025-10-25(토),너비아니꼬지치즈맛,중식
2025-10-25(토),가공우유,중식
2025-10-25(토),양송이스프,중식
2025-10-25(토),배추김치,중식
2025-10-26(일),밥,중식
2025-10-26(일),햄감자찌개,중식
2025-10-26(일),오징어삼겹볶음,중식
2025-10-26(일),콩나물무침,중식
2025-10-26(일),배추김치,중식
2025-10-27(월),찰현미밥,중식
2025-10-27(월),순두부백탕,중식
2025-10-27(월),돼지고기청경채볶음,중식
2025-10-27(월),가지볶음,중식
2025-10-27(월),토핑형발효유,중식
2025-10-27(월),배추김치,중식
2025-10-28(화),밥,중식
2025-10-28(화),어묵탕,중식
2025-10-28(화),돼지고기무볶음,중식
2025-10-28(화),근대무침,중식
2025-10-28(화),김,중식
2025-10-28(화),열무김치,중식
2025-10-29(수),흑미밥,중식
2025-10-29(수),짬뽕찌개,중식
2025-10-29(수),오리불고기,중식
2025-10-29(수),오이부추무침,중식
2025-10-29(수),무쌈,중식
2025-10-29(수),배추김치,중식
2025-10-30(목),밥,중식
2025-10-30(목),감자국,중식
2025-10-30(목),볼케이노치킨,중식
2025-10-30(목),마카로니샐러드,중식
2025-10-30(목),깍두기,중식
2025-10-31(금),찹쌀밥,중식
2025-10-31(금),콩나물국,중식
2025-10-31(금),주꾸미볶음,중식
2025-10-31(금),콘치즈계란찜,중식
2025-10-31(금),샤인머스켓,중식
2025-10-31(금),배추김치,중식
2025-11-01(토),밥,중식
2025-11-01(토),감자양파찌개,중식
2025-11-01(토),애호박나물,중식
2025-11-01(토),훈제닭다리,중식
2025-11-01(토),배추김치,중식
2025-11-02(일),밥,중식
2025-11-02(일),콩나물김치국,중식
2025-11-02(일),쇠고기감자조림,중식
2025-11-02(일),두부양념장,중식
2025-11-02(일),백색우유,중식
2025-11-02(일),깍두기,중식
2025-11-03(월),현미밥,중식
2025-11-03(월),돼지고기애호박찌개,중식
2025-11-03(월),순살고등어구이,중식
2025-11-03(월),계란말이,중식
2025-11-03(월),열무김치,중식
2025-11-04(화),밥,중식
2025-11-04(화),해물짬뽕,중식
2025-11-04(화),새송이버섯야채볶음,중식
2025-11-04(화),닭고기야채조림,중식
2025-11-04(화),배추김치,중식
2025-11-05(수),찰수수밥,중식
2025-11-05(수),순두부백탕,중식
2025-11-05(수),동파육,중식
2025-11-05(수),브로콜리&초고추장,중식
2025-11-05(수),요거풋풋젤로,중식
2025-11-05(수),배추김치,중식
2025-11-06(목),밥,중식
2025-11-06(목),쇠고기탕국,중식
2025-10-09(목),밥,중식
2025-10-09(목),쇠고기버섯전골,중식
2025-10-09(목),돼지삼겹야채볶음,중식
2025-10-09(목),깻잎전,중식
2025-10-09(목),열무김치,중식
2025-10-10(금),찰현미밥,중식
2025-10-10(금),감자양파찌개,중식
2025-10-10(금),고추장돼지불고기,중식
2025-10-10(금),무말랭이무침,중식
2025-10-10(금),백색우유,중식
2025-10-10(금),배추김치,중식
2025-10-11(토),삼각주먹밥,중식
2025-10-11(토),소떡소떡,중식
2025-10-11(토),포테이토크림스프,중식
2025-10-11(토),가공우유,중식
2025-10-11(토),배추김치,중식
2025-10-12(일),밥,중식
2025-10-12(일),순대국밥,중식
2025-10-12(일),새우교자만두,중식
2025-10-12(일),풋고추된장무침,중식
2025-10-12(일),깍두기,중식
2025-10-13(월),잡곡밥,중식
2025-10-13(월),순두부찌개,중식
2025-10-13(월),들깨백불고기,중식
2025-10-13(월),도토리묵무침,중식
2025-10-13(월),배추김치,중식
2025-10-14(화),잡곡밥,중식
2025-10-14(화),부대찌개,중식
2025-10-14(화),순살삼치구이,중식
2025-10-14(화),무조림,중식
2025-10-14(화),배추김치,중식
2025-10-15(수),현미밥,중식
2025-10-15(수),해물짬뽕,중식
2025-10-15(수),가지볶음,중식
2025-10-15(수),콩나물불고기,중식
2025-10-15(수),샤인머스켓,중식
2025-10-15(수),배추김치,중식
2025-10-16(목),밥,중식
2025-10-16(목),얼갈이된장국,중식
2025-10-16(목),훈제오리볶음,중식
2025-10-16(목),오이부추무침,중식
2025-10-16(목),두유,중식
2025-10-16(목),무쌈,중식
2025-10-16(목),열무김치,중식
2025-10-17(금),찹쌀밥,중식
2025-10-17(금),꽃게탕,중식
2025-10-17(금),사천식캐슈넛멸치볶음,중식
2025-10-17(금),동그랑땡,중식
2025-10-17(금),상추겉절이,중식
2025-10-17(금),사과,중식
2025-10-18(토),밥,중식
2025-10-18(토),꼬치어묵국,중식
2025-10-18(토),떡볶이,중식
2025-10-18(토),김말이튀김,중식
2025-10-18(토),반달단무지,중식
2025-10-19(일),밥,중식
2025-10-19(일),사골곰탕,중식
2025-10-19(일),고기만두찜,중식
2025-10-19(일),풋고추된장무침,중식
2025-10-19(일),깍두기,중식
2025-10-20(월),현미밥,중식
2025-10-20(월),순두부백탕,중식
2025-10-20(월),순살족발,중식
2025-10-20(월),모듬쌈,중식
2025-10-20(월),무말랭이무침,중식
2025-10-20(월),보쌈김치,중식
2025-10-21(화),밥,중식
2025-10-21(화),참치김치찌개,중식
2025-10-21(화),낙지삼겹살새우볶음,중식
2025-10-21(화),옥수수계란찜,중식
2025-10-21(화),열무김치,중식
2025-10-22(수),찰현미밥,중식
2025-10-22(수),사골우거지국,중식
2025-10-22(수),닭순살김치볶음,중식
2025-10-22(수),진미채고추장조림,중식
2025-10-22(수),배추김치,중식
2025-10-23(목),찹쌀밥,중식
2025-10-23(목),돼지고기고추장찌개,중식
2025-09-24(수),계란장조림,중식
2025-09-24(수),두유,중식
2025-09-24(수),깍두기,중식
2025-09-25(목),흑미밥,중식
2025-09-25(목),들깨무채국,중식
2025-09-25(목),파채&간장돼지불백,중식
2025-09-25(목),배추겉절이,중식
2025-09-25(목),김,중식
2025-09-25(목),열무김치,중식
2025-09-26(금),밥,중식
2025-09-26(금),두부된장찌개,중식
2025-09-26(금),사천식캐슈넛멸치볶음,중식
2025-09-26(금),동파육,중식
2025-09-26(금),배추김치,중식
2025-09-27(토),삼각주먹밥,중식
2025-09-27(토),소떡소떡,중식
2025-09-27(토),브로콜리치즈스프,중식
2025-09-27(토),가공우유,중식
2025-09-27(토),배추김치,중식
2025-09-28(일),찰현미밥,중식
2025-09-28(일),사골곰탕,중식
2025-09-28(일),왕교자만두찜,중식
2025-09-28(일),부추겉절이,중식
2025-09-28(일),깍두기,중식
2025-09-29(월),밥,중식
2025-09-29(월),햄짜글이,중식
2025-09-29(월),주꾸미볶음,중식
2025-09-29(월),가지볶음,중식
2025-09-29(월),배추김치,중식
2025-09-30(화),밥,중식
2025-09-30(화),순두부백탕,중식
2025-09-30(화),오리불고기,중식
2025-09-30(화),오이부추무침,중식
2025-09-30(화),컵형아이스크림,중식
2025-09-30(화),무쌈,중식
2025-09-30(화),열무김치,중식
2025-10-01(수),밥,중식
2025-10-01(수),근대된장국,중식
2025-10-01(수),사천식캐슈넛멸치볶음,중식
2025-10-01(수),훈제닭다리,중식
2025-10-01(수),배추김치,중식
2025-10-02(목),밥,중식
2025-10-02(목),돼지고기애호박찌개,중식
2025-10-02(목),순살고등어구이,중식
2025-10-02(목),무조림,중식
2025-10-02(목),배추김치,중식
2025-10-03(금),돼지국밥,중식
2025-10-03(금),밥,중식
2025-10-03(금),김치왕교자,중식
2025-10-03(금),풋고추된장무침,중식
2025-10-03(금),튜브형아이스크림2,중식
2025-10-03(금),깍두기,중식
2025-10-04(토),밥,중식
2025-10-04(토),시금치된장국,중식
2025-10-04(토),새송이버섯야채볶음,중식
2025-10-04(토),닭고기야채조림,중식
2025-10-04(토),배추김치,중식
2025-10-05(일),밥,중식
2025-10-05(일),순두부된장국,중식
2025-10-05(일),돼지불고기,중식
2025-10-05(일),오이무침,중식
2025-10-05(일),배추김치,중식
2025-10-06(월),밥,중식
2025-10-06(월),콩나물김치국,중식
2025-10-06(월),한우갈비찜,중식
2025-10-06(월),오미산적,중식
2025-10-06(월),사과,중식
2025-10-06(월),열무김치,중식
2025-10-07(화),찹쌀밥,중식
2025-10-07(화),닭볶음탕,중식
2025-10-07(화),두부된장찌개,중식
2025-10-07(화),무나물,중식
2025-10-07(화),배추김치,중식
2025-10-08(수),찰수수밥,중식
2025-10-08(수),참치고추장찌개,중식
2025-10-08(수),동파육,중식
2025-10-08(수),부추양파무침,중식
2025-10-08(수),샤인머스켓,중식
2025-10-08(수),배추김치,중식
2025-09-10(수),훈제오리볶음,중식
2025-09-10(수),부추겉절이,중식
2025-09-10(수),무쌈,중식
2025-09-10(수),배추김치,중식
2025-09-11(목),밥,중식
2025-09-11(목),감자양파찌개,중식
2025-09-11(목),고추잡채,중식
2025-09-11(목),메추리알장조림,중식
2025-09-11(목),컵형아이스크림,중식
2025-09-11(목),열무김치,중식
2025-09-12(금),밥,중식
2025-09-12(금),참치고추장찌개,중식
2025-09-12(금),돼지고기무볶음,중식
2025-09-12(금),근대무침,중식
2025-09-12(금),샤인머스켓주스,중식
2025-09-12(금),배추김치,중식
2025-09-13(토),밥1,중식
2025-09-13(토),너비아니꼬지치즈맛,중식
2025-09-13(토),가공우유,중식
2025-09-13(토),양송이스프,중식
2025-09-13(토),배추김치,중식
2025-09-14(일),밥,중식
2025-09-14(일),부대찌개,중식
2025-09-14(일),간장돼지불고기,중식
2025-09-14(일),오이무침,중식
2025-09-14(일),깍두기,중식
2025-09-15(월),찹쌀밥,중식
2025-09-15(월),돼지고기애호박찌개,중식
2025-09-15(월),닭순살김치볶음,중식
2025-09-15(월),두부양념장,중식
2025-09-15(월),열무김치,중식
2025-09-16(화),현미밥,중식
2025-09-16(화),순두부찌개,중식
2025-09-16(화),들깨백불고기,중식
2025-09-16(화),청포묵무침,중식
2025-09-16(화),식혜,중식
2025-09-16(화),볶음김치,중식
2025-09-17(수),잡곡밥,중식
2025-09-17(수),감자양파찌개,중식
2025-09-17(수),애호박나물,중식
2025-09-17(수),순살삼치구이,중식
2025-09-17(수),김,중식
2025-09-17(수),배추김치,중식
2025-09-18(목),비빔밥,중식
2025-09-18(목),감자국,중식
2025-09-18(목),닭꼬치,중식
2025-09-18(목),계란후라이,중식
2025-09-18(목),튜브형아이스크림2,중식
2025-09-18(목),열무김치,중식
2025-09-19(금),찹쌀밥,중식
2025-09-19(금),짬뽕순두부,중식
2025-09-19(금),돼지갈비찜,중식
2025-09-19(금),배추나물,중식
2025-09-19(금),깍두기,중식
2025-09-20(토),찰수수밥,중식
2025-09-20(토),꼬치어묵국,중식
2025-09-20(토),떡볶이,중식
2025-09-20(토),김말이튀김,중식
2025-09-20(토),반달단무지,중식
2025-09-21(일),밥,중식
2025-09-21(일),순대국밥,중식
2025-09-21(일),고기만두찜,중식
2025-09-21(일),풋고추된장무침,중식
2025-09-21(일),깍두기,중식
2025-09-22(월),밥,중식
2025-09-22(월),순두부된장국,중식
2025-09-22(월),오징어삼겹볶음,중식
2025-09-22(월),옥수수계란찜,중식
2025-09-22(월),열무김치,중식
2025-09-23(화),찰현미밥,중식
2025-09-23(화),김치찌개,중식
2025-09-23(화),순살안동찜닭,중식
2025-09-23(화),흑임자드레싱,중식
2025-09-23(화),열무김치,중식
2025-09-24(수),잡곡밥,중식
2025-09-24(수),쇠고기버섯전골,중식
2025-09-24(수),갈치순살튀김,중식
2025-08-26(화),배추김치,중식
2025-08-27(수),밥,중식
2025-08-27(수),얼갈이된장국,중식
2025-08-27(수),가지볶음,중식
2025-08-27(수),오징어삼겹볶음,중식
2025-08-27(수),열무김치,중식
2025-08-28(목),돼지국밥,중식
2025-08-28(목),찰현미밥,중식
2025-08-28(목),왕교자만두찜,중식
2025-08-28(목),부추겉절이,중식
2025-08-28(목),컵형아이스크림,중식
2025-08-28(목),깍두기,중식
2025-08-29(금),찹쌀밥,중식
2025-08-29(금),감자국,중식
2025-08-29(금),닭순살김치볶음,중식
2025-08-29(금),청포묵무침,중식
2025-08-29(금),열무김치,중식
2025-08-30(토),밥,중식
2025-08-30(토),감자양파찌개,중식
2025-08-30(토),비엔나메추리알조림,중식
2025-08-30(토),콩나물매운무침,중식
2025-08-30(토),배추김치,중식
2025-08-31(일),밥,중식
2025-08-31(일),황태해장국,중식
2025-08-31(일),돼지불고기,중식
2025-08-31(일),애호박나물,중식
2025-08-31(일),볶음김치,중식
2025-09-01(월),밥,중식
2025-09-01(월),순두부백탕,중식
2025-09-01(월),돼지고기고추장볶음,중식
2025-09-01(월),어묵볶음,중식
2025-09-01(월),배추김치,중식
2025-09-02(화),밥,중식
2025-09-02(화),부대찌개,중식
2025-09-02(화),순살고등어구이,중식
2025-09-02(화),무조림,중식
2025-09-02(화),팩형아이스크림,중식
2025-09-02(화),배추김치,중식
2025-09-03(수),찰현미밥,중식
2025-09-03(수),돼지고기애호박찌개,중식
2025-09-03(수),새송이버섯야채볶음,중식
2025-09-03(수),콩나물불고기,중식
2025-09-03(수),배추김치,중식
2025-09-04(목),밥,중식
2025-09-04(목),콩나물국,중식
2025-09-04(목),낙지삼겹살새우볶음,중식
2025-09-04(목),콘치즈계란찜,중식
2025-09-04(목),열무김치,중식
2025-09-05(금),밥,중식
2025-09-05(금),얼갈이된장국,중식
2025-09-05(금),모듬쌈,중식
2025-09-05(금),냉채족발,중식
2025-09-05(금),무말랭이무침,중식
2025-09-05(금),튜브형아이스크림2,중식
2025-09-05(금),보쌈김치,중식
2025-09-06(토),밥,중식
2025-09-06(토),감자양파찌개,중식
2025-09-06(토),호박새우볶음,중식
2025-09-06(토),고추장돼지불고기,중식
2025-09-06(토),배추김치,중식
2025-09-07(일),밥,중식
2025-09-07(일),돼지국밥,중식
2025-09-07(일),찐새우만두,중식
2025-09-07(일),풋고추된장무침,중식
2025-09-07(일),깍두기,중식
2025-09-08(월),밥,중식
2025-09-08(월),꽃게탕,중식
2025-09-08(월),돼지삼겹야채볶음,중식
2025-09-08(월),가지볶음,중식
2025-09-08(월),배추김치,중식
2025-09-09(화),찹쌀밥,중식
2025-09-09(화),키조개미역국,중식
2025-09-09(화),애호박나물,중식
2025-09-09(화),볼케이노치킨,중식
2025-09-09(화),팩형아이스크림,중식
2025-09-09(화),배추김치,중식
2025-09-10(수),밥,중식
2025-09-10(수),해물짬뽕,중식
2025-08-12(화),훈제오리볶음,중식
2025-08-12(화),부추겉절이,중식
2025-08-12(화),무쌈,중식
2025-08-12(화),팩형아이스크림,중식
2025-08-12(화),배추김치,중식
2025-08-13(수),밥,중식
2025-08-14(수),순두부백탕,중식
2025-08-15(수),순살안동찜닭,중식
2025-08-16(수),오이부추무침,중식
2025-08-17(수),열무김치,중식
2025-08-14(목),밥,중식
2025-08-14(목),콩나물국,중식
2025-08-14(목),냉채족발,중식
2025-08-14(목),모듬쌈,중식
2025-08-14(목),무말랭이무침,중식
2025-08-14(목),보쌈김치,중식
2025-08-15(금),밥,중식
2025-08-15(금),짬뽕찌개,중식
2025-08-15(금),소불고기,중식
2025-08-15(금),두부양념장,중식
2025-08-15(금),튜브형아이스크림2,중식
2025-08-15(금),볶음김치,중식
2025-08-16(토),밥,중식
2025-08-16(토),김치찌개,중식
2025-08-16(토),어묵볶음,중식
2025-08-16(토),메추리알장조림,중식
2025-08-16(토),깍두기,중식
2025-08-17(일),밥,중식
2025-08-17(일),두부계란국,중식
2025-08-17(일),고추장돼지불고기,중식
2025-08-17(일),오이무침,중식
2025-08-17(일),배추김치,중식
2025-08-18(월),김치덮밥,중식
2025-08-18(월),쇠고기버섯전골,중식
2025-08-18(월),계란후라이,중식
2025-08-18(월),오징어채무침,중식
2025-08-18(월),열무김치,중식
2025-08-19(화),찹쌀밥,중식
2025-08-19(화),콩나물국,중식
2025-08-19(화),느타리버섯볶음,중식
2025-08-19(화),등갈비간장조림,중식
2025-08-19(화),식혜,중식
2025-08-19(화),깍두기,중식
2025-08-20(수),찰현미밥,중식
2025-08-20(수),얼큰수제비국,중식
2025-08-20(수),닭볶음탕,중식
2025-08-20(수),무나물,중식
2025-08-20(수),배추김치,중식
2025-08-21(목),밥,중식
2025-08-21(목),어묵탕,중식
2025-08-21(목),오리불고기,중식
2025-08-21(목),팩형아이스크림,중식
2025-08-21(목),흑임자드레싱,중식
2025-08-21(목),무쌈,중식
2025-08-21(목),배추김치,중식
2025-08-22(금),밥,중식
2025-08-22(금),꽃게탕,중식
2025-08-22(금),고추잡채,중식
2025-08-22(금),메추리알장조림,중식
2025-08-22(금),열무김치,중식
2025-08-23(토),밥1,중식
2025-08-23(토),너비아니꼬지치즈맛,중식
2025-08-23(토),가공우유,중식
2025-08-23(토),양송이스프,중식
2025-08-23(토),배추김치,중식
2025-08-24(일),밥,중식
2025-08-24(일),사골곰탕,중식
2025-08-24(일),찐새우만두,중식
2025-08-24(일),배추나물,중식
2025-08-24(일),깍두기,중식
2025-08-25(월),밥,중식
2025-08-25(월),부대찌개,중식
2025-08-25(월),순살고등어구이,중식
2025-08-25(월),무조림,중식
2025-08-25(월),배추김치,중식
2025-08-26(화),밥,중식
2025-08-26(화),사누끼우동,중식
2025-08-26(화),치킨스테이크,중식
2025-08-26(화),양배추샐러드,중식
2025-08-26(화),사과주스,중식
2025-08-28(목),부추겉절이,중식
2025-08-28(목),컵형아이스크림,중식
2025-08-28(목),깍두기,중식
2025-08-29(금),찹쌀밥,중식
2025-08-29(금),감자국,중식
2025-08-29(금),닭순살김치볶음,중식
2025-08-29(금),청포묵무침,중식
2025-08-29(금),열무김치,중식
2025-08-30(토),밥,중식
2025-08-30(토),감자양파찌개,중식
2025-08-30(토),비엔나메추리알조림,중식
2025-08-30(토),콩나물매운무침,중식
2025-08-30(토),배추김치,중식
2025-08-31(일),밥,중식
2025-08-31(일),황태해장국,중식
2025-08-31(일),돼지불고기,중식
2025-08-31(일),애호박나물,중식
2025-08-31(일),볶음김치,중식
2025-08-01(금),현미밥,중식
2025-08-01(금),두부된장찌개,중식
2025-08-01(금),돼지고기부추볶음,중식
2025-08-01(금),콩나물무침,중식
2025-08-01(금),열무김치,중식
2025-08-02(토),밥,중식
2025-08-02(토),순대국밥,중식
2025-08-02(토),고기만두찜,중식
2025-08-02(토),배추나물,중식
2025-08-02(토),깍두기,중식
2025-08-03(일),밥,중식
2025-08-03(일),햄짜글이,중식
2025-08-03(일),가지볶음,중식
2025-08-03(일),닭고기야채조림,중식
2025-08-03(일),볶음김치,중식
2025-08-04(월),밥,중식
2025-08-04(월),참치고추장찌개,중식
2025-08-04(월),파채&간장돼지불백,중식
2025-08-04(월),무말랭이무침,중식
2025-08-04(월),배추김치,중식
2025-08-05(화),밥,중식
2025-08-05(화),순두부백탕,중식
2025-08-05(화),볼케이노치킨,중식
2025-08-05(화),마카로니샐러드,중식
2025-08-05(화),열무김치,중식
2025-08-06(수),밥,중식
2025-08-06(수),얼큰쇠고기무국,중식
2025-08-06(수),한입떡갈비,중식
2025-08-06(수),배추나물,중식
2025-08-06(수),두유,중식
2025-08-06(수),열무김치,중식
2025-08-07(목),잡곡밥,중식
2025-08-07(목),돼지고기애호박찌개,중식
2025-08-07(목),순살삼치구이,중식
2025-08-07(목),부추양파무침,중식
2025-08-07(목),김,중식
2025-08-07(목),깍두기,중식
2025-08-08(금),밥,중식
2025-08-08(금),홍합탕,중식
2025-08-08(금),돼지삼겹야채볶음,중식
2025-08-08(금),무나물,중식
2025-08-08(금),제로콜라,중식
2025-08-08(금),배추김치,중식
2025-08-09(토),삼각주먹밥,중식
2025-08-09(토),소떡소떡,중식
2025-08-09(토),브로콜리치즈스프,중식
2025-08-09(토),가공우유,중식
2025-08-09(토),배추김치,중식
2025-08-10(일),밥,중식
2025-08-10(일),감자양파찌개,중식
2025-08-10(일),간장돼지불고기,중식
2025-08-10(일),무생채,중식
2025-08-10(일),배추김치,중식
2025-08-11(월),잡곡밥,중식
2025-08-11(월),돼지고기고추장찌개,중식
2025-08-11(월),가지볶음,중식
2025-08-11(월),갈치순살튀김,중식
2025-08-11(월),열무김치,중식
2025-08-12(화),밥,중식
2025-08-12(화),쇠고기육개장,중식
2025-08-14(목),밥,중식
2025-08-14(목),콩나물국,중식
2025-08-14(목),냉채족발,중식
2025-08-14(목),모듬쌈,중식
2025-08-14(목),무말랭이무침,중식
2025-08-14(목),보쌈김치,중식
2025-08-15(금),밥,중식
2025-08-15(금),짬뽕찌개,중식
2025-08-15(금),소불고기,중식
2025-08-15(금),두부양념장,중식
2025-08-15(금),튜브형아이스크림2,중식
2025-08-15(금),볶음김치,중식
2025-08-16(토),밥,중식
2025-08-16(토),김치찌개,중식
2025-08-16(토),어묵볶음,중식
2025-08-16(토),메추리알장조림,중식
2025-08-16(토),깍두기,중식
2025-08-17(일),밥,중식
2025-08-17(일),두부계란국,중식
2025-08-17(일),고추장돼지불고기,중식
2025-08-17(일),오이무침,중식
2025-08-17(일),배추김치,중식
2025-08-18(월),김치덮밥,중식
2025-08-18(월),쇠고기버섯전골,중식
2025-08-18(월),계란후라이,중식
2025-08-18(월),오징어채무침,중식
2025-08-18(월),열무김치,중식
2025-08-19(화),찹쌀밥,중식
2025-08-19(화),콩나물국,중식
2025-08-19(화),느타리버섯볶음,중식
2025-08-19(화),등갈비간장조림,중식
2025-08-19(화),식혜,중식
2025-08-19(화),깍두기,중식
2025-08-20(수),찰현미밥,중식
2025-08-20(수),얼큰수제비국,중식
2025-08-20(수),닭볶음탕,중식
2025-08-20(수),무나물,중식
2025-08-20(수),배추김치,중식
2025-08-21(목),밥,중식
2025-08-21(목),어묵탕,중식
2025-08-21(목),오리불고기,중식
2025-08-21(목),팩형아이스크림,중식
2025-08-21(목),흑임자드레싱,중식
2025-08-21(목),무쌈,중식
2025-08-21(목),배추김치,중식
2025-08-22(금),밥,중식
2025-08-22(금),꽃게탕,중식
2025-08-22(금),고추잡채,중식
2025-08-22(금),메추리알장조림,중식
2025-08-22(금),열무김치,중식
2025-08-23(토),밥1,중식
2025-08-23(토),너비아니꼬지치즈맛,중식
2025-08-23(토),가공우유,중식
2025-08-23(토),양송이스프,중식
2025-08-23(토),배추김치,중식
2025-08-24(일),밥,중식
2025-08-24(일),사골곰탕,중식
2025-08-24(일),찐새우만두,중식
2025-08-24(일),배추나물,중식
2025-08-24(일),깍두기,중식
2025-08-25(월),밥,중식
2025-08-25(월),부대찌개,중식
2025-08-25(월),순살고등어구이,중식
2025-08-25(월),무조림,중식
2025-08-25(월),배추김치,중식
2025-08-26(화),밥,중식
2025-08-26(화),사누끼우동,중식
2025-08-26(화),치킨스테이크,중식
2025-08-26(화),양배추샐러드,중식
2025-08-26(화),사과주스,중식
2025-08-26(화),배추김치,중식
2025-08-27(수),밥,중식
2025-08-27(수),얼갈이된장국,중식
2025-08-27(수),가지볶음,중식
2025-08-27(수),오징어삼겹볶음,중식
2025-08-27(수),열무김치,중식
2025-08-28(목),돼지국밥,중식
2025-08-28(목),찰현미밥,중식
2025-08-28(목),왕교자만두찜,중식
2025-07-30(수),등갈비간장조림,중식
2025-07-30(수),샤인머스켓주스,중식
2025-07-30(수),무말랭이무침,중식
2025-07-30(수),배추김치,중식
2025-07-31(목),밥,중식
2025-07-31(목),닭고기육개장,중식
2025-07-31(목),새우가스,중식
2025-07-31(목),무&비트피클,중식
2025-07-31(목),배추김치,중식
2025-08-01(금),현미밥,중식
2025-08-01(금),두부된장찌개,중식
2025-08-01(금),돼지고기부추볶음,중식
2025-08-01(금),콩나물무침,중식
2025-08-01(금),열무김치,중식
2025-08-02(토),밥,중식
2025-08-02(토),순대국밥,중식
2025-08-02(토),고기만두찜,중식
2025-08-02(토),배추나물,중식
2025-08-02(토),깍두기,중식
2025-08-03(일),밥,중식
2025-08-03(일),햄짜글이,중식
2025-08-03(일),가지볶음,중식
2025-08-03(일),닭고기야채조림,중식
2025-08-03(일),볶음김치,중식
2025-08-04(월),밥,중식
2025-08-04(월),참치고추장찌개,중식
2025-08-04(월),파채&간장돼지불백,중식
2025-08-04(월),무말랭이무침,중식
2025-08-04(월),배추김치,중식
2025-08-05(화),밥,중식
2025-08-05(화),순두부백탕,중식
2025-08-05(화),볼케이노치킨,중식
2025-08-05(화),마카로니샐러드,중식
2025-08-05(화),열무김치,중식
2025-08-06(수),밥,중식
2025-08-06(수),얼큰쇠고기무국,중식
2025-08-06(수),한입떡갈비,중식
2025-08-06(수),배추나물,중식
2025-08-06(수),두유,중식
2025-08-06(수),열무김치,중식
2025-08-07(목),잡곡밥,중식
2025-08-07(목),돼지고기애호박찌개,중식
2025-08-07(목),순살삼치구이,중식
2025-08-07(목),부추양파무침,중식
2025-08-07(목),김,중식
2025-08-07(목),깍두기,중식
2025-08-08(금),밥,중식
2025-08-08(금),홍합탕,중식
2025-08-08(금),돼지삼겹야채볶음,중식
2025-08-08(금),무나물,중식
2025-08-08(금),제로콜라,중식
2025-08-08(금),배추김치,중식
2025-08-09(토),삼각주먹밥,중식
2025-08-09(토),소떡소떡,중식
2025-08-09(토),브로콜리치즈스프,중식
2025-08-09(토),가공우유,중식
2025-08-09(토),배추김치,중식
2025-08-10(일),밥,중식
2025-08-10(일),감자양파찌개,중식
2025-08-10(일),간장돼지불고기,중식
2025-08-10(일),무생채,중식
2025-08-10(일),배추김치,중식
2025-08-11(월),잡곡밥,중식
2025-08-11(월),돼지고기고추장찌개,중식
2025-08-11(월),가지볶음,중식
2025-08-11(월),갈치순살튀김,중식
2025-08-11(월),열무김치,중식
2025-08-12(화),밥,중식
2025-08-12(화),쇠고기육개장,중식
2025-08-12(화),훈제오리볶음,중식
2025-08-12(화),부추겉절이,중식
2025-08-12(화),무쌈,중식
2025-08-12(화),팩형아이스크림,중식
2025-08-12(화),배추김치,중식
2025-08-13(수),밥,중식
2025-08-14(수),순두부백탕,중식
2025-08-15(수),순살안동찜닭,중식
2025-08-16(수),오이부추무침,중식
2025-08-17(수),열무김치,중식
2025-07-16(수),콩나물국,중식
2025-07-16(수),볼케이노치킨,중식
2025-07-16(수),청포묵무침,중식
2025-07-16(수),배추김치,중식
2025-07-17(목),밥,중식
2025-07-17(목),어묵탕,중식
2025-07-17(목),모듬쌈,중식
2025-07-17(목),냉채족발,중식
2025-07-17(목),제로콜라,중식
2025-07-17(목),무말랭이무침,중식
2025-07-17(목),보쌈김치,중식
2025-07-18(금),밥,중식
2025-07-18(금),쇠고기육개장,중식
2025-07-18(금),훈제오리볶음,중식
2025-07-18(금),부추겉절이,중식
2025-07-18(금),튜브형아이스크림2,중식
2025-07-18(금),무쌈,중식
2025-07-18(금),열무김치,중식
2025-07-19(토),밥,중식
2025-07-19(토),순대국밥,중식
2025-07-19(토),왕교자만두찜,중식
2025-07-19(토),배추나물,중식
2025-07-19(토),깍두기,중식
2025-07-20(일),밥,중식
2025-07-20(일),황태해장국,중식
2025-07-20(일),돼지불고기,중식
2025-07-20(일),오이무침,중식
2025-07-20(일),볶음김치,중식
2025-07-21(월),찹쌀밥,중식
2025-07-21(월),닭고기덮밥,중식
2025-07-21(월),콩나물국,중식
2025-07-21(월),야채샐러드유자드레싱,중식
2025-07-21(월),배추김치,중식
2025-07-22(화),잡곡밥,중식
2025-07-22(화),얼큰수제비국,중식
2025-07-22(화),가지볶음,중식
2025-07-22(화),갈치순살튀김,중식
2025-07-22(화),팩형아이스크림,중식
2025-07-22(화),열무김치,중식
2025-07-23(수),밥,중식
2025-07-23(수),돼지고기고추장찌개,중식
2025-07-23(수),낙지삼겹살새우볶음,중식
2025-07-23(수),콘치즈계란찜,중식
2025-07-23(수),배추김치,중식
2025-07-24(목),밥,중식
2025-07-24(목),닭곰탕,중식
2025-07-24(목),한입떡갈비,중식
2025-07-24(목),무나물,중식
2025-07-24(목),식혜,중식
2025-07-24(목),배추김치,중식
2025-07-25(금),밥,중식
2025-07-25(금),돼지고기애호박찌개,중식
2025-07-25(금),마파두부,중식
2025-07-25(금),콩나물무침,중식
2025-07-25(금),컵형아이스크림,중식
2025-07-25(금),배추김치,중식
2025-07-26(토),삼각주먹밥,중식
2025-07-26(토),소떡소떡,중식
2025-07-26(토),브로콜리치즈스프,중식
2025-07-26(토),가공우유,중식
2025-07-26(토),배추김치,중식
2025-07-27(일),밥,중식
2025-07-27(일),해물짬뽕,중식
2025-07-27(일),소불고기,중식
2025-07-27(일),오이무침,중식
2025-07-27(일),볶음김치,중식
2025-07-28(월),김치덮밥,중식
2025-07-28(월),쇠고기버섯전골,중식
2025-07-28(월),어묵볶음,중식
2025-07-28(월),계란후라이,중식
2025-07-28(월),열무김치,중식
2025-07-29(화),찹쌀밥,중식
2025-07-29(화),콩나물국,중식
2025-07-29(화),닭순살김치볶음,중식
2025-07-29(화),마카로니샐러드,중식
2025-07-29(화),깍두기,중식
2025-07-30(수),밥,중식
2025-07-30(수),햄짜글이,중식
2025-07-01(화),컵형아이스크림,중식
2025-07-01(화),배추김치,중식
2025-07-02(수),현미밥,중식
2025-07-02(수),홍합탕,중식
2025-07-02(수),오징어삼겹볶음,중식
2025-07-02(수),느타리버섯볶음,중식
2025-07-02(수),깍두기,중식
2025-07-03(목),밥,중식
2025-07-03(목),짬뽕찌개,중식
2025-07-03(목),순살고등어구이,중식
2025-07-03(목),콩나물무침,중식
2025-07-03(목),튜브형아이스크림2,중식
2025-07-03(목),배추김치,중식
2025-07-04(금),밥,중식
2025-07-04(금),순두부백탕,중식
2025-07-04(금),애호박나물,중식
2025-07-04(금),동파육,중식
2025-07-04(금),배추김치,중식
2025-07-05(토),밥,중식
2025-07-05(토),사골곰탕,중식
2025-07-05(토),메추리알장조림,중식
2025-07-05(토),배추나물,중식
2025-07-05(토),깍두기,중식
2025-07-06(일),밥,중식
2025-07-06(일),들깨무채국,중식
2025-07-06(일),고추장돼지불고기,중식
2025-07-06(일),새송이버섯야채볶음,중식
2025-07-06(일),배추김치,중식
2025-07-07(월),밥,중식
2025-07-07(월),감자호박국,중식
2025-07-07(월),소불고기,중식
2025-07-07(월),두부양념장,중식
2025-07-07(월),볶음김치,중식
2025-07-08(화),밥,중식
2025-07-08(화),콩나물김치국,중식
2025-07-08(화),감자채볶음,중식
2025-07-08(화),돼지삼겹야채볶음,중식
2025-07-08(화),김,중식
2025-07-08(화),깍두기,중식
2025-07-09(수),밥,중식
2025-07-09(수),순두부백탕,중식
2025-07-09(수),고추잡채,중식
2025-07-09(수),메추리알장조림,중식
2025-07-09(수),깍두기,중식
2025-07-10(목),찰현미밥,중식
2025-07-10(목),닭고기미역국,중식
2025-07-10(목),낙지삼겹살새우볶음,중식
2025-07-10(목),옥수수계란찜,중식
2025-07-10(목),두유,중식
2025-07-10(목),배추김치,중식
2025-07-11(금),밥,중식
2025-07-11(금),두부된장찌개,중식
2025-07-11(금),파채&간장돼지불백,중식
2025-07-11(금),느타리버섯볶음,중식
2025-07-11(금),열무김치,중식
2025-07-12(토),밥1,중식
2025-07-12(토),너비아니꼬지치즈맛,중식
2025-07-12(토),가공우유,중식
2025-07-12(토),양송이스프,중식
2025-07-12(토),배추김치,중식
2025-07-13(일),밥,중식
2025-07-13(일),사골곰탕,중식
2025-07-13(일),찐새우만두,중식
2025-07-13(일),무말랭이무침,중식
2025-07-13(일),열무김치,중식
2025-07-14(월),밥,중식
2025-07-14(월),짬뽕순두부,중식
2025-07-14(월),비엔나메추리알조림,중식
2025-07-14(월),콩나물매운무침,중식
2025-07-14(월),열무김치,중식
2025-07-15(화),밥,중식
2025-07-15(화),감자국,중식
2025-07-15(화),오리불고기,중식
2025-07-15(화),무쌈,중식
2025-07-15(화),팩형아이스크림,중식
2025-07-15(화),흑임자드레싱,중식
2025-07-15(화),배추김치,중식
2025-07-16(수),찹쌀밥,중식
2025-07-18(금),쇠고기육개장,중식
2025-07-18(금),훈제오리볶음,중식
2025-07-18(금),부추겉절이,중식
2025-07-18(금),튜브형아이스크림2,중식
2025-07-18(금),무쌈,중식
2025-07-18(금),열무김치,중식
2025-07-19(토),밥,중식
2025-07-19(토),순대국밥,중식
2025-07-19(토),왕교자만두찜,중식
2025-07-19(토),배추나물,중식
2025-07-19(토),깍두기,중식
2025-07-20(일),밥,중식
2025-07-20(일),황태해장국,중식
2025-07-20(일),돼지불고기,중식
2025-07-20(일),오이무침,중식
2025-07-20(일),볶음김치,중식
2025-07-21(월),찹쌀밥,중식
2025-07-21(월),닭고기덮밥,중식
2025-07-21(월),콩나물국,중식
2025-07-21(월),야채샐러드유자드레싱,중식
2025-07-21(월),배추김치,중식
2025-07-22(화),잡곡밥,중식
2025-07-22(화),얼큰수제비국,중식
2025-07-22(화),가지볶음,중식
2025-07-22(화),갈치순살튀김,중식
2025-07-22(화),팩형아이스크림,중식
2025-07-22(화),열무김치,중식
2025-07-23(수),밥,중식
2025-07-23(수),돼지고기고추장찌개,중식
2025-07-23(수),낙지삼겹살새우볶음,중식
2025-07-23(수),콘치즈계란찜,중식
2025-07-23(수),배추김치,중식
2025-07-24(목),밥,중식
2025-07-24(목),닭곰탕,중식
2025-07-24(목),한입떡갈비,중식
2025-07-24(목),무나물,중식
2025-07-24(목),식혜,중식
2025-07-24(목),배추김치,중식
2025-07-25(금),밥,중식
2025-07-25(금),돼지고기애호박찌개,중식
2025-07-25(금),마파두부,중식
2025-07-25(금),콩나물무침,중식
2025-07-25(금),컵형아이스크림,중식
2025-07-25(금),배추김치,중식
2025-07-26(토),삼각주먹밥,중식
2025-07-26(토),소떡소떡,중식
2025-07-26(토),브로콜리치즈스프,중식
2025-07-26(토),가공우유,중식
2025-07-26(토),배추김치,중식
2025-07-27(일),밥,중식
2025-07-27(일),해물짬뽕,중식
2025-07-27(일),소불고기,중식
2025-07-27(일),오이무침,중식
2025-07-27(일),볶음김치,중식
2025-07-28(월),김치덮밥,중식
2025-07-28(월),쇠고기버섯전골,중식
2025-07-28(월),어묵볶음,중식
2025-07-28(월),계란후라이,중식
2025-07-28(월),열무김치,중식
2025-07-29(화),찹쌀밥,중식
2025-07-29(화),콩나물국,중식
2025-07-29(화),닭순살김치볶음,중식
2025-07-29(화),마카로니샐러드,중식
2025-07-29(화),깍두기,중식
2025-07-30(수),밥,중식
2025-07-30(수),햄짜글이,중식
2025-07-30(수),등갈비간장조림,중식
2025-07-30(수),샤인머스켓주스,중식
2025-07-30(수),무말랭이무침,중식
2025-07-30(수),배추김치,중식
2025-07-31(목),밥,중식
2025-07-31(목),닭고기육개장,중식
2025-07-31(목),새우가스,중식
2025-07-31(목),무&비트피클,중식
2025-07-31(목),배추김치,중식
2025-07-01(화),밥,중식
2025-07-01(화),시래기감자탕,중식
2025-07-01(화),동그랑땡,중식
2025-07-01(화),풋고추된장무침,중식
2025-07-04(금),순두부백탕,중식
2025-07-04(금),애호박나물,중식
2025-07-04(금),동파육,중식
2025-07-04(금),배추김치,중식
2025-07-05(토),밥,중식
2025-07-05(토),사골곰탕,중식
2025-07-05(토),메추리알장조림,중식
2025-07-05(토),배추나물,중식
2025-07-05(토),깍두기,중식
2025-07-06(일),밥,중식
2025-07-06(일),들깨무채국,중식
2025-07-06(일),고추장돼지불고기,중식
2025-07-06(일),새송이버섯야채볶음,중식
2025-07-06(일),배추김치,중식
2025-07-07(월),밥,중식
2025-07-07(월),감자호박국,중식
2025-07-07(월),소불고기,중식
2025-07-07(월),두부양념장,중식
2025-07-07(월),볶음김치,중식
2025-07-08(화),밥,중식
2025-07-08(화),콩나물김치국,중식
2025-07-08(화),감자채볶음,중식
2025-07-08(화),돼지삼겹야채볶음,중식
2025-07-08(화),김,중식
2025-07-08(화),깍두기,중식
2025-07-09(수),밥,중식
2025-07-09(수),순두부백탕,중식
2025-07-09(수),고추잡채,중식
2025-07-09(수),메추리알장조림,중식
2025-07-09(수),깍두기,중식
2025-07-10(목),찰현미밥,중식
2025-07-10(목),닭고기미역국,중식
2025-07-10(목),낙지삼겹살새우볶음,중식
2025-07-10(목),옥수수계란찜,중식
2025-07-10(목),두유,중식
2025-07-10(목),배추김치,중식
2025-07-11(금),밥,중식
2025-07-11(금),두부된장찌개,중식
2025-07-11(금),파채&간장돼지불백,중식
2025-07-11(금),느타리버섯볶음,중식
2025-07-11(금),열무김치,중식
2025-07-12(토),밥1,중식
2025-07-12(토),너비아니꼬지치즈맛,중식
2025-07-12(토),가공우유,중식
2025-07-12(토),양송이스프,중식
2025-07-12(토),배추김치,중식
2025-07-13(일),밥,중식
2025-07-13(일),사골곰탕,중식
2025-07-13(일),찐새우만두,중식
2025-07-13(일),무말랭이무침,중식
2025-07-13(일),열무김치,중식
2025-07-14(월),밥,중식
2025-07-14(월),짬뽕순두부,중식
2025-07-14(월),비엔나메추리알조림,중식
2025-07-14(월),콩나물매운무침,중식
2025-07-14(월),열무김치,중식
2025-07-15(화),밥,중식
2025-07-15(화),감자국,중식
2025-07-15(화),오리불고기,중식
2025-07-15(화),무쌈,중식
2025-07-15(화),팩형아이스크림,중식
2025-07-15(화),흑임자드레싱,중식
2025-07-15(화),배추김치,중식
2025-07-16(수),찹쌀밥,중식
2025-07-16(수),콩나물국,중식
2025-07-16(수),볼케이노치킨,중식
2025-07-16(수),청포묵무침,중식
2025-07-16(수),배추김치,중식
2025-07-17(목),밥,중식
2025-07-17(목),어묵탕,중식
2025-07-17(목),모듬쌈,중식
2025-07-17(목),냉채족발,중식
2025-07-17(목),제로콜라,중식
2025-07-17(목),무말랭이무침,중식
2025-07-17(목),보쌈김치,중식
2025-07-18(금),밥,중식
2025-06-19(목),마파두부,중식
2025-06-19(목),두유,중식
2025-06-19(목),배추김치,중식
2025-06-20(금),밥,중식
2025-06-20(금),두부된장찌개,중식
2025-06-20(금),꽈리고추멸치볶음,중식
2025-06-20(금),파채&간장돼지불백,중식
2025-06-20(금),열무김치,중식
2025-06-21(토),밥,중식
2025-06-21(토),사골곰탕,중식
2025-06-21(토),메추리알장조림,중식
2025-06-21(토),낙지젓무침,중식
2025-06-21(토),깍두기,중식
2025-06-22(일),밥,중식
2025-06-22(일),해물짬뽕,중식
2025-06-22(일),간장돼지불고기,중식
2025-06-22(일),오이무침,중식
2025-06-22(일),볶음김치,중식
2025-06-23(월),밥,중식
2025-06-23(월),어묵탕,중식
2025-06-23(월),모듬쌈,중식
2025-06-23(월),냉채족발,중식
2025-06-23(월),무말랭이무침,중식
2025-06-23(월),보쌈김치,중식
2025-06-24(화),밥,중식
2025-06-24(화),돼지고기고추장찌개,중식
2025-06-24(화),낙지삼겹살새우볶음,중식
2025-06-24(화),콘치즈계란찜,중식
2025-06-24(화),이온음료,중식
2025-06-24(화),배추김치,중식
2025-06-25(수),밥,중식
2025-06-25(수),햄짜글이,중식
2025-06-25(수),어묵볶음,중식
2025-06-25(수),달콤돼지고기볶음,중식
2025-06-25(수),배추김치,중식
2025-06-26(목),현미밥,중식
2025-06-26(목),짬뽕순두부,중식
2025-06-26(목),김자반,중식
2025-06-26(목),비엔나메추리알조림,중식
2025-06-26(목),콩나물매운무침,중식
2025-06-26(목),튜브형아이스크림2,중식
2025-06-26(목),열무김치,중식
2025-06-27(금),찹쌀밥,중식
2025-06-27(금),감자국,중식
2025-06-27(금),닭순살김치볶음,중식
2025-06-27(금),시금치무침,중식
2025-06-27(금),배추김치,중식
2025-06-28(토),밥1,중식
2025-06-28(토),바베큐폭립,중식
2025-06-28(토),가공우유,중식
2025-06-28(토),양송이스프,중식
2025-06-28(토),배추김치,중식
2025-06-29(일),밥,중식
2025-06-29(일),사골곰탕,중식
2025-06-29(일),찐새우만두,중식
2025-06-29(일),오징어젓무침,중식
2025-06-29(일),열무김치,중식
2025-06-30(월),밥,중식
2025-06-30(월),콩나물국,중식
2025-06-30(월),볼케이노치킨,중식
2025-06-30(월),무나물,중식
2025-06-30(월),팩형아이스크림,중식
2025-06-30(월),배추김치,중식
2025-07-01(화),밥,중식
2025-07-01(화),시래기감자탕,중식
2025-07-01(화),동그랑땡,중식
2025-07-01(화),풋고추된장무침,중식
2025-07-01(화),컵형아이스크림,중식
2025-07-01(화),배추김치,중식
2025-07-02(수),현미밥,중식
2025-07-02(수),홍합탕,중식
2025-07-02(수),오징어삼겹볶음,중식
2025-07-02(수),느타리버섯볶음,중식
2025-07-02(수),깍두기,중식
2025-07-03(목),밥,중식
2025-07-03(목),짬뽕찌개,중식
2025-07-03(목),순살고등어구이,중식
2025-07-03(목),콩나물무침,중식
2025-07-03(목),튜브형아이스크림2,중식
2025-07-03(목),배추김치,중식
2025-07-04(금),밥,중식
2025-06-05(목),쇠고기탕국,중식
2025-06-05(목),돼지고기청경채볶음,중식
2025-06-05(목),오징어채무침,중식
2025-06-05(목),튜브형아이스크림2,중식
2025-06-05(목),배추김치,중식
2025-06-06(금),밥,중식
2025-06-06(금),얼갈이된장국,중식
2025-06-06(금),훈제오리볶음,중식
2025-06-06(금),부추겉절이,중식
2025-06-06(금),무쌈,중식
2025-06-06(금),보쌈김치,중식
2025-06-07(토),밥,중식
2025-06-07(토),순대국밥,중식
2025-06-07(토),왕교자만두찜,중식
2025-06-07(토),오징어젓무침,중식
2025-06-07(토),깍두기,중식
2025-06-08(일),밥,중식
2025-06-08(일),황태해장국,중식
2025-06-08(일),돼지불고기,중식
2025-06-08(일),오이무침,중식
2025-06-08(일),볶음김치,중식
2025-06-09(월),밥,중식
2025-06-09(월),순두부백탕,중식
2025-06-09(월),느타리버섯볶음,중식
2025-06-09(월),돼지삼겹야채볶음,중식
2025-06-09(월),배추김치,중식
2025-06-10(화),밥,중식
2025-06-10(화),콩나물김치국,중식
2025-06-10(화),오징어삼겹볶음,중식
2025-06-10(화),메추리알장조림,중식
2025-06-10(화),사과주스,중식
2025-06-10(화),깍두기,중식
2025-06-11(수),밥,중식
2025-06-11(수),쇠고기버섯전골,중식
2025-06-11(수),콩나물잡채,중식
2025-06-11(수),근대무침,중식
2025-06-11(수),스프라이트,중식
2025-06-11(수),배추김치,중식
2025-06-12(목),밥,중식
2025-06-12(목),얼큰수제비국,중식
2025-06-12(목),가지볶음,중식
2025-06-12(목),갈치순살튀김,중식
2025-06-12(목),열무김치,중식
2025-06-13(금),밥,중식
2025-06-13(금),쇠고기육개장,중식
2025-06-13(금),낙지삼겹살새우볶음,중식
2025-06-13(금),옥수수계란찜,중식
2025-06-13(금),팩형아이스크림,중식
2025-06-13(금),배추김치,중식
2025-06-14(토),삼각주먹밥,중식
2025-06-14(토),소떡소떡,중식
2025-06-14(토),브로콜리치즈스프,중식
2025-06-14(토),가공우유,중식
2025-06-14(토),배추김치,중식
2025-06-15(일),밥,중식
2025-06-15(일),감자달걀국,중식
2025-06-15(일),고추장돼지불고기,중식
2025-06-15(일),새송이버섯야채볶음,중식
2025-06-15(일),배추김치,중식
2025-06-16(월),찹쌀밥,중식
2025-06-16(월),콩나물김치국,중식
2025-06-16(월),오리불고기,중식
2025-06-16(월),흑임자드레싱,중식
2025-06-16(월),무쌈,중식
2025-06-16(월),배추김치,중식
2025-06-17(화),밥,중식
2025-06-17(화),해물탕,중식
2025-06-17(화),닭간장소스찜,중식
2025-06-17(화),두부양념장,중식
2025-06-17(화),오렌지주스,중식
2025-06-17(화),배추김치,중식
2025-06-18(수),밥,중식
2025-06-18(수),닭고기미역국,중식
2025-06-18(수),감자채볶음,중식
2025-06-18(수),순살고등어구이,중식
2025-06-18(수),김,중식
2025-06-18(수),컵형아이스크림,중식
2025-06-18(수),깍두기,중식
2025-06-19(목),밥,중식
2025-06-19(목),짬뽕찌개,중식
2025-06-19(목),느타리버섯볶음,중식
2025-05-21(수),두부양념장,중식
2025-05-21(수),배추김치,중식
2025-05-22(목),밥,중식
2025-05-22(목),닭고기육개장,중식
2025-05-22(목),마파두부,중식
2025-05-22(목),느타리버섯볶음,중식
2025-05-22(목),배추김치,중식
2025-05-23(금),찰현미밥,중식
2025-05-23(금),돼지고기애호박찌개,중식
2025-05-23(금),고기만두찜,중식
2025-05-23(금),부추겉절이,중식
2025-05-23(금),깍두기,중식
2025-05-24(토),삼각주먹밥,중식
2025-05-24(토),소떡소떡,중식
2025-05-24(토),브로콜리치즈스프,중식
2025-05-24(토),가공우유,중식
2025-05-24(토),배추김치,중식
2025-05-25(일),밥,중식
2025-05-25(일),두부계란국,중식
2025-05-25(일),고추장돼지불고기,중식
2025-05-25(일),낙지젓무침,중식
2025-05-25(일),배추김치,중식
2025-05-26(월),현미밥,중식
2025-05-26(월),햄짜글이,중식
2025-05-26(월),호박새우볶음,중식
2025-05-26(월),비엔나메추리알조림,중식
2025-05-26(월),깍두기,중식
2025-05-27(화),밥,중식
2025-05-27(화),감자양파찌개,중식
2025-05-27(화),돼지갈비찜,중식
2025-05-27(화),상추겉절이,중식
2025-05-27(화),열무김치,중식
2025-05-28(수),밥,중식
2025-05-28(수),차돌박이된장찌개,중식
2025-05-28(수),낙지삼겹살새우볶음,중식
2025-05-28(수),무나물,중식
2025-05-28(수),이온음료,중식
2025-05-28(수),배추김치,중식
2025-05-29(목),밥,중식
2025-05-29(목),황태채국,중식
2025-05-29(목),어묵볶음,중식
2025-05-29(목),닭순살김치볶음,중식
2025-05-29(목),깍두기,중식
2025-05-30(금),밥,중식
2025-05-30(금),콩나물무채국,중식
2025-05-30(금),가지볶음,중식
2025-05-30(금),돼지불고기,중식
2025-05-30(금),짜먹는발효유,중식
2025-05-30(금),배추김치,중식
2025-05-31(토),밥,중식
2025-05-31(토),뼈없는감자탕,중식
2025-05-31(토),느타리버섯볶음,중식
2025-05-31(토),왕교자만두찜,중식
2025-05-31(토),깍두기,중식
2025-06-01(일),밥,중식
2025-06-01(일),감자호박국,중식
2025-06-01(일),새송이버섯야채볶음,중식
2025-06-01(일),소불고기,중식
2025-06-01(일),볶음김치,중식
2025-06-02(월),밥,중식
2025-06-02(월),돼지고기애호박찌개,중식
2025-06-02(월),마파두부,중식
2025-06-02(월),콩나물무침,중식
2025-06-02(월),배추김치,중식
2025-06-03(화),닭고기덮밥,중식
2025-06-03(화),찹쌀밥,중식
2025-06-03(화),두부된장찌개,중식
2025-06-03(화),스크램블에그,중식
2025-06-03(화),컵형아이스크림,중식
2025-06-03(화),배추김치,중식
2025-06-04(수),현미밥,중식
2025-06-04(수),홍합탕,중식
2025-06-04(수),고추잡채,중식
2025-06-04(수),느타리버섯볶음,중식
2025-06-04(수),깍두기,중식
2025-06-05(목),밥,중식
2025-05-07(수),홍합탕,중식
2025-05-07(수),고추잡채,중식
2025-05-07(수),느타리버섯볶음,중식
2025-05-07(수),피크닉,중식
2025-05-07(수),열무김치,중식
2025-05-08(목),닭고기덮밥,중식
2025-05-08(목),찹쌀밥,중식
2025-05-08(목),쇠고기탕국,중식
2025-05-08(목),스크램블에그,중식
2025-05-08(목),배추김치,중식
2025-05-09(금),밥,중식
2025-05-09(금),순두부백탕,중식
2025-05-09(금),돼지삼겹야채볶음,중식
2025-05-09(금),무말랭이무침,중식
2025-05-09(금),배추김치,중식
2025-05-10(토),밥1,중식
2025-05-10(토),바베큐폭립,중식
2025-05-10(토),가공우유,중식
2025-05-10(토),양송이스프,중식
2025-05-10(토),배추김치,중식
2025-05-11(일),밥,중식
2025-05-11(일),해물짬뽕,중식
2025-05-11(일),새송이버섯야채볶음,중식
2025-05-11(일),소불고기,중식
2025-05-11(일),열무김치,중식
2025-05-12(월),밥,중식
2025-05-12(월),두부된장찌개,중식
2025-05-12(월),마파두부,중식
2025-05-12(월),오징어채무침,중식
2025-05-12(월),배추김치,중식
2025-05-13(화),찰현미밥,중식
2025-05-13(화),얼갈이된장국,중식
2025-05-13(화),오징어삼겹볶음,중식
2025-05-13(화),상추겉절이,중식
2025-05-13(화),백색우유,중식
2025-05-13(화),깍두기,중식
2025-05-14(수),밥,중식
2025-05-14(수),콩나물김치국,중식
2025-05-14(수),훈제오리볶음,중식
2025-05-14(수),부추겉절이,중식
2025-05-14(수),무쌈,중식
2025-05-14(수),열무김치,중식
2025-05-15(목),밥,중식
2025-05-15(목),쇠고기버섯전골,중식
2025-05-15(목),콩나물잡채,중식
2025-05-15(목),사천식캐슈넛멸치볶음,중식
2025-05-15(목),배추김치,중식
2025-05-16(금),찹쌀밥,중식
2025-05-16(금),아욱된장국,중식
2025-05-16(금),감자채볶음,중식
2025-05-16(금),볼케이노치킨,중식
2025-05-16(금),배추김치,중식
2025-05-17(토),밥,중식
2025-05-17(토),사골곰탕,중식
2025-05-17(토),메추리알장조림,중식
2025-05-17(토),오징어젓무침,중식
2025-05-17(토),깍두기,중식
2025-05-18(일),밥,중식
2025-05-18(일),감자호박국,중식
2025-05-18(일),간장돼지불고기,중식
2025-05-18(일),오이무침,중식
2025-05-18(일),볶음김치,중식
2025-05-19(월),찹쌀밥,중식
2025-05-19(월),콩나물김치국,중식
2025-05-19(월),오리불고기,중식
2025-05-19(월),무쌈,중식
2025-05-19(월),흑임자드레싱,중식
2025-05-19(월),열무김치,중식
2025-05-20(화),밥,중식
2025-05-20(화),두부된장찌개,중식
2025-05-20(화),파채&간장돼지불백,중식
2025-05-20(화),무나물,중식
2025-05-20(화),사과주스,중식
2025-05-20(화),배추김치,중식
2025-05-21(수),밥,중식
2025-05-21(수),해물탕,중식
2025-05-21(수),닭꼬치,중식
2025-05-23(금),고기만두찜,중식
2025-05-23(금),부추겉절이,중식
2025-05-23(금),깍두기,중식
2025-05-24(토),삼각주먹밥,중식
2025-05-24(토),소떡소떡,중식
2025-05-24(토),브로콜리치즈스프,중식
2025-05-24(토),가공우유,중식
2025-05-24(토),배추김치,중식
2025-05-25(일),밥,중식
2025-05-25(일),두부계란국,중식
2025-05-25(일),고추장돼지불고기,중식
2025-05-25(일),낙지젓무침,중식
2025-05-25(일),배추김치,중식
2025-05-26(월),현미밥,중식
2025-05-26(월),햄짜글이,중식
2025-05-26(월),호박새우볶음,중식
2025-05-26(월),비엔나메추리알조림,중식
2025-05-26(월),깍두기,중식
2025-05-27(화),밥,중식
2025-05-27(화),감자양파찌개,중식
2025-05-27(화),돼지갈비찜,중식
2025-05-27(화),상추겉절이,중식
2025-05-27(화),열무김치,중식
2025-05-28(수),밥,중식
2025-05-28(수),차돌박이된장찌개,중식
2025-05-28(수),낙지삼겹살새우볶음,중식
2025-05-28(수),무나물,중식
2025-05-28(수),이온음료,중식
2025-05-28(수),배추김치,중식
2025-05-29(목),밥,중식
2025-05-29(목),황태채국,중식
2025-05-29(목),어묵볶음,중식
2025-05-29(목),닭순살김치볶음,중식
2025-05-29(목),깍두기,중식
2025-05-30(금),밥,중식
2025-05-30(금),콩나물무채국,중식
2025-05-30(금),가지볶음,중식
2025-05-30(금),돼지불고기,중식
2025-05-30(금),짜먹는발효유,중식
2025-05-30(금),배추김치,중식
2025-05-31(토),밥,중식
2025-05-32(토),뼈없는감자탕,중식
2025-05-33(토),느타리버섯볶음,중식
2025-05-34(토),왕교자만두찜,중식
2025-05-35(토),깍두기,중식
2025-05-01(목),찰현미밥,중식
2025-05-01(목),짬뽕찌개,중식
2025-05-01(목),멸치볶음,중식
2025-05-01(목),돼지고기청경채볶음,중식
2025-05-01(목),배추김치,중식
2025-05-02(금),밥,중식
2025-05-02(금),순두부찌개,중식
2025-05-02(금),감자채볶음,중식
2025-05-02(금),닭순살야채조림,중식
2025-05-02(금),깍두기,중식
2025-05-03(토),밥,중식
2025-05-03(토),순대국밥,중식
2025-05-03(토),왕교자만두찜,중식
2025-05-03(토),오징어젓무침,중식
2025-05-03(토),깍두기,중식
2025-05-04(일),밥,중식
2025-05-04(일),황태해장국,중식
2025-05-04(일),닭고기야채조림,중식
2025-05-04(일),오이무침,중식
2025-05-04(일),볶음김치,중식
2025-05-05(월),잡곡밥,중식
2025-05-05(월),미역국,중식
2025-05-05(월),돼지고기청경채볶음,중식
2025-05-05(월),옥수수계란찜,중식
2025-05-05(월),백색우유,중식
2025-05-05(월),배추김치,중식
2025-05-06(화),밥,중식
2025-05-06(화),꼬리곰탕,중식
2025-05-06(화),김자반,중식
2025-05-06(화),닭바베큐소스조림,중식
2025-05-06(화),부추양파무침,중식
2025-05-06(화),깍두기,중식
2025-05-07(수),현미밥,중식
2025-05-09(금),순두부백탕,중식
2025-05-09(금),돼지삼겹야채볶음,중식
2025-05-09(금),무말랭이무침,중식
2025-05-09(금),배추김치,중식
2025-05-10(토),밥1,중식
2025-05-10(토),바베큐폭립,중식
2025-05-10(토),가공우유,중식
2025-05-10(토),양송이스프,중식
2025-05-10(토),배추김치,중식
2025-05-11(일),밥,중식
2025-05-11(일),해물짬뽕,중식
2025-05-11(일),새송이버섯야채볶음,중식
2025-05-11(일),소불고기,중식
2025-05-11(일),열무김치,중식
2025-05-12(월),밥,중식
2025-05-12(월),두부된장찌개,중식
2025-05-12(월),마파두부,중식
2025-05-12(월),오징어채무침,중식
2025-05-12(월),배추김치,중식
2025-05-13(화),찰현미밥,중식
2025-05-13(화),얼갈이된장국,중식
2025-05-13(화),오징어삼겹볶음,중식
2025-05-13(화),상추겉절이,중식
2025-05-13(화),백색우유,중식
2025-05-13(화),깍두기,중식
2025-05-14(수),밥,중식
2025-05-14(수),콩나물김치국,중식
2025-05-14(수),훈제오리볶음,중식
2025-05-14(수),부추겉절이,중식
2025-05-14(수),무쌈,중식
2025-05-14(수),열무김치,중식
2025-05-15(목),밥,중식
2025-05-15(목),쇠고기버섯전골,중식
2025-05-15(목),콩나물잡채,중식
2025-05-15(목),사천식캐슈넛멸치볶음,중식
2025-05-15(목),배추김치,중식
2025-05-16(금),찹쌀밥,중식
2025-05-16(금),아욱된장국,중식
2025-05-16(금),감자채볶음,중식
2025-05-16(금),볼케이노치킨,중식
2025-05-16(금),배추김치,중식
2025-05-17(토),밥,중식
2025-05-17(토),사골곰탕,중식
2025-05-17(토),메추리알장조림,중식
2025-05-17(토),오징어젓무침,중식
2025-05-17(토),깍두기,중식
2025-05-18(일),밥,중식
2025-05-18(일),감자호박국,중식
2025-05-18(일),간장돼지불고기,중식
2025-05-18(일),오이무침,중식
2025-05-18(일),볶음김치,중식
2025-05-19(월),찹쌀밥,중식
2025-05-19(월),콩나물김치국,중식
2025-05-19(월),오리불고기,중식
2025-05-19(월),무쌈,중식
2025-05-19(월),흑임자드레싱,중식
2025-05-19(월),열무김치,중식
2025-05-20(화),밥,중식
2025-05-20(화),두부된장찌개,중식
2025-05-20(화),파채&간장돼지불백,중식
2025-05-20(화),무나물,중식
2025-05-20(화),사과주스,중식
2025-05-20(화),배추김치,중식
2025-05-21(수),밥,중식
2025-05-21(수),해물탕,중식
2025-05-21(수),닭꼬치,중식
2025-05-21(수),두부양념장,중식
2025-05-21(수),배추김치,중식
2025-05-22(목),밥,중식
2025-05-22(목),닭고기육개장,중식
2025-05-22(목),마파두부,중식
2025-05-22(목),느타리버섯볶음,중식
2025-05-22(목),배추김치,중식
2025-05-23(금),찰현미밥,중식
2025-05-23(금),돼지고기애호박찌개,중식
2025-04-24(목),상추겉절이,중식
2025-04-24(목),깍두기,중식
2025-04-25(금),밥,중식
2025-04-25(금),두부된장찌개,중식
2025-04-25(금),마파감자,중식
2025-04-25(금),시금치무침,중식
2025-04-25(금),백색우유,중식
2025-04-25(금),배추김치,중식
2025-04-26(토),삼각주먹밥,중식
2025-04-26(토),소떡소떡,중식
2025-04-26(토),감바스,중식
2025-04-26(토),가공우유,중식
2025-04-26(토),배추김치,중식
2025-04-27(일),밥,중식
2025-04-27(일),콩나물김치국,중식
2025-04-27(일),고추장돼지불고기,중식
2025-04-27(일),낙지젓무침,중식
2025-04-27(일),깍두기,중식
2025-04-28(월),찹쌀밥,중식
2025-04-28(월),해물탕,중식
2025-04-28(월),어묵볶음,중식
2025-04-28(월),닭꼬치,중식
2025-04-28(월),배추김치,중식
2025-04-29(화),밥,중식
2025-04-29(화),닭고기육개장,중식
2025-04-29(화),느타리버섯볶음,중식
2025-04-29(화),마파두부,중식
2025-04-29(화),배추김치,중식
2025-04-30(수),밥,중식
2025-04-30(수),돼지고기애호박찌개,중식
2025-04-30(수),메추리알장조림,중식
2025-04-30(수),부추겉절이,중식
2025-04-30(수),깍두기,중식
2025-05-01(목),찰현미밥,중식
2025-05-01(목),짬뽕찌개,중식
2025-05-01(목),멸치볶음,중식
2025-05-01(목),돼지고기청경채볶음,중식
2025-05-01(목),배추김치,중식
2025-05-02(금),밥,중식
2025-05-02(금),순두부찌개,중식
2025-05-02(금),감자채볶음,중식
2025-05-02(금),닭순살야채조림,중식
2025-05-02(금),깍두기,중식
2025-05-03(토),밥,중식
2025-05-03(토),순대국밥,중식
2025-05-03(토),왕교자만두찜,중식
2025-05-03(토),오징어젓무침,중식
2025-05-03(토),깍두기,중식
2025-05-04(일),밥,중식
2025-05-04(일),황태해장국,중식
2025-05-04(일),닭고기야채조림,중식
2025-05-04(일),오이무침,중식
2025-05-04(일),볶음김치,중식
2025-05-05(월),잡곡밥,중식
2025-05-05(월),미역국,중식
2025-05-05(월),돼지고기청경채볶음,중식
2025-05-05(월),옥수수계란찜,중식
2025-05-05(월),백색우유,중식
2025-05-05(월),배추김치,중식
2025-05-06(화),밥,중식
2025-05-06(화),꼬리곰탕,중식
2025-05-06(화),김자반,중식
2025-05-06(화),닭바베큐소스조림,중식
2025-05-06(화),부추양파무침,중식
2025-05-06(화),깍두기,중식
2025-05-07(수),현미밥,중식
2025-05-07(수),홍합탕,중식
2025-05-07(수),고추잡채,중식
2025-05-07(수),느타리버섯볶음,중식
2025-05-07(수),피크닉,중식
2025-05-07(수),열무김치,중식
2025-05-08(목),닭고기덮밥,중식
2025-05-08(목),찹쌀밥,중식
2025-05-08(목),쇠고기탕국,중식
2025-05-08(목),스크램블에그,중식
2025-05-08(목),배추김치,중식
2025-05-09(금),밥,중식
2026-09-21(월),두유,중식
2026-09-21(월),열무김치,중식
2026-09-22(화),현미밥,중식
2026-09-22(화),순두부백탕,중식
2026-09-22(화),낙지삼겹살새우볶음,중식
2026-09-22(화),옥수수계란찜,중식
2026-09-22(화),백색우유,중식
2026-09-22(화),배추김치,중식
2026-09-23(수),밥,중식
2026-09-23(수),감자어묵탕,중식
2026-09-23(수),닭순살김치볶음,중식
2026-09-23(수),무생채,중식
2026-09-23(수),게토레이,중식
2026-09-23(수),열무김치,중식
2026-09-24(목),밥,중식
2026-09-24(목),꼬리곰탕,중식
2026-09-24(목),돼지고기육전,중식
2026-09-24(목),부추무침,중식
2026-09-24(목),두유,중식
2026-09-24(목),깍두기,중식
2026-09-25(금),잡곡밥,중식
2026-09-25(금),차돌박이된장찌개,중식
2026-09-25(금),돼지갈비찜,중식
2026-09-25(금),콩나물무침,중식
2026-09-25(금),백설기떡,중식
2026-09-25(금),배추김치,중식
2026-09-26(토),밥,중식
2026-09-26(토),사골우거지국,중식
2026-09-26(토),바베큐폭립,중식
2026-09-26(토),오이피클,중식
2026-09-26(토),마카롱,중식
2026-09-26(토),단호박샐러드,중식
2026-09-26(토),백색우유,중식
2026-09-26(토),배추김치,중식
2026-09-27(일),밥,중식
2026-09-27(일),김치찌개,중식
2026-09-27(일),훈제닭다리,중식
2026-09-27(일),가공우유,중식
2026-09-27(일),참치샐러드,중식
2026-09-27(일),열무김치,중식
2026-09-28(월),밥,중식
2026-09-28(월),돼지고기애호박찌개,중식
2026-09-28(월),매콤순대볶음,중식
2026-09-28(월),불고기오믈렛,중식
2026-09-28(월),감귤주스,중식
2026-09-28(월),배추김치,중식
2026-09-29(화),밥,중식
2026-09-29(화),수제비국,중식
2026-09-29(화),무생채,중식
2026-09-29(화),보쌈,중식
2026-09-29(화),백색우유,중식
2026-09-29(화),보쌈김치,중식
2026-09-30(수),찹쌀밥,중식
2026-09-30(수),돼지국밥,중식
2026-09-30(수),잎새만두찜,중식
2026-09-30(수),비요뜨초코링,중식
2026-09-30(수),양념전복장,중식
2026-09-30(수),배추김치,중식
2025-04-20(일),홍합탕,중식
2025-04-20(일),무말랭이무침,중식
2025-04-20(일),백색우유,중식
2025-04-20(일),배추김치,중식
2025-04-21(월),찹쌀밥,중식
2025-04-21(월),어묵탕,중식
2025-04-21(월),오리불고기,중식
2025-04-21(월),무쌈,중식
2025-04-21(월),흑임자드레싱,중식
2025-04-21(월),짜먹는발효유,중식
2025-04-21(월),배추김치,중식
2025-04-22(화),밥,중식
2025-04-22(화),쇠고기버섯전골,중식
2025-04-22(화),콩나물잡채,중식
2025-04-22(화),사천식캐슈넛멸치볶음,중식
2025-04-22(화),배추김치,중식
2025-04-23(수),밥,중식
2025-04-23(수),얼큰수제비국,중식
2025-04-23(수),감자채볶음,중식
2025-04-23(수),볼케이노치킨,중식
2025-04-23(수),배추김치,중식
2025-04-24(목),찰현미밥,중식
2025-04-24(목),얼갈이된장국,중식
2025-04-24(목),돼지삼겹야채볶음,중식
2026-09-08(화),오이풋고추된장무침,중식
2026-09-08(화),가공우유,중식
2026-09-08(화),깍두기,중식
2026-09-09(수),밥,중식
2026-09-09(수),순두부찌개,중식
2026-09-09(수),순살족발,중식
2026-09-09(수),무말랭이무침,중식
2026-09-09(수),백색우유,중식
2026-09-09(수),보쌈김치,중식
2026-09-10(목),밥,중식
2026-09-10(목),시래기감자탕,중식
2026-09-10(목),새우가스&콘타르타르,중식
2026-09-10(목),부추무침,중식
2026-09-10(목),이온음료,중식
2026-09-10(목),배추김치,중식
2026-09-11(금),밥,중식
2026-09-11(금),두부된장찌개,중식
2026-09-11(금),돼지고기고추장볶음,중식
2026-09-11(금),호박새우볶음,중식
2026-09-11(금),마시는발효유,중식
2026-09-11(금),열무김치,중식
2026-09-12(토),대파크림치즈베이글,중식
2026-09-12(토),스크램블에그,중식
2026-09-12(토),갈배사이다,중식
2026-09-12(토),코울슬로샐러드,중식
2026-09-12(토),백색우유,중식
2026-09-12(토),첵스초코시리얼,중식
2026-09-13(일),밥,중식
2026-09-13(일),닭고기육개장,중식
2026-09-13(일),간장돼지불고기,중식
2026-09-13(일),양념깻잎지,중식
2026-09-13(일),백색우유,중식
2026-09-13(일),배추김치,중식
2026-09-14(월),밥,중식
2026-09-14(월),순대국밥,중식
2026-09-14(월),새우교자만두,중식
2026-09-14(월),오이풋고추된장무침,중식
2026-09-14(월),이온음료,중식
2026-09-14(월),깍두기,중식
2026-09-15(화),찰현미밥,중식
2026-09-15(화),쇠고기무국,중식
2026-09-15(화),주꾸미볶음,중식
2026-09-15(화),콩나물무침,중식
2026-09-15(화),샤인머스켓주스,중식
2026-09-15(화),열무김치,중식
2026-09-16(수),제육덮밥,중식
2026-09-16(수),가리비미역국,중식
2026-09-16(수),모짜렐라핫도그,중식
2026-09-16(수),계란후라이,중식
2026-09-16(수),백색우유,중식
2026-09-16(수),배추김치,중식
2026-09-17(목),밥,중식
2026-09-17(목),순두부찌개,중식
2026-09-17(목),훈제오리볶음,중식
2026-09-17(목),부추무침,중식
2026-09-17(목),복숭아에이드,중식
2026-09-17(목),무쌈,중식
2026-09-17(목),열무김치,중식
2026-09-18(금),밥,중식
2026-09-18(금),꼬치어묵국,중식
2026-09-18(금),오삼불고기,중식
2026-09-18(금),호박새우볶음,중식
2026-09-18(금),백색우유,중식
2026-09-18(금),배추김치,중식
2026-09-19(토),햄치즈버거,중식
2026-09-19(토),계란후라이,중식
2026-09-19(토),제로콜라2,중식
2026-09-19(토),감자에그샐러드,중식
2026-09-19(토),초코씨리얼,중식
2026-09-19(토),백색우유,중식
2026-09-20(일),밥,중식
2026-09-20(일),황태해장국,중식
2026-09-20(일),고추장돼지불고기,중식
2026-09-20(일),무조림,중식
2026-09-20(일),초코찰떡,중식
2026-09-20(일),배추김치,중식
2026-09-21(월),비빔밥,중식
2026-09-21(월),두부김치국,중식
2026-09-21(월),오징어팝콘,중식
2026-09-21(월),계란후라이,중식
2026-08-26(수),만두국,중식
2026-08-26(수),밥,중식
2026-08-26(수),순살족발,중식
2026-08-26(수),무생채,중식
2026-08-26(수),백색우유,중식
2026-08-26(수),열무김치,중식
2026-08-27(목),밥,중식
2026-08-27(목),순두부찌개,중식
2026-08-27(목),오징어순대볶음,중식
2026-08-27(목),궁중떡볶이,중식
2026-08-27(목),비요뜨초코링,중식
2026-08-27(목),배추김치,중식
2026-08-28(금),밥,중식
2026-08-28(금),팽이버섯된장국,중식
2026-08-28(금),바베큐폭립,중식
2026-08-28(금),무&비트피클,중식
2026-08-28(금),두유,중식
2026-08-28(금),배추김치,중식
2026-08-29(토),대파크림치즈베이글,중식
2026-08-29(토),양송이스프,중식
2026-08-29(토),고구마샐러드,중식
2026-08-29(토),초코아몬드,중식
2026-08-29(토),에너지음료,중식
2026-08-29(토),백색우유,중식
2026-08-30(일),밥,중식
2026-08-30(일),맑은홍합탕,중식
2026-08-30(일),훈제오리볶음,중식
2026-08-30(일),콩나물매운무침,중식
2026-08-30(일),팩형아이스크림,중식
2026-08-30(일),무쌈,중식
2026-08-30(일),배추김치,중식
2026-08-31(월),돼지국밥,중식
2026-08-31(월),밥,중식
2026-08-31(월),새우교자만두,중식
2026-08-31(월),오이풋고추된장무침,중식
2026-08-31(월),백색우유,중식
2026-08-31(월),깍두기,중식
2026-09-01(화),현미밥,중식
2026-09-01(화),얼큰계란국,중식
2026-09-01(화),명엽채볶음,중식
2026-09-01(화),고추잡채,중식
2026-09-01(화),배추김치,중식
2026-09-02(수),찹쌀밥,중식
2026-09-02(수),사골곰탕,중식
2026-09-02(수),닭강정,중식
2026-09-02(수),양념고추지,중식
2026-09-02(수),백색우유,중식
2026-09-02(수),깍두기,중식
2026-09-03(목),밥,중식
2026-09-03(목),들깨무채국,중식
2026-09-03(목),주꾸미볶음,중식
2026-09-03(목),계란말이,중식
2026-09-03(목),복숭아주스,중식
2026-09-03(목),배추김치,중식
2026-09-04(금),밥,중식
2026-09-04(금),햄짜글이,중식
2026-09-04(금),파채&간장돼지불백,중식
2026-09-04(금),연근조림,중식
2026-09-04(금),백색우유,중식
2026-09-04(금),배추김치,중식
2026-09-05(토),불고기버거,중식
2026-09-05(토),계란후라이,중식
2026-09-05(토),고구마샐러드,중식
2026-09-05(토),콘푸로스트,중식
2026-09-05(토),몬스터에너지,중식
2026-09-05(토),백색우유,중식
2026-09-06(일),밥,중식
2026-09-06(일),어묵탕,중식
2026-09-06(일),애호박나물,중식
2026-09-06(일),오리불고기,중식
2026-09-06(일),무쌈,중식
2026-09-06(일),튜브형아이스크림2,중식
2026-09-06(일),배추김치,중식
2026-09-07(월),밥,중식
2026-09-07(월),돼지고기애호박찌개,중식
2026-09-07(월),밥싸먹는훈제오리,중식
2026-09-07(월),순살고등어구이,중식
2026-09-07(월),이온음료,중식
2026-09-07(월),배추김치,중식
2026-09-08(화),찹쌀밥,중식
2026-09-08(화),꼬리곰탕,중식
2026-09-08(화),닭꼬치,중식
2026-08-12(수),어묵탕,중식
2026-08-12(수),명이나물,중식
2026-08-12(수),보쌈,중식
2026-08-12(수),백색우유,중식
2026-08-12(수),보쌈김치,중식
2026-08-13(목),밥,중식
2026-08-13(목),사골미역국,중식
2026-08-13(목),버섯잡채,중식
2026-08-13(목),깻잎전,중식
2026-08-13(목),식혜,중식
2026-08-13(목),열무김치,중식
2026-08-14(금),밥,중식
2026-08-14(금),햄짜글이,중식
2026-08-14(금),부들어묵볶음,중식
2026-08-14(금),알떡스테이크,중식
2026-08-14(금),게토레이,중식
2026-08-14(금),배추김치,중식
2026-08-15(토),햄치즈버거,중식
2026-08-15(토),계란후라이,중식
2026-08-15(토),참치샐러드,중식
2026-08-15(토),초코씨리얼,중식
2026-08-15(토),백색우유,중식
2026-08-15(토),갈배사이다,중식
2026-08-16(일),밥,중식
2026-08-16(일),해물짬뽕,중식
2026-08-16(일),감자채볶음,중식
2026-08-16(일),볼케이노치킨,중식
2026-08-16(일),튜브형아이스크림2,중식
2026-08-16(일),백김치,중식
2026-08-17(월),밥1,중식
2026-08-17(월),꼬치어묵국,중식
2026-08-17(월),누들떡볶이,중식
2026-08-17(월),닭강정,중식
2026-08-17(월),반달단무지,중식
2026-08-17(월),가공우유,중식
2026-08-18(화),밥,중식
2026-08-18(화),황태채국,중식
2026-08-18(화),낙지삼겹살새우볶음,중식
2026-08-18(화),옥수수계란찜,중식
2026-08-18(화),백색우유,중식
2026-08-18(화),배추김치,중식
2026-08-19(수),카레밥,중식
2026-08-19(수),감자국,중식
2026-08-19(수),왕새우튀김소스,중식
2026-08-19(수),복숭아주스,중식
2026-08-19(수),배추김치,중식
2026-08-20(목),현미밥,중식
2026-08-20(목),두부김치국,중식
2026-08-20(목),동파육,중식
2026-08-20(목),양념깻잎지,중식
2026-08-20(목),백색우유,중식
2026-08-20(목),깍두기,중식
2026-08-21(금),흑미밥,중식
2026-08-21(금),닭고기육개장,중식
2026-08-21(금),순살삼치구이,중식
2026-08-21(금),진미채고추장조림,중식
2026-08-21(금),이온음료,중식
2026-08-21(금),열무김치,중식
2026-08-22(토),밥1,중식
2026-08-22(토),치킨스테이크,중식
2026-08-22(토),불고기오믈렛,중식
2026-08-22(토),포테이토크림스프,중식
2026-08-22(토),배추김치,중식
2026-08-23(일),밥,중식
2026-08-23(일),해물탕,중식
2026-08-23(일),간장돼지불고기,중식
2026-08-23(일),가공우유,중식
2026-08-23(일),무말랭이무침,중식
2026-08-23(일),배추김치,중식
2026-08-24(월),찹쌀밥,중식
2026-08-24(월),순대국밥,중식
2026-08-24(월),해물파전,중식
2026-08-24(월),오이풋고추된장무침,중식
2026-08-24(월),백색우유,중식
2026-08-24(월),깍두기,중식
2026-08-25(화),찰현미밥,중식
2026-08-25(화),들깨무채국,중식
2026-08-25(화),주꾸미볶음,중식
2026-08-25(화),돼지고기육전,중식
2026-08-25(화),이온음료,중식
2026-08-25(화),열무김치,중식
2026-07-29(수),순살족발,중식
2026-07-29(수),명이나물,중식
2026-07-29(수),이온음료,중식
2026-07-29(수),보쌈김치,중식
2026-07-30(목),밥,중식
2026-07-30(목),시래기감자탕,중식
2026-07-30(목),오징어튀김,중식
2026-07-30(목),부추무침,중식
2026-07-30(목),백색우유,중식
2026-07-30(목),배추김치,중식
2026-07-31(금),밥,중식
2026-07-31(금),유부장국,중식
2026-07-31(금),지코바치킨,중식
2026-07-31(금),참치샐러드,중식
2026-07-31(금),무&비트피클,중식
2026-07-31(금),갈배사이다,중식
2026-08-01(토),불고기버거,중식
2026-08-01(토),계란후라이,중식
2026-08-01(토),단호박샐러드,중식
2026-08-01(토),백색우유,중식
2026-08-01(토),첵스초코시리얼,중식
2026-08-01(토),제로콜라,중식
2026-08-02(일),밥,중식
2026-08-02(일),부대찌개,중식
2026-08-02(일),콩나물불고기,중식
2026-08-02(일),무생채,중식
2026-08-02(일),튜브형아이스크림2,중식
2026-08-02(일),배추김치,중식
2026-08-03(월),현미밥,중식
2026-08-03(월),참치고추장찌개,중식
2026-08-03(월),고추잡채,중식
2026-08-03(월),연근조림,중식
2026-08-03(월),마시는발효유,중식
2026-08-03(월),배추김치,중식
2026-08-04(화),찹쌀밥,중식
2026-08-04(화),사골곰탕,중식
2026-08-04(화),잎새만두찜,중식
2026-08-04(화),부추무침,중식
2026-08-04(화),백색우유,중식
2026-08-04(화),깍두기,중식
2026-08-05(수),김치덮밥,중식
2026-08-05(수),팽이버섯된장국,중식
2026-08-05(수),계란후라이,중식
2026-08-05(수),쇠고기육전,중식
2026-08-05(수),복숭아에이드,중식
2026-08-05(수),열무김치,중식
2026-08-06(목),밥,중식
2026-08-06(목),가리비미역국,중식
2026-08-06(목),파채&간장돼지불백,중식
2026-08-06(목),백색우유,중식
2026-08-06(목),무말랭이무침,중식
2026-08-06(목),백김치,중식
2026-08-07(금),찰현미밥,중식
2026-08-07(금),순두부백탕,중식
2026-08-07(금),오리불고기,중식
2026-08-07(금),오이무침,중식
2026-08-07(금),무쌈,중식
2026-08-07(금),이온음료,중식
2026-08-07(금),배추김치,중식
2026-08-08(토),핫도그빵,중식
2026-08-08(토),스크램블에그,중식
2026-08-08(토),몬스터에너지,중식
2026-08-08(토),백색우유,중식
2026-08-08(토),콘푸로스트,중식
2026-08-08(토),코울슬로샐러드,중식
2026-08-09(일),밥,중식
2026-08-09(일),얼큰수제비국,중식
2026-08-09(일),소불고기,중식
2026-08-09(일),콩나물무침,중식
2026-08-09(일),가공우유,중식
2026-08-09(일),배추김치,중식
2026-08-10(월),밥,중식
2026-08-10(월),감자양파찌개,중식
2026-08-10(월),주꾸미볶음,중식
2026-08-10(월),옥수수계란찜,중식
2026-08-10(월),백색우유,중식
2026-08-10(월),배추김치,중식
2026-08-11(화),밥,중식
2026-08-11(화),차돌박이된장찌개,중식
2026-08-11(화),호박새우볶음,중식
2026-08-11(화),오삼불고기,중식
2026-08-11(화),짜요짜요딸기,중식
2026-08-11(화),배추김치,중식
2026-08-12(수),흑미밥,중식
2026-07-15(수),백색우유,중식
2026-07-15(수),무말랭이무침,중식
2026-07-15(수),보쌈김치,중식
2026-07-16(목),김치덮밥,중식
2026-07-16(목),유부장국,중식
2026-07-16(목),계란후라이,중식
2026-07-16(목),타코야끼,중식
2026-07-16(목),이온음료,중식
2026-07-16(목),깍두기,중식
2026-07-17(금),현미밥,중식
2026-07-17(금),차돌박이된장찌개,중식
2026-07-17(금),순살고등어구이,중식
2026-07-17(금),진미채고추장조림,중식
2026-07-17(금),비요뜨초코링,중식
2026-07-17(금),배추김치,중식
2026-07-18(토),햄치즈버거,중식
2026-07-18(토),계란후라이,중식
2026-07-18(토),고구마샐러드,중식
2026-07-18(토),오곡코코볼,중식
2026-07-18(토),백색우유,중식
2026-07-19(일),밥,중식
2026-07-19(일),부대찌개,중식
2026-07-19(일),오리불고기,중식
2026-07-19(일),흑임자드레싱,중식
2026-07-19(일),팩형아이스크림,중식
2026-07-19(일),무쌈,중식
2026-07-19(일),배추김치,중식
2026-07-20(월),밥,중식
2026-07-20(월),꼬리곰탕,중식
2026-07-20(월),잎새만두찜,중식
2026-07-20(월),콩나물무침,중식
2026-07-20(월),두유,중식
2026-07-20(월),깍두기,중식
2026-07-21(화),밥,중식
2026-07-21(화),황태채국,중식
2026-07-21(화),매콤순대볶음,중식
2026-07-21(화),계란찜,중식
2026-07-21(화),백색우유,중식
2026-07-21(화),배추김치,중식
2026-07-22(수),밥,중식
2026-07-22(수),쇠고기버섯전골,중식
2026-07-22(수),동그랑땡,중식
2026-07-22(수),미역줄기볶음,중식
2026-07-22(수),복숭아에이드,중식
2026-07-22(수),배추김치,중식
2026-07-23(목),잡곡밥,중식
2026-07-23(목),순두부백탕,중식
2026-07-23(목),동파육,중식
2026-07-23(목),무생채,중식
2026-07-23(목),배추김치,중식
2026-07-24(금),찰수수밥,중식
2026-07-24(금),수제비국,중식
2026-07-24(금),밥싸먹는훈제오리,중식
2026-07-24(금),비엔나소시지감자조림,중식
2026-07-24(금),백색우유,중식
2026-07-24(금),배추김치,중식
2026-07-25(토),밥1,중식
2026-07-25(토),치킨스테이크,중식
2026-07-25(토),피자오믈렛,중식
2026-07-25(토),양송이스프,중식
2026-07-25(토),배추김치,중식
2026-07-26(일),밥,중식
2026-07-26(일),두부김치국,중식
2026-07-26(일),간장돼지불고기,중식
2026-07-26(일),양념깻잎지,중식
2026-07-26(일),깍두기,중식
2026-07-27(월),찹쌀밥,중식
2026-07-27(월),돼지국밥,중식
2026-07-27(월),평양왕만두,중식
2026-07-27(월),오이무침,중식
2026-07-27(월),튜브형아이스크림2,중식
2026-07-27(월),배추김치,중식
2026-07-28(화),밥,중식
2026-07-28(화),닭볶음탕,중식
2026-07-28(화),참치고추장찌개,중식
2026-07-28(화),미역줄기볶음,중식
2026-07-28(화),백색우유,중식
2026-07-28(화),배추김치,중식
2026-07-29(수),흑미밥,중식
2026-07-29(수),감자호박국,중식
2026-07-01(수),계란찜,중식
2026-07-01(수),백색우유,중식
2026-07-01(수),깍두기,중식
2026-07-02(목),현미밥,중식
2026-07-02(목),콩나물김치국,중식
2026-07-02(목),훈제오리볶음,중식
2026-07-02(목),미역줄기볶음,중식
2026-07-02(목),백색우유,중식
2026-07-02(목),무쌈,중식
2026-07-02(목),열무김치,중식
2026-07-03(금),밥,중식
2026-07-03(금),닭곰탕,중식
2026-07-03(금),감자채볶음,중식
2026-07-03(금),순살삼치구이,중식
2026-07-03(금),마시는발효유,중식
2026-07-03(금),배추김치,중식
2026-07-04(토),불고기버거,중식
2026-07-04(토),계란후라이,중식
2026-07-04(토),감자샐러드,중식
2026-07-04(토),백색우유,중식
2026-07-04(토),오레오오즈,중식
2026-07-05(일),밥,중식
2026-07-05(일),쇠고기무국,중식
2026-07-05(일),고추장돼지불고기,중식
2026-07-05(일),멸치볶음,중식
2026-07-05(일),튜브형아이스크림2,중식
2026-07-05(일),배추김치,중식
2026-07-06(월),밥,중식
2026-07-06(월),수제비국,중식
2026-07-06(월),오이풋고추된장무침,중식
2026-07-06(월),보쌈,중식
2026-07-06(월),가공우유,중식
2026-07-06(월),열무김치,중식
2026-07-07(화),흑미밥,중식
2026-07-07(화),감자양파찌개,중식
2026-07-07(화),낙지삼겹살새우볶음,중식
2026-07-07(화),두부양념장,중식
2026-07-07(화),백색우유,중식
2026-07-07(화),배추김치,중식
2026-07-08(수),밥,중식
2026-07-08(수),우거지갈비탕,중식
2026-07-08(수),가지볶음,중식
2026-07-08(수),비엔나메추리알조림,중식
2026-07-08(수),백색우유,중식
2026-07-08(수),배추김치,중식
2026-07-09(목),밥,중식
2026-07-09(목),감자어묵탕,중식
2026-07-09(목),훈제닭다리,중식
2026-07-09(목),부추해물완자,중식
2026-07-09(목),팩형아이스크림,중식
2026-07-09(목),배추김치,중식
2026-07-10(금),밥,중식
2026-07-10(금),가리비미역국,중식
2026-07-10(금),버섯잡채,중식
2026-07-10(금),닭꼬치,중식
2026-07-10(금),식혜,중식
2026-07-10(금),배추김치,중식
2026-07-11(토),대파크림치즈베이글,중식
2026-07-11(토),스크램블에그,중식
2026-07-11(토),코울슬로샐러드,중식
2026-07-11(토),백색우유,중식
2026-07-11(토),콘푸로스트,중식
2026-07-12(일),찹쌀밥,중식
2026-07-12(일),순대국밥,중식
2026-07-12(일),쇠고기육전,중식
2026-07-12(일),양념고추지,중식
2026-07-12(일),컵형아이스크림,중식
2026-07-12(일),깍두기,중식
2026-07-13(월),잡곡밥,중식
2026-07-13(월),들깨무채국,중식
2026-07-13(월),감자채볶음,중식
2026-07-13(월),볼케이노치킨,중식
2026-07-13(월),이온음료,중식
2026-07-13(월),배추김치,중식
2026-07-14(화),찰현미밥,중식
2026-07-14(화),마라탕,중식
2026-07-14(화),애호박나물,중식
2026-07-14(화),알떡스테이크,중식
2026-07-14(화),복숭아주스,중식
2026-07-14(화),배추김치,중식
2026-07-15(수),밥,중식
2026-07-15(수),감자호박국,중식
2026-07-15(수),훈제삼겹살,중식
2026-06-17(수),청포묵무침,중식
2026-06-17(수),튜브형아이스크림2,중식
2026-06-17(수),배추김치,중식
2026-06-18(목),김치덮밥,중식
2026-06-18(목),콩나물국,중식
2026-06-18(목),깻잎전,중식
2026-06-18(목),계란후라이,중식
2026-06-18(목),백색우유,중식
2026-06-18(목),열무김치,중식
2026-06-19(금),밥,중식
2026-06-19(금),닭볶음탕,중식
2026-06-19(금),쇠고기탕국,중식
2026-06-19(금),베이컨떡말이,중식
2026-06-19(금),쑥떡,중식
2026-06-19(금),배추김치,중식
2026-06-20(토),불고기버거,중식
2026-06-20(토),계란후라이,중식
2026-06-20(토),오곡코코볼,중식
2026-06-20(토),단호박샐러드,중식
2026-06-20(토),백색우유,중식
2026-06-21(일),밥,중식
2026-06-21(일),꼬리곰탕,중식
2026-06-21(일),새우가스&콘타르타르,중식
2026-06-21(일),양념고추지,중식
2026-06-21(일),포도주스,중식
2026-06-21(일),깍두기,중식
2026-06-22(월),밥,중식
2026-06-22(월),우거지갈비탕,중식
2026-06-22(월),남도떡갈비,중식
2026-06-22(월),메추리알장조림,중식
2026-06-22(월),팩형아이스크림,중식
2026-06-22(월),배추김치,중식
2026-06-23(화),흑미밥,중식
2026-06-23(화),감자호박국,중식
2026-06-23(화),낙지삼겹살새우볶음,중식
2026-06-23(화),옥수수계란찜,중식
2026-06-23(화),백색우유,중식
2026-06-23(화),배추김치,중식
2026-06-24(수),찹쌀밥,중식
2026-06-24(수),쇠고기육개장,중식
2026-06-24(수),오징어순대볶음,중식
2026-06-24(수),야채고기말이,중식
2026-06-24(수),배추김치,중식
2026-06-25(목),밥,중식
2026-06-25(목),닭곰탕,중식
2026-06-25(목),비엔나소시지감자조림,중식
2026-06-25(목),김치전,중식
2026-06-25(목),백색우유,중식
2026-06-25(목),열무김치,중식
2026-06-26(금),잡곡밥,중식
2026-06-26(금),장터국,중식
2026-06-26(금),궁중떡볶이,중식
2026-06-26(금),순살고등어구이,중식
2026-06-26(금),두유,중식
2026-06-26(금),배추김치,중식
2026-06-27(토),밥1,중식
2026-06-27(토),치킨스테이크,중식
2026-06-27(토),피자오믈렛,중식
2026-06-27(토),양송이스프,중식
2026-06-27(토),배추김치,중식
2026-06-28(일),밥,중식
2026-06-28(일),두부된장찌개,중식
2026-06-28(일),주꾸미볶음,중식
2026-06-28(일),무나물,중식
2026-06-28(일),백색우유,중식
2026-06-28(일),배추김치,중식
2026-06-29(월),찰현미밥,중식
2026-06-29(월),부대찌개,중식
2026-06-29(월),호박새우볶음,중식
2026-06-29(월),돼지고기청경채볶음,중식
2026-06-29(월),팩형아이스크림,중식
2026-06-29(월),배추김치,중식
2026-06-30(화),돼지국밥,중식
2026-06-30(화),밥,중식
2026-06-30(화),잎새만두찜,중식
2026-06-30(화),오이풋고추된장무침,중식
2026-06-30(화),오렌지주스,중식
2026-06-30(화),깍두기,중식
2026-07-01(수),밥,중식
2026-07-01(수),돼지고기애호박찌개,중식
2026-07-01(수),닭순살김치볶음,중식
2026-06-03(수),백색우유,중식
2026-06-03(수),열무김치,중식
2026-06-04(목),밥,중식
2026-06-04(목),김치찌개,중식
2026-06-04(목),꽈리고추멸치볶음,중식
2026-06-04(목),파채&간장돼지불백,중식
2026-06-04(목),비요뜨초코링,중식
2026-06-04(목),깍두기,중식
2026-06-05(금),찰현미밥,중식
2026-06-05(금),해물탕,중식
2026-06-05(금),순살족발,중식
2026-06-05(금),튜브형아이스크림2,중식
2026-06-05(금),무말랭이무침,중식
2026-06-05(금),보쌈김치,중식
2026-06-06(토),햄치즈버거,중식
2026-06-06(토),계란후라이,중식
2026-06-06(토),백색우유,중식
2026-06-06(토),오레오오즈,중식
2026-06-06(토),고구마샐러드,중식
2026-06-07(일),밥,중식
2026-06-07(일),닭고기육개장,중식
2026-06-07(일),소불고기,중식
2026-06-07(일),무생채,중식
2026-06-07(일),배추김치,중식
2026-06-08(월),현미밥,중식
2026-06-08(월),두부김치국,중식
2026-06-08(월),낙지삼겹살새우볶음,중식
2026-06-08(월),미역줄기볶음,중식
2026-06-08(월),몬스터에너지,중식
2026-06-08(월),깍두기,중식
2026-06-09(화),밥,중식
2026-06-09(화),어묵탕,중식
2026-06-09(화),훈제닭다리,중식
2026-06-09(화),두부양념장,중식
2026-06-09(화),백색우유,중식
2026-06-09(화),배추김치,중식
2026-06-10(수),흑미밥,중식
2026-06-10(수),돼지고기애호박찌개,중식
2026-06-10(수),순살삼치구이,중식
2026-06-10(수),밥싸먹는훈제오리,중식
2026-06-10(수),컵형아이스크림,중식
2026-06-10(수),배추김치,중식
2026-06-11(목),밥,중식
2026-06-11(목),쇠고기버섯전골,중식
2026-06-11(목),오리불고기,중식
2026-06-11(목),두유,중식
2026-06-11(목),무쌈,중식
2026-06-11(목),흑임자드레싱,중식
2026-06-11(목),배추김치,중식
2026-06-12(금),밥,중식
2026-06-12(금),사골미역국,중식
2026-06-12(금),버섯잡채,중식
2026-06-12(금),계란찜,중식
2026-06-12(금),복숭아주스,중식
2026-06-12(금),배추김치,중식
2026-06-13(토),핫도그빵,중식
2026-06-13(토),스크램블에그,중식
2026-06-13(토),코울슬로샐러드,중식
2026-06-13(토),콘푸로스트,중식
2026-06-13(토),백색우유,중식
2026-06-14(일),찹쌀밥,중식
2026-06-14(일),순대국밥,중식
2026-06-14(일),새우교자만두,중식
2026-06-14(일),오이풋고추된장무침,중식
2026-06-14(일),짜요짜요딸기,중식
2026-06-14(일),깍두기,중식
2026-06-15(월),밥,중식
2026-06-15(월),감자양파찌개,중식
2026-06-15(월),훈제삼겹살,중식
2026-06-15(월),양념깻잎지,중식
2026-06-15(월),백색우유,중식
2026-06-15(월),배추김치,중식
2026-06-16(화),현미밥,중식
2026-06-16(화),쇠고기육개장,중식
2026-06-16(화),갈치순살튀김,중식
2026-06-16(화),야채계란말이,중식
2026-06-16(화),식혜,중식
2026-06-16(화),배추김치,중식
2026-06-17(수),밥,중식
2026-06-17(수),얼큰수제비국,중식
2026-06-17(수),오삼불고기,중식
2026-05-21(목),밥,중식
2026-05-21(목),쇠고기버섯전골,중식
2026-05-21(목),오삼불고기,중식
2026-05-21(목),옥수수계란찜,중식
2026-05-21(목),이온음료,중식
2026-05-21(목),배추김치,중식
2026-05-22(금),찹쌀밥,중식
2026-05-22(금),순대국밥,중식
2026-05-22(금),쇠고기육전,중식
2026-05-22(금),양념고추지,중식
2026-05-22(금),백색우유,중식
2026-05-22(금),깍두기,중식
2026-05-23(토),핫도그빵,중식
2026-05-23(토),스크램블에그,중식
2026-05-23(토),오이피클,중식
2026-05-23(토),단호박샐러드,중식
2026-05-23(토),백색우유,중식
2026-05-23(토),블루베리아몬드,중식
2026-05-24(일),찰현미밥,중식
2026-05-24(일),닭곰탕,중식
2026-05-24(일),버섯잡채,중식
2026-05-24(일),김치전,중식
2026-05-24(일),가공우유,중식
2026-05-24(일),파김치,중식
2026-05-25(월),밥,중식
2026-05-25(월),순두부백탕,중식
2026-05-25(월),부들어묵볶음,중식
2026-05-25(월),볼케이노치킨,중식
2026-05-25(월),백색우유,중식
2026-05-25(월),배추김치,중식
2026-05-26(화),찹쌀밥,중식
2026-05-26(화),돼지고기애호박찌개,중식
2026-05-26(화),감자채볶음,중식
2026-05-26(화),순살고등어구이,중식
2026-05-26(화),컵형아이스크림,중식
2026-05-26(화),배추김치,중식
2026-05-27(수),밥,중식
2026-05-27(수),참치고추장찌개,중식
2026-05-27(수),돼지고기자장볶음,중식
2026-05-27(수),양념깻잎지,중식
2026-05-27(수),백색우유,중식
2026-05-27(수),배추김치,중식
2026-05-28(목),밥,중식
2026-05-28(목),닭고기육개장,중식
2026-05-28(목),주꾸미볶음,중식
2026-05-28(목),계란찜,중식
2026-05-28(목),몬스터에너지,중식
2026-05-28(목),열무김치,중식
2026-05-29(금),현미밥,중식
2026-05-29(금),해물탕,중식
2026-05-29(금),닭볶음탕,중식
2026-05-29(금),두부양념장,중식
2026-05-29(금),백색우유,중식
2026-05-29(금),배추김치,중식
2026-05-30(토),불고기버거,중식
2026-05-30(토),계란후라이,중식
2026-05-30(토),첵스초코시리얼,중식
2026-05-30(토),감자샐러드,중식
2026-05-30(토),백색우유,중식
2026-05-31(일),비빔밥,중식
2026-05-31(일),어묵탕,중식
2026-05-31(일),닭강정,중식
2026-05-31(일),계란후라이,중식
2026-05-31(일),가공우유,중식
2026-05-31(일),열무김치,중식
2026-06-01(월),밥,중식
2026-06-01(월),얼큰계란국,중식
2026-06-01(월),매콤순대볶음,중식
2026-06-01(월),오미산적,중식
2026-06-01(월),백색우유,중식
2026-06-01(월),깍두기,중식
2026-06-02(화),찹쌀밥,중식
2026-06-02(화),콩나물김치국,중식
2026-06-02(화),훈제오리볶음,중식
2026-06-02(화),시금치무침,중식
2026-06-02(화),마시는발효유,중식
2026-06-02(화),무쌈,중식
2026-06-02(화),깍두기,중식
2026-06-03(수),잡곡밥,중식
2026-06-03(수),수제비국,중식
2026-06-03(수),감자채볶음,중식
2026-06-03(수),가자미구이,중식
2026-06-03(수),김,중식
2026-05-07(목),파채&간장돼지불백,중식
2026-05-07(목),시금치무침,중식
2026-05-07(목),비요뜨초코링,중식
2026-05-07(목),배추김치,중식
2026-05-08(금),밥,중식
2026-05-08(금),얼큰계란국,중식
2026-05-08(금),오삼불고기,중식
2026-05-08(금),베이컨떡말이,중식
2026-05-08(금),가공우유,중식
2026-05-08(금),배추김치,중식
2026-05-09(토),핫도그빵,중식
2026-05-09(토),스크램블에그,중식
2026-05-09(토),코울슬로샐러드,중식
2026-05-09(토),콘푸로스트,중식
2026-05-09(토),백색우유,중식
2026-05-10(일),잡곡밥,중식
2026-05-10(일),물만두국,중식
2026-05-10(일),낙지삼겹살새우볶음,중식
2026-05-10(일),사천식캐슈넛멸치볶음,중식
2026-05-10(일),백색우유,중식
2026-05-10(일),배추김치,중식
2026-05-11(월),밥,중식
2026-05-11(월),우거지갈비탕,중식
2026-05-11(월),콩나물불고기,중식
2026-05-11(월),도토리묵무침,중식
2026-05-11(월),복숭아주스,중식
2026-05-11(월),배추김치,중식
2026-05-12(화),현미밥,중식
2026-05-12(화),사골미역국,중식
2026-05-12(화),순살삼치구이,중식
2026-05-12(화),진미채고추장조림,중식
2026-05-12(화),식혜,중식
2026-05-12(화),배추김치,중식
2026-05-13(수),밥,중식
2026-05-13(수),쇠고기탕국,중식
2026-05-13(수),감자채볶음,중식
2026-05-13(수),순살안동찜닭,중식
2026-05-13(수),백색우유,중식
2026-05-13(수),배추김치,중식
2026-05-14(목),김치덮밥,중식
2026-05-14(목),팽이버섯된장국,중식
2026-05-14(목),돼지고기육전,중식
2026-05-14(목),계란후라이,중식
2026-05-14(목),튜브형아이스크림2,중식
2026-05-14(목),열무김치,중식
2026-05-15(금),밥,중식
2026-05-15(금),해물탕,중식
2026-05-15(금),모듬쌈,중식
2026-05-15(금),보쌈,중식
2026-05-15(금),명이나물,중식
2026-05-15(금),백색우유,중식
2026-05-15(금),보쌈김치,중식
2026-05-16(토),햄치즈버거,중식
2026-05-16(토),계란후라이,중식
2026-05-16(토),닭가슴살샐러드,중식
2026-05-16(토),오곡코코볼,중식
2026-05-16(토),백색우유,중식
2026-05-17(일),찹쌀밥,중식
2026-05-17(일),사골곰탕,중식
2026-05-17(일),해물파전,중식
2026-05-17(일),오징어젓무침,중식
2026-05-17(일),가공우유,중식
2026-05-17(일),깍두기,중식
2026-05-18(월),잡곡밥,중식
2026-05-18(월),꽃게탕,중식
2026-05-18(월),오리불고기,중식
2026-05-18(월),흑임자드레싱,중식
2026-05-18(월),무쌈,중식
2026-05-18(월),백색우유,중식
2026-05-18(월),배추김치,중식
2026-05-19(화),찰현미밥,중식
2026-05-19(화),맑은홍합탕,중식
2026-05-19(화),순살족발,중식
2026-05-19(화),이온음료,중식
2026-05-19(화),무말랭이무침,중식
2026-05-19(화),보쌈김치,중식
2026-05-20(수),밥,중식
2026-05-20(수),감자양파찌개,중식
2026-05-20(수),궁중떡볶이,중식
2026-05-20(수),갈치순살튀김,중식
2026-05-20(수),백색우유,중식
2026-05-20(수),깍두기,중식
2026-05-24(일),김치전,중식
2026-05-24(일),가공우유,중식
2026-05-24(일),파김치,중식
2026-05-25(월),밥,중식
2026-05-25(월),순두부백탕,중식
2026-05-25(월),부들어묵볶음,중식
2026-05-25(월),볼케이노치킨,중식
2026-05-25(월),백색우유,중식
2026-05-25(월),배추김치,중식
2026-05-26(화),찹쌀밥,중식
2026-05-26(화),돼지고기애호박찌개,중식
2026-05-26(화),감자채볶음,중식
2026-05-26(화),순살고등어구이,중식
2026-05-26(화),컵형아이스크림,중식
2026-05-26(화),배추김치,중식
2026-05-27(수),밥,중식
2026-05-27(수),참치고추장찌개,중식
2026-05-27(수),돼지고기자장볶음,중식
2026-05-27(수),양념깻잎지,중식
2026-05-27(수),백색우유,중식
2026-05-27(수),배추김치,중식
2026-05-28(목),밥,중식
2026-05-28(목),닭고기육개장,중식
2026-05-28(목),주꾸미볶음,중식
2026-05-28(목),계란찜,중식
2026-05-28(목),몬스터에너지,중식
2026-05-28(목),열무김치,중식
2026-05-29(금),현미밥,중식
2026-05-29(금),해물탕,중식
2026-05-29(금),닭볶음탕,중식
2026-05-29(금),두부양념장,중식
2026-05-29(금),백색우유,중식
2026-05-29(금),배추김치,중식
2026-05-30(토),불고기버거,중식
2026-05-30(토),계란후라이,중식
2026-05-30(토),첵스초코시리얼,중식
2026-05-30(토),감자샐러드,중식
2026-05-30(토),백색우유,중식
2026-05-31(일),비빔밥,중식
2026-05-31(일),어묵탕,중식
2026-05-31(일),닭강정,중식
2026-05-31(일),계란후라이,중식
2026-05-31(일),가공우유,중식
2026-05-31(일),열무김치,중식
2026-05-01(금),밥,중식
2026-05-01(금),마라탕,중식
2026-05-01(금),오징어순대볶음,중식
2026-05-01(금),청포묵무침,중식
2026-05-01(금),마시는발효유,중식
2026-05-01(금),배추김치,중식
2026-05-02(토),불고기버거,중식
2026-05-02(토),계란후라이,중식
2026-05-02(토),백색우유,중식
2026-05-02(토),고구마샐러드,중식
2026-05-02(토),오레오오즈,중식
2026-05-03(일),밥,중식
2026-05-03(일),꼬리곰탕,중식
2026-05-03(일),평양왕만두,중식
2026-05-03(일),전복장조림,중식
2026-05-03(일),가공우유,중식
2026-05-03(일),깍두기,중식
2026-05-04(월),찰현미밥,중식
2026-05-04(월),꽃게탕,중식
2026-05-04(월),닭볶음탕,중식
2026-05-04(월),야채계란말이,중식
2026-05-04(월),백색우유,중식
2026-05-04(월),배추김치,중식
2026-05-05(화),밥,중식
2026-05-05(화),수제비국,중식
2026-05-05(화),훈제삼겹살,중식
2026-05-05(화),모듬쌈,중식
2026-05-05(화),짜요짜요딸기,중식
2026-05-05(화),무말랭이무침,중식
2026-05-05(화),보쌈김치,중식
2026-05-06(수),밥,중식
2026-05-06(수),장터국,중식
2026-05-06(수),가자미구이,중식
2026-05-06(수),백색우유,중식
2026-05-06(수),김,중식
2026-05-06(수),연두부&양념장,중식
2026-05-06(수),배추김치,중식
2026-05-07(목),밥,중식
2026-05-07(목),쇠고기육개장,중식
2026-05-10(일),백색우유,중식
2026-05-10(일),배추김치,중식
2026-05-11(월),밥,중식
2026-05-11(월),우거지갈비탕,중식
2026-05-11(월),콩나물불고기,중식
2026-05-11(월),도토리묵무침,중식
2026-05-11(월),복숭아주스,중식
2026-05-11(월),배추김치,중식
2026-05-12(화),현미밥,중식
2026-05-12(화),사골미역국,중식
2026-05-12(화),순살삼치구이,중식
2026-05-12(화),진미채고추장조림,중식
2026-05-12(화),식혜,중식
2026-05-12(화),배추김치,중식
2026-05-13(수),밥,중식
2026-05-13(수),쇠고기탕국,중식
2026-05-13(수),감자채볶음,중식
2026-05-13(수),순살안동찜닭,중식
2026-05-13(수),백색우유,중식
2026-05-13(수),배추김치,중식
2026-05-14(목),김치덮밥,중식
2026-05-14(목),팽이버섯된장국,중식
2026-05-14(목),돼지고기육전,중식
2026-05-14(목),계란후라이,중식
2026-05-14(목),튜브형아이스크림2,중식
2026-05-14(목),열무김치,중식
2026-05-15(금),밥,중식
2026-05-15(금),해물탕,중식
2026-05-15(금),모듬쌈,중식
2026-05-15(금),보쌈,중식
2026-05-15(금),명이나물,중식
2026-05-15(금),백색우유,중식
2026-05-15(금),보쌈김치,중식
2026-05-16(토),햄치즈버거,중식
2026-05-16(토),계란후라이,중식
2026-05-16(토),닭가슴살샐러드,중식
2026-05-16(토),오곡코코볼,중식
2026-05-16(토),백색우유,중식
2026-05-17(일),찹쌀밥,중식
2026-05-17(일),사골곰탕,중식
2026-05-17(일),해물파전,중식
2026-05-17(일),오징어젓무침,중식
2026-05-17(일),가공우유,중식
2026-05-17(일),깍두기,중식
2026-05-18(월),잡곡밥,중식
2026-05-18(월),꽃게탕,중식
2026-05-18(월),오리불고기,중식
2026-05-18(월),흑임자드레싱,중식
2026-05-18(월),무쌈,중식
2026-05-18(월),백색우유,중식
2026-05-18(월),배추김치,중식
2026-05-19(화),찰현미밥,중식
2026-05-19(화),맑은홍합탕,중식
2026-05-19(화),순살족발,중식
2026-05-19(화),이온음료,중식
2026-05-19(화),무말랭이무침,중식
2026-05-19(화),보쌈김치,중식
2026-05-20(수),밥,중식
2026-05-20(수),감자양파찌개,중식
2026-05-20(수),궁중떡볶이,중식
2026-05-20(수),갈치순살튀김,중식
2026-05-20(수),백색우유,중식
2026-05-20(수),깍두기,중식
2026-05-21(목),밥,중식
2026-05-21(목),쇠고기버섯전골,중식
2026-05-21(목),오삼불고기,중식
2026-05-21(목),옥수수계란찜,중식
2026-05-21(목),이온음료,중식
2026-05-21(목),배추김치,중식
2026-05-22(금),찹쌀밥,중식
2026-05-22(금),순대국밥,중식
2026-05-22(금),쇠고기육전,중식
2026-05-22(금),양념고추지,중식
2026-05-22(금),백색우유,중식
2026-05-22(금),깍두기,중식
2026-05-23(토),핫도그빵,중식
2026-05-23(토),스크램블에그,중식
2026-05-23(토),오이피클,중식
2026-05-23(토),단호박샐러드,중식
2026-05-23(토),백색우유,중식
2026-05-23(토),블루베리아몬드,중식
2026-05-24(일),찰현미밥,중식
2026-05-24(일),닭곰탕,중식
2026-05-24(일),버섯잡채,중식
2026-04-27(월),쇠고기버섯전골,중식
2026-04-27(월),버섯잡채,중식
2026-04-27(월),오미산적,중식
2026-04-27(월),두유,중식
2026-04-27(월),배추김치,중식
2026-04-28(화),찹쌀밥,중식
2026-04-28(화),순대국밥,중식
2026-04-28(화),해물파전,중식
2026-04-28(화),양념고추지,중식
2026-04-28(화),백색우유,중식
2026-04-28(화),깍두기,중식
2026-04-29(수),밥,중식
2026-04-29(수),물만두국,중식
2026-04-29(수),낙지삼겹살새우볶음,중식
2026-04-29(수),베이컨떡말이,중식
2026-04-29(수),배추김치,중식
2026-04-30(목),밥,중식
2026-04-30(목),쇠고기미역국,중식
2026-04-30(목),훈제오리볶음,중식
2026-04-30(목),부추무침,중식
2026-04-30(목),무쌈,중식
2026-04-30(목),백색우유,중식
2026-04-30(목),배추김치,중식
2026-05-01(금),밥,중식
2026-05-01(금),마라탕,중식
2026-05-01(금),오징어순대볶음,중식
2026-05-01(금),청포묵무침,중식
2026-05-01(금),마시는발효유,중식
2026-05-01(금),배추김치,중식
2026-05-02(토),불고기버거,중식
2026-05-02(토),계란후라이,중식
2026-05-02(토),백색우유,중식
2026-05-02(토),고구마샐러드,중식
2026-05-02(토),오레오오즈,중식
2026-05-03(일),밥,중식
2026-05-03(일),꼬리곰탕,중식
2026-05-03(일),평양왕만두,중식
2026-05-03(일),전복장조림,중식
2026-05-03(일),가공우유,중식
2026-05-03(일),깍두기,중식
2026-05-04(월),찰현미밥,중식
2026-05-04(월),꽃게탕,중식
2026-05-04(월),닭볶음탕,중식
2026-05-04(월),야채계란말이,중식
2026-05-04(월),백색우유,중식
2026-05-04(월),배추김치,중식
2026-05-05(화),밥,중식
2026-05-05(화),수제비국,중식
2026-05-05(화),훈제삼겹살,중식
2026-05-05(화),모듬쌈,중식
2026-05-05(화),짜요짜요딸기,중식
2026-05-05(화),무말랭이무침,중식
2026-05-05(화),보쌈김치,중식
2026-05-06(수),밥,중식
2026-05-06(수),장터국,중식
2026-05-06(수),가자미구이,중식
2026-05-06(수),백색우유,중식
2026-05-06(수),김,중식
2026-05-06(수),연두부&양념장,중식
2026-05-06(수),배추김치,중식
2026-05-07(목),밥,중식
2026-05-07(목),쇠고기육개장,중식
2026-05-07(목),파채&간장돼지불백,중식
2026-05-07(목),시금치무침,중식
2026-05-07(목),비요뜨초코링,중식
2026-05-07(목),배추김치,중식
2026-05-08(금),밥,중식
2026-05-08(금),얼큰계란국,중식
2026-05-08(금),오삼불고기,중식
2026-05-08(금),베이컨떡말이,중식
2026-05-08(금),가공우유,중식
2026-05-08(금),배추김치,중식
2026-05-09(토),핫도그빵,중식
2026-05-09(토),스크램블에그,중식
2026-05-09(토),코울슬로샐러드,중식
2026-05-09(토),콘푸로스트,중식
2026-05-09(토),백색우유,중식
2026-05-10(일),잡곡밥,중식
2026-05-10(일),물만두국,중식
2026-05-10(일),낙지삼겹살새우볶음,중식
2026-05-10(일),사천식캐슈넛멸치볶음,중식
2026-04-13(월),양념깻잎지,중식
2026-04-13(월),백색우유,중식
2026-04-13(월),보쌈김치,중식
2026-04-14(화),밥,중식
2026-04-14(화),닭곰탕,중식
2026-04-14(화),순살고등어구이,중식
2026-04-14(화),계란장조림,중식
2026-04-14(화),마시는발효유,중식
2026-04-14(화),배추김치,중식
2026-04-15(수),찹쌀밥,중식
2026-04-15(수),사골곰탕,중식
2026-04-15(수),볼케이노치킨,중식
2026-04-15(수),김치전,중식
2026-04-15(수),백색우유,중식
2026-04-15(수),백김치,중식
2026-04-16(목),밥,중식
2026-04-16(목),수제비국,중식
2026-04-16(목),파채&간장돼지불백,중식
2026-04-16(목),시금치무침,중식
2026-04-16(목),피크닉,중식
2026-04-16(목),배추김치,중식
2026-04-17(금),밥,중식
2026-04-17(금),순두부백탕,중식
2026-04-17(금),매콤순대볶음,중식
2026-04-17(금),계란찜,중식
2026-04-17(금),백색우유,중식
2026-04-17(금),배추김치,중식
2026-04-18(토),햄치즈버거,중식
2026-04-18(토),계란후라이,중식
2026-04-18(토),오곡코코볼,중식
2026-04-18(토),고구마샐러드,중식
2026-04-18(토),백색우유,중식
2026-04-19(일),밥,중식
2026-04-19(일),꼬리곰탕,중식
2026-04-19(일),평양왕만두,중식
2026-04-19(일),백색우유,중식
2026-04-19(일),양념전복장,중식
2026-04-19(일),깍두기,중식
2026-04-20(월),잡곡밥,중식
2026-04-20(월),감자양파찌개,중식
2026-04-20(월),오리불고기,중식
2026-04-20(월),흑임자드레싱,중식
2026-04-20(월),무쌈,중식
2026-04-20(월),가공우유,중식
2026-04-20(월),배추김치,중식
2026-04-21(화),밥,중식
2026-04-21(화),차돌박이된장찌개,중식
2026-04-21(화),보쌈,중식
2026-04-21(화),명이나물,중식
2026-04-21(화),모듬쌈,중식
2026-04-21(화),백색우유,중식
2026-04-21(화),보쌈김치,중식
2026-04-22(수),김치덮밥,중식
2026-04-22(수),팽이버섯된장국,중식
2026-04-22(수),계란후라이,중식
2026-04-22(수),돼지고기육전,중식
2026-04-22(수),열무김치,중식
2026-04-23(목),현미밥,중식
2026-04-23(목),참치고추장찌개,중식
2026-04-23(목),오삼불고기,중식
2026-04-23(목),옥수수계란찜,중식
2026-04-23(목),백색우유,중식
2026-04-23(목),배추김치,중식
2026-04-24(금),밥,중식
2026-04-24(금),부대찌개,중식
2026-04-24(금),갈치순살튀김,중식
2026-04-24(금),진미채고추장조림,중식
2026-04-24(금),식혜,중식
2026-04-24(금),깍두기,중식
2026-04-25(토),핫도그빵,중식
2026-04-25(토),스크램블에그,중식
2026-04-25(토),백색우유,중식
2026-04-25(토),오이피클,중식
2026-04-25(토),단호박샐러드,중식
2026-04-25(토),블루베리아몬드,중식
2026-04-26(일),밥,중식
2026-04-26(일),참치김치찌개,중식
2026-04-26(일),소불고기,중식
2026-04-26(일),오이무침,중식
2026-04-26(일),백색우유,중식
2026-04-26(일),열무김치,중식
2026-04-27(월),찰현미밥,중식
2026-03-30(월),오렌지주스,중식
2026-03-30(월),깍두기,중식
2026-03-31(화),밥,중식
2026-03-31(화),두부된장찌개,중식
2026-03-31(화),훈제삼겹살,중식
2026-03-31(화),무말랭이무침,중식
2026-03-31(화),저염쌈장,중식
2026-03-31(화),백색우유,중식
2026-03-31(화),보쌈김치,중식
2026-04-01(수),밥,중식
2026-04-01(수),장터국,중식
2026-04-01(수),가자미구이,중식
2026-04-01(수),계란말이,중식
2026-04-01(수),백색우유,중식
2026-04-01(수),배추김치,중식
2026-04-02(목),찰현미밥,중식
2026-04-02(목),해물탕,중식
2026-04-02(목),닭볶음탕,중식
2026-04-02(목),시금치무침,중식
2026-04-02(목),백색우유,중식
2026-04-02(목),배추김치,중식
2026-04-03(금),찹쌀밥,중식
2026-04-03(금),돼지국밥,중식
2026-04-03(금),닭꼬치,중식
2026-04-03(금),오이풋고추된장무침,중식
2026-04-03(금),드링킹요거트,중식
2026-04-03(금),깍두기,중식
2026-04-04(토),불고기버거,중식
2026-04-04(토),계란후라이,중식
2026-04-04(토),감자샐러드,중식
2026-04-04(토),백색우유,중식
2026-04-04(토),오레오오즈,중식
2026-04-05(일),밥,중식
2026-04-05(일),물만두국,중식
2026-04-05(일),순살안동찜닭,중식
2026-04-05(일),쇠고기육전,중식
2026-04-05(일),백색우유,중식
2026-04-05(일),배추김치,중식
2026-04-06(월),비빔밥,중식
2026-04-06(월),어묵탕,중식
2026-04-06(월),굴림만두,중식
2026-04-06(월),계란후라이,중식
2026-04-06(월),이온음료,중식
2026-04-06(월),열무김치,중식
2026-04-07(화),잡곡밥,중식
2026-04-07(화),쇠고기탕국,중식
2026-04-07(화),감자채볶음,중식
2026-04-07(화),주꾸미볶음,중식
2026-04-07(화),백색우유,중식
2026-04-07(화),배추김치,중식
2026-04-08(수),현미밥,중식
2026-04-08(수),사골미역국,중식
2026-04-08(수),궁중떡볶이,중식
2026-04-08(수),순살삼치구이,중식
2026-04-08(수),포도주스,중식
2026-04-08(수),배추김치,중식
2026-04-09(목),밥,중식
2026-04-09(목),맑은홍합탕,중식
2026-04-09(목),콩나물불고기,중식
2026-04-09(목),무나물,중식
2026-04-09(목),백색우유,중식
2026-04-09(목),배추김치,중식
2026-04-10(금),찹쌀밥,중식
2026-04-10(금),꼬리곰탕,중식
2026-04-10(금),새우교자만두,중식
2026-04-10(금),오징어젓무침,중식
2026-04-10(금),복숭아주스,중식
2026-04-10(금),깍두기,중식
2026-04-11(토),핫도그빵,중식
2026-04-11(토),스크램블에그,중식
2026-04-11(토),백색우유,중식
2026-04-11(토),콘푸로스트,중식
2026-04-11(토),코울슬로샐러드,중식
2026-04-12(일),밥,중식
2026-04-12(일),닭볶음탕,중식
2026-04-12(일),쇠고기육개장,중식
2026-04-12(일),청포묵무침,중식
2026-04-12(일),오렌지주스,중식
2026-04-12(일),배추김치,중식
2026-04-13(월),밥,중식
2026-04-13(월),얼큰쇠고기무국,중식
2026-04-13(월),훈제삼겹살,중식
2026-04-13(월),모듬쌈,중식
2026-03-17(화),꽃게탕,중식
2026-03-17(화),닭고기야채조림,중식
2026-03-17(화),두부양념장,중식
2026-03-17(화),배추김치,중식
2026-03-18(수),밥,중식
2026-03-18(수),수제비국,중식
2026-03-18(수),파채&간장돼지불백,중식
2026-03-18(수),가지볶음,중식
2026-03-18(수),백색우유,중식
2026-03-18(수),붕어빵,중식
2026-03-18(수),배추김치,중식
2026-03-19(목),찰현미밥,중식
2026-03-19(목),얼큰계란국,중식
2026-03-19(목),순살족발,중식
2026-03-19(목),무말랭이무침,중식
2026-03-19(목),보쌈김치,중식
2026-03-20(금),밥,중식
2026-03-20(금),부대찌개,중식
2026-03-20(금),미나리삼겹살,중식
2026-03-20(금),옥수수계란찜,중식
2026-03-20(금),봄동겉절이,중식
2026-03-20(금),샤인머스켓주스,중식
2026-03-21(토),밥,중식
2026-03-21(토),사골곰탕,중식
2026-03-21(토),왕교자만두찜,중식
2026-03-21(토),낙지젓무침,중식
2026-03-21(토),가공우유,중식
2026-03-21(토),깍두기,중식
2026-03-22(일),밥,중식
2026-03-22(일),마라탕,중식
2026-03-22(일),간장돼지불고기,중식
2026-03-22(일),오이무침,중식
2026-03-22(일),백색우유,중식
2026-03-22(일),깍두기,중식
2026-03-23(월),잡곡밥,중식
2026-03-23(월),쇠고기버섯전골,중식
2026-03-23(월),궁중떡볶이,중식
2026-03-23(월),갈치순살튀김,중식
2026-03-23(월),갈아만든배,중식
2026-03-23(월),배추김치,중식
2026-03-24(화),밥,중식
2026-03-24(화),장터국,중식
2026-03-24(화),오삼불고기,중식
2026-03-24(화),치킨너겟,중식
2026-03-24(화),배추김치,중식
2026-03-25(수),비빔밥,중식
2026-03-25(수),두부김치국,중식
2026-03-25(수),닭꼬치,중식
2026-03-25(수),계란후라이,중식
2026-03-25(수),백색우유,중식
2026-03-25(수),열무김치,중식
2026-03-26(목),흑미밥,중식
2026-03-26(목),감자국,중식
2026-03-26(목),버섯잡채,중식
2026-03-26(목),계란찜,중식
2026-03-26(목),백색우유,중식
2026-03-26(목),배추김치,중식
2026-03-27(금),밥,중식
2026-03-27(금),쇠고기무국,중식
2026-03-27(금),돼지삼겹야채볶음,중식
2026-03-27(금),양념깻잎지,중식
2026-03-27(금),배추김치,중식
2026-03-28(토),밥1,중식
2026-03-28(토),치킨스테이크,중식
2026-03-28(토),피자오믈렛,중식
2026-03-28(토),포테이토크림스프,중식
2026-03-28(토),가공우유,중식
2026-03-28(토),배추김치,중식
2026-03-29(일),밥,중식
2026-03-29(일),쇠고기육개장,중식
2026-03-29(일),돼지고기고추장볶음,중식
2026-03-29(일),호박새우볶음,중식
2026-03-29(일),백색우유,중식
2026-03-29(일),배추김치,중식
2026-03-30(월),찹쌀밥,중식
2026-03-30(월),사골곰탕,중식
2026-03-30(월),굴림만두,중식
2026-03-30(월),오징어젓무침,중식
2026-03-03(화),무나물,중식
2026-03-03(화),김,중식
2026-03-03(화),프로틴견과,중식
2026-03-03(화),열무김치,중식
2026-03-04(수),밥,중식
2026-03-04(수),장터국,중식
2026-03-04(수),콩나물불고기,중식
2026-03-04(수),계란말이,중식
2026-03-04(수),마시는발효유,중식
2026-03-04(수),배추김치,중식
2026-03-05(목),찰현미밥,중식
2026-03-05(목),해물탕,중식
2026-03-05(목),닭볶음탕,중식
2026-03-05(목),가지볶음,중식
2026-03-05(목),붕어빵,중식
2026-03-05(목),백색우유,중식
2026-03-05(목),배추김치,중식
2026-03-06(금),밥,중식
2026-03-06(금),참치고추장찌개,중식
2026-03-06(금),모듬쌈,중식
2026-03-06(금),보쌈,중식
2026-03-06(금),비요뜨초코링,중식
2026-03-06(금),보쌈김치,중식
2026-03-07(토),밥,중식
2026-03-07(토),꼬리곰탕,중식
2026-03-07(토),평양왕만두,중식
2026-03-07(토),낙지젓무침,중식
2026-03-07(토),가공우유,중식
2026-03-07(토),깍두기,중식
2026-03-08(일),밥,중식
2026-03-08(일),물만두국,중식
2026-03-08(일),순살안동찜닭,중식
2026-03-08(일),쇠고기육전,중식
2026-03-08(일),백색우유,중식
2026-03-08(일),배추김치,중식
2026-03-09(월),밥,중식
2026-03-09(월),참치김치찌개,중식
2026-03-09(월),주꾸미볶음,중식
2026-03-09(월),미역줄기볶음,중식
2026-03-09(월),백색우유,중식
2026-03-09(월),깍두기,중식
2026-03-10(화),현미밥,중식
2026-03-10(화),쇠고기버섯전골,중식
2026-03-10(화),순살삼치구이,중식
2026-03-10(화),밥싸먹는훈제오리,중식
2026-03-10(화),식혜,중식
2026-03-10(화),열무김치,중식
2026-03-11(수),찰수수밥,중식
2026-03-11(수),두부된장찌개,중식
2026-03-11(수),고추잡채,중식
2026-03-11(수),진미채고추장조림,중식
2026-03-11(수),두유,중식
2026-03-11(수),배추김치,중식
2026-03-12(목),밥,중식
2026-03-12(목),등뼈감자탕,중식
2026-03-12(목),깻잎전,중식
2026-03-12(목),청포묵무침,중식
2026-03-12(목),복숭아주스,중식
2026-03-12(목),깍두기,중식
2026-03-13(금),돼지국밥,중식
2026-03-13(금),찹쌀밥,중식
2026-03-13(금),새우교자만두,중식
2026-03-13(금),오징어젓무침,중식
2026-03-13(금),깍두기,중식
2026-03-14(토),밥1,중식
2026-03-14(토),삼각주먹밥,중식
2026-03-14(토),소떡소떡,중식
2026-03-14(토),닭가슴살,중식
2026-03-14(토),가공우유,중식
2026-03-14(토),양송이스프,중식
2026-03-14(토),배추김치,중식
2026-03-15(일),밥,중식
2026-03-15(일),들깨무채국,중식
2026-03-15(일),오리불고기,중식
2026-03-15(일),무쌈,중식
2026-03-15(일),흑임자드레싱,중식
2026-03-15(일),비요뜨초코링,중식
2026-03-15(일),배추김치,중식
2026-03-16(월),밥,중식
2026-03-16(월),닭곰탕,중식
2026-03-16(월),감자채볶음,중식
2026-03-16(월),순살고등어구이,중식
2026-03-16(월),백색우유,중식
2026-03-16(월),배추김치,중식
2026-03-17(화),현미밥,중식
2026-02-18(수),찰현미밥,중식
2026-02-18(수),감자양파찌개,중식
2026-02-18(수),동파육,중식
2026-02-18(수),양념깻잎지,중식
2026-02-18(수),두유,중식
2026-02-18(수),배추김치,중식
2026-02-19(목),밥,중식
2026-02-19(목),해물짬뽕,중식
2026-02-19(목),돼지삼겹야채볶음,중식
2026-02-19(목),배추나물,중식
2026-02-19(목),백색우유,중식
2026-02-19(목),깍두기,중식
2026-02-20(금),밥,중식
2026-02-20(금),돼지고기애호박찌개,중식
2026-02-20(금),소불고기,중식
2026-02-20(금),시금치고추장무침,중식
2026-02-20(금),비요뜨초코링,중식
2026-02-20(금),배추김치,중식
2026-02-21(토),밥,중식
2026-02-21(토),사골우거지국,중식
2026-02-21(토),감자채볶음,중식
2026-02-21(토),닭바베큐소스조림,중식
2026-02-21(토),가공우유,중식
2026-02-21(토),배추김치,중식
2026-02-22(일),밥,중식
2026-02-22(일),순대국밥,중식
2026-02-22(일),평양왕만두,중식
2026-02-22(일),양념깻잎지,중식
2026-02-22(일),백색우유,중식
2026-02-22(일),깍두기,중식
2026-02-23(월),잡곡밥,중식
2026-02-23(월),쇠고기탕국,중식
2026-02-23(월),갈치순살튀김,중식
2026-02-23(월),밥싸먹는훈제오리,중식
2026-02-23(월),드링킹요거트,중식
2026-02-23(월),배추김치,중식
2026-02-24(화),밥,중식
2026-02-24(화),어묵탕,중식
2026-02-24(화),훈제삼겹살,중식
2026-02-24(화),백색우유,중식
2026-02-24(화),무말랭이무침,중식
2026-02-24(화),저염쌈장,중식
2026-02-24(화),보쌈김치,중식
2026-02-25(수),흑미밥,중식
2026-02-25(수),수제비국,중식
2026-02-25(수),주꾸미볶음,중식
2026-02-25(수),계란찜,중식
2026-02-25(수),음료,중식
2026-02-25(수),열무김치,중식
2026-02-26(목),밥,중식
2026-02-26(목),마라탕,중식
2026-02-26(목),돼지고기청경채볶음,중식
2026-02-26(목),진미채고추장조림,중식
2026-02-26(목),백색우유,중식
2026-02-26(목),붕어빵,중식
2026-02-26(목),배추김치,중식
2026-02-27(금),밥,중식
2026-02-27(금),얼큰계란국,중식
2026-02-27(금),오삼불고기,중식
2026-02-27(금),연두부&양념장,중식
2026-02-27(금),오렌지주스,중식
2026-02-27(금),배추김치,중식
2026-02-28(토),밥1,중식
2026-02-28(토),치킨스테이크,중식
2026-02-28(토),포테이토크림스프,중식
2026-02-28(토),가공우유,중식
2026-02-28(토),배추김치,중식
2026-03-01(일),밥,중식
2026-03-01(일),콩나물국,중식
2026-03-01(일),돼지갈비찜,중식
2026-03-01(일),도토리묵무침,중식
2026-03-01(일),스틱치즈케익,중식
2026-03-01(일),배추김치,중식
2026-03-02(월),밥,중식
2026-03-02(월),어묵탕,중식
2026-03-02(월),훈제닭다리,중식
2026-03-02(월),두부양념장,중식
2026-03-02(월),가공우유,중식
2026-03-02(월),배추김치,중식
2026-03-03(화),잡곡밥,중식
2026-03-03(화),차돌박이된장찌개,중식
2026-03-03(화),가자미구이,중식
2026-02-04(수),시금치된장국,중식
2026-02-04(수),굴림만두,중식
2026-02-04(수),계란후라이,중식
2026-02-04(수),마시는발효유,중식
2026-02-04(수),열무김치,중식
2026-02-05(목),밥,중식
2026-02-05(목),물만두국,중식
2026-02-05(목),백순대볶음,중식
2026-02-05(목),옥수수계란찜,중식
2026-02-05(목),백색우유,중식
2026-02-05(목),배추김치,중식
2026-02-06(금),현미밥,중식
2026-02-06(금),돼지고기애호박찌개,중식
2026-02-06(금),궁중떡볶이,중식
2026-02-06(금),가자미구이,중식
2026-02-06(금),배추김치,중식
2026-02-07(토),찹쌀밥,중식
2026-02-07(토),사골곰탕,중식
2026-02-07(토),메밀전병,중식
2026-02-07(토),양념고추지,중식
2026-02-07(토),가공우유,중식
2026-02-07(토),깍두기,중식
2026-02-08(일),밥,중식
2026-02-08(일),얼큰계란국,중식
2026-02-08(일),콩나물불고기,중식
2026-02-08(일),가지볶음,중식
2026-02-08(일),백김치,중식
2026-02-09(월),찹쌀밥,중식
2026-02-09(월),돼지국밥,중식
2026-02-09(월),깐쇼새우,중식
2026-02-09(월),오징어젓무침,중식
2026-02-09(월),백색우유,중식
2026-02-09(월),깍두기,중식
2026-02-10(화),잡곡밥,중식
2026-02-10(화),쇠고기버섯전골,중식
2026-02-10(화),순살삼치구이,중식
2026-02-10(화),계란말이,중식
2026-02-10(화),갈아만든배,중식
2026-02-10(화),열무김치,중식
2026-02-11(수),밥,중식
2026-02-11(수),참치고추장찌개,중식
2026-02-11(수),파채&간장돼지불백,중식
2026-02-11(수),무나물,중식
2026-02-11(수),게토레이,중식
2026-02-11(수),배추김치,중식
2026-02-12(목),밥,중식
2026-02-12(목),닭곰탕,중식
2026-02-12(목),낙지삼겹살새우볶음,중식
2026-02-12(목),미역줄기볶음,중식
2026-02-12(목),붕어빵,중식
2026-02-12(목),백색우유,중식
2026-02-12(목),배추김치,중식
2026-02-13(금),밥,중식
2026-02-13(금),꽃게탕,중식
2026-02-13(금),비엔나소시지감자조림,중식
2026-02-13(금),콩나물무침,중식
2026-02-13(금),복숭아주스,중식
2026-02-13(금),파김치,중식
2026-02-14(토),삼각주먹밥,중식
2026-02-14(토),밥1,중식
2026-02-14(토),소떡소떡,중식
2026-02-14(토),양송이스프,중식
2026-02-14(토),가공우유,중식
2026-02-14(토),배추김치,중식
2026-02-15(일),밥,중식
2026-02-15(일),장터국,중식
2026-02-15(일),새송이버섯야채볶음,중식
2026-02-15(일),들깨백불고기,중식
2026-02-15(일),백색우유,중식
2026-02-15(일),배추김치,중식
2026-02-16(월),밥,중식
2026-02-16(월),햄짜글이,중식
2026-02-16(월),순살안동찜닭,중식
2026-02-16(월),쇠고기육전,중식
2026-02-16(월),샤인머스켓주스,중식
2026-02-16(월),배추김치,중식
2026-02-17(화),찹쌀밥,중식
2026-02-17(화),꼬리곰탕,중식
2026-02-17(화),버섯잡채,중식
2026-02-17(화),식혜,중식
2026-02-17(화),양념전복장,중식
2026-02-17(화),깍두기,중식
2026-01-21(수),백색우유,중식
2026-01-21(수),열무김치,중식
2026-01-22(목),밥,중식
2026-01-22(목),꼬리곰탕,중식
2026-01-22(목),돼지고기육전,중식
2026-01-22(목),양념고추지,중식
2026-01-22(목),두유,중식
2026-01-22(목),깍두기,중식
2026-01-23(금),밥,중식
2026-01-23(금),감자양파찌개,중식
2026-01-23(금),파채&간장돼지불백,중식
2026-01-23(금),연근조림,중식
2026-01-23(금),백색우유,중식
2026-01-23(금),배추김치,중식
2026-01-24(토),밥1,중식
2026-01-24(토),치킨스테이크,중식
2026-01-24(토),양송이스프,중식
2026-01-24(토),가공우유,중식
2026-01-24(토),코울슬로샐러드,중식
2026-01-24(토),배추김치,중식
2026-01-25(일),밥,중식
2026-01-25(일),얼큰계란국,중식
2026-01-25(일),콩나물불고기,중식
2026-01-25(일),무말랭이무침,중식
2026-01-25(일),복숭아주스,중식
2026-01-25(일),배추김치,중식
2026-01-26(월),찹쌀밥,중식
2026-01-26(월),순두부백탕,중식
2026-01-26(월),감자채볶음,중식
2026-01-26(월),볼케이노치킨,중식
2026-01-26(월),백색우유,중식
2026-01-26(월),붕어빵,중식
2026-01-26(월),배추김치,중식
2026-01-27(화),찰현미밥,중식
2026-01-27(화),부대찌개,중식
2026-01-27(화),꽈리고추멸치볶음,중식
2026-01-27(화),주꾸미볶음,중식
2026-01-27(화),갈아만든배,중식
2026-01-27(화),깍두기,중식
2026-01-28(수),밥,중식
2026-01-28(수),해물짬뽕,중식
2026-01-28(수),불고기크로켓,중식
2026-01-28(수),피자오믈렛,중식
2026-01-28(수),백색우유,중식
2026-01-28(수),배추김치,중식
2026-01-29(목),밥,중식
2026-01-29(목),쇠고기버섯전골,중식
2026-01-29(목),버섯잡채,중식
2026-01-29(목),밥싸먹는훈제오리,중식
2026-01-29(목),배추김치,중식
2026-01-30(금),밥,중식
2026-01-30(금),치즈돈가스,중식
2026-01-30(금),양송이스프,중식
2026-01-30(금),코울슬로샐러드,중식
2026-01-30(금),백색우유,중식
2026-01-30(금),배추김치,중식
2026-01-31(토),돼지국밥,중식
2026-01-31(토),밥,중식
2026-01-31(토),고기만두찜,중식
2026-01-31(토),오징어젓무침,중식
2026-01-31(토),가공우유,중식
2026-01-31(토),깍두기,중식
2026-02-01(일),밥,중식
2026-02-01(일),감자호박국,중식
2026-02-01(일),낙지삼겹살새우볶음,중식
2026-02-01(일),진미채고추장조림,중식
2026-02-01(일),백색우유,중식
2026-02-01(일),배추김치,중식
2026-02-02(월),찰현미밥,중식
2026-02-02(월),들깨무채국,중식
2026-02-02(월),오리불고기,중식
2026-02-02(월),애호박나물,중식
2026-02-02(월),무쌈,중식
2026-02-02(월),배추김치,중식
2026-02-03(화),밥,중식
2026-02-03(화),두부된장찌개,중식
2026-02-03(화),사천식캐슈넛멸치볶음,중식
2026-02-03(화),닭순살김치볶음,중식
2026-02-03(화),백색우유,중식
2026-02-03(화),깍두기,중식
2026-02-04(수),비빔밥,중식
2026-01-07(수),백김치,중식
2026-01-08(목),밥,중식
2026-01-08(목),참치고추장찌개,중식
2026-01-08(목),동파육,중식
2026-01-08(목),브로콜리&초고추장,중식
2026-01-08(목),백색우유,중식
2026-01-08(목),배추김치,중식
2026-01-09(금),찰현미밥,중식
2026-01-09(금),꽃게탕,중식
2026-01-09(금),닭볶음탕,중식
2026-01-09(금),무나물,중식
2026-01-09(금),파김치,중식
2026-01-10(토),삼각주먹밥,중식
2026-01-10(토),밥1,중식
2026-01-10(토),소떡소떡,중식
2026-01-10(토),포테이토크림스프,중식
2026-01-10(토),가공우유,중식
2026-01-10(토),배추김치,중식
2026-01-11(일),밥,중식
2026-01-11(일),얼큰계란국,중식
2026-01-11(일),새송이버섯야채볶음,중식
2026-01-11(일),낙지삼겹살새우볶음,중식
2026-01-11(일),샤인머스켓주스,중식
2026-01-11(일),배추김치,중식
2026-01-12(월),밥,중식
2026-01-12(월),돼지고기고추장찌개,중식
2026-01-12(월),어묵볶음,중식
2026-01-12(월),순살안동찜닭,중식
2026-01-12(월),백색우유,중식
2026-01-12(월),배추김치,중식
2026-01-13(화),잡곡밥,중식
2026-01-13(화),순두부찌개,중식
2026-01-13(화),생선구이,중식
2026-01-13(화),콩나물무침,중식
2026-01-13(화),식혜,중식
2026-01-13(화),배추김치,중식
2026-01-14(수),밥,중식
2026-01-14(수),마라탕,중식
2026-01-14(수),비엔나소시지감자조림,중식
2026-01-14(수),오미산적,중식
2026-01-14(수),백색우유,중식
2026-01-14(수),배추김치,중식
2026-01-15(목),밥,중식
2026-01-15(목),사골우거지국,중식
2026-01-15(목),돼지삼겹야채볶음,중식
2026-01-15(목),도토리묵&양념장,중식
2026-01-15(목),배추김치,중식
2026-01-16(금),밥,중식
2026-01-16(금),돼지고기애호박찌개,중식
2026-01-16(금),느타리버섯볶음,중식
2026-01-16(금),소불고기,중식
2026-01-16(금),백색우유,중식
2026-01-16(금),배추김치,중식
2026-01-17(토),밥,중식
2026-01-17(토),닭볶음탕,중식
2026-01-17(토),해물짬뽕,중식
2026-01-17(토),감자채볶음,중식
2026-01-17(토),가공우유,중식
2026-01-17(토),배추김치,중식
2026-01-18(일),김치덮밥,중식
2026-01-18(일),팽이버섯된장국,중식
2026-01-18(일),김말이튀김,중식
2026-01-18(일),계란후라이,중식
2026-01-18(일),오렌지주스,중식
2026-01-18(일),열무김치,중식
2026-01-19(월),밥,중식
2026-01-19(월),부대찌개,중식
2026-01-19(월),오삼불고기,중식
2026-01-19(월),옥수수계란찜,중식
2026-01-19(월),백색우유,중식
2026-01-19(월),깍두기,중식
2026-01-20(화),밥,중식
2026-01-20(화),쇠고기탕국,중식
2026-01-20(화),훈제오리볶음,중식
2026-01-20(화),무쌈,중식
2026-01-20(화),무말랭이무침,중식
2026-01-20(화),배추김치,중식
2026-01-21(수),밥,중식
2026-01-21(수),수제비국,중식
2026-01-21(수),낙지삼겹살새우볶음,중식
2026-01-21(수),오이나물,중식
2025-12-24(수),감귤,중식
2025-12-24(수),깍두기,중식
2025-12-25(목),밥,중식
2025-12-25(목),유부장국,중식
2025-12-25(목),왕돈가스,중식
2025-12-25(목),반달단무지,중식
2025-12-25(목),오렌지주스,중식
2025-12-25(목),푸실리파스타,중식
2025-12-26(금),찰현미밥,중식
2025-12-26(금),부대찌개,중식
2025-12-26(금),주꾸미볶음,중식
2025-12-26(금),콩나물무침,중식
2025-12-26(금),백색우유,중식
2025-12-26(금),배추김치,중식
2025-12-27(토),밥1,중식
2025-12-27(토),치킨스테이크,중식
2025-12-27(토),양송이스프,중식
2025-12-27(토),가공우유,중식
2025-12-27(토),배추김치,중식
2025-12-28(일),찹쌀밥,중식
2025-12-28(일),사골곰탕,중식
2025-12-28(일),메밀전병,중식
2025-12-28(일),시금치고추장무침,중식
2025-12-28(일),깍두기,중식
2025-12-29(월),밥,중식
2025-12-29(월),수제비국,중식
2025-12-29(월),오리불고기,중식
2025-12-29(월),양념깻잎지,중식
2025-12-29(월),백색우유,중식
2025-12-29(월),무쌈,중식
2025-12-29(월),배추김치,중식
2025-12-30(화),밥,중식
2025-12-30(화),두부된장찌개,중식
2025-12-30(화),파채&간장돼지불백,중식
2025-12-30(화),근대무침,중식
2025-12-30(화),백색우유,중식
2025-12-30(화),배추김치,중식
2025-12-31(수),김치덮밥,중식
2025-12-31(수),물만두국,중식
2025-12-31(수),회오리감자,중식
2025-12-31(수),계란후라이,중식
2025-12-31(수),두유,중식
2025-12-31(수),열무김치,중식
2026-01-01(목),밥,중식
2026-01-01(목),어묵탕,중식
2026-01-01(목),훈제닭다리,중식
2026-01-01(목),두부양념장,중식
2026-01-01(목),비요뜨초코링,중식
2026-01-01(목),배추김치,중식
2026-01-02(금),현미밥,중식
2026-01-02(금),쇠고기육개장,중식
2026-01-02(금),궁중떡볶이,중식
2026-01-02(금),가자미구이,중식
2026-01-02(금),백색우유,중식
2026-01-02(금),배추김치,중식
2026-01-03(토),밥,중식
2026-01-03(토),장터국,중식
2026-01-03(토),주꾸미볶음,중식
2026-01-03(토),계란장조림,중식
2026-01-03(토),가공우유,중식
2026-01-03(토),배추김치,중식
2026-01-04(일),밥,중식
2026-01-04(일),사골곰탕,중식
2026-01-04(일),언양식바싹불고기,중식
2026-01-04(일),근대무침,중식
2026-01-04(일),마시는발효유,중식
2026-01-04(일),깍두기,중식
2026-01-05(월),잡곡밥,중식
2026-01-05(월),두부된장찌개,중식
2026-01-05(월),고추잡채,중식
2026-01-05(월),계란찜,중식
2026-01-05(월),백색우유,중식
2026-01-05(월),배추김치,중식
2026-01-06(화),현미밥,중식
2026-01-06(화),부대찌개,중식
2026-01-06(화),느타리버섯볶음,중식
2026-01-06(화),닭고기야채조림,중식
2026-01-06(화),백색우유,중식
2026-01-06(화),붕어빵,중식
2026-01-06(화),배추김치,중식
2026-01-07(수),흑미밥,중식
2026-01-07(수),돼지고기애호박찌개,중식
2026-01-07(수),순살고등어구이,중식
2026-01-07(수),계란말이,중식
2025-12-10(수),백색우유,중식
2025-12-10(수),배추김치,중식
2025-12-11(목),밥,중식
2025-12-11(목),김치찌개,중식
2025-12-11(목),훈제오리볶음,중식
2025-12-11(목),시금치무침,중식
2025-12-11(목),무쌈,중식
2025-12-11(목),파김치,중식
2025-12-12(금),밥,중식
2025-12-12(금),닭볶음탕,중식
2025-12-12(금),해물짬뽕,중식
2025-12-12(금),애호박나물,중식
2025-12-12(금),백색우유,중식
2025-12-12(금),배추김치,중식
2025-12-13(토),삼각주먹밥,중식
2025-12-13(토),밥1,중식
2025-12-13(토),소떡소떡,중식
2025-12-13(토),포테이토크림스프,중식
2025-12-13(토),가공우유,중식
2025-12-13(토),배추김치,중식
2025-12-14(일),밥,중식
2025-12-14(일),계란국,중식
2025-12-14(일),고추장돼지불고기,중식
2025-12-14(일),무조림,중식
2025-12-14(일),백색우유,중식
2025-12-14(일),배추김치,중식
2025-12-15(월),밥,중식
2025-12-15(월),순두부백탕,중식
2025-12-15(월),감자채볶음,중식
2025-12-15(월),볼케이노치킨,중식
2025-12-15(월),마시는발효유,중식
2025-12-15(월),배추김치,중식
2025-12-16(화),현미밥,중식
2025-12-16(화),쇠고기미역국,중식
2025-12-16(화),순살족발,중식
2025-12-16(화),모듬쌈,중식
2025-12-16(화),무말랭이무침,중식
2025-12-16(화),보쌈김치,중식
2025-12-17(수),흑미밥,중식
2025-12-17(수),햄짜글이,중식
2025-12-17(수),사천식캐슈넛멸치볶음,중식
2025-12-17(수),생선구이,중식
2025-12-17(수),백색우유,중식
2025-12-17(수),열무김치,중식
2025-12-18(목),찹쌀밥,중식
2025-12-18(목),돼지국밥,중식
2025-12-18(목),야채고기말이,중식
2025-12-18(목),오징어젓무침,중식
2025-12-18(목),백색우유,중식
2025-12-18(목),깍두기,중식
2025-12-19(금),밥,중식
2025-12-19(금),얼큰수제비국,중식
2025-12-19(금),양배추베이컨볶음,중식
2025-12-19(금),돼지삼겹야채볶음,중식
2025-12-19(금),김,중식
2025-12-19(금),백김치,중식
2025-12-20(토),밥,중식
2025-12-20(토),돼지고기애호박찌개,중식
2025-12-20(토),느타리버섯볶음,중식
2025-12-20(토),소불고기,중식
2025-12-20(토),가공우유,중식
2025-12-20(토),배추김치,중식
2025-12-21(일),밥,중식
2025-12-21(일),어묵탕,중식
2025-12-21(일),낙지삼겹살새우볶음,중식
2025-12-21(일),감자채볶음,중식
2025-12-21(일),백색우유,중식
2025-12-21(일),배추김치,중식
2025-12-22(월),밥,중식
2025-12-22(월),감자양파찌개,중식
2025-12-22(월),닭순살김치볶음,중식
2025-12-22(월),도토리묵&양념장,중식
2025-12-22(월),깍두기,중식
2025-12-23(화),밥,중식
2025-12-23(화),짬뽕찌개,중식
2025-12-23(화),언양식바싹불고기,중식
2025-12-23(화),계란장조림,중식
2025-12-23(화),백색우유,중식
2025-12-23(화),배추김치,중식
2025-12-24(수),밥,중식
2025-12-24(수),우거지갈비탕,중식
2025-12-24(수),새송이버섯야채볶음,중식
2025-12-24(수),치즈볼,중식
2025-04-06(일),오이무침,중식
2025-04-06(일),볶음김치,중식
2025-04-07(월),찰현미밥,중식
2025-04-07(월),짬뽕찌개,중식
2025-04-07(월),돼지고기고추장볶음,중식
2025-04-07(월),멸치볶음,중식
2025-04-07(월),깍두기,중식
2025-04-08(화),밥,중식
2025-04-08(화),참치고추장찌개,중식
2025-04-08(화),느타리버섯볶음,중식
2025-04-08(화),닭순살야채조림,중식
2025-04-08(화),배추김치,중식
2025-04-09(수),찰수수밥,중식
2025-04-09(수),미역국,중식
2025-04-09(수),낙지삼겹살새우볶음,중식
2025-04-09(수),계란찜,중식
2025-04-09(수),백색우유,중식
2025-04-09(수),배추김치,중식
2025-04-10(목),밥,중식
2025-04-10(목),꼬리곰탕,중식
2025-04-10(목),김자반,중식
2025-04-10(목),닭바베큐소스조림,중식
2025-04-10(목),부추양파무침,중식
2025-04-10(목),깍두기,중식
2025-04-11(금),현미밥,중식
2025-04-11(금),순두부백탕,중식
2025-04-11(금),오삼불고기,중식
2025-04-11(금),시금치무침,중식
2025-04-11(금),깍두기,중식
2025-04-12(토),밥1,중식
2025-04-12(토),바베큐폭립,중식
2025-04-12(토),단호박샐러드,중식
2025-04-12(토),양송이스프,중식
2025-04-12(토),가공우유,중식
2025-04-12(토),배추김치,중식
2025-04-13(일),밥,중식
2025-04-13(일),해물짬뽕,중식
2025-04-13(일),소불고기,중식
2025-04-13(일),멸치볶음,중식
2025-04-13(일),열무김치,중식
2025-04-14(월),밥,중식
2025-04-14(월),순두부찌개,중식
2025-04-14(월),돼지고기청경채볶음,중식
2025-04-14(월),부추양파무침,중식
2025-04-14(월),열무김치,중식
2025-04-15(화),찹쌀밥,중식
2025-04-15(화),부대찌개,중식
2025-04-15(화),주꾸미볶음,중식
2025-04-15(화),오이무침,중식
2025-04-15(화),볶음김치,중식
2025-04-16(수),밥,중식
2025-04-16(수),감자국,중식
2025-04-16(수),마파두부,중식
2025-04-16(수),오징어채무침,중식
2025-04-16(수),배추김치,중식
2025-04-17(목),흑미밥,중식
2025-04-17(목),감자양파찌개,중식
2025-04-17(목),낙지삼겹살새우볶음,중식
2025-04-17(목),시금치무침,중식
2025-04-17(목),카프리썬,중식
2025-04-17(목),배추김치,중식
2025-04-18(금),밥,중식
2025-04-18(금),콩나물무채국,중식
2025-04-18(금),훈제오리볶음,중식
2025-04-18(금),부추겉절이,중식
2025-04-18(금),무쌈,중식
2025-04-18(금),백색우유,중식
2025-04-18(금),배추김치,중식
2025-04-19(토),밥,중식
2025-04-19(토),순대국밥,중식
2025-04-19(토),왕교자만두찜,중식
2025-04-19(토),풋고추된장무침,중식
2025-04-19(토),깍두기,중식
2025-04-20(일),밥,중식
2025-04-20(일),닭볶음탕,중식
2025-03-23(일),닭순살야채조림,석식
2025-03-23(일),무생채,석식
2025-03-23(일),배추김치,석식
2025-03-24(월),밥,석식
2025-03-25(월),감자국,석식
2025-03-26(월),닭순살치킨가스,석식
2025-03-27(월),복숭아주스,석식
2025-03-28(월),참치샐러드,석식
2025-03-29(월),배추김치,석식
2025-03-25(화),밥,석식
2025-03-25(화),부대찌개,석식
2025-03-25(화),닭고기튀김양념,석식
2025-03-25(화),낙지젓무침,석식
2025-03-25(화),무&비트피클,석식
2025-03-25(화),대추방울토마토,석식
2025-03-25(화),배추김치,석식
2025-03-26(수),밥,석식
2025-03-26(수),두부된장찌개,석식
2025-03-26(수),임연수어순살구이,석식
2025-03-26(수),오이무침,석식
2025-03-26(수),이온음료,석식
2025-03-26(수),김,석식
2025-03-26(수),배추김치,석식
2025-03-27(목),밥,석식
2025-03-27(목),짬뽕순두부,석식
2025-03-27(목),돈가스,석식
2025-03-27(목),사과,석식
2025-03-27(목),오이피클,석식
2025-03-27(목),배추김치,석식
2025-03-28(금),밥,석식
2025-03-28(금),꼬리곰탕,석식
2025-03-28(금),돼지고기고추장볶음,석식
2025-03-28(금),계란찜,석식
2025-03-28(금),깍두기,석식
2025-03-29(토),쇠고기덮밥,석식
2025-03-29(토),콩나물매운무침,석식
2025-03-29(토),가공우유,석식
2025-03-29(토),열무김치,석식
2025-03-30(일),밥,석식
2025-03-30(일),호박된장찌개,석식
2025-03-30(일),닭강정,석식
2025-03-30(일),부추겉절이,석식
2025-03-30(일),토핑형발효유,석식
2025-03-30(일),배추김치,석식
2025-03-31(월),밥,석식
2025-03-31(월),사골우거지국,석식
2025-03-31(월),깐쇼새우,석식
2025-03-31(월),마시는발효유,석식
2025-03-31(월),양배추샐러드,석식
2025-03-31(월),배추김치,석식
2025-04-01(화),불닭덮밥,석식
2025-04-01(화),황태채국,석식
2025-04-01(화),꽈리고추멸치볶음,석식
2025-04-01(화),배추김치,석식
2025-04-02(수),잡곡밥,석식
2025-04-02(수),감자고추장찌개,석식
2025-04-02(수),닭순살치킨가스,석식
2025-04-02(수),부추양파무침,석식
2025-04-02(수),열무김치,석식
2025-04-03(목),찹쌀밥,석식
2025-04-03(목),어묵탕,석식
2025-04-03(목),무생채,석식
2025-04-03(목),모듬쌈,석식
2025-04-03(목),냉채족발,석식
2025-04-03(목),보쌈김치,석식
2025-04-04(금),밥,석식
2025-04-04(금),근대된장국,석식
2025-04-04(금),마늘종볶음,석식
2025-04-04(금),김자반,석식
2025-04-04(금),닭고기야채조림,석식
2025-04-04(금),사과,석식
2025-04-04(금),배추김치,석식
2025-04-05(토),오징어덮밥,석식
2025-04-05(토),동그랑땡,석식
2025-04-05(토),열무김치,석식
2025-04-06(일),밥,석식
2025-04-06(일),사골미역국,석식
2025-04-06(일),닭고기야채조림,석식
2025-03-09(일),주꾸미볶음,석식
2025-03-09(일),파채무침,석식
2025-03-09(일),배추김치,석식
2025-03-10(월),찹쌀밥,석식
2025-03-10(월),마라탕,석식
2025-03-10(월),갑오징어튀김,석식
2025-03-10(월),양배추샐러드,석식
2025-03-10(월),딸기,석식
2025-03-10(월),배추김치,석식
2025-03-11(화),밥,석식
2025-03-11(화),감자국,석식
2025-03-11(화),닭볶음탕,석식
2025-03-11(화),콩나물매운무침,석식
2025-03-11(화),이온음료,석식
2025-03-11(화),배추김치,석식
2025-03-12(수),새우튀김덮밥,석식
2025-03-12(수),미소장국,석식
2025-03-12(수),닭꼬치,석식
2025-03-12(수),꼬들단무지,석식
2025-03-12(수),마시는발효유,석식
2025-03-12(수),케이크또는파이또는패스트리,석식
2025-03-12(수),케이크또는파이또는패스트리,석식
2025-03-13(목),밥,석식
2025-03-13(목),김치콩나물국,석식
2025-03-13(목),고추잡채,석식
2025-03-13(목),청포묵무침,석식
2025-03-13(목),토핑형발효유,석식
2025-03-13(목),열무김치,석식
2025-03-14(금),밥,석식
2025-03-14(금),꼬치어묵국,석식
2025-03-14(금),떡볶이,석식
2025-03-14(금),김밥튀김,석식
2025-03-14(금),반달단무지,석식
2025-03-14(금),탄산음료,석식
2025-03-14(금),청량음료,석식
2025-03-15(토),제육덮밥,석식
2025-03-15(토),새송이버섯야채볶음,석식
2025-03-15(토),가공우유,석식
2025-03-15(토),열무김치,석식
2025-03-16(일),밥,석식
2025-03-16(일),뼈없는감자탕,석식
2025-03-16(일),찐새우만두,석식
2025-03-16(일),오징어젓무침,석식
2025-03-16(일),짜먹는발효유,석식
2025-03-16(일),깍두기,석식
2025-03-17(월),중화식덮밥,석식
2025-03-17(월),두부된장찌개,석식
2025-03-17(월),유린기,석식
2025-03-17(월),토핑형발효유,석식
2025-03-17(월),배추김치,석식
2025-03-18(화),비빔밥,석식
2025-03-18(화),팽이버섯된장국,석식
2025-03-18(화),닭꼬치,석식
2025-03-18(화),계란후라이,석식
2025-03-18(화),오이장아찌,석식
2025-03-18(화),이온음료,석식
2025-03-18(화),오뚜기라면,석식
2025-03-19(수),밀쌀밥,석식
2025-03-19(수),햄감자찌개,석식
2025-03-19(수),코다리강정,석식
2025-03-19(수),옥수수계란찜,석식
2025-03-19(수),마시는발효유,석식
2025-03-19(수),배추김치,석식
2025-03-19(수),상일식품,석식
2025-03-20(목),밥,석식
2025-03-21(목),닭곰탕,석식
2025-03-22(목),탕수육,석식
2025-03-23(목),순살삼치구이,석식
2025-03-24(목),이온음료,석식
2025-03-25(목),열무김치,석식
2025-03-21(금),자장밥,석식
2025-03-21(금),짬뽕찌개,석식
2025-03-21(금),김말이튀김,석식
2025-03-21(금),짜먹는발효유,석식
2025-03-21(금),배추김치,석식
2025-03-22(토),삼색도리덮밥,석식
2025-03-22(토),새송이버섯야채볶음,석식
2025-03-22(토),대추방울토마토,석식
2025-03-22(토),열무김치,석식
2025-03-23(일),밥,석식
2025-03-23(일),사골우거지국,석식
2025-02-25(화),돼지고기고추장볶음,석식
2025-02-25(화),김자반,석식
2025-02-25(화),오이무침,석식
2025-02-25(화),샤인머스켓,석식
2025-02-25(화),배추김치,석식
2025-02-26(수),밥,석식
2025-02-26(수),짬뽕순두부,석식
2025-02-26(수),치킨너겟,석식
2025-02-26(수),봄동겉절이,석식
2025-02-26(수),마시는발효유,석식
2025-02-26(수),배추김치,석식
2025-02-27(목),밥,석식
2025-02-27(목),달래된장국,석식
2025-02-27(목),감자채볶음,석식
2025-02-27(목),가츠동,석식
2025-02-27(목),사과,석식
2025-02-27(목),배추김치,석식
2025-02-28(금),밥,석식
2025-02-28(금),부대찌개,석식
2025-02-28(금),닭고기튀김양념,석식
2025-02-28(금),무&비트피클,석식
2025-02-28(금),참치샐러드,석식
2025-02-28(금),이온음료,석식
2024-11-28(목),깍두기,석식
2024-11-29(금),밥,석식
2024-11-29(금),햄감자찌개,석식
2024-11-29(금),돼지삼겹야채볶음,석식
2024-11-29(금),콩나물무침,석식
2024-11-29(금),백색우유,석식
2024-11-29(금),열무김치,석식
2024-11-30(토),제육덮밥,석식
2024-11-30(토),계란후라이,석식
2024-11-30(토),부추겉절이,석식
2024-11-30(토),샤인머스켓,석식
2024-11-30(토),총각김치,석식
2025-03-01(토),오징어덮밥,석식
2025-03-01(토),동그랑땡,석식
2025-03-01(토),백색우유,석식
2025-03-01(토),배추김치,석식
2025-03-02(일),밥,석식
2025-03-03(일),사골우거지국,석식
2025-03-04(일),닭고기야채조림,석식
2025-03-05(일),부추양파무침,석식
2025-03-06(일),마시는발효유,석식
2025-03-02(일),열무김치,석식
2025-03-03(월),밥,석식
2025-03-03(월),콩나물무채국,석식
2025-03-03(월),마파감자,석식
2025-03-03(월),김자반,석식
2025-03-03(월),오이무침,석식
2025-03-03(월),배추김치,석식
2025-03-04(화),밥,석식
2025-03-04(화),어묵탕,석식
2025-03-04(화),냉채족발,석식
2025-03-04(화),모듬쌈,석식
2025-03-04(화),무말랭이무침,석식
2025-03-04(화),샤인머스켓,석식
2025-03-04(화),보쌈김치,석식
2025-03-04(화),농심,석식
2025-03-05(수),카레밥,석식
2025-03-05(수),팽이버섯된장국,석식
2025-03-05(수),생선가스,석식
2025-03-05(수),마시는발효유,석식
2025-03-05(수),깍두기,석식
2025-03-06(목),밥,석식
2025-03-06(목),부대찌개,석식
2025-03-06(목),닭강정,석식
2025-03-06(목),양배추샐러드,석식
2025-03-06(목),이온음료,석식
2025-03-06(목),배추김치,석식
2025-03-07(금),흑미밥,석식
2025-03-07(금),닭고기육개장,석식
2025-03-07(금),감자채볶음,석식
2025-03-07(금),순살고등어구이,석식
2025-03-07(금),토핑형발효유,석식
2025-03-07(금),깍두기,석식
2025-03-08(토),불닭덮밥,석식
2025-03-08(토),무나물,석식
2025-03-08(토),열무김치,석식
2025-03-09(일),밥,석식
2025-03-09(일),사골미역국,석식
2025-02-11(화),계란찜,석식
2025-02-11(화),이온음료,석식
2025-02-11(화),배추김치,석식
2025-02-12(수),비빔밥,석식
2025-02-12(수),팽이버섯된장국,석식
2025-02-12(수),닭꼬치,석식
2025-02-12(수),계란후라이,석식
2025-02-12(수),붕어빵,석식
2025-02-12(수),오이장아찌,석식
2025-02-12(수),케이크또는파이또는패스트리,석식
2025-02-12(수),케이크또는파이또는패스트리,석식
2025-02-13(목),밥,석식
2025-02-13(목),콩나물김치국,석식
2025-02-13(목),고추잡채,석식
2025-02-13(목),청포묵무침,석식
2025-02-13(목),사과,석식
2025-02-13(목),열무김치,석식
2025-02-14(금),밥,석식
2025-02-14(금),어묵탕,석식
2025-02-14(금),떡볶이,석식
2025-02-14(금),김밥튀김,석식
2025-02-14(금),반달단무지,석식
2025-02-15(토),제육덮밥,석식
2025-02-15(토),무청시래기국,석식
2025-02-15(토),파채무침,석식
2025-02-15(토),가공우유,석식
2025-02-15(토),열무김치,석식
2025-02-16(일),밥,석식
2025-02-16(일),닭볶음탕,석식
2025-02-16(일),사골우거지국,석식
2025-02-16(일),무생채,석식
2025-02-16(일),마시는발효유,석식
2025-02-16(일),배추김치,석식
2025-02-17(월),자장밥,석식
2025-02-17(월),두부된장찌개,석식
2025-02-17(월),탕수육,석식
2025-02-17(월),짜먹는발효유,석식
2025-02-17(월),배추김치,석식
2025-02-18(화),밀쌀밥,석식
2025-02-18(화),햄감자찌개,석식
2025-02-18(화),코다리강정,석식
2025-02-18(화),옥수수계란찜,석식
2025-02-18(화),샤인머스켓,석식
2025-02-18(화),배추김치,석식
2025-02-18(화),오뚜기라면,석식
2025-02-19(수),새우튀김덮밥,석식
2025-02-19(수),미소장국,석식
2025-02-19(수),닭꼬치,석식
2025-02-19(수),꼬들단무지,석식
2025-02-19(수),상일식품,석식
2025-02-20(목),밥,석식
2025-02-20(목),쇠고기육개장,석식
2025-02-20(목),김말이튀김,석식
2025-02-20(목),순살삼치구이,석식
2025-02-20(목),이온음료,석식
2025-02-20(목),열무김치,석식
2025-02-21(금),중화식덮밥,석식
2025-02-21(금),콩나물국,석식
2025-02-21(금),유린기,석식
2025-02-21(금),계란후라이,석식
2025-02-21(금),짜먹는발효유,석식
2025-02-21(금),배추김치,석식
2025-02-22(토),삼색도리덮밥,석식
2025-02-22(토),냉이된장국,석식
2025-02-22(토),새송이버섯야채볶음,석식
2025-02-22(토),가공우유,석식
2025-02-22(토),열무김치,석식
2025-02-23(일),밥,석식
2025-02-23(일),황태해장국,석식
2025-02-23(일),닭볶음탕,석식
2025-02-23(일),부추양파무침,석식
2025-02-23(일),마시는발효유,석식
2025-02-23(일),배추김치,석식
2025-02-24(월),밥,석식
2025-02-24(월),어묵탕,석식
2025-02-24(월),닭순살치킨가스,석식
2025-02-24(월),야채샐러드유자드레싱,석식
2025-02-24(월),이온음료,석식
2025-02-24(월),배추김치,석식
2025-02-25(화),밥,석식
2025-02-25(화),계란국,석식
2025-01-28(화),짬뽕순두부,석식
2025-01-28(화),닭고기야채조림,석식
2025-01-28(화),봄동겉절이,석식
2025-01-28(화),백색우유,석식
2025-01-28(화),배추김치,석식
2025-01-29(수),밥,석식
2025-01-29(수),계란국,석식
2025-01-29(수),돼지고기고추장볶음,석식
2025-01-29(수),김자반,석식
2025-01-29(수),오이무침,석식
2025-01-29(수),배추김치,석식
2025-01-30(목),참치오믈렛,석식
2025-01-30(목),밥,석식
2025-01-30(목),순대국밥,석식
2025-01-30(목),풋고추된장무침,석식
2025-01-30(목),사과,석식
2025-01-30(목),깍두기,석식
2025-01-31(금),밥,석식
2025-01-31(금),부대찌개,석식
2025-01-31(금),닭강정,석식
2025-01-31(금),이온음료,석식
2025-01-31(금),양배추샐러드,석식
2025-01-31(금),배추김치,석식
2025-02-01(토),오징어덮밥,석식
2025-02-01(토),근대된장국,석식
2025-02-01(토),새송이버섯야채볶음,석식
2025-02-01(토),가공우유,석식
2025-02-01(토),배추김치,석식
2025-02-02(일),밥,석식
2025-02-02(일),사골우거지국,석식
2025-02-02(일),주꾸미볶음,석식
2025-02-02(일),무생채,석식
2025-02-02(일),마시는발효유,석식
2025-02-02(일),열무김치,석식
2025-02-03(월),밥,석식
2025-02-03(월),패주미역국,석식
2025-02-03(월),닭강정,석식
2025-02-03(월),양배추샐러드,석식
2025-02-03(월),딸기,석식
2025-02-03(월),배추김치,석식
2025-02-04(화),현미밥,석식
2025-02-04(화),황태채국,석식
2025-02-04(화),돼지고기무볶음,석식
2025-02-04(화),김자반,석식
2025-02-04(화),오이무침,석식
2025-02-04(화),이온음료,석식
2025-02-04(화),배추김치,석식
2025-02-04(화),농심,석식
2025-02-05(수),밥,석식
2025-02-05(수),참치 고추장찌개,석식
2025-02-05(수),감자채볶음,석식
2025-02-05(수),순살고등어구이,석식
2025-02-05(수),토핑형발효유,석식
2025-02-05(수),깍두기,석식
2025-02-06(목),카레밥,석식
2025-02-06(목),팽이버섯된장국,석식
2025-02-06(목),생선가스,석식
2025-02-06(목),마시는발효유,석식
2025-02-06(목),열무김치,석식
2025-02-07(금),밥,석식
2025-02-07(금),꽃게탕,석식
2025-02-07(금),냉채족발,석식
2025-02-07(금),모듬쌈,석식
2025-02-07(금),무말랭이무침,석식
2025-02-07(금),이온음료,석식
2025-02-07(금),보쌈김치,석식
2025-02-08(토),불닭덮밥,석식
2025-02-08(토),얼갈이된장국,석식
2025-02-08(토),무나물,석식
2025-02-08(토),가공우유,석식
2025-02-08(토),열무김치,석식
2025-02-09(일),밥,석식
2025-02-09(일),사골미역국,석식
2025-02-09(일),닭고기야채조림,석식
2025-02-09(일),시금치무침,석식
2025-02-09(일),짜먹는발효유,석식
2025-02-09(일),배추김치,석식
2025-02-10(월),찹쌀밥,석식
2025-02-10(월),뼈없는감자탕,석식
2025-02-10(월),찐새우만두,석식
2025-02-10(월),오징어젓무침,석식
2025-02-10(월),딸기,석식
2025-02-10(월),깍두기,석식
2025-02-11(화),밥,석식
2025-02-11(화),마라탕,석식
2025-02-11(화),갑오징어튀김,석식
2025-01-14(화),햄감자찌개,석식
2025-01-14(화),고추잡채,석식
2025-01-14(화),청포묵무침,석식
2025-01-14(화),샤인머스켓,석식
2025-01-14(화),열무김치,석식
2025-01-15(수),새우튀김덮밥,석식
2025-01-15(수),미소장국,석식
2025-01-15(수),닭꼬치,석식
2025-01-15(수),꼬들단무지,석식
2025-01-15(수),마시는발효유,석식
2025-01-15(수),쿠키앤크림스틱치즈케익,석식
2025-01-15(수),초코티라미스케익,석식
2025-01-16(목),자장밥,석식
2025-01-16(목),계란국,석식
2025-01-16(목),탕수육,석식
2025-01-16(목),배추김치,석식
2025-01-17(금),밥,석식
2025-01-17(금),어묵탕,석식
2025-01-17(금),떡볶이,석식
2025-01-17(금),김밥튀김,석식
2025-01-17(금),반달단무지,석식
2025-01-18(토),삼색도리덮밥,석식
2025-01-18(토),무청시래기국,석식
2025-01-18(토),새송이버섯야채볶음,석식
2025-01-18(토),사과,석식
2025-01-18(토),열무김치,석식
2025-01-19(일),밥,석식
2025-01-19(일),사골미역국,석식
2025-01-19(일),닭볶음탕,석식
2025-01-19(일),무생채,석식
2025-01-19(일),배추김치,석식
2025-01-20(월),밥1,석식
2025-01-20(월),돈가스,석식
2025-01-20(월),이온음료,석식
2025-01-20(월),양송이스프,석식
2025-01-20(월),오이피클,석식
2025-01-20(월),참치샐러드,석식
2025-01-21(화),밀쌀밥,석식
2025-01-21(화),햄감자찌개,석식
2025-01-21(화),코다리강정,석식
2025-01-21(화),옥수수계란찜,석식
2025-01-21(화),딸기,석식
2025-01-21(화),배추김치,석식
2025-01-21(화),오뚜기열라면,석식
2025-01-22(수),비빔밥,석식
2025-01-22(수),콩나물김치국,석식
2025-01-22(수),닭꼬치,석식
2025-01-22(수),계란후라이,석식
2025-01-22(수),오이장아찌,석식
2025-01-22(수),마시는발효유,석식
2025-01-22(수),야채건빵,석식
2025-01-23(목),밥,석식
2025-01-23(목),닭곰탕,석식
2025-01-23(목),돼지고기부추볶음,석식
2025-01-23(목),김말이튀김,석식
2025-01-23(목),샤인머스켓,석식
2025-01-23(목),열무김치,석식
2025-01-24(금),중화식덮밥,석식
2025-01-24(금),콩나물국,석식
2025-01-24(금),유린기,석식
2025-01-24(금),계란후라이,석식
2025-01-24(금),짜먹는발효유,석식
2025-01-24(금),배추김치,석식
2025-01-25(토),제육덮밥,석식
2025-01-25(토),시금치된장국,석식
2025-01-25(토),계란후라이,석식
2025-01-25(토),파채무침,석식
2025-01-25(토),가공우유,석식
2025-01-26(일),밥,석식
2025-01-26(일),닭볶음탕,석식
2025-01-26(일),황태해장국,석식
2025-01-26(일),부추양파무침,석식
2025-01-26(일),배추김치,석식
2025-01-27(월),밥,석식
2025-01-27(월),참치김치찌개,석식
2025-01-27(월),닭순살치킨가스,석식
2025-01-27(월),토핑형발효유,석식
2025-01-27(월),야채샐러드유자드레싱,석식
2025-01-27(월),깍두기,석식
2025-01-28(화),밥,석식
2024-12-30(월),백색우유,석식
2024-12-30(월),배추김치,석식
2024-12-31(화),밥,석식
2024-12-31(화),우거지갈비탕,석식
2024-12-31(화),매콤닭봉조림,석식
2024-12-31(화),콩나물무침,석식
2024-12-31(화),배추김치,석식
2025-01-01(수),밥,석식
2025-01-01(수),계란국,석식
2025-01-01(수),새송이버섯야채볶음,석식
2025-01-01(수),돼지고기육전,석식
2025-01-01(수),토핑형발효유,석식
2025-01-01(수),김,석식
2025-01-01(수),깍두기,석식
2025-01-02(목),밥,석식
2025-01-02(목),꽃게탕,석식
2025-01-02(목),치즈등심돈가스,석식
2025-01-02(목),양배추샐러드,석식
2025-01-02(목),이온음료,석식
2025-01-02(목),배추김치,석식
2025-01-03(금),현미밥,석식
2025-01-03(금),굴순두부찌개,석식
2025-01-03(금),돼지고기무볶음,석식
2025-01-03(금),김자반,석식
2025-01-03(금),오이무침,석식
2025-01-03(금),배추김치,석식
2025-01-04(토),오징어덮밥,석식
2025-01-04(토),근대된장국,석식
2025-01-04(토),감자채볶음,석식
2025-01-04(토),배추김치,석식
2025-01-05(일),밥,석식
2025-01-05(일),사골우거지국,석식
2025-01-05(일),닭볶음탕,석식
2025-01-05(일),무생채,석식
2025-01-05(일),열무김치,석식
2025-01-06(월),카레밥,석식
2025-01-06(월),팽이버섯된장국,석식
2025-01-06(월),생선가스,석식
2025-01-06(월),딸기,석식
2025-01-06(월),열무김치,석식
2025-01-07(화),밥,석식
2025-01-07(화),차돌박이된장찌개,석식
2025-01-07(화),감자채볶음,석식
2025-01-07(화),순살고등어구이,석식
2025-01-07(화),이온음료,석식
2025-01-07(화),깍두기,석식
2025-01-07(화),농심,석식
2025-01-08(수),밥,석식
2025-01-08(수),패주미역국,석식
2025-01-08(수),모듬쌈,석식
2025-01-08(수),냉채족발,석식
2025-01-08(수),무말랭이무침,석식
2025-01-08(수),보쌈김치,석식
2025-01-09(목),찹쌀밥,석식
2025-01-09(목),뼈없는감자탕,석식
2025-01-09(목),왕만두찜,석식
2025-01-09(목),오징어젓무침,석식
2025-01-09(목),두유,석식
2025-01-09(목),깍두기,석식
2025-01-10(금),밥,석식
2025-01-10(금),마라탕,석식
2025-01-10(금),오징어튀김,석식
2025-01-10(금),부추겉절이,석식
2025-01-10(금),백색우유,석식
2025-01-10(금),배추김치,석식
2025-01-11(토),불닭덮밥,석식
2025-01-11(토),얼갈이된장국,석식
2025-01-11(토),무나물,석식
2025-01-11(토),가공우유,석식
2025-01-11(토),열무김치,석식
2025-01-12(일),밥,석식
2025-01-12(일),사골우거지국,석식
2025-01-12(일),닭고기야채조림,석식
2025-01-12(일),시금치무침,석식
2025-01-12(일),배추김치,석식
2025-01-13(월),밥,석식
2025-01-13(월),쇠고기육개장,석식
2025-01-13(월),갈치순살튀김,석식
2025-01-13(월),계란찜,석식
2025-01-13(월),이온음료,석식
2025-01-13(월),배추김치,석식
2025-01-14(화),밥,석식
2024-12-15(일),두유,석식
2024-12-15(일),배추김치,석식
2024-12-16(월),밥,석식
2024-12-16(월),참치오믈렛,석식
2024-12-16(월),감자국,석식
2024-12-16(월),치킨너겟,석식
2024-12-16(월),토핑형발효유,석식
2024-12-16(월),배추김치,석식
2024-12-17(화),꼬막비빔밥,석식
2024-12-17(화),햄감자찌개,석식
2024-12-17(화),닭꼬치,석식
2024-12-17(화),짜먹는발효유,석식
2024-12-17(화),배추김치,석식
2024-12-17(화),농심,석식
2024-12-17(화),농심,석식
2024-12-18(수),중화식덮밥,석식
2024-12-18(수),아욱된장국,석식
2024-12-18(수),유린기,석식
2024-12-18(수),깍두기,석식
2024-12-19(목),밀쌀밥,석식
2024-12-19(목),부대찌개,석식
2024-12-19(목),애호박나물,석식
2024-12-19(목),코다리강정,석식
2024-12-19(목),이온음료,석식
2024-12-19(목),배추김치,석식
2024-12-20(금),밥1,석식
2024-12-20(금),라멘1,석식
2024-12-20(금),새우까스,석식
2024-12-20(금),마시는발효유,석식
2024-12-20(금),코울슬로샐러드,석식
2024-12-20(금),오이장아찌,석식
2024-12-21(토),삼색도리덮밥,석식
2024-12-21(토),새송이버섯야채볶음,석식
2024-12-21(토),무나물,석식
2024-12-21(토),가공우유,석식
2024-12-21(토),열무김치,석식
2024-12-22(일),밥,석식
2024-12-22(일),사골우거지국,석식
2024-12-22(일),닭볶음탕,석식
2024-12-22(일),멸치볶음,석식
2024-12-22(일),배추김치,석식
2024-12-23(월),밥,석식
2024-12-23(월),계란국,석식
2024-12-23(월),애호박나물,석식
2024-12-23(월),김자반,석식
2024-12-23(월),등갈비김치찜,석식
2024-12-23(월),열무김치,석식
2024-12-24(화),밥,석식
2024-12-24(화),얼큰쇠고기무국,석식
2024-12-24(화),순살고등어구이,석식
2024-12-24(화),오이부추무침,석식
2024-12-24(화),샤인머스켓,석식
2024-12-24(화),배추김치,석식
2024-12-25(수),밥1,석식
2024-12-25(수),뇨끼파스타,석식
2024-12-25(수),비엔나핫케?,석식
2024-12-25(수),무&비트피클,석식
2024-12-25(수),야채샐러드유자드레싱,석식
2024-12-26(목),밀쌀밥,석식
2024-12-26(목),부대찌개,석식
2024-12-26(목),감자채볶음,석식
2024-12-26(목),오징어튀김,석식
2024-12-26(목),감귤,석식
2024-12-26(목),열무김치,석식
2024-12-27(금),밥,석식
2024-12-27(금),근대된장국,석식
2024-12-27(금),돼지갈비찜,석식
2024-12-27(금),콩나물매운무침,석식
2024-12-27(금),백색우유,석식
2024-12-27(금),배추김치,석식
2024-12-28(토),제육덮밥,석식
2024-12-28(토),파채무침,석식
2024-12-28(토),가공우유,석식
2024-12-28(토),열무김치,석식
2024-12-29(일),밥,석식
2024-12-29(일),시금치된장국,석식
2024-12-29(일),돼지고기부추볶음,석식
2024-12-29(일),무나물,석식
2024-12-29(일),백색우유,석식
2024-12-29(일),배추김치,석식
2024-12-30(월),밥,석식
2024-12-30(월),닭고기육개장,석식
2024-12-30(월),버섯잡채,석식
2024-12-30(월),부추겉절이,석식
2024-12-01(일),사골우거지국,석식
2024-12-01(일),동그랑땡,석식
2024-12-01(일),무나물,석식
2024-12-01(일),백색우유,석식
2024-12-01(일),배추김치,석식
2024-12-02(월),밥,석식
2024-12-02(월),쇠고기버섯전골,석식
2024-12-02(월),생선가스,석식
2024-12-02(월),참치샐러드,석식
2024-12-02(월),이온음료,석식
2024-12-02(월),배추김치,석식
2024-12-03(화),밥,석식
2024-12-03(화),꽃게탕,석식
2024-12-03(화),느타리버섯볶음,석식
2024-12-03(화),갈치순살튀김,석식
2024-12-03(화),사과,석식
2024-12-03(화),배추김치,석식
2024-12-03(화),삼양식품,석식
2024-12-04(수),자장밥,석식
2024-12-04(수),계란국,석식
2024-12-04(수),탕수육,석식
2024-12-04(수),마시는발효유,석식
2024-12-04(수),배추김치,석식
2024-12-05(목),밥,석식
2024-12-05(목),닭볶음탕,석식
2024-12-05(목),호박된장찌개,석식
2024-12-05(목),옥수수계란찜,석식
2024-12-05(목),짜먹는발효유,석식
2024-12-05(목),배추김치,석식
2024-12-06(금),밥1,석식
2024-12-06(금),알리오올리오파스타,석식
2024-12-06(금),브로콜리크림스프,석식
2024-12-06(금),닭꼬치,석식
2024-12-06(금),오이피클,석식
2024-12-06(금),이온음료,석식
2024-12-07(토),오징어덮밥,석식
2024-12-07(토),새송이버섯야채볶음,석식
2024-12-07(토),가공우유,석식
2024-12-07(토),배추김치,석식
2024-12-08(일),밥,석식
2024-12-08(일),계란국,석식
2024-12-08(일),낙지삼겹살새우볶음,석식
2024-12-08(일),김,석식
2024-12-08(일),연두부&양념장,석식
2024-12-08(일),배추김치,석식
2024-12-09(월),밥,석식
2024-12-09(월),어묵탕,석식
2024-12-09(월),떡볶이,석식
2024-12-09(월),순대야채볶음,석식
2024-12-09(월),반달단무지,석식
2024-12-09(월),크림치즈찰떡,석식
2024-12-10(화),밥1,석식
2024-12-10(화),얼큰수제비국,석식
2024-12-10(화),치즈등심돈가스,석식
2024-12-10(화),감자에그샐러드,석식
2024-12-10(화),이온음료,석식
2024-12-10(화),배추김치,석식
2024-12-11(수),밥,석식
2024-12-11(수),부대찌개,석식
2024-12-11(수),닭순살치킨가스,석식
2024-12-11(수),양배추샐러드,석식
2024-12-11(수),열무김치,석식
2024-12-11(수),참깨건빵,석식
2024-12-12(목),카레밥,석식
2024-12-12(목),우동국1,석식
2024-12-12(목),브로콜리&초고추장,석식
2024-12-12(목),감귤,석식
2024-12-12(목),깍두기,석식
2024-12-13(금),새우튀김덮밥,석식
2024-12-13(금),미소장국,석식
2024-12-13(금),꼬들단무지,석식
2024-12-13(금),베이컨떡말이,석식
2024-12-13(금),토핑형발효유,석식
2024-12-13(금),초코생크림빵,석식
2024-12-14(토),불닭덮밥,석식
2024-12-14(토),무나물,석식
2024-12-14(토),샤인머스켓,석식
2024-12-14(토),열무김치,석식
2024-12-15(일),밥,석식
2024-12-15(일),황태해장국,석식
2024-12-15(일),비엔나메추리알조림,석식
2024-12-15(일),청포묵무침,석식
2024-09-15(일),사과,석식
2024-09-14(토),새송이버섯야채볶음,석식
2024-09-14(토),계란후라이,석식
2024-09-14(토),가공우유,석식
2024-09-14(토),갓김치1,석식
2024-09-15(일),밥,석식
2024-09-01(일),밥,석식
2024-09-01(일),닭볶음탕,석식
2024-09-01(일),사골우거지국,석식
2024-09-01(일),느타리버섯볶음,석식
2024-09-01(일),토핑형발효유,석식
2024-09-01(일),배추김치,석식
2024-09-02(월),밥,석식
2024-09-02(월),팽이버섯된장국,석식
2024-09-02(월),순살족발,석식
2024-09-02(월),양배추쌈,석식
2024-09-02(월),컵형아이스크림,석식
2024-09-02(월),보쌈김치,석식
2024-09-03(화),밥,석식
2024-09-03(화),청국장,석식
2024-09-03(화),닭강정,석식
2024-09-03(화),베이컨떡말이,석식
2024-09-03(화),가공우유,석식
2024-09-03(화),갓김치1,석식
2024-09-03(화),열려라참깨라면,석식
2024-09-04(수),밥,석식
2024-09-04(수),꽃게탕,석식
2024-09-04(수),가츠동,석식
2024-09-04(수),자두,석식
2024-09-04(수),양배추샐러드,석식
2024-09-04(수),배추김치,석식
2024-09-05(목),밥,석식
2024-09-05(목),오징어국,석식
2024-09-05(목),애호박나물,석식
2024-09-05(목),한우갈비찜,석식
2024-09-05(목),짜먹는발효유,석식
2024-09-05(목),배추김치,석식
2024-09-06(금),밥,석식
2024-09-06(금),마라탕,석식
2024-09-06(금),오징어튀김,석식
2024-09-06(금),오이부추무침,석식
2024-09-06(금),팩형아이스크림,석식
2024-09-06(금),사과,석식
2024-09-06(금),열무김치,석식
2024-09-07(토),불닭덮밥,석식
2024-09-07(토),스크램블에그,석식
2024-09-07(토),무나물,석식
2024-09-07(토),가공우유,석식
2024-09-07(토),오이소박이,석식
2024-09-08(일),밥,석식
2024-09-08(일),닭곰탕,석식
2024-09-08(일),참치김치볶음,석식
2024-09-08(일),청경채무침,석식
2024-09-08(일),가공우유,석식
2024-09-08(일),갓김치1,석식
2024-09-09(월),밥,석식
2024-09-09(월),돼지고기김치찌개,석식
2024-09-09(월),탄두리치킨,석식
2024-09-09(월),부추겉절이,석식
2024-09-09(월),토핑형발효유,석식
2024-09-09(월),오이장아찌,석식
2024-09-10(화),자장밥,석식
2024-09-10(화),계란국,석식
2024-09-10(화),탕수육,석식
2024-09-10(화),반달단무지,석식
2024-09-10(화),컵형아이스크림,석식
2024-09-10(화),탄산음료,석식
2024-09-11(수),푸팟퐁커리,석식
2024-09-11(수),쌀국수국물,석식
2024-09-11(수),야채춘권튀김,석식
2024-09-11(수),열대과일샐러드,석식
2024-09-11(수),사과,석식
2024-09-11(수),상일식품 참깨건빵,석식
2024-09-12(목),비빔밥,석식
2024-09-12(목),근대된장국,석식
2024-09-12(목),김말이튀김,석식
2024-09-12(목),계란후라이,석식
2024-09-12(목),오렌지주스,석식
2024-09-12(목),팩형아이스크림,석식
2024-09-12(목),배추김치,석식
2024-09-13(금),잡곡밥,석식
2024-09-13(금),짬뽕순두부,석식
2024-09-13(금),생선가스,석식
2024-09-13(금),양배추샐러드,석식
2024-09-13(금),튜브형아이스크림2,석식
2024-09-13(금),배추김치,석식
2024-09-14(토),오징어덮밥,석식
2024-12-01(일),밥,석식
2024-10-11(금),마라탕,석식
2024-10-11(금),갑오징어튀김,석식
2024-10-11(금),부추겉절이,석식
2024-10-11(금),이온음료,석식
2024-09-15(일),열무김치,석식
2024-09-16(월),밥1,석식
2024-09-16(월),뇨끼파스타,석식
2024-09-16(월),바베큐폭립,석식
2024-09-16(월),양배추피클,석식
2024-09-16(월),야채샐러드유자드레싱,석식
2024-09-16(월),팥빙수,석식
2024-09-17(화),밥,석식
2024-09-17(화),햄감자찌개,석식
2024-09-17(화),고추잡채,석식
2024-09-17(화),닭꼬치,석식
2024-09-17(화),팩형아이스크림,석식
2024-09-17(화),가공우유,석식
2024-09-17(화),오이소박이,석식
2024-09-18(수),밥,석식
2024-09-18(수),우거지갈비탕,석식
2024-09-18(수),참치샐러드,석식
2024-09-18(수),모짜감자핫도그,석식
2024-09-18(수),샤인머스켓,석식
2024-09-18(수),깍두기,석식
2024-09-19(목),검은콩밥,석식
2024-09-19(목),부대찌개,석식
2024-09-19(목),가자미튀김,석식
2024-09-19(목),동그랑땡,석식
2024-09-19(목),토핑형발효유,석식
2024-09-19(목),컵형아이스크림,석식
2024-09-19(목),열무김치,석식
2024-09-19(목),삼양식품,석식
2024-09-19(목),오뚜기라면,석식
2024-09-20(금),밥,석식
2024-09-20(금),황태채국,석식
2024-09-20(금),닭순살치킨가스,석식
2024-09-20(금),치즈볼,석식
2024-09-20(금),사과,석식
2024-09-20(금),배추김치,석식
2024-09-21(토),제육덮밥,석식
2024-09-21(토),계란후라이,석식
2024-09-21(토),오이무침,석식
2024-09-21(토),가공우유,석식
2024-09-21(토),튜브형아이스크림2,석식
2024-09-21(토),배추김치,석식
2024-09-22(일),밥,석식
2024-09-22(일),사골우거지국,석식
2024-09-22(일),닭간장소스찜,석식
2024-09-22(일),콩나물무침,석식
2024-09-22(일),가공우유,석식
2024-09-22(일),배추김치,석식
2024-09-23(월),밥,석식
2024-09-23(월),치즈등심돈가스,석식
2024-09-23(월),비엔나핫케?,석식
2024-09-23(월),양송이스프,석식
2024-09-23(월),오이피클,석식
2024-09-23(월),스틱치즈케익,석식
2024-09-24(화),밀쌀밥,석식
2024-09-24(화),햄감자찌개,석식
2024-09-24(화),코다리강정,석식
2024-09-24(화),청포묵무침,석식
2024-09-24(화),김,석식
2024-09-24(화),튜브형아이스크림2,석식
2024-09-24(화),토핑형발효유,석식
2024-09-24(화),배추김치,석식
2024-09-25(수),밥,석식
2024-09-25(수),부대찌개,석식
2024-09-25(수),닭강정,석식
2024-09-25(수),샤인머스켓,석식
2024-09-25(수),양배추샐러드,석식
2024-09-25(수),배추김치,석식
2024-09-25(수),200오븐에구운 호두파이,석식
2024-09-25(수),딸기파이패스츄리,석식
2024-09-26(목),밥,석식
2024-09-26(목),어묵탕,석식
2024-09-26(목),떡볶이,석식
2024-09-26(목),대왕오징어튀김,석식
2024-09-26(목),꼬들단무지,석식
2024-09-26(목),탄산음료,석식
2024-09-26(목),짜먹는발효유,석식
2024-09-27(금),중화식덮밥,석식
2024-09-27(금),콩나물국,석식
2024-09-27(금),유린기,석식
2024-09-27(금),계란후라이,석식
2024-09-27(금),샤인머스켓,석식
2024-09-27(금),파김치,석식
2024-09-28(토),큐브스테이크,석식
2024-09-28(토),계란후라이,석식
2024-09-15(일),황태해장국,석식
2024-09-15(일),닭순살김치볶음,석식
2024-09-15(일),오이무침,석식
2024-10-23(수),짜먹는발효유,석식
2024-10-23(수),깍두기,석식
2024-10-24(목),밥,석식
2024-10-24(목),어묵탕,석식
2024-10-24(목),떡볶이,석식
2024-10-24(목),반달단무지,석식
2024-10-25(금),참치야채비빔밥,석식
2024-10-25(금),호박된장찌개,석식
2024-09-28(토),오이부추무침,석식
2024-09-28(토),가공우유,석식
2024-09-28(토),배추김치,석식
2024-09-29(일),밥,석식
2024-09-29(일),사골미역국,석식
2024-09-29(일),닭고기야채조림,석식
2024-09-29(일),청포묵무침,석식
2024-09-29(일),두유,석식
2024-09-29(일),깍두기,석식
2024-09-30(월),밥,석식
2024-09-30(월),근대된장국,석식
2024-09-30(월),버섯잡채,석식
2024-09-30(월),갈치순살튀김,석식
2024-09-30(월),김,석식
2024-09-30(월),샤인머스켓,석식
2024-09-30(월),배추김치,석식
2024-10-01(화),밥,석식
2024-10-01(화),오징어국,석식
2024-10-01(화),애호박나물,석식
2024-10-01(화),한우갈비찜,석식
2024-10-01(화),백색우유,석식
2024-10-01(화),배추김치,석식
2024-10-02(수),밥,석식
2024-10-02(수),굴순두부찌개,석식
2024-10-02(수),닭강정,석식
2024-10-02(수),브로콜리깨소금무침,석식
2024-10-02(수),마시는발효유,석식
2024-10-02(수),배추김치,석식
2024-10-03(목),현미밥,석식
2024-10-03(목),콩나물무채국,석식
2024-10-03(목),주꾸미볶음,석식
2024-10-03(목),동그랑땡,석식
2024-10-03(목),김,석식
2024-10-03(목),배추김치,석식
2024-10-04(금),밥,석식
2024-10-04(금),꽃게탕,석식
2024-10-04(금),돈가스,석식
2024-10-04(금),양배추샐러드,석식
2024-10-04(금),백색우유,석식
2024-10-04(금),배추김치,석식
2024-10-05(토),삼색도리덮밥,석식
2024-10-05(토),새송이버섯야채볶음,석식
2024-10-05(토),무나물,석식
2024-10-05(토),가공우유,석식
2024-10-05(토),열무김치,석식
2024-10-06(일),밥,석식
2024-10-06(일),사골우거지국,석식
2024-10-06(일),느타리버섯볶음,석식
2024-10-06(일),참치김치볶음,석식
2024-10-06(일),배추김치,석식
2024-10-07(월),밥,석식
2024-10-07(월),돼지고기김치찌개,석식
2024-10-07(월),닭고기튀김양념,석식
2024-10-07(월),파채무침,석식
2024-10-07(월),탄산음료,석식
2024-10-07(월),깍두기,석식
2024-10-08(화),잡곡밥,석식
2024-10-08(화),짬뽕순두부,석식
2024-10-08(화),생선가스,석식
2024-10-08(화),토핑형발효유,석식
2024-10-08(화),야채샐러드유자드레싱,석식
2024-10-08(화),배추김치,석식
2024-10-09(수),밥,석식
2024-10-09(수),감자국,석식
2024-10-09(수),냉채족발,석식
2024-10-09(수),모듬쌈,석식
2024-10-09(수),무말랭이무침,석식
2024-10-09(수),보쌈김치,석식
2024-10-10(목),비빔밥,석식
2024-10-10(목),시금치된장국,석식
2024-10-10(목),김말이튀김,석식
2024-10-10(목),계란후라이,석식
2024-10-10(목),샤인머스켓,석식
2024-10-10(목),배추김치,석식
2024-10-11(금),밥,석식
2024-10-05(토),새송이버섯야채볶음,석식
2024-10-05(토),무나물,석식
2024-10-05(토),가공우유,석식
2024-10-05(토),열무김치,석식
2024-10-06(일),밥,석식
2024-10-06(일),사골우거지국,석식
2024-10-06(일),느타리버섯볶음,석식
2024-10-06(일),참치김치볶음,석식
2024-10-06(일),배추김치,석식
2024-10-07(월),밥,석식
2024-10-07(월),돼지고기김치찌개,석식
2024-10-07(월),닭고기튀김양념,석식
2024-10-07(월),파채무침,석식
2024-10-07(월),탄산음료,석식
2024-10-11(금),배추김치,석식
2024-10-12(토),제육덮밥,석식
2024-10-12(토),계란후라이,석식
2024-10-12(토),오이무침,석식
2024-10-12(토),샤인머스켓,석식
2024-10-12(토),배추김치,석식
2024-10-13(일),밥,석식
2024-10-13(일),사골우거지국,석식
2024-10-13(일),닭순살김치볶음,석식
2024-10-13(일),무생채,석식
2024-10-13(일),열무김치,석식
2024-10-14(월),밥1,석식
2024-10-14(월),브로콜리크림스프,석식
2024-10-14(월),치즈등심돈가스,석식
2024-10-14(월),비엔나핫케?,석식
2024-10-14(월),양배추피클,석식
2024-10-14(월),마시는발효유,석식
2024-10-15(화),밥,석식
2024-10-15(화),햄감자찌개,석식
2024-10-15(화),고추잡채,석식
2024-10-15(화),청포묵무침,석식
2024-10-15(화),백색우유,석식
2024-10-15(화),열무김치,석식
2024-10-16(수),새우튀김덮밥,석식
2024-10-16(수),팽이버섯된장국,석식
2024-10-16(수),꼬들단무지,석식
2024-10-16(수),짜먹는발효유,석식
2024-10-16(수),베이컨떡말이,석식
2024-10-17(목),자장밥,석식
2024-10-17(목),계란국,석식
2024-10-17(목),탕수육,석식
2024-10-17(목),사과,석식
2024-10-17(목),배추김치,석식
2024-10-18(금),밥,석식
2024-10-18(금),어묵탕,석식
2024-10-18(금),닭순살치킨가스,석식
2024-10-18(금),브로콜리깨소금무침,석식
2024-10-18(금),토핑형발효유,석식
2024-10-18(금),배추김치,석식
2024-10-19(토),오징어덮밥,석식
2024-10-19(토),새송이버섯야채볶음,석식
2024-10-19(토),계란후라이,석식
2024-10-19(토),가공우유,석식
2024-10-19(토),배추김치,석식
2024-10-20(일),밥,석식
2024-10-20(일),사골미역국,석식
2024-10-20(일),닭볶음탕,석식
2024-10-20(일),무생채,석식
2024-10-20(일),백색우유,석식
2024-10-20(일),배추김치,석식
2024-10-21(월),밥,석식
2024-10-21(월),콩나물김치국,석식
2024-10-21(월),치킨너겟,석식
2024-10-21(월),오이피클,석식
2024-10-21(월),탄산음료,석식
2024-10-21(월),양배추샐러드,석식
2024-10-22(화),밀쌀밥,석식
2024-10-22(화),햄감자찌개,석식
2024-10-22(화),코다리강정,석식
2024-10-22(화),옥수수계란찜,석식
2024-10-22(화),김자반,석식
2024-10-22(화),사과,석식
2024-10-22(화),배추김치,석식
2024-10-23(수),중화식덮밥,석식
2024-10-23(수),콩나물김치국,석식
2024-10-23(수),유린기,석식
2024-10-23(수),계란후라이,석식
2024-10-18(금),밥,석식
2024-10-18(금),어묵탕,석식
2024-10-18(금),닭순살치킨가스,석식
2024-10-18(금),브로콜리깨소금무침,석식
2024-10-18(금),토핑형발효유,석식
2024-10-18(금),배추김치,석식
2024-10-19(토),오징어덮밥,석식
2024-10-19(토),새송이버섯야채볶음,석식
2024-10-19(토),계란후라이,석식
2024-10-19(토),가공우유,석식
2024-10-19(토),배추김치,석식
2024-10-20(일),밥,석식
2024-10-20(일),사골미역국,석식
2024-10-20(일),닭볶음탕,석식
2024-10-20(일),무생채,석식
2024-10-20(일),백색우유,석식
2024-10-20(일),배추김치,석식
2024-10-21(월),밥,석식
2024-10-21(월),콩나물김치국,석식
2024-10-21(월),치킨너겟,석식
2024-10-25(금),김말이튀김,석식
2024-10-25(금),계란후라이,석식
2024-10-25(금),이온음료,석식
2024-10-25(금),배추김치,석식
2024-10-26(토),큐브스테이크,석식
2024-10-26(토),계란후라이,석식
2024-10-26(토),콩나물매운무침,석식
2024-10-26(토),사과,석식
2024-10-26(토),배추김치,석식
2024-10-27(일),밥,석식
2024-10-27(일),사골우거지국,석식
2024-10-27(일),낙지삼겹살새우볶음,석식
2024-10-27(일),부추양파무침,석식
2024-10-27(일),배추김치,석식
2024-10-28(월),잡곡밥,석식
2024-10-28(월),닭곰탕,석식
2024-10-28(월),버섯잡채,석식
2024-10-28(월),브로콜리깨소금무침,석식
2024-10-28(월),이온음료,석식
2024-10-28(월),깍두기,석식
2024-10-29(화),밥,석식
2024-10-29(화),계란국,석식
2024-10-29(화),돼지고기무볶음,석식
2024-10-29(화),김자반,석식
2024-10-29(화),오이무침,석식
2024-10-29(화),토핑형발효유,석식
2024-10-29(화),배추김치,석식
2024-10-30(수),밥,석식
2024-10-30(수),부대찌개,석식
2024-10-30(수),닭강정,석식
2024-10-30(수),양배추샐러드,석식
2024-10-30(수),백색우유,석식
2024-10-30(수),배추김치,석식
2024-10-31(목),카레밥,석식
2024-10-31(목),팽이버섯된장국,석식
2024-10-31(목),새우까스,석식
2024-10-31(목),백색우유,석식
2024-10-31(목),깍두기,석식
2024-10-01(화),밥,석식
2024-10-01(화),오징어국,석식
2024-10-01(화),애호박나물,석식
2024-10-01(화),한우갈비찜,석식
2024-10-01(화),백색우유,석식
2024-10-01(화),배추김치,석식
2024-10-02(수),밥,석식
2024-10-02(수),굴순두부찌개,석식
2024-10-02(수),닭강정,석식
2024-10-02(수),브로콜리깨소금무침,석식
2024-10-02(수),마시는발효유,석식
2024-10-02(수),배추김치,석식
2024-10-03(목),현미밥,석식
2024-10-03(목),콩나물무채국,석식
2024-10-03(목),주꾸미볶음,석식
2024-10-03(목),동그랑땡,석식
2024-10-03(목),김,석식
2024-10-03(목),배추김치,석식
2024-10-04(금),밥,석식
2024-10-04(금),꽃게탕,석식
2024-10-04(금),돈가스,석식
2024-10-04(금),양배추샐러드,석식
2024-10-04(금),백색우유,석식
2024-10-04(금),배추김치,석식
2024-10-05(토),삼색도리덮밥,석식
2024-10-30(수),닭강정,석식
2024-10-30(수),양배추샐러드,석식
2024-10-30(수),백색우유,석식
2024-10-30(수),배추김치,석식
2024-10-31(목),카레밥,석식
2024-10-31(목),팽이버섯된장국,석식
2024-10-31(목),새우까스,석식
2024-10-31(목),백색우유,석식
2024-10-31(목),깍두기,석식
2024-11-01(금),현미밥,석식
2024-11-01(금),콩나물무채국,석식
2024-11-01(금),주꾸미볶음,석식
2024-11-01(금),한입떡갈비,석식
2024-11-01(금),김,석식
2024-11-01(금),배추김치,석식
2024-11-02(토),삼색도리덮밥,석식
2024-11-02(토),새송이버섯야채볶음,석식
2024-11-02(토),무나물,석식
2024-11-02(토),열무김치,석식
2024-11-03(일),밥,석식
2024-11-03(일),사골우거지국,석식
2024-11-03(일),닭볶음탕,석식
2024-11-03(일),사천식캐슈넛멸치볶음,석식
2024-10-07(월),깍두기,석식
2024-10-08(화),잡곡밥,석식
2024-10-08(화),짬뽕순두부,석식
2024-10-08(화),생선가스,석식
2024-10-08(화),토핑형발효유,석식
2024-10-08(화),야채샐러드유자드레싱,석식
2024-10-08(화),배추김치,석식
2024-10-09(수),밥,석식
2024-10-09(수),감자국,석식
2024-10-09(수),냉채족발,석식
2024-10-09(수),모듬쌈,석식
2024-10-09(수),무말랭이무침,석식
2024-10-09(수),보쌈김치,석식
2024-10-10(목),비빔밥,석식
2024-10-10(목),시금치된장국,석식
2024-10-10(목),김말이튀김,석식
2024-10-10(목),계란후라이,석식
2024-10-10(목),샤인머스켓,석식
2024-10-10(목),배추김치,석식
2024-10-11(금),밥,석식
2024-10-11(금),마라탕,석식
2024-10-11(금),갑오징어튀김,석식
2024-10-11(금),부추겉절이,석식
2024-10-11(금),이온음료,석식
2024-10-11(금),배추김치,석식
2024-10-12(토),제육덮밥,석식
2024-10-12(토),계란후라이,석식
2024-10-12(토),오이무침,석식
2024-10-12(토),샤인머스켓,석식
2024-10-12(토),배추김치,석식
2024-10-13(일),밥,석식
2024-10-13(일),사골우거지국,석식
2024-10-13(일),닭순살김치볶음,석식
2024-10-13(일),무생채,석식
2024-10-13(일),열무김치,석식
2024-10-14(월),밥1,석식
2024-10-14(월),브로콜리크림스프,석식
2024-10-14(월),치즈등심돈가스,석식
2024-10-14(월),비엔나핫케?,석식
2024-10-14(월),양배추피클,석식
2024-10-14(월),마시는발효유,석식
2024-10-15(화),밥,석식
2024-10-15(화),햄감자찌개,석식
2024-10-15(화),고추잡채,석식
2024-10-15(화),청포묵무침,석식
2024-10-15(화),백색우유,석식
2024-10-15(화),열무김치,석식
2024-10-16(수),새우튀김덮밥,석식
2024-10-16(수),팽이버섯된장국,석식
2024-10-16(수),꼬들단무지,석식
2024-10-16(수),짜먹는발효유,석식
2024-10-16(수),베이컨떡말이,석식
2024-10-17(목),자장밥,석식
2024-10-17(목),계란국,석식
2024-10-17(목),탕수육,석식
2024-10-17(목),사과,석식
2024-10-17(목),배추김치,석식
2024-11-11(월),배추김치,석식
2024-11-11(월),크림치즈찰떡,석식
2024-11-12(화),밥,석식
2024-11-12(화),햄감자찌개,석식
2024-11-12(화),고추잡채,석식
2024-11-12(화),청포묵무침,석식
2024-11-12(화),토핑형발효유,석식
2024-11-12(화),파김치,석식
2024-11-13(수),새우튀김덮밥,석식
2024-11-13(수),순두부된장국,석식
2024-11-13(수),꼬들단무지,석식
2024-11-13(수),베이컨떡말이,석식
2024-11-13(수),마시는발효유,석식
2024-11-13(수),참깨건빵,석식
2024-11-14(목),자장밥,석식
2024-11-14(목),계란국,석식
2024-11-14(목),탕수육,석식
2024-11-14(목),총각김치,석식
2024-11-15(금),밥,석식
2024-11-15(금),어묵탕,석식
2024-11-15(금),떡볶이,석식
2024-11-15(금),순대야채볶음,석식
2024-11-15(금),반달단무지,석식
2024-11-15(금),짜먹는발효유,석식
2024-11-15(금),초코생크림빵,석식
2024-11-16(토),불닭덮밥,석식
2024-11-16(토),계란후라이,석식
2024-11-16(토),무나물,석식
2024-11-16(토),샤인머스켓,석식
2024-11-16(토),갓김치1,석식
2024-11-17(일),밥,석식
2024-10-21(월),오이피클,석식
2024-10-21(월),탄산음료,석식
2024-10-21(월),양배추샐러드,석식
2024-10-22(화),밀쌀밥,석식
2024-10-22(화),햄감자찌개,석식
2024-10-22(화),코다리강정,석식
2024-10-22(화),옥수수계란찜,석식
2024-10-22(화),김자반,석식
2024-10-22(화),사과,석식
2024-10-22(화),배추김치,석식
2024-10-23(수),중화식덮밥,석식
2024-10-23(수),콩나물김치국,석식
2024-10-23(수),유린기,석식
2024-10-23(수),계란후라이,석식
2024-10-23(수),짜먹는발효유,석식
2024-10-23(수),깍두기,석식
2024-10-24(목),밥,석식
2024-10-24(목),어묵탕,석식
2024-10-24(목),떡볶이,석식
2024-10-24(목),반달단무지,석식
2024-10-25(금),참치야채비빔밥,석식
2024-10-25(금),호박된장찌개,석식
2024-10-25(금),김말이튀김,석식
2024-10-25(금),계란후라이,석식
2024-10-25(금),이온음료,석식
2024-10-25(금),배추김치,석식
2024-10-26(토),큐브스테이크,석식
2024-10-26(토),계란후라이,석식
2024-10-26(토),콩나물매운무침,석식
2024-10-26(토),사과,석식
2024-10-26(토),배추김치,석식
2024-10-27(일),밥,석식
2024-10-27(일),사골우거지국,석식
2024-10-27(일),낙지삼겹살새우볶음,석식
2024-10-27(일),부추양파무침,석식
2024-10-27(일),배추김치,석식
2024-10-28(월),잡곡밥,석식
2024-10-28(월),닭곰탕,석식
2024-10-28(월),버섯잡채,석식
2024-10-28(월),브로콜리깨소금무침,석식
2024-10-28(월),이온음료,석식
2024-10-28(월),깍두기,석식
2024-10-29(화),밥,석식
2024-10-29(화),계란국,석식
2024-10-29(화),돼지고기무볶음,석식
2024-10-29(화),김자반,석식
2024-10-29(화),오이무침,석식
2024-10-29(화),토핑형발효유,석식
2024-10-29(화),배추김치,석식
2024-10-30(수),밥,석식
2024-10-30(수),부대찌개,석식
2024-11-24(일),황태해장국,석식
2024-11-24(일),닭볶음탕,석식
2024-11-24(일),부추양파무침,석식
2024-11-24(일),짜먹는발효유,석식
2024-11-24(일),배추김치,석식
2024-11-25(월),밥,석식
2024-11-25(월),짬뽕순두부,석식
2024-11-25(월),닭순살치킨가스,석식
2024-11-25(월),야채샐러드유자드레싱,석식
2024-11-25(월),이온음료,석식
2024-11-25(월),배추김치,석식
2024-11-26(화),밥,석식
2024-11-26(화),계란국,석식
2024-11-26(화),참치김치볶음,석식
2024-11-26(화),김자반,석식
2024-11-26(화),오이무침,석식
2024-11-26(화),백색우유,석식
2024-11-26(화),배추김치,석식
2024-11-27(수),밥,석식
2024-11-27(수),부대찌개,석식
2024-11-27(수),닭강정,석식
2024-11-27(수),양배추샐러드,석식
2024-11-27(수),마시는발효유,석식
2024-11-27(수),배추김치,석식
2024-11-28(목),카레밥,석식
2024-11-28(목),아욱된장국,석식
2024-11-28(목),생선가스,석식
2024-11-28(목),감귤,석식
2024-11-28(목),깍두기,석식
2024-11-29(금),밥,석식
2024-11-29(금),햄감자찌개,석식
2024-11-29(금),돼지삼겹야채볶음,석식
2024-11-29(금),콩나물무침,석식
2024-11-29(금),백색우유,석식
2024-11-29(금),열무김치,석식
2024-11-30(토),제육덮밥,석식
2024-11-30(토),계란후라이,석식
2024-11-03(일),배추김치,석식
2024-11-04(월),밥,석식
2024-11-04(월),마라탕,석식
2024-11-04(월),오징어튀김,석식
2024-11-04(월),부추겉절이,석식
2024-11-04(월),이온음료,석식
2024-11-04(월),배추김치,석식
2024-11-05(화),밥,석식
2024-11-05(화),꽃게탕,석식
2024-11-05(화),가츠동,석식
2024-11-05(화),짜먹는발효유,석식
2024-11-05(화),참치샐러드,석식
2024-11-05(화),배추김치,석식
2024-11-05(화),삼양식품,석식
2024-11-06(수),밥,석식
2024-11-06(수),굴순두부찌개,석식
2024-11-06(수),돼지고기무볶음,석식
2024-11-06(수),김자반,석식
2024-11-06(수),오이무침,석식
2024-11-06(수),배추김치,석식
2024-11-07(목),밥,석식
2024-11-07(목),돼지고기김치찌개,석식
2024-11-07(목),매콤닭봉조림,석식
2024-11-07(목),풋고추된장무침,석식
2024-11-07(목),감귤,석식
2024-11-07(목),깍두기,석식
2024-11-08(금),밥,석식
2024-11-08(금),패주미역국,석식
2024-11-08(금),모듬쌈,석식
2024-11-08(금),냉채족발,석식
2024-11-08(금),무말랭이무침,석식
2024-11-08(금),보쌈김치,석식
2024-11-09(토),오징어덮밥,석식
2024-11-09(토),새송이버섯야채볶음,석식
2024-11-09(토),계란후라이,석식
2024-11-09(토),가공우유,석식
2024-11-09(토),총각김치,석식
2024-11-10(일),밥,석식
2024-11-10(일),사골우거지국,석식
2024-11-10(일),닭순살김치볶음,석식
2024-11-10(일),무생채,석식
2024-11-10(일),열무김치,석식
2024-11-11(월),꼬막비빔밥,석식
2024-11-11(월),시금치된장국,석식
2024-11-11(월),닭꼬치,석식
2024-11-11(월),계란후라이,석식
2024-11-11(월),탄산음료,석식
2025-12-04(목),훈제닭다리,석식
2025-12-04(목),코울슬로샐러드,석식
2025-12-04(목),배추김치,석식
2025-12-05(금),중화식덮밥,석식
2025-12-05(금),팽이버섯된장국,석식
2025-12-05(금),새우교자만두,석식
2025-12-05(금),샤인머스켓,석식
2025-12-05(금),배추김치,석식
2025-12-06(토),닭고기덮밥,석식
2025-12-06(토),감자국,석식
2025-12-06(토),깻잎전,석식
2025-12-06(토),스크램블에그,석식
2025-12-06(토),토핑형발효유,석식
2025-12-06(토),배추김치,석식
2025-12-07(일),밥,석식
2025-12-07(일),두부김치국,석식
2025-12-07(일),낙지삼겹살새우볶음,석식
2025-12-07(일),브로콜리&초고추장,석식
2025-12-07(일),백색우유,석식
2025-12-07(일),깍두기,석식
2025-12-08(월),밥,석식
2025-12-08(월),감자양파찌개,석식
2025-12-08(월),에그카츠,석식
2025-12-08(월),양배추피클,석식
2025-12-08(월),청포도음료,석식
2025-12-08(월),배추김치,석식
2025-12-09(화),밥,석식
2025-12-09(화),참치고추장찌개,석식
2025-12-09(화),백순대볶음,석식
2025-12-09(화),느타리버섯볶음,석식
2025-12-09(화),김자반,석식
2025-12-09(화),배추김치,석식
2025-12-09(화),농심,석식
2025-12-09(화),팔도,석식
2025-12-10(수),찹쌀밥,석식
2025-12-10(수),두부된장찌개,석식
2025-12-10(수),닭순살김치볶음,석식
2025-12-10(수),청포묵무침,석식
2024-11-30(토),부추겉절이,석식
2024-11-30(토),샤인머스켓,석식
2024-11-30(토),총각김치,석식
2024-11-17(일),닭볶음탕,석식
2024-11-17(일),사골미역국,석식
2024-11-17(일),무생채,석식
2024-11-17(일),배추김치,석식
2024-11-18(월),밥1,석식
2024-11-18(월),미소장국,석식
2024-11-18(월),치즈등심돈가스,석식
2024-11-18(월),비엔나핫케?,석식
2024-11-18(월),이온음료,석식
2024-11-18(월),오이피클,석식
2024-11-19(화),밀쌀밥,석식
2024-11-19(화),햄감자찌개,석식
2024-11-19(화),코다리강정,석식
2024-11-19(화),옥수수계란찜,석식
2024-11-19(화),샤인머스켓,석식
2024-11-19(화),배추김치,석식
2024-11-19(화),농심,석식
2024-11-19(화),농심,석식
2024-11-20(수),비빔밥,석식
2024-11-20(수),콩나물김치국,석식
2024-11-20(수),김말이튀김,석식
2024-11-20(수),계란후라이,석식
2024-11-20(수),두유,석식
2024-11-20(수),갓김치1,석식
2024-11-21(목),알리오올리오파스타,석식
2024-11-21(목),밥1,석식
2024-11-21(목),닭꼬치,석식
2024-11-21(목),오이장아찌,석식
2024-11-21(목),대추방울토마토,석식
2024-11-21(목),양송이스프,석식
2024-11-22(금),중화식덮밥,석식
2024-11-22(금),콩나물국,석식
2024-11-22(금),유린기,석식
2024-11-22(금),계란후라이,석식
2024-11-22(금),마시는발효유,석식
2024-11-22(금),총각김치,석식
2024-11-23(토),큐브스테이크,석식
2024-11-23(토),계란후라이,석식
2024-11-23(토),시금치무침,석식
2024-11-23(토),가공우유,석식
2024-11-23(토),파김치,석식
2024-11-24(일),밥,석식
2025-11-20(목),어묵탕,석식
2025-11-20(목),탕수육,석식
2025-11-20(목),배추김치,석식
2025-11-21(금),밥,석식
2025-11-21(금),해물짬뽕,석식
2025-11-21(금),돼지갈비찜,석식
2025-11-21(금),무나물,석식
2025-11-21(금),샤인머스켓,석식
2025-11-21(금),파김치,석식
2025-11-21(금),미쓰리 뽀또치즈마카롱 480g,석식
2025-11-22(토),쇠고기덮밥,석식
2025-11-22(토),김말이튀김,석식
2025-11-22(토),계란후라이,석식
2025-11-22(토),배추김치,석식
2025-11-23(일),밥,석식
2025-11-23(일),돼지고기애호박찌개,석식
2025-11-23(일),백순대볶음,석식
2025-11-23(일),근대무침,석식
2025-11-23(일),배추김치,석식
2025-11-24(월),밥,석식
2025-11-24(월),물만두국,석식
2025-11-24(월),새우가스,석식
2025-11-24(월),사과,석식
2025-11-24(월),코울슬로샐러드,석식
2025-11-24(월),배추김치,석식
2025-11-25(화),밥,석식
2025-11-25(화),유부장국,석식
2025-11-25(화),에그카츠,석식
2025-11-25(화),펜네파스타샐러드,석식
2025-11-25(화),카프리썬,석식
2025-11-25(화),배추김치,석식
2025-11-26(수),밥,석식
2025-11-26(수),부대찌개,석식
2025-11-26(수),닭순살치킨가스,석식
2025-11-26(수),마카로니샐러드,석식
2025-11-26(수),열무김치,석식
2025-11-27(목),밥,석식
2025-11-27(목),꼬치어묵국,석식
2025-11-27(목),차돌로제떡볶이,석식
2025-11-27(목),치즈볼,석식
2025-11-27(목),반달단무지,석식
2025-11-27(목),청포도음료,석식
2025-11-28(금),밥,석식
2025-11-28(금),얼큰수제비국,석식
2025-11-28(금),호박새우볶음,석식
2025-11-28(금),닭강정,석식
2025-11-28(금),샤인머스켓,석식
2025-11-28(금),배추김치,석식
2025-11-29(토),닭고기덮밥,석식
2025-11-29(토),오미산적,석식
2025-11-29(토),스크램블에그,석식
2025-11-29(토),배추김치,석식
2025-11-30(일),밥,석식
2025-11-30(일),햄짜글이,석식
2025-11-30(일),간장돼지불고기,석식
2025-11-30(일),감자채볶음,석식
2025-11-30(일),배추김치,석식
2025-12-01(월),찰현미밥,석식
2025-12-01(월),차돌박이된장찌개,석식
2025-12-01(월),동파육,석식
2025-12-01(월),대추방울토마토,석식
2025-12-01(월),무말랭이무침,석식
2025-12-01(월),배추김치,석식
2025-12-02(화),카레밥,석식
2025-12-02(화),어묵탕,석식
2025-12-02(화),생선가스,석식
2025-12-02(화),배추김치,석식
2025-12-03(수),밥,석식
2025-12-03(수),마라탕,석식
2025-12-03(수),고추잡채,석식
2025-12-03(수),미역초무침,석식
2025-12-03(수),감귤,석식
2025-12-03(수),배추김치,석식
2025-12-04(목),사누끼우동,석식
2025-12-04(목),밥,석식
2025-11-06(목),볼카츠,석식
2025-11-06(목),마카로니샐러드,석식
2025-11-06(목),배추김치,석식
2025-11-07(금),제육덮밥,석식
2025-11-07(금),통모짜핫도그,석식
2025-11-07(금),미소장국,석식
2025-11-07(금),계란후라이,석식
2025-11-07(금),감귤,석식
2025-11-07(금),배추김치,석식
2025-11-08(토),비빔밥,석식
2025-11-08(토),닭꼬치,석식
2025-11-08(토),계란후라이,석식
2025-11-08(토),배추김치,석식
2025-11-09(일),밥,석식
2025-11-09(일),해물짬뽕,석식
2025-11-09(일),소불고기,석식
2025-11-09(일),시금치무침,석식
2025-11-09(일),배추김치,석식
2025-11-10(월),밥,석식
2025-11-10(월),치즈돈가스,석식
2025-11-10(월),양송이스프,석식
2025-11-10(월),사과,석식
2025-11-10(월),감자에그샐러드,석식
2025-11-10(월),배추김치,석식
2025-11-11(화),찹쌀밥,석식
2025-11-11(화),순두부백탕,석식
2025-11-11(화),감자채볶음,석식
2025-11-11(화),볼케이노치킨,석식
2025-11-11(화),배추김치,석식
2025-11-12(수),새우튀김덮밥,석식
2025-11-12(수),미소장국,석식
2025-11-12(수),회오리감자,석식
2025-11-12(수),배추김치,석식
2025-11-13(목),밥,석식
2025-11-13(목),얼큰계란국,석식
2025-11-13(목),양념치킨vs후라이드치킨,석식
2025-11-13(목),무&비트피클,석식
2025-11-13(목),제로콜라,석식
2025-11-13(목),배추김치,석식
2025-11-14(금),밥,석식
2025-11-14(금),두부김치국,석식
2025-11-14(금),파채&간장돼지불백,석식
2025-11-14(금),오이나물,석식
2025-11-14(금),바나나,석식
2025-11-14(금),열무김치,석식
2025-11-15(토),치킨마요덮밥,석식
2025-11-15(토),메밀전병,석식
2025-11-15(토),토핑형발효유,석식
2025-11-15(토),배추김치,석식
2025-11-16(일),밥,석식
2025-11-16(일),근대된장국,석식
2025-11-16(일),순살안동찜닭,석식
2025-11-16(일),두부양념장,석식
2025-11-16(일),열무김치,석식
2025-11-17(월),밥,석식
2025-11-17(월),쇠고기버섯전골,석식
2025-11-17(월),오징어튀김,석식
2025-11-17(월),감귤,석식
2025-11-17(월),고구마샐러드,석식
2025-11-17(월),배추김치,석식
2025-11-18(화),카레밥,석식
2025-11-18(화),감자국,석식
2025-11-18(화),생선가스,석식
2025-11-18(화),계란후라이,석식
2025-11-18(화),배추김치,석식
2025-11-19(수),흑미밥,석식
2025-11-19(수),사골우거지국,석식
2025-11-19(수),오삼불고기,석식
2025-11-19(수),시금치무침,석식
2025-11-19(수),사과,석식
2025-11-19(수),배추김치,석식
2025-11-20(목),중화식덮밥,석식
2025-10-23(목),백순대볶음,석식
2025-10-23(목),백색우유,석식
2025-10-23(목),단호박샐러드,석식
2025-10-23(목),저염쌈장,석식
2025-10-23(목),배추김치,석식
2025-10-24(금),밥,석식
2025-10-24(금),감자양파찌개,석식
2025-10-24(금),주꾸미볶음,석식
2025-10-24(금),청포묵무침,석식
2025-10-24(금),샤인머스켓,석식
2025-10-24(금),열무김치,석식
2025-10-25(토),오징어덮밥,석식
2025-10-25(토),치킨너겟,석식
2025-10-25(토),팩형아이스크림,석식
2025-10-25(토),배추김치,석식
2025-10-26(일),쇠고기덮밥,석식
2025-10-26(일),들깨무채국,석식
2025-10-26(일),닭꼬치,석식
2025-10-26(일),계란후라이,석식
2025-10-26(일),백색우유,석식
2025-10-26(일),배추김치,석식
2025-10-27(월),밥,석식
2025-10-27(월),닭장각삼계탕,석식
2025-10-27(월),진미채고추장조림,석식
2025-10-27(월),부추겉절이,석식
2025-10-27(월),사과,석식
2025-10-27(월),깍두기,석식
2025-10-28(화),새우튀김덮밥,석식
2025-10-28(화),미소장국,석식
2025-10-28(화),메추리알장조림,석식
2025-10-28(화),구슬치즈샐러드,석식
2025-10-28(화),제로콜라,석식
2025-10-28(화),배추김치,석식
2025-10-29(수),통모짜핫도그,석식
2025-10-29(수),밥,석식
2025-10-29(수),카레밥,석식
2025-10-29(수),유부장국,석식
2025-10-29(수),백색우유,석식
2025-10-29(수),배추김치,석식
2025-10-30(목),중화식덮밥,석식
2025-10-30(목),팽이버섯된장국,석식
2025-10-30(목),유린기,석식
2025-10-30(목),반달단무지,석식
2025-10-30(목),튜브형아이스크림2,석식
2025-10-31(금),밥,석식
2025-10-31(금),마라탕,석식
2025-10-31(금),탕수육,석식
2025-10-31(금),백색우유,석식
2025-10-31(금),양배추샐러드,석식
2025-10-31(금),배추김치,석식
2025-11-01(토),오징어덮밥,석식
2025-11-01(토),김말이튀김,석식
2025-11-01(토),계란후라이,석식
2025-11-01(토),토핑형발효유,석식
2025-11-01(토),배추김치,석식
2025-11-01(토),떡,석식
2025-11-02(일),밥,석식
2025-11-02(일),닭고기육개장,석식
2025-11-02(일),주꾸미볶음,석식
2025-11-02(일),무조림,석식
2025-11-02(일),배추김치,석식
2025-11-03(월),자장밥,석식
2025-11-03(월),물만두국,석식
2025-11-03(월),유린기,석식
2025-11-03(월),샤인머스켓,석식
2025-11-03(월),배추김치,석식
2025-11-04(화),찹쌀밥,석식
2025-11-04(화),순대국밥,석식
2025-11-04(화),깐쇼새우,석식
2025-11-04(화),양념고추지,석식
2025-11-04(화),마시는발효유,석식
2025-11-04(화),깍두기,석식
2025-11-04(화),케이크또는파이또는패스트리,석식
2025-11-04(화),농심,석식
2025-11-05(수),밥,석식
2025-11-05(수),참치고추장찌개,석식
2025-11-05(수),치킨스테이크,석식
2025-11-05(수),시금치무침,석식
2025-11-05(수),배추김치,석식
2025-11-06(목),밥,석식
2025-11-06(목),유부장국,석식
2025-10-09(목),밥,석식
2025-10-09(목),짬뽕순두부,석식
2025-10-09(목),소불고기,석식
2025-10-09(목),양념고추지,석식
2025-10-09(목),팩형아이스크림,석식
2025-10-09(목),배추김치,석식
2025-10-10(금),밥,석식
2025-10-10(금),감자달걀국,석식
2025-10-10(금),닭순살치킨가스,석식
2025-10-10(금),참치샐러드,석식
2025-10-10(금),배추김치,석식
2025-10-11(토),닭고기덮밥,석식
2025-10-11(토),스크램블에그,석식
2025-10-11(토),오징어채무침,석식
2025-10-11(토),배추김치,석식
2025-10-12(일),밥,석식
2025-10-12(일),홍합탕,석식
2025-10-12(일),돼지고기청경채볶음,석식
2025-10-12(일),콩나물매운무침,석식
2025-10-12(일),백색우유,석식
2025-10-12(일),배추김치,석식
2025-10-13(월),밥,석식
2025-10-13(월),사골우거지국,석식
2025-10-13(월),닭간장소스찜,석식
2025-10-13(월),무생채,석식
2025-10-13(월),바나나,석식
2025-10-13(월),배추김치,석식
2025-10-14(화),밥,석식
2025-10-14(화),쇠고기무국,석식
2025-10-14(화),돼지고기부추볶음,석식
2025-10-14(화),두부양념장,석식
2025-10-14(화),컵형아이스크림,석식
2025-10-14(화),배추김치,석식
2025-10-14(화),농심,석식
2025-10-15(수),흑미밥,석식
2025-10-15(수),돼지고기애호박찌개,석식
2025-10-15(수),닭바베큐소스조림,석식
2025-10-15(수),배추나물,석식
2025-10-15(수),백색우유,석식
2025-10-15(수),열무김치,석식
2025-10-16(목),밥,석식
2025-10-16(목),미소장국,석식
2025-10-16(목),깐쇼새우,석식
2025-10-16(목),무&비트피클,석식
2025-10-16(목),볶음김치,석식
2025-10-17(금),밥,석식
2025-10-17(금),유부장국,석식
2025-10-17(금),에그카츠,석식
2025-10-17(금),고구마샐러드,석식
2025-10-17(금),백색우유,석식
2025-10-17(금),배추김치,석식
2025-10-17(금),냉동빵,석식
2025-10-18(토),제육덮밥,석식
2025-10-18(토),닭꼬치,석식
2025-10-18(토),계란후라이,석식
2025-10-18(토),마시는발효유,석식
2025-10-18(토),배추김치,석식
2025-10-19(일),밥,석식
2025-10-19(일),김치찌개,석식
2025-10-19(일),순살안동찜닭,석식
2025-10-19(일),흑임자드레싱,석식
2025-10-19(일),백색우유,석식
2025-10-19(일),열무김치,석식
2025-10-20(월),김치덮밥,석식
2025-10-20(월),계란국,석식
2025-10-20(월),새우가스,석식
2025-10-20(월),계란후라이,석식
2025-10-20(월),양배추피클,석식
2025-10-20(월),대추방울토마토,석식
2025-10-21(화),치킨마요덮밥,석식
2025-10-21(화),어묵탕,석식
2025-10-21(화),백색우유,석식
2025-10-21(화),양배추샐러드,석식
2025-10-21(화),배추김치,석식
2025-10-22(수),밥,석식
2025-10-22(수),근대된장국,석식
2025-10-22(수),고추잡채,석식
2025-10-22(수),양념깻잎지,석식
2025-10-22(수),사과,석식
2025-10-22(수),배추김치,석식
2025-10-22(수),미쓰리 뽀또치즈마카롱 480g,석식
2025-10-23(목),사누끼우동,석식
2025-10-23(목),밥,석식
2025-09-24(수),오복지무침,석식
2025-09-24(수),샤인머스켓,석식
2025-09-24(수),배추김치,석식
2025-09-25(목),현미밥,석식
2025-09-25(목),짬뽕순두부,석식
2025-09-25(목),에그카츠,석식
2025-09-25(목),오이장아찌,석식
2025-09-25(목),백색우유,석식
2025-09-25(목),배추김치,석식
2025-09-26(금),밥,석식
2025-09-26(금),쇠고기미역국,석식
2025-09-26(금),낙지삼겹살새우볶음,석식
2025-09-26(금),마카로니샐러드,석식
2025-09-26(금),사과,석식
2025-09-26(금),배추김치,석식
2025-09-27(토),제육덮밥,석식
2025-09-27(토),닭꼬치,석식
2025-09-27(토),계란후라이,석식
2025-09-27(토),배추김치,석식
2025-09-28(일),밥,석식
2025-09-28(일),홍합탕,석식
2025-09-28(일),소불고기,석식
2025-09-28(일),느타리버섯볶음,석식
2025-09-28(일),백색우유,석식
2025-09-28(일),배추김치,석식
2025-09-29(월),중화식덮밥,석식
2025-09-29(월),계란국,석식
2025-09-29(월),유린기,석식
2025-09-29(월),반달단무지,석식
2025-09-29(월),사과,석식
2025-09-30(화),치킨마요덮밥,석식
2025-09-30(화),어묵탕,석식
2025-09-30(화),콩나물무침,석식
2025-09-30(화),백색우유,석식
2025-09-30(화),배추김치,석식
2025-10-01(수),밥,석식
2025-10-01(수),부대찌개,석식
2025-10-01(수),간장돼지불고기,석식
2025-10-01(수),콩나물무침,석식
2025-10-01(수),백색우유,석식
2025-10-01(수),배추김치,석식
2025-10-01(수),케이크또는파이또는패스트리,석식
2025-10-02(목),밥,석식
2025-10-02(목),차돌박이된장찌개,석식
2025-10-02(목),돼지고기고추장볶음,석식
2025-10-02(목),백색우유,석식
2025-10-02(목),마카로니샐러드,석식
2025-10-02(목),배추김치,석식
2025-10-03(금),밥,석식
2025-10-03(금),쇠고기육개장,석식
2025-10-03(금),볼카츠,석식
2025-10-03(금),감자에그샐러드,석식
2025-10-03(금),열무김치,석식
2025-10-04(토),비빔밥,석식
2025-10-04(토),김말이튀김,석식
2025-10-04(토),계란후라이,석식
2025-10-04(토),토핑형발효유,석식
2025-10-04(토),열무김치,석식
2025-10-05(일),밥,석식
2025-10-05(일),감자호박국,석식
2025-10-05(일),훈제삼겹살,석식
2025-10-05(일),상추겉절이,석식
2025-10-05(일),백색우유,석식
2025-10-05(일),보쌈김치,석식
2025-10-06(월),밥,석식
2025-10-06(월),꼬리곰탕,석식
2025-10-06(월),돼지고기육전,석식
2025-10-06(월),부추겉절이,석식
2025-10-06(월),컵형아이스크림,석식
2025-10-06(월),깍두기,석식
2025-10-07(화),밥,석식
2025-10-07(화),감자국,석식
2025-10-07(화),낙지삼겹살새우볶음,석식
2025-10-07(화),가지볶음,석식
2025-10-07(화),마시는발효유,석식
2025-10-07(화),배추김치,석식
2025-10-08(수),자장밥,석식
2025-10-08(수),두부계란국,석식
2025-10-08(수),닭강정,석식
2025-10-08(수),백색우유,석식
2025-10-08(수),배추김치,석식
2025-09-10(수),한우갈비찜,석식
2025-09-10(수),오복지무침,석식
2025-09-10(수),샤인머스켓,석식
2025-09-10(수),배추김치,석식
2025-09-11(목),찹쌀밥,석식
2025-09-11(목),카레밥,석식
2025-09-11(목),통모짜핫도그,석식
2025-09-11(목),콩나물국,석식
2025-09-11(목),가공우유,석식
2025-09-11(목),배추김치,석식
2025-09-12(금),흑미밥,석식
2025-09-12(금),황태해장국,석식
2025-09-12(금),훈제삼겹살,석식
2025-09-12(금),상추겉절이,석식
2025-09-12(금),저염쌈장,석식
2025-09-12(금),백색우유,석식
2025-09-12(금),보쌈김치,석식
2025-09-13(토),오징어덮밥,석식
2025-09-13(토),치킨너겟,석식
2025-09-13(토),배추김치,석식
2025-09-14(일),밥,석식
2025-09-14(일),들깨무채국,석식
2025-09-14(일),주꾸미볶음,석식
2025-09-14(일),콩나물무침,석식
2025-09-14(일),백색우유,석식
2025-09-14(일),배추김치,석식
2025-09-15(월),밥,석식
2025-09-15(월),마라탕,석식
2025-09-15(월),탕수육,석식
2025-09-15(월),양배추샐러드,석식
2025-09-15(월),배추김치,석식
2025-09-16(화),밥,석식
2025-09-16(화),닭고기육개장,석식
2025-09-16(화),새우가스,석식
2025-09-16(화),무&비트피클,석식
2025-09-16(화),백색우유,석식
2025-09-16(화),배추김치,석식
2025-09-17(수),밥,석식
2025-09-17(수),닭볶음탕,석식
2025-09-17(수),황태채국,석식
2025-09-17(수),대추방울토마토,석식
2025-09-17(수),마카로니샐러드,석식
2025-09-17(수),깍두기,석식
2025-09-17(수),참조은에스에프 블루베리크림치즈찰떡,석식
2025-09-18(목),밥,석식
2025-09-18(목),꼬리곰탕,석식
2025-09-18(목),돼지고기육전,석식
2025-09-18(목),상추겉절이,석식
2025-09-18(목),백색우유,석식
2025-09-18(목),깍두기,석식
2025-09-19(금),밥,석식
2025-09-19(금),참치김치찌개,석식
2025-09-19(금),훈제닭다리,석식
2025-09-19(금),감자에그샐러드,석식
2025-09-19(금),샤인머스켓,석식
2025-09-19(금),배추김치,석식
2025-09-20(토),밥,석식
2025-09-20(토),닭고기덮밥,석식
2025-09-20(토),스크램블에그,석식
2025-09-20(토),오징어채무침,석식
2025-09-20(토),토핑형발효유,석식
2025-09-20(토),배추김치,석식
2025-09-21(일),밥,석식
2025-09-21(일),햄감자찌개,석식
2025-09-21(일),닭고기야채조림,석식
2025-09-21(일),무생채,석식
2025-09-21(일),백색우유,석식
2025-09-21(일),김,석식
2025-09-21(일),배추김치,석식
2025-09-22(월),밥,석식
2025-09-22(월),사누끼우동,석식
2025-09-22(월),백순대볶음,석식
2025-09-22(월),백색우유,석식
2025-09-22(월),양배추샐러드,석식
2025-09-22(월),저염쌈장,석식
2025-09-22(월),배추김치,석식
2025-09-23(화),밥,석식
2025-09-23(화),콩나물국,석식
2025-09-23(화),돼지불고기,석식
2025-09-23(화),근대무침,석식
2025-09-23(화),백색우유,석식
2025-09-23(화),볶음김치,석식
2025-09-24(수),밥,석식
2025-09-24(수),우거지갈비탕,석식
2025-09-24(수),비엔나소시지감자조림,석식
2025-08-26(화),배추김치,석식
2025-08-27(수),밥,석식
2025-08-27(수),참치김치찌개,석식
2025-08-27(수),김말이튀김,석식
2025-08-27(수),배추나물,석식
2025-08-27(수),백색우유,석식
2025-08-27(수),깍두기,석식
2025-08-28(목),밥,석식
2025-08-28(목),닭고기육개장,석식
2025-08-28(목),새우가스,석식
2025-08-28(목),무&비트피클,석식
2025-08-28(목),백색우유,석식
2025-08-28(목),배추김치,석식
2025-08-29(금),밥,석식
2025-08-29(금),순두부찌개,석식
2025-08-29(금),동파육,석식
2025-08-29(금),무생채,석식
2025-08-29(금),자두,석식
2025-08-29(금),배추김치,석식
2025-08-30(토),오징어덮밥,석식
2025-08-30(토),치킨너겟,석식
2025-08-30(토),가공우유,석식
2025-08-30(토),배추김치,석식
2025-08-31(일),밥,석식
2025-08-31(일),쇠고기미역국,석식
2025-08-31(일),낙지삼겹살새우볶음,석식
2025-08-31(일),콘치즈계란찜,석식
2025-08-31(일),백색우유,석식
2025-09-01(월),김치덮밥,석식
2025-09-01(월),유부장국,석식
2025-09-01(월),닭강정,석식
2025-09-01(월),계란후라이,석식
2025-09-01(월),양배추피클,석식
2025-09-01(월),샤인머스켓,석식
2025-09-02(화),밥,석식
2025-09-02(화),미소장국,석식
2025-09-02(화),볼카츠,석식
2025-09-02(화),고구마샐러드,석식
2025-09-02(화),백색우유,석식
2025-09-02(화),열무김치,석식
2025-09-03(수),자장밥,석식
2025-09-03(수),두부계란국,석식
2025-09-03(수),깐쇼새우,석식
2025-09-03(수),배추김치,석식
2025-09-03(수),미쓰리 쿠키앤크림마카롱 480g,석식
2025-09-04(목),밥,석식
2025-09-04(목),시래기감자탕,석식
2025-09-04(목),도토리묵무침,석식
2025-09-04(목),풋고추된장무침,석식
2025-09-04(목),백색우유,석식
2025-09-04(목),깍두기,석식
2025-09-05(금),밥,석식
2025-09-05(금),얼큰수제비국,석식
2025-09-05(금),김말이튀김,석식
2025-09-05(금),닭고기야채조림,석식
2025-09-05(금),자두,석식
2025-09-05(금),배추김치,석식
2025-09-06(토),쇠고기덮밥,석식
2025-09-06(토),계란후라이,석식
2025-09-06(토),무나물,석식
2025-09-06(토),토핑형발효유,석식
2025-09-06(토),배추김치,석식
2025-09-07(일),밥,석식
2025-09-07(일),근대된장국,석식
2025-09-07(일),닭간장소스찜,석식
2025-09-07(일),콩나물매운무침,석식
2025-09-07(일),백색우유,석식
2025-09-07(일),배추김치,석식
2025-09-08(월),밥,석식
2025-09-08(월),얼큰계란국,석식
2025-09-08(월),닭순살치킨가스,석식
2025-09-08(월),백색우유,석식
2025-09-08(월),바나나,석식
2025-09-08(월),참치샐러드,석식
2025-09-08(월),깍두기,석식
2025-09-09(화),새우튀김덮밥,석식
2025-09-09(화),미소장국,석식
2025-09-09(화),제로콜라,석식
2025-09-09(화),야채샐러드유자드레싱,석식
2025-09-09(화),배추김치,석식
2025-09-09(화),오뚜기라면,석식
2025-09-10(수),밥,석식
2025-09-10(수),팽이버섯된장국,석식
2025-08-12(화),유린기,석식
2025-08-12(화),계란후라이,석식
2025-08-12(화),반달단무지,석식
2025-08-12(화),백색우유,석식
2025-08-13(수),자장밥,석식
2025-08-14(수),감자달걀국,석식
2025-08-15(수),깐쇼새우,석식
2025-08-16(수),복숭아,석식
2025-08-17(수),배추김치,석식
2025-08-18(수),냉동빵,석식
2025-08-14(목),찰현미밥,석식
2025-08-14(목),들깨무채국,석식
2025-08-14(목),낙지삼겹살새우볶음,석식
2025-08-14(목),옥수수계란찜,석식
2025-08-14(목),백색우유,석식
2025-08-14(목),배추김치,석식
2025-08-15(금),밥,석식
2025-08-15(금),꼬리곰탕,석식
2025-08-15(금),새송이버섯야채볶음,석식
2025-08-15(금),돼지고기육전,석식
2025-08-15(금),샤인머스켓,석식
2025-08-15(금),열무김치,석식
2025-08-16(토),치킨마요덮밥,석식
2025-08-16(토),콩나물무침,석식
2025-08-16(토),토핑형발효유,석식
2025-08-16(토),배추김치,석식
2025-08-17(일),밥,석식
2025-08-17(일),사골우거지국,석식
2025-08-17(일),주꾸미볶음,석식
2025-08-17(일),무생채,석식
2025-08-17(일),백색우유,석식
2025-08-17(일),배추김치,석식
2025-08-18(월),현미밥,석식
2025-08-18(월),감자양파찌개,석식
2025-08-18(월),에그카츠,석식
2025-08-18(월),양배추피클,석식
2025-08-18(월),자두,석식
2025-08-18(월),배추김치,석식
2025-08-19(화),새우튀김덮밥,석식
2025-08-19(화),미소장국,석식
2025-08-19(화),닭꼬치,석식
2025-08-19(화),컵형아이스크림,석식
2025-08-19(화),배추김치,석식
2025-08-19(화),농심,석식
2025-08-20(수),밥,석식
2025-08-20(수),얼큰계란국,석식
2025-08-20(수),탕수육,석식
2025-08-20(수),감자에그샐러드,석식
2025-08-20(수),백색우유,석식
2025-08-20(수),깍두기,석식
2025-08-21(목),비빔밥,석식
2025-08-21(목),짬뽕순두부,석식
2025-08-21(목),닭강정,석식
2025-08-21(목),계란후라이,석식
2025-08-21(목),오이장아찌,석식
2025-08-22(금),밥,석식
2025-08-22(금),감자달걀국,석식
2025-08-22(금),닭순살치킨가스,석식
2025-08-22(금),백색우유,석식
2025-08-22(금),참치샐러드,석식
2025-08-22(금),깍두기,석식
2025-08-23(토),닭고기덮밥,석식
2025-08-23(토),찹쌀밥,석식
2025-08-23(토),어묵탕,석식
2025-08-23(토),토핑형발효유,석식
2025-08-23(토),야채샐러드유자드레싱,석식
2025-08-23(토),배추김치,석식
2025-08-24(일),밥,석식
2025-08-24(일),콩나물국,석식
2025-08-24(일),주꾸미볶음,석식
2025-08-24(일),애호박나물,석식
2025-08-24(일),배추김치,석식
2025-08-25(월),찹쌀밥,석식
2025-08-25(월),카레밥,석식
2025-08-25(월),통모짜핫도그,석식
2025-08-25(월),계란국,석식
2025-08-25(월),스크램블에그,석식
2025-08-25(월),샤인머스켓,석식
2025-08-25(월),배추김치,석식
2025-08-26(화),흑미밥,석식
2025-08-26(화),마라탕,석식
2025-08-26(화),갑오징어튀김,석식
2025-08-26(화),부추양파무침,석식
2025-08-26(화),튜브형아이스크림2,석식
2025-08-28(목),무&비트피클,석식
2025-08-28(목),백색우유,석식
2025-08-28(목),배추김치,석식
2025-08-29(금),밥,석식
2025-08-29(금),순두부찌개,석식
2025-08-29(금),동파육,석식
2025-08-29(금),무생채,석식
2025-08-29(금),자두,석식
2025-08-29(금),배추김치,석식
2025-08-30(토),오징어덮밥,석식
2025-08-30(토),치킨너겟,석식
2025-08-30(토),가공우유,석식
2025-08-30(토),배추김치,석식
2025-08-31(일),밥,석식
2025-08-31(일),쇠고기미역국,석식
2025-08-31(일),낙지삼겹살새우볶음,석식
2025-08-31(일),콘치즈계란찜,석식
2025-08-31(일),백색우유,석식
2025-08-01(금),밥,석식
2025-08-01(금),황태해장국,석식
2025-08-01(금),닭볶음탕,석식
2025-08-01(금),오이무침,석식
2025-08-01(금),복숭아,석식
2025-08-01(금),깍두기,석식
2025-08-02(토),쇠고기덮밥,석식
2025-08-02(토),무나물,석식
2025-08-02(토),배추김치,석식
2025-08-03(일),밥,석식
2025-08-03(일),부대찌개,석식
2025-08-03(일),사천식캐슈넛멸치볶음,석식
2025-08-03(일),소불고기,석식
2025-08-03(일),깍두기,석식
2025-08-04(월),밥,석식
2025-08-04(월),미소장국,석식
2025-08-04(월),볼카츠,석식
2025-08-04(월),고구마샐러드,석식
2025-08-04(월),백색우유,석식
2025-08-04(월),배추김치,석식
2025-08-05(화),찰수수밥,석식
2025-08-05(화),꼬치어묵국,석식
2025-08-05(화),떡볶이,석식
2025-08-05(화),찰순대찜,석식
2025-08-05(화),반달단무지,석식
2025-08-05(화),농심,석식
2025-08-06(수),밥,석식
2025-08-06(수),해물짬뽕,석식
2025-08-06(수),훈제닭다리,석식
2025-08-06(수),양배추샐러드,석식
2025-08-06(수),자두,석식
2025-08-06(수),배추김치,석식
2025-08-07(목),밥,석식
2025-08-07(목),참치오믈렛,석식
2025-08-07(목),오징어무국,석식
2025-08-07(목),김말이튀김,석식
2025-08-07(목),백색우유,석식
2025-08-07(목),열무김치,석식
2025-08-08(금),밥,석식
2025-08-08(금),누룽지삼계탕,석식
2025-08-08(금),풋고추된장무침,석식
2025-08-08(금),오복지무침,석식
2025-08-08(금),샤인머스켓,석식
2025-08-08(금),깍두기,석식
2025-08-09(토),제육덮밥,석식
2025-08-09(토),닭꼬치,석식
2025-08-09(토),계란후라이,석식
2025-08-09(토),배추김치,석식
2025-08-10(일),밥,석식
2025-08-10(일),미역국,석식
2025-08-10(일),닭고기야채조림,석식
2025-08-10(일),오이무침,석식
2025-08-10(일),백색우유,석식
2025-08-10(일),깍두기,석식
2025-08-11(월),흑미밥,석식
2025-08-11(월),얼갈이된장국,석식
2025-08-11(월),훈제삼겹살,석식
2025-08-11(월),상추겉절이,석식
2025-08-11(월),바나나,석식
2025-08-11(월),저염쌈장,석식
2025-08-11(월),보쌈김치,석식
2025-08-12(화),중화식덮밥,석식
2025-08-12(화),얼큰수제비국,석식
2025-08-18(수),냉동빵,석식
2025-08-14(목),찰현미밥,석식
2025-08-14(목),들깨무채국,석식
2025-08-14(목),낙지삼겹살새우볶음,석식
2025-08-14(목),옥수수계란찜,석식
2025-08-14(목),백색우유,석식
2025-08-14(목),배추김치,석식
2025-08-15(금),밥,석식
2025-08-15(금),꼬리곰탕,석식
2025-08-15(금),새송이버섯야채볶음,석식
2025-08-15(금),돼지고기육전,석식
2025-08-15(금),샤인머스켓,석식
2025-08-15(금),열무김치,석식
2025-08-16(토),치킨마요덮밥,석식
2025-08-16(토),콩나물무침,석식
2025-08-16(토),토핑형발효유,석식
2025-08-16(토),배추김치,석식
2025-08-17(일),밥,석식
2025-08-17(일),사골우거지국,석식
2025-08-17(일),주꾸미볶음,석식
2025-08-17(일),무생채,석식
2025-08-17(일),백색우유,석식
2025-08-17(일),배추김치,석식
2025-08-18(월),현미밥,석식
2025-08-18(월),감자양파찌개,석식
2025-08-18(월),에그카츠,석식
2025-08-18(월),양배추피클,석식
2025-08-18(월),자두,석식
2025-08-18(월),배추김치,석식
2025-08-19(화),새우튀김덮밥,석식
2025-08-19(화),미소장국,석식
2025-08-19(화),닭꼬치,석식
2025-08-19(화),컵형아이스크림,석식
2025-08-19(화),배추김치,석식
2025-08-19(화),농심,석식
2025-08-20(수),밥,석식
2025-08-20(수),얼큰계란국,석식
2025-08-20(수),탕수육,석식
2025-08-20(수),감자에그샐러드,석식
2025-08-20(수),백색우유,석식
2025-08-20(수),깍두기,석식
2025-08-21(목),비빔밥,석식
2025-08-21(목),짬뽕순두부,석식
2025-08-21(목),닭강정,석식
2025-08-21(목),계란후라이,석식
2025-08-21(목),오이장아찌,석식
2025-08-22(금),밥,석식
2025-08-22(금),감자달걀국,석식
2025-08-22(금),닭순살치킨가스,석식
2025-08-22(금),백색우유,석식
2025-08-22(금),참치샐러드,석식
2025-08-22(금),깍두기,석식
2025-08-23(토),닭고기덮밥,석식
2025-08-23(토),찹쌀밥,석식
2025-08-23(토),어묵탕,석식
2025-08-23(토),토핑형발효유,석식
2025-08-23(토),야채샐러드유자드레싱,석식
2025-08-23(토),배추김치,석식
2025-08-24(일),밥,석식
2025-08-24(일),콩나물국,석식
2025-08-24(일),주꾸미볶음,석식
2025-08-24(일),애호박나물,석식
2025-08-24(일),배추김치,석식
2025-08-25(월),찹쌀밥,석식
2025-08-25(월),카레밥,석식
2025-08-25(월),통모짜핫도그,석식
2025-08-25(월),계란국,석식
2025-08-25(월),스크램블에그,석식
2025-08-25(월),샤인머스켓,석식
2025-08-25(월),배추김치,석식
2025-08-26(화),흑미밥,석식
2025-08-26(화),마라탕,석식
2025-08-26(화),갑오징어튀김,석식
2025-08-26(화),부추양파무침,석식
2025-08-26(화),튜브형아이스크림2,석식
2025-08-26(화),배추김치,석식
2025-08-27(수),밥,석식
2025-08-27(수),참치김치찌개,석식
2025-08-27(수),김말이튀김,석식
2025-08-27(수),배추나물,석식
2025-08-27(수),백색우유,석식
2025-08-27(수),깍두기,석식
2025-08-28(목),밥,석식
2025-08-28(목),닭고기육개장,석식
2025-08-28(목),새우가스,석식
2025-07-30(수),동그랑땡,석식
2025-07-30(수),부추양파무침,석식
2025-07-30(수),깍두기,석식
2025-07-31(목),밥,석식
2025-07-31(목),감자양파찌개,석식
2025-07-31(목),깐쇼새우,석식
2025-07-31(목),백색우유,석식
2025-07-31(목),참치샐러드,석식
2025-07-31(목),수박,석식
2025-07-31(목),깍두기,석식
2025-08-01(금),밥,석식
2025-08-01(금),황태해장국,석식
2025-08-01(금),닭볶음탕,석식
2025-08-01(금),오이무침,석식
2025-08-01(금),복숭아,석식
2025-08-01(금),깍두기,석식
2025-08-02(토),쇠고기덮밥,석식
2025-08-02(토),무나물,석식
2025-08-02(토),배추김치,석식
2025-08-03(일),밥,석식
2025-08-03(일),부대찌개,석식
2025-08-03(일),사천식캐슈넛멸치볶음,석식
2025-08-03(일),소불고기,석식
2025-08-03(일),깍두기,석식
2025-08-04(월),밥,석식
2025-08-04(월),미소장국,석식
2025-08-04(월),볼카츠,석식
2025-08-04(월),고구마샐러드,석식
2025-08-04(월),백색우유,석식
2025-08-04(월),배추김치,석식
2025-08-05(화),찰수수밥,석식
2025-08-05(화),꼬치어묵국,석식
2025-08-05(화),떡볶이,석식
2025-08-05(화),찰순대찜,석식
2025-08-05(화),반달단무지,석식
2025-08-05(화),농심,석식
2025-08-06(수),밥,석식
2025-08-06(수),해물짬뽕,석식
2025-08-06(수),훈제닭다리,석식
2025-08-06(수),양배추샐러드,석식
2025-08-06(수),자두,석식
2025-08-06(수),배추김치,석식
2025-08-07(목),밥,석식
2025-08-07(목),참치오믈렛,석식
2025-08-07(목),오징어무국,석식
2025-08-07(목),김말이튀김,석식
2025-08-07(목),백색우유,석식
2025-08-07(목),열무김치,석식
2025-08-08(금),밥,석식
2025-08-08(금),누룽지삼계탕,석식
2025-08-08(금),풋고추된장무침,석식
2025-08-08(금),오복지무침,석식
2025-08-08(금),샤인머스켓,석식
2025-08-08(금),깍두기,석식
2025-08-09(토),제육덮밥,석식
2025-08-09(토),닭꼬치,석식
2025-08-09(토),계란후라이,석식
2025-08-09(토),배추김치,석식
2025-08-10(일),밥,석식
2025-08-10(일),미역국,석식
2025-08-10(일),닭고기야채조림,석식
2025-08-10(일),오이무침,석식
2025-08-10(일),백색우유,석식
2025-08-10(일),깍두기,석식
2025-08-11(월),흑미밥,석식
2025-08-11(월),얼갈이된장국,석식
2025-08-11(월),훈제삼겹살,석식
2025-08-11(월),상추겉절이,석식
2025-08-11(월),바나나,석식
2025-08-11(월),저염쌈장,석식
2025-08-11(월),보쌈김치,석식
2025-08-12(화),중화식덮밥,석식
2025-08-12(화),얼큰수제비국,석식
2025-08-12(화),유린기,석식
2025-08-12(화),계란후라이,석식
2025-08-12(화),반달단무지,석식
2025-08-12(화),백색우유,석식
2025-08-13(수),자장밥,석식
2025-08-14(수),감자달걀국,석식
2025-08-15(수),깐쇼새우,석식
2025-08-16(수),복숭아,석식
2025-08-17(수),배추김치,석식
2025-07-16(수),얼갈이된장국,석식
2025-07-16(수),김말이튀김,석식
2025-07-16(수),계란후라이,석식
2025-07-16(수),오이장아찌,석식
2025-07-16(수),냉동빵,석식
2025-07-16(수),케이크또는파이또는패스트리,석식
2025-07-17(목),밥,석식
2025-07-17(목),부대찌개,석식
2025-07-17(목),닭순살치킨가스,석식
2025-07-17(목),감자에그샐러드,석식
2025-07-17(목),백색우유,석식
2025-07-17(목),수박,석식
2025-07-17(목),깍두기,석식
2025-07-18(금),밥,석식
2025-07-18(금),삼계탕,석식
2025-07-18(금),풋고추된장무침,석식
2025-07-18(금),오복지무침,석식
2025-07-18(금),토핑형발효유,석식
2025-07-18(금),깍두기,석식
2025-07-19(토),치킨마요덮밥,석식
2025-07-19(토),콩나물무침,석식
2025-07-19(토),배추김치,석식
2025-07-20(일),밥,석식
2025-07-20(일),사골미역국,석식
2025-07-20(일),애호박나물,석식
2025-07-20(일),닭고기야채조림,석식
2025-07-20(일),백색우유,석식
2025-07-20(일),깍두기,석식
2025-07-21(월),밥,석식
2025-07-21(월),카레밥,석식
2025-07-21(월),감자달걀국,석식
2025-07-21(월),닭꼬치,석식
2025-07-21(월),스크램블에그,석식
2025-07-21(월),자두,석식
2025-07-21(월),배추김치,석식
2025-07-22(화),돼지국밥,석식
2025-07-22(화),찰현미밥,석식
2025-07-22(화),고기만두찜,석식
2025-07-22(화),부추겉절이,석식
2025-07-22(화),백색우유,석식
2025-07-22(화),깍두기,석식
2025-07-22(화),팔도,석식
2025-07-22(화),농심,석식
2025-07-23(수),밥,석식
2025-07-23(수),미소장국,석식
2025-07-23(수),볼카츠,석식
2025-07-23(수),고구마샐러드,석식
2025-07-23(수),배추김치,석식
2025-07-23(수),상일식품 참깨건빵,석식
2025-07-24(목),찹쌀밥,석식
2025-07-24(목),마라탕,석식
2025-07-24(목),김말이튀김,석식
2025-07-24(목),부추양파무침,석식
2025-07-24(목),백색우유,석식
2025-07-24(목),복숭아,석식
2025-07-24(목),배추김치,석식
2025-07-25(금),밥,석식
2025-07-25(금),참치김치찌개,석식
2025-07-25(금),새송이버섯야채볶음,석식
2025-07-25(금),돼지고기육전,석식
2025-07-25(금),백색우유,석식
2025-07-25(금),열무김치,석식
2025-07-26(토),통모짜핫도그,석식
2025-07-26(토),쇠고기덮밥,석식
2025-07-26(토),깍두기,석식
2025-07-27(일),밥,석식
2025-07-27(일),부대찌개,석식
2025-07-27(일),주꾸미볶음,석식
2025-07-27(일),배추나물,석식
2025-07-27(일),백색우유,석식
2025-07-27(일),열무김치,석식
2025-07-28(월),밥,석식
2025-07-28(월),자장밥,석식
2025-07-28(월),계란국,석식
2025-07-28(월),탕수육,석식
2025-07-28(월),자두,석식
2025-07-28(월),배추김치,석식
2025-07-29(화),밥,석식
2025-07-29(화),미역국,석식
2025-07-29(화),간장돼지불고기,석식
2025-07-29(화),무생채,석식
2025-07-29(화),백색우유,석식
2025-07-29(화),배추김치,석식
2025-07-30(수),밥,석식
2025-07-30(수),닭장각삼계탕,석식
2025-07-01(화),꼬들단무지,석식
2025-07-01(화),백색우유,석식
2025-07-02(수),밥,석식
2025-07-02(수),닭볶음탕,석식
2025-07-02(수),순두부찌개,석식
2025-07-02(수),오이무침,석식
2025-07-02(수),가공우유,석식
2025-07-02(수),열무김치,석식
2025-07-03(목),밥,석식
2025-07-03(목),사누끼우동,석식
2025-07-03(목),돈가스,석식
2025-07-03(목),양배추샐러드,석식
2025-07-03(목),백색우유,석식
2025-07-03(목),열무김치,석식
2025-07-04(금),밥,석식
2025-07-04(금),김치찌개,석식
2025-07-04(금),꽈리고추멸치볶음,석식
2025-07-04(금),닭강정,석식
2025-07-04(금),백색우유,석식
2025-07-04(금),배추김치,석식
2025-07-05(토),제육덮밥,석식
2025-07-05(토),계란후라이,석식
2025-07-05(토),무나물,석식
2025-07-05(토),토핑형발효유,석식
2025-07-05(토),배추김치,석식
2025-07-06(일),밥,석식
2025-07-06(일),어묵탕,석식
2025-07-06(일),무조림,석식
2025-07-06(일),닭고기야채조림,석식
2025-07-06(일),백색우유,석식
2025-07-06(일),배추김치,석식
2025-07-07(월),잡곡밥,석식
2025-07-07(월),황태해장국,석식
2025-07-07(월),순살삼치구이,석식
2025-07-07(월),상추겉절이,석식
2025-07-07(월),바나나,석식
2025-07-07(월),깍두기,석식
2025-07-08(화),밥,석식
2025-07-08(화),꽃게탕,석식
2025-07-08(화),훈제닭다리,석식
2025-07-08(화),백색우유,석식
2025-07-08(화),양배추샐러드,석식
2025-07-08(화),배추김치,석식
2025-07-08(화),농심,석식
2025-07-09(수),흑미밥,석식
2025-07-09(수),꼬리곰탕,석식
2025-07-09(수),훈제삼겹살,석식
2025-07-09(수),부추양파무침,석식
2025-07-09(수),저염쌈장,석식
2025-07-09(수),보쌈김치,석식
2025-07-10(목),새우튀김덮밥,석식
2025-07-10(목),미소장국,석식
2025-07-10(목),닭꼬치,석식
2025-07-10(목),수박,석식
2025-07-10(목),백색우유,석식
2025-07-10(목),배추김치,석식
2025-07-11(금),찰수수밥,석식
2025-07-11(금),꼬치어묵국,석식
2025-07-11(금),떡볶이,석식
2025-07-11(금),찰순대찜,석식
2025-07-11(금),반달단무지,석식
2025-07-11(금),백색우유,석식
2025-07-12(토),오징어덮밥,석식
2025-07-12(토),치킨너겟,석식
2025-07-12(토),배추김치,석식
2025-07-13(일),밥,석식
2025-07-13(일),사골우거지국,석식
2025-07-13(일),사천식캐슈넛멸치볶음,석식
2025-07-13(일),주꾸미볶음,석식
2025-07-13(일),백색우유,석식
2025-07-13(일),깍두기,석식
2025-07-14(월),찰현미밥,석식
2025-07-14(월),닭볶음탕,석식
2025-07-14(월),참치고추장찌개,석식
2025-07-14(월),무나물,석식
2025-07-14(월),복숭아,석식
2025-07-14(월),배추김치,석식
2025-07-15(화),현미밥,석식
2025-07-15(화),돼지고기애호박찌개,석식
2025-07-15(화),에그카츠,석식
2025-07-15(화),양배추피클,석식
2025-07-15(화),백색우유,석식
2025-07-15(화),열무김치,석식
2025-07-16(수),비빔밥,석식
2025-07-18(금),삼계탕,석식
2025-07-18(금),풋고추된장무침,석식
2025-07-18(금),오복지무침,석식
2025-07-18(금),토핑형발효유,석식
2025-07-18(금),깍두기,석식
2025-07-19(토),치킨마요덮밥,석식
2025-07-19(토),콩나물무침,석식
2025-07-19(토),배추김치,석식
2025-07-20(일),밥,석식
2025-07-20(일),사골미역국,석식
2025-07-20(일),애호박나물,석식
2025-07-20(일),닭고기야채조림,석식
2025-07-20(일),백색우유,석식
2025-07-20(일),깍두기,석식
2025-07-21(월),밥,석식
2025-07-21(월),카레밥,석식
2025-07-21(월),감자달걀국,석식
2025-07-21(월),닭꼬치,석식
2025-07-21(월),스크램블에그,석식
2025-07-21(월),자두,석식
2025-07-21(월),배추김치,석식
2025-07-22(화),돼지국밥,석식
2025-07-22(화),찰현미밥,석식
2025-07-22(화),고기만두찜,석식
2025-07-22(화),부추겉절이,석식
2025-07-22(화),백색우유,석식
2025-07-22(화),깍두기,석식
2025-07-22(화),팔도,석식
2025-07-22(화),농심,석식
2025-07-23(수),밥,석식
2025-07-23(수),미소장국,석식
2025-07-23(수),볼카츠,석식
2025-07-23(수),고구마샐러드,석식
2025-07-23(수),배추김치,석식
2025-07-23(수),상일식품 참깨건빵,석식
2025-07-24(목),찹쌀밥,석식
2025-07-24(목),마라탕,석식
2025-07-24(목),김말이튀김,석식
2025-07-24(목),부추양파무침,석식
2025-07-24(목),백색우유,석식
2025-07-24(목),복숭아,석식
2025-07-24(목),배추김치,석식
2025-07-25(금),밥,석식
2025-07-25(금),참치김치찌개,석식
2025-07-25(금),새송이버섯야채볶음,석식
2025-07-25(금),돼지고기육전,석식
2025-07-25(금),백색우유,석식
2025-07-25(금),열무김치,석식
2025-07-26(토),통모짜핫도그,석식
2025-07-26(토),쇠고기덮밥,석식
2025-07-26(토),깍두기,석식
2025-07-27(일),밥,석식
2025-07-27(일),부대찌개,석식
2025-07-27(일),주꾸미볶음,석식
2025-07-27(일),배추나물,석식
2025-07-27(일),백색우유,석식
2025-07-27(일),열무김치,석식
2025-07-28(월),밥,석식
2025-07-28(월),자장밥,석식
2025-07-28(월),계란국,석식
2025-07-28(월),탕수육,석식
2025-07-28(월),자두,석식
2025-07-28(월),배추김치,석식
2025-07-29(화),밥,석식
2025-07-29(화),미역국,석식
2025-07-29(화),간장돼지불고기,석식
2025-07-29(화),무생채,석식
2025-07-29(화),백색우유,석식
2025-07-29(화),배추김치,석식
2025-07-30(수),밥,석식
2025-07-30(수),닭장각삼계탕,석식
2025-07-30(수),동그랑땡,석식
2025-07-30(수),부추양파무침,석식
2025-07-30(수),깍두기,석식
2025-07-31(목),밥,석식
2025-07-31(목),감자양파찌개,석식
2025-07-31(목),깐쇼새우,석식
2025-07-31(목),백색우유,석식
2025-07-31(목),참치샐러드,석식
2025-07-31(목),수박,석식
2025-07-31(목),깍두기,석식
2025-07-01(화),중화식덮밥,석식
2025-07-01(화),감자달걀국,석식
2025-07-01(화),유린기,석식
2025-07-01(화),계란후라이,석식
2025-07-04(금),김치찌개,석식
2025-07-04(금),꽈리고추멸치볶음,석식
2025-07-04(금),닭강정,석식
2025-07-04(금),백색우유,석식
2025-07-04(금),배추김치,석식
2025-07-05(토),제육덮밥,석식
2025-07-05(토),계란후라이,석식
2025-07-05(토),무나물,석식
2025-07-05(토),토핑형발효유,석식
2025-07-05(토),배추김치,석식
2025-07-06(일),밥,석식
2025-07-06(일),어묵탕,석식
2025-07-06(일),무조림,석식
2025-07-06(일),닭고기야채조림,석식
2025-07-06(일),백색우유,석식
2025-07-06(일),배추김치,석식
2025-07-07(월),잡곡밥,석식
2025-07-07(월),황태해장국,석식
2025-07-07(월),순살삼치구이,석식
2025-07-07(월),상추겉절이,석식
2025-07-07(월),바나나,석식
2025-07-07(월),깍두기,석식
2025-07-08(화),밥,석식
2025-07-08(화),꽃게탕,석식
2025-07-08(화),훈제닭다리,석식
2025-07-08(화),백색우유,석식
2025-07-08(화),양배추샐러드,석식
2025-07-08(화),배추김치,석식
2025-07-08(화),농심,석식
2025-07-09(수),흑미밥,석식
2025-07-09(수),꼬리곰탕,석식
2025-07-09(수),훈제삼겹살,석식
2025-07-09(수),부추양파무침,석식
2025-07-09(수),저염쌈장,석식
2025-07-09(수),보쌈김치,석식
2025-07-10(목),새우튀김덮밥,석식
2025-07-10(목),미소장국,석식
2025-07-10(목),닭꼬치,석식
2025-07-10(목),수박,석식
2025-07-10(목),백색우유,석식
2025-07-10(목),배추김치,석식
2025-07-11(금),찰수수밥,석식
2025-07-11(금),꼬치어묵국,석식
2025-07-11(금),떡볶이,석식
2025-07-11(금),찰순대찜,석식
2025-07-11(금),반달단무지,석식
2025-07-11(금),백색우유,석식
2025-07-12(토),오징어덮밥,석식
2025-07-12(토),치킨너겟,석식
2025-07-12(토),배추김치,석식
2025-07-13(일),밥,석식
2025-07-13(일),사골우거지국,석식
2025-07-13(일),사천식캐슈넛멸치볶음,석식
2025-07-13(일),주꾸미볶음,석식
2025-07-13(일),백색우유,석식
2025-07-13(일),깍두기,석식
2025-07-14(월),찰현미밥,석식
2025-07-14(월),닭볶음탕,석식
2025-07-14(월),참치고추장찌개,석식
2025-07-14(월),무나물,석식
2025-07-14(월),복숭아,석식
2025-07-14(월),배추김치,석식
2025-07-15(화),현미밥,석식
2025-07-15(화),돼지고기애호박찌개,석식
2025-07-15(화),에그카츠,석식
2025-07-15(화),양배추피클,석식
2025-07-15(화),백색우유,석식
2025-07-15(화),열무김치,석식
2025-07-16(수),비빔밥,석식
2025-07-16(수),얼갈이된장국,석식
2025-07-16(수),김말이튀김,석식
2025-07-16(수),계란후라이,석식
2025-07-16(수),오이장아찌,석식
2025-07-16(수),냉동빵,석식
2025-07-16(수),케이크또는파이또는패스트리,석식
2025-07-17(목),밥,석식
2025-07-17(목),부대찌개,석식
2025-07-17(목),닭순살치킨가스,석식
2025-07-17(목),감자에그샐러드,석식
2025-07-17(목),백색우유,석식
2025-07-17(목),수박,석식
2025-07-17(목),깍두기,석식
2025-07-18(금),밥,석식
2025-06-19(목),부추양파무침,석식
2025-06-19(목),수박,석식
2025-06-19(목),깍두기,석식
2025-06-20(금),찰수수밥,석식
2025-06-20(금),꼬치어묵국,석식
2025-06-20(금),떡볶이,석식
2025-06-20(금),찰순대찜,석식
2025-06-20(금),반달단무지,석식
2025-06-20(금),토핑형발효유,석식
2025-06-21(토),제육덮밥,석식
2025-06-21(토),무나물,석식
2025-06-21(토),배추김치,석식
2025-06-22(일),밥,석식
2025-06-22(일),사골미역국,석식
2025-06-22(일),닭고기야채조림,석식
2025-06-22(일),오징어젓무침,석식
2025-06-22(일),백색우유,석식
2025-06-22(일),깍두기,석식
2025-06-23(월),밥,석식
2025-06-23(월),부대찌개,석식
2025-06-23(월),닭순살치킨가스,석식
2025-06-23(월),부추양파무침,석식
2025-06-23(월),대추방울토마토,석식
2025-06-23(월),깍두기,석식
2025-06-24(화),밥,석식
2025-06-24(화),김치찌개,석식
2025-06-24(화),돈가스,석식
2025-06-24(화),백색우유,석식
2025-06-24(화),참치샐러드,석식
2025-06-24(화),열무김치,석식
2025-06-24(화),오뚜기라면,석식
2025-06-25(수),밥,석식
2025-06-25(수),삼계탕,석식
2025-06-25(수),김말이튀김,석식
2025-06-25(수),풋고추된장무침,석식
2025-06-25(수),깍두기,석식
2025-06-25(수),상일식품,석식
2025-06-26(목),새우튀김덮밥,석식
2025-06-26(목),미소장국,석식
2025-06-26(목),닭꼬치,석식
2025-06-26(목),꼬들단무지,석식
2025-06-26(목),수박,석식
2025-06-27(금),밥,석식
2025-06-27(금),감자양파찌개,석식
2025-06-27(금),돼지갈비찜,석식
2025-06-27(금),상추겉절이,석식
2025-06-27(금),백색우유,석식
2025-06-27(금),열무김치,석식
2025-06-28(토),오징어덮밥,석식
2025-06-28(토),치킨너겟,석식
2025-06-28(토),짜먹는발효유,석식
2025-06-28(토),배추김치,석식
2025-06-29(일),밥,석식
2025-06-29(일),어묵탕,석식
2025-06-29(일),무조림,석식
2025-06-29(일),닭고기야채조림,석식
2025-06-29(일),백색우유,석식
2025-06-29(일),배추김치,석식
2025-06-30(월),비빔밥,석식
2025-06-30(월),얼갈이된장국,석식
2025-06-30(월),김말이튀김,석식
2025-06-30(월),계란후라이,석식
2025-06-30(월),마시는발효유,석식
2025-06-30(월),오이장아찌,석식
2025-07-01(화),중화식덮밥,석식
2025-07-01(화),감자달걀국,석식
2025-07-01(화),유린기,석식
2025-07-01(화),계란후라이,석식
2025-07-01(화),꼬들단무지,석식
2025-07-01(화),백색우유,석식
2025-07-02(수),밥,석식
2025-07-02(수),닭볶음탕,석식
2025-07-02(수),순두부찌개,석식
2025-07-02(수),오이무침,석식
2025-07-02(수),가공우유,석식
2025-07-02(수),열무김치,석식
2025-07-03(목),밥,석식
2025-07-03(목),사누끼우동,석식
2025-07-03(목),돈가스,석식
2025-07-03(목),양배추샐러드,석식
2025-07-03(목),백색우유,석식
2025-07-03(목),열무김치,석식
2025-07-04(금),밥,석식
2025-06-05(목),두부계란국,석식
2025-06-05(목),유린기,석식
2025-06-05(목),사과,석식
2025-06-05(목),배추김치,석식
2025-06-06(금),찰현미밥,석식
2025-06-06(금),참치김치찌개,석식
2025-06-06(금),어묵볶음,석식
2025-06-06(금),돼지고기육전,석식
2025-06-06(금),짜먹는발효유,석식
2025-06-06(금),열무김치,석식
2025-06-07(토),삼색도리덮밥,석식
2025-06-07(토),통모짜핫도그,석식
2025-06-07(토),배추김치,석식
2025-06-08(일),밥,석식
2025-06-08(일),부대찌개,석식
2025-06-08(일),주꾸미볶음,석식
2025-06-08(일),시금치무침,석식
2025-06-08(일),백색우유,석식
2025-06-08(일),열무김치,석식
2025-06-09(월),밥,석식
2025-06-09(월),닭볶음탕,석식
2025-06-09(월),참치고추장찌개,석식
2025-06-09(월),청포묵무침,석식
2025-06-09(월),사과,석식
2025-06-09(월),배추김치,석식
2025-06-10(화),밥,석식
2025-06-10(화),닭고기육개장,석식
2025-06-10(화),새우가스,석식
2025-06-10(화),무&비트피클,석식
2025-06-10(화),백색우유,석식
2025-06-10(화),배추김치,석식
2025-06-10(화),농심,석식
2025-06-11(수),잡곡밥,석식
2025-06-11(수),미역국,석식
2025-06-11(수),한우갈비찜,석식
2025-06-11(수),무생채,석식
2025-06-11(수),토핑형발효유,석식
2025-06-11(수),배추김치,석식
2025-06-12(목),찰현미밥,석식
2025-06-12(목),돼지국밥,석식
2025-06-12(목),고기만두찜,석식
2025-06-12(목),부추겉절이,석식
2025-06-12(목),대추방울토마토,석식
2025-06-12(목),깍두기,석식
2025-06-13(금),밥,석식
2025-06-13(금),감자고추장찌개,석식
2025-06-13(금),닭강정,석식
2025-06-13(금),상추샐러드,석식
2025-06-13(금),백색우유,석식
2025-06-13(금),배추김치,석식
2025-06-14(토),쇠고기덮밥,석식
2025-06-14(토),계란후라이,석식
2025-06-14(토),콩나물무침,석식
2025-06-14(토),깍두기,석식
2025-06-15(일),밥,석식
2025-06-15(일),사골우거지국,석식
2025-06-15(일),주꾸미볶음,석식
2025-06-15(일),시금치무침,석식
2025-06-15(일),백색우유,석식
2025-06-15(일),깍두기,석식
2025-06-16(월),잡곡밥,석식
2025-06-16(월),자장밥,석식
2025-06-16(월),계란국,석식
2025-06-16(월),탕수육,석식
2025-06-16(월),백색우유,석식
2025-06-16(월),배추김치,석식
2025-06-17(화),찹쌀밥,석식
2025-06-17(화),마라탕,석식
2025-06-17(화),갑오징어튀김,석식
2025-06-17(화),감자에그샐러드,석식
2025-06-17(화),배추김치,석식
2025-06-18(수),밥,석식
2025-06-18(수),꽃게탕,석식
2025-06-18(수),훈제닭다리,석식
2025-06-18(수),백색우유,석식
2025-06-18(수),양배추샐러드,석식
2025-06-18(수),배추김치,석식
2025-06-18(수),케이크또는파이또는패스트리,석식
2025-06-18(수),케이크또는파이또는패스트리,석식
2025-06-19(목),흑미밥,석식
2025-06-19(목),우거지갈비탕,석식
2025-06-19(목),소떡소떡,석식
2025-05-21(수),갈치순살튀김,석식
2025-05-21(수),김,석식
2025-05-21(수),사과,석식
2025-05-21(수),깍두기,석식
2025-05-21(수),상일식품,석식
2025-05-22(목),비빔밥,석식
2025-05-22(목),팽이버섯된장국,석식
2025-05-22(목),김말이튀김,석식
2025-05-22(목),계란후라이,석식
2025-05-22(목),오이장아찌,석식
2025-05-23(금),밥,석식
2025-05-23(금),어묵탕,석식
2025-05-23(금),냉채족발,석식
2025-05-23(금),모듬쌈,석식
2025-05-23(금),무생채,석식
2025-05-23(금),짜먹는발효유,석식
2025-05-23(금),보쌈김치,석식
2025-05-24(토),오징어덮밥,석식
2025-05-24(토),콩나물무침,석식
2025-05-24(토),배추김치,석식
2025-05-25(일),밥,석식
2025-05-25(일),사골우거지국,석식
2025-05-25(일),닭볶음탕,석식
2025-05-25(일),무조림,석식
2025-05-25(일),볶음김치,석식
2025-05-26(월),새우튀김덮밥,석식
2025-05-26(월),미소장국,석식
2025-05-26(월),닭꼬치,석식
2025-05-26(월),꼬들단무지,석식
2025-05-26(월),스프라이트,석식
2025-05-27(화),잡곡밥,석식
2025-05-27(화),참치김치찌개,석식
2025-05-27(화),닭순살치킨가스,석식
2025-05-27(화),부추양파무침,석식
2025-05-27(화),깍두기,석식
2025-05-27(화),오뚜기라면,석식
2025-05-28(수),밥,석식
2025-05-28(수),전복삼계탕,석식
2025-05-28(수),김말이튀김,석식
2025-05-28(수),풋고추된장무침,석식
2025-05-28(수),대추방울토마토,석식
2025-05-28(수),깍두기,석식
2025-05-29(목),밥,석식
2025-05-29(목),김치찌개,석식
2025-05-29(목),돈가스,석식
2025-05-29(목),백색우유,석식
2025-05-29(목),참치샐러드,석식
2025-05-29(목),열무김치,석식
2025-05-30(금),찹쌀밥,석식
2025-05-30(금),돼지고기고추장찌개,석식
2025-05-30(금),마늘종볶음,석식
2025-05-30(금),닭고기야채조림,석식
2025-05-30(금),배추김치,석식
2025-05-31(토),제육덮밥,석식
2025-05-31(토),동그랑땡,석식
2025-05-31(토),토핑형발효유,석식
2025-05-31(토),볶음김치,석식
2025-06-01(일),밥,석식
2025-06-01(일),황태해장국,석식
2025-06-01(일),닭볶음탕,석식
2025-06-01(일),오이무침,석식
2025-06-01(일),백색우유,석식
2025-06-01(일),배추김치,석식
2025-06-02(월),밥,석식
2025-06-02(월),꼬리곰탕,석식
2025-06-02(월),깐쇼새우,석식
2025-06-02(월),김자반,석식
2025-06-02(월),부추양파무침,석식
2025-06-02(월),마시는발효유,석식
2025-06-02(월),깍두기,석식
2025-06-03(화),찰현미밥,석식
2025-06-03(화),카레밥,석식
2025-06-03(화),감자달걀국,석식
2025-06-03(화),닭꼬치,석식
2025-06-03(화),야채샐러드유자드레싱,석식
2025-06-03(화),백색우유,석식
2025-06-03(화),배추김치,석식
2025-06-04(수),밥,석식
2025-06-04(수),순두부찌개,석식
2025-06-04(수),순살삼치구이,석식
2025-06-04(수),한입떡갈비,석식
2025-06-04(수),열무김치,석식
2025-06-05(목),중화식덮밥,석식
2025-05-07(수),흑미밥,석식
2025-05-07(수),계란국,석식
2025-05-07(수),탕수육,석식
2025-05-07(수),배추김치,석식
2025-05-08(목),밥,석식
2025-05-08(목),짬뽕순두부,석식
2025-05-08(목),생선가스,석식
2025-05-08(목),무&비트피클,석식
2025-05-08(목),배추김치,석식
2025-05-09(금),밥,석식
2025-05-09(금),꽃게탕,석식
2025-05-09(금),닭강정,석식
2025-05-09(금),마시는발효유,석식
2025-05-09(금),양배추샐러드,석식
2025-05-09(금),배추김치,석식
2025-05-10(토),제육덮밥,석식
2025-05-10(토),콩나물무침,석식
2025-05-10(토),배추김치,석식
2025-05-11(일),밥,석식
2025-05-11(일),황태해장국,석식
2025-05-11(일),닭볶음탕,석식
2025-05-11(일),오이무침,석식
2025-05-11(일),토핑형발효유,석식
2025-05-11(일),배추김치,석식
2025-05-12(월),밥,석식
2025-05-12(월),참치고추장찌개,석식
2025-05-12(월),낙지삼겹살새우볶음,석식
2025-05-12(월),메추리알장조림,석식
2025-05-12(월),두유,석식
2025-05-12(월),배추김치,석식
2025-05-13(화),밥,석식
2025-05-13(화),감자고추장찌개,석식
2025-05-13(화),치킨너겟,석식
2025-05-13(화),청포묵무침,석식
2025-05-13(화),배추김치,석식
2025-05-13(화),농심,석식
2025-05-14(수),밥,석식
2025-05-14(수),쇠고기육개장,석식
2025-05-14(수),가지볶음,석식
2025-05-14(수),돼지고기육전,석식
2025-05-14(수),사과,석식
2025-05-14(수),깍두기,석식
2025-05-14(수),케이크또는파이또는패스트리,석식
2025-05-14(수),케이크또는파이또는패스트리,석식
2025-05-15(목),밥,석식
2025-05-15(목),얼큰수제비국,석식
2025-05-15(목),콘치즈계란찜,석식
2025-05-15(목),순살삼치구이,석식
2025-05-15(목),짜먹는발효유,석식
2025-05-15(목),열무김치,석식
2025-05-16(금),찰수수밥,석식
2025-05-16(금),꼬치어묵국,석식
2025-05-16(금),떡볶이,석식
2025-05-16(금),찰순대찜,석식
2025-05-16(금),반달단무지,석식
2025-05-17(토),쇠고기덮밥,석식
2025-05-17(토),어묵볶음,석식
2025-05-17(토),계란후라이,석식
2025-05-17(토),배추김치,석식
2025-05-18(일),밥,석식
2025-05-18(일),사골미역국,석식
2025-05-18(일),닭고기야채조림,석식
2025-05-18(일),시금치무침,석식
2025-05-18(일),백색우유,석식
2025-05-18(일),배추김치,석식
2025-05-19(월),밥,석식
2025-05-19(월),마라탕,석식
2025-05-19(월),갑오징어튀김,석식
2025-05-19(월),감자에그샐러드,석식
2025-05-19(월),대추방울토마토,석식
2025-05-19(월),배추김치,석식
2025-05-20(화),밥,석식
2025-05-20(화),사골곰탕,석식
2025-05-20(화),깐쇼새우,석식
2025-05-20(화),배추겉절이,석식
2025-05-20(화),깍두기,석식
2025-05-21(수),밥,석식
2025-05-21(수),감자양파찌개,석식
2025-05-21(수),감자채볶음,석식
2025-05-23(금),냉채족발,석식
2025-05-23(금),모듬쌈,석식
2025-05-23(금),무생채,석식
2025-05-23(금),짜먹는발효유,석식
2025-05-23(금),보쌈김치,석식
2025-05-24(토),오징어덮밥,석식
2025-05-24(토),콩나물무침,석식
2025-05-24(토),배추김치,석식
2025-05-25(일),밥,석식
2025-05-25(일),사골우거지국,석식
2025-05-25(일),닭볶음탕,석식
2025-05-25(일),무조림,석식
2025-05-25(일),볶음김치,석식
2025-05-26(월),새우튀김덮밥,석식
2025-05-26(월),미소장국,석식
2025-05-26(월),닭꼬치,석식
2025-05-26(월),꼬들단무지,석식
2025-05-26(월),스프라이트,석식
2025-05-27(화),잡곡밥,석식
2025-05-27(화),참치김치찌개,석식
2025-05-27(화),닭순살치킨가스,석식
2025-05-27(화),부추양파무침,석식
2025-05-27(화),깍두기,석식
2025-05-27(화),오뚜기라면,석식
2025-05-28(수),밥,석식
2025-05-28(수),전복삼계탕,석식
2025-05-28(수),김말이튀김,석식
2025-05-28(수),풋고추된장무침,석식
2025-05-28(수),대추방울토마토,석식
2025-05-28(수),깍두기,석식
2025-05-29(목),밥,석식
2025-05-29(목),김치찌개,석식
2025-05-29(목),돈가스,석식
2025-05-29(목),백색우유,석식
2025-05-29(목),참치샐러드,석식
2025-05-29(목),열무김치,석식
2025-05-30(금),찹쌀밥,석식
2025-05-30(금),돼지고기고추장찌개,석식
2025-05-30(금),마늘종볶음,석식
2025-05-30(금),닭고기야채조림,석식
2025-05-30(금),배추김치,석식
2025-05-31(토),제육덮밥,석식
2025-05-32(토),동그랑땡,석식
2025-05-33(토),토핑형발효유,석식
2025-05-34(토),볶음김치,석식
2025-05-01(목),밥,석식
2025-05-01(목),부대찌개,석식
2025-05-01(목),느타리버섯볶음,석식
2025-05-01(목),순살고등어구이,석식
2025-05-01(목),사과,석식
2025-05-01(목),백색우유,석식
2025-05-01(목),배추김치,석식
2025-05-02(금),카레밥,석식
2025-05-02(금),통모짜핫도그,석식
2025-05-02(금),흑미밥,석식
2025-05-02(금),감자달걀국,석식
2025-05-02(금),야채샐러드유자드레싱,석식
2025-05-02(금),배추김치,석식
2025-05-03(토),삼색도리덮밥,석식
2025-05-03(토),무나물,석식
2025-05-03(토),배추김치,석식
2025-05-04(일),밥,석식
2025-05-04(일),부대찌개,석식
2025-05-04(일),주꾸미볶음,석식
2025-05-04(일),애호박나물,석식
2025-05-04(일),짜먹는발효유,석식
2025-05-04(일),열무김치,석식
2025-05-05(월),중화식덮밥,석식
2025-05-05(월),감자달걀국,석식
2025-05-05(월),유린기,석식
2025-05-05(월),사과,석식
2025-05-05(월),배추김치,석식
2025-05-06(화),밥,석식
2025-05-06(화),사골우거지국,석식
2025-05-06(화),찐새우만두,석식
2025-05-06(화),오징어젓무침,석식
2025-05-06(화),배추김치,석식
2025-05-07(수),자장밥,석식
2025-05-09(금),꽃게탕,석식
2025-05-09(금),닭강정,석식
2025-05-09(금),마시는발효유,석식
2025-05-09(금),양배추샐러드,석식
2025-05-09(금),배추김치,석식
2025-05-10(토),제육덮밥,석식
2025-05-10(토),콩나물무침,석식
2025-05-10(토),배추김치,석식
2025-05-11(일),밥,석식
2025-05-11(일),황태해장국,석식
2025-05-11(일),닭볶음탕,석식
2025-05-11(일),오이무침,석식
2025-05-11(일),토핑형발효유,석식
2025-05-11(일),배추김치,석식
2025-05-12(월),밥,석식
2025-05-12(월),참치고추장찌개,석식
2025-05-12(월),낙지삼겹살새우볶음,석식
2025-05-12(월),메추리알장조림,석식
2025-05-12(월),두유,석식
2025-05-12(월),배추김치,석식
2025-05-13(화),밥,석식
2025-05-13(화),감자고추장찌개,석식
2025-05-13(화),치킨너겟,석식
2025-05-13(화),청포묵무침,석식
2025-05-13(화),배추김치,석식
2025-05-13(화),농심,석식
2025-05-14(수),밥,석식
2025-05-14(수),쇠고기육개장,석식
2025-05-14(수),가지볶음,석식
2025-05-14(수),돼지고기육전,석식
2025-05-14(수),사과,석식
2025-05-14(수),깍두기,석식
2025-05-14(수),케이크또는파이또는패스트리,석식
2025-05-14(수),케이크또는파이또는패스트리,석식
2025-05-15(목),밥,석식
2025-05-15(목),얼큰수제비국,석식
2025-05-15(목),콘치즈계란찜,석식
2025-05-15(목),순살삼치구이,석식
2025-05-15(목),짜먹는발효유,석식
2025-05-15(목),열무김치,석식
2025-05-16(금),찰수수밥,석식
2025-05-16(금),꼬치어묵국,석식
2025-05-16(금),떡볶이,석식
2025-05-16(금),찰순대찜,석식
2025-05-16(금),반달단무지,석식
2025-05-17(토),쇠고기덮밥,석식
2025-05-17(토),어묵볶음,석식
2025-05-17(토),계란후라이,석식
2025-05-17(토),배추김치,석식
2025-05-18(일),밥,석식
2025-05-18(일),사골미역국,석식
2025-05-18(일),닭고기야채조림,석식
2025-05-18(일),시금치무침,석식
2025-05-18(일),백색우유,석식
2025-05-18(일),배추김치,석식
2025-05-19(월),밥,석식
2025-05-19(월),마라탕,석식
2025-05-19(월),갑오징어튀김,석식
2025-05-19(월),감자에그샐러드,석식
2025-05-19(월),대추방울토마토,석식
2025-05-19(월),배추김치,석식
2025-05-20(화),밥,석식
2025-05-20(화),사골곰탕,석식
2025-05-20(화),깐쇼새우,석식
2025-05-20(화),배추겉절이,석식
2025-05-20(화),깍두기,석식
2025-05-21(수),밥,석식
2025-05-21(수),감자양파찌개,석식
2025-05-21(수),감자채볶음,석식
2025-05-21(수),갈치순살튀김,석식
2025-05-21(수),김,석식
2025-05-21(수),사과,석식
2025-05-21(수),깍두기,석식
2025-05-21(수),상일식품,석식
2025-05-22(목),비빔밥,석식
2025-05-22(목),팽이버섯된장국,석식
2025-05-22(목),김말이튀김,석식
2025-05-22(목),계란후라이,석식
2025-05-22(목),오이장아찌,석식
2025-05-23(금),밥,석식
2025-05-23(금),어묵탕,석식
2025-04-24(목),야채샐러드유자드레싱,석식
2025-04-24(목),두유,석식
2025-04-24(목),열무김치,석식
2025-04-25(금),밥,석식
2025-04-25(금),감자양파찌개,석식
2025-04-25(금),달콤돼지고기볶음,석식
2025-04-25(금),부추양파무침,석식
2025-04-25(금),김,석식
2025-04-25(금),이온음료,석식
2025-04-25(금),배추김치,석식
2025-04-26(토),쇠고기덮밥,석식
2025-04-26(토),어묵볶음,석식
2025-04-26(토),열무김치,석식
2025-04-27(일),밥,석식
2025-04-27(일),사골우거지국,석식
2025-04-27(일),애호박나물,석식
2025-04-27(일),닭고기야채조림,석식
2025-04-27(일),짜먹는발효유,석식
2025-04-27(일),배추김치,석식
2025-04-28(월),밥,석식
2025-04-28(월),사골곰탕,석식
2025-04-28(월),감자채볶음,석식
2025-04-28(월),깐쇼새우,석식
2025-04-28(월),사과,석식
2025-04-28(월),깍두기,석식
2025-04-29(화),비빔밥,석식
2025-04-29(화),팽이버섯된장국,석식
2025-04-29(화),김말이튀김,석식
2025-04-29(화),계란후라이,석식
2025-04-29(화),오이장아찌,석식
2025-04-29(화),토핑형발효유,석식
2025-04-30(수),밥,석식
2025-04-30(수),김치찌개,석식
2025-04-30(수),돈가스,석식
2025-04-30(수),복숭아주스,석식
2025-04-30(수),참치샐러드,석식
2025-04-30(수),열무김치,석식
2025-05-01(목),밥,석식
2025-05-01(목),부대찌개,석식
2025-05-01(목),느타리버섯볶음,석식
2025-05-01(목),순살고등어구이,석식
2025-05-01(목),사과,석식
2025-05-01(목),백색우유,석식
2025-05-01(목),배추김치,석식
2025-05-02(금),카레밥,석식
2025-05-02(금),통모짜핫도그,석식
2025-05-02(금),흑미밥,석식
2025-05-02(금),감자달걀국,석식
2025-05-02(금),야채샐러드유자드레싱,석식
2025-05-02(금),배추김치,석식
2025-05-03(토),삼색도리덮밥,석식
2025-05-03(토),무나물,석식
2025-05-03(토),배추김치,석식
2025-05-04(일),밥,석식
2025-05-04(일),부대찌개,석식
2025-05-04(일),주꾸미볶음,석식
2025-05-04(일),애호박나물,석식
2025-05-04(일),짜먹는발효유,석식
2025-05-04(일),열무김치,석식
2025-05-05(월),중화식덮밥,석식
2025-05-05(월),감자달걀국,석식
2025-05-05(월),유린기,석식
2025-05-05(월),사과,석식
2025-05-05(월),배추김치,석식
2025-05-06(화),밥,석식
2025-05-06(화),사골우거지국,석식
2025-05-06(화),찐새우만두,석식
2025-05-06(화),오징어젓무침,석식
2025-05-06(화),배추김치,석식
2025-05-07(수),자장밥,석식
2025-05-07(수),흑미밥,석식
2025-05-07(수),계란국,석식
2025-05-07(수),탕수육,석식
2025-05-07(수),배추김치,석식
2025-05-08(목),밥,석식
2025-05-08(목),짬뽕순두부,석식
2025-05-08(목),생선가스,석식
2025-05-08(목),무&비트피클,석식
2025-05-08(목),배추김치,석식
2025-05-09(금),밥,석식
2026-09-21(월),사과,석식
2026-09-21(월),배추김치,석식
2026-09-22(화),유산슬덮밥,석식
2026-09-22(화),밥,석식
2026-09-22(화),감자양파찌개,석식
2026-09-22(화),돼지고기강정,석식
2026-09-22(화),청귤에이드,석식
2026-09-22(화),열무김치,석식
2026-09-23(수),나가사끼짬뽕,석식
2026-09-23(수),카레밥,석식
2026-09-23(수),피자돈까스,석식
2026-09-23(수),백색우유,석식
2026-09-23(수),배추김치,석식
2026-09-24(목),찰수수밥,석식
2026-09-24(목),얼큰수제비국,석식
2026-09-24(목),동파육,석식
2026-09-24(목),야채고기말이,석식
2026-09-24(목),컵형아이스크림,석식
2026-09-24(목),무말랭이무침,석식
2026-09-24(목),배추김치,석식
2026-09-25(금),찰현미밥,석식
2026-09-25(금),쇠고기미역국,석식
2026-09-25(금),버섯잡채,석식
2026-09-25(금),계란옷입은동태전,석식
2026-09-25(금),샤인머스켓,석식
2026-09-25(금),열무김치,석식
2026-09-26(토),아욱된장국,석식
2026-09-26(토),훈제삼겹살,석식
2026-09-26(토),명이나물,석식
2026-09-26(토),음료,석식
2026-09-26(토),보쌈김치,석식
2026-09-27(일),밥,석식
2026-09-27(일),두부된장찌개,석식
2026-09-27(일),소불고기,석식
2026-09-27(일),깻잎전,석식
2026-09-27(일),쿠키앤크림케익,석식
2026-09-27(일),깍두기,석식
2026-09-28(월),돼지고기덮밥,석식
2026-09-28(월),순두부찌개,석식
2026-09-28(월),통새우짜조롤,석식
2026-09-28(월),사과,석식
2026-09-28(월),배추김치,석식
2026-09-29(화),밥,석식
2026-09-29(화),부대찌개,석식
2026-09-29(화),양념치킨vs후라이드치킨,석식
2026-09-29(화),야채샐러드,석식
2026-09-29(화),무&비트피클,석식
2026-09-29(화),제로콜라,석식
2026-09-30(수),흑미밥,석식
2026-09-30(수),해물탕,석식
2026-09-30(수),돼지고기고추장볶음,석식
2026-09-30(수),연근흑임자무침,석식
2026-09-30(수),백색우유,석식
2026-09-30(수),배추김치,석식
2025-04-20(일),오징어삼겹볶음,석식
2025-04-20(일),오이무침,석식
2025-04-20(일),마시는발효유,석식
2025-04-20(일),볶음김치,석식
2025-04-21(월),중화식덮밥,석식
2025-04-21(월),감자달걀국,석식
2025-04-21(월),탕수육,석식
2025-04-21(월),배추김치,석식
2025-04-22(화),밥,석식
2025-04-22(화),짬뽕순두부,석식
2025-04-22(화),생선가스,석식
2025-04-22(화),대추방울토마토,석식
2025-04-22(화),무&비트피클,석식
2025-04-22(화),배추김치,석식
2025-04-22(화),오뚜기라면,석식
2025-04-23(수),밥,석식
2025-04-23(수),쇠고기육개장,석식
2025-04-23(수),돼지고기육전,석식
2025-04-23(수),청포묵무침,석식
2025-04-23(수),열무김치,석식
2025-04-23(수),상일식품,석식
2025-04-24(목),밥,석식
2025-04-24(목),돼지고기짜글이,석식
2025-04-24(목),치킨너겟,석식
2026-09-08(화),옥수수계란찜,석식
2026-09-08(화),블루베리크림치즈찰떡,석식
2026-09-08(화),배추김치,석식
2026-09-08(화),농심,석식
2026-09-08(화),농심,석식
2026-09-09(수),자장밥,석식
2026-09-09(수),중화식계란탕,석식
2026-09-09(수),꿔바로우,석식
2026-09-09(수),샤인머스켓,석식
2026-09-09(수),배추김치,석식
2026-09-10(목),밥,석식
2026-09-10(목),아욱된장국,석식
2026-09-10(목),오삼불고기,석식
2026-09-10(목),무조림,석식
2026-09-10(목),백색우유,석식
2026-09-10(목),배추김치,석식
2026-09-10(목),냉동빵,석식
2026-09-11(금),밥,석식
2026-09-11(금),황태해장국,석식
2026-09-11(금),닭볶음탕,석식
2026-09-11(금),진미채고추장조림,석식
2026-09-11(금),파인애플스틱,석식
2026-09-11(금),백김치,석식
2026-09-12(토),오징어덮밥,석식
2026-09-12(토),평양왕만두,석식
2026-09-12(토),계란후라이,석식
2026-09-12(토),비타민음료,석식
2026-09-12(토),배추김치,석식
2026-09-13(일),밥1,석식
2026-09-13(일),어묵탕,석식
2026-09-13(일),부대떡볶이,석식
2026-09-13(일),김말이튀김,석식
2026-09-13(일),반달단무지,석식
2026-09-13(일),팩형아이스크림,석식
2026-09-14(월),잡곡밥,석식
2026-09-14(월),들깨무채국,석식
2026-09-14(월),새송이버섯야채볶음,석식
2026-09-14(월),닭순살김치볶음,석식
2026-09-14(월),사과,석식
2026-09-14(월),열무김치,석식
2026-09-15(화),밥,석식
2026-09-15(화),해물짬뽕,석식
2026-09-15(화),불고기크로켓,석식
2026-09-15(화),참나물유자겉절이,석식
2026-09-15(화),백색우유,석식
2026-09-15(화),배추김치,석식
2026-09-15(화),200오븐에구운 호두파이,석식
2026-09-16(수),찹쌀밥,석식
2026-09-16(수),사골곰탕,석식
2026-09-16(수),갑오징어튀김,석식
2026-09-16(수),오이무침,석식
2026-09-16(수),샤인머스켓,석식
2026-09-16(수),깍두기,석식
2026-09-17(목),장조림버터밥,석식
2026-09-17(목),참치고추장찌개,석식
2026-09-17(목),해물파전,석식
2026-09-17(목),짜요짜요딸기,석식
2026-09-17(목),배추김치,석식
2026-09-18(금),밥,석식
2026-09-18(금),찹스테이크,석식
2026-09-18(금),푸실리샐러드,석식
2026-09-18(금),양송이스프,석식
2026-09-18(금),바나나,석식
2026-09-18(금),배추김치,석식
2026-09-19(토),닭고기덮밥,석식
2026-09-19(토),굴림만두,석식
2026-09-19(토),스크램블에그,석식
2026-09-19(토),청포도에이드,석식
2026-09-19(토),배추김치,석식
2026-09-20(일),밥,석식
2026-09-20(일),감자국,석식
2026-09-20(일),부들어묵볶음,석식
2026-09-20(일),볼케이노치킨,석식
2026-09-20(일),가공우유,석식
2026-09-20(일),열무김치,석식
2026-09-21(월),밥1,석식
2026-09-21(월),사누끼우동,석식
2026-09-21(월),에그카츠,석식
2026-09-21(월),야채샐러드&키위드레싱,석식
2026-08-26(수),밥,석식
2026-08-26(수),쇠고기탕국,석식
2026-08-26(수),돼지고기고추장볶음,석식
2026-08-26(수),오이양파오리엔탈무침,석식
2026-08-26(수),백김치,석식
2026-08-27(목),돼지고기덮밥,석식
2026-08-27(목),콩나물국,석식
2026-08-27(목),피자돈까스,석식
2026-08-27(목),배추김치,석식
2026-08-28(금),잡곡밥,석식
2026-08-28(금),김치찌개,석식
2026-08-28(금),한우갈비찜,석식
2026-08-28(금),계란옷입은동태전,석식
2026-08-28(금),샤인머스켓,석식
2026-08-28(금),깍두기,석식
2026-08-29(토),닭고기덮밥,석식
2026-08-29(토),스크램블에그,석식
2026-08-29(토),베이컨떡말이,석식
2026-08-29(토),배추김치,석식
2026-08-30(일),밥,석식
2026-08-30(일),수제비국,석식
2026-08-30(일),낙지삼겹살새우볶음,석식
2026-08-30(일),애호박나물,석식
2026-08-30(일),배추김치,석식
2026-08-31(월),중화식덮밥,석식
2026-08-31(월),나가사끼짬뽕,석식
2026-08-31(월),탕수육,석식
2026-08-31(월),배추김치,석식
2026-09-01(화),밥,석식
2026-09-01(화),팽이버섯된장국,석식
2026-09-01(화),왕새우튀김소스,석식
2026-09-01(화),가츠동,석식
2026-09-01(화),마시는발효유,석식
2026-09-01(화),배추김치,석식
2026-09-02(수),김치덮밥,석식
2026-09-02(수),유부장국,석식
2026-09-02(수),계란후라이,석식
2026-09-02(수),베이컨떡말이,석식
2026-09-02(수),자두,석식
2026-09-02(수),깍두기,석식
2026-09-03(목),흑미밥,석식
2026-09-03(목),감자국,석식
2026-09-03(목),닭바베큐소스조림,석식
2026-09-03(목),김치전,석식
2026-09-03(목),에너지바,석식
2026-09-03(목),열무김치,석식
2026-09-04(금),밥,석식
2026-09-04(금),장터국,석식
2026-09-04(금),비엔나소시지케찹볶음,석식
2026-09-04(금),바나나,석식
2026-09-04(금),흑임자드레싱,석식
2026-09-04(금),배추김치,석식
2026-09-05(토),치킨마요덮밥,석식
2026-09-05(토),궁중떡볶이,석식
2026-09-05(토),스크램블에그,석식
2026-09-05(토),제주한라봉음료,석식
2026-09-05(토),배추김치,석식
2026-09-06(일),밥,석식
2026-09-06(일),두부김치국,석식
2026-09-06(일),돼지고기새송이볶음,석식
2026-09-06(일),오이참깨소스무침,석식
2026-09-06(일),백색우유,석식
2026-09-06(일),깍두기,석식
2026-09-07(월),새우튀김덮밥,석식
2026-09-07(월),미소장국,석식
2026-09-07(월),타코야끼,석식
2026-09-07(월),양배추피클,석식
2026-09-07(월),백색우유,석식
2026-09-08(화),찰현미밥,석식
2026-09-08(화),꽃게탕,석식
2026-09-08(화),매콤순대볶음,석식
2026-08-12(수),시래기감자탕,석식
2026-08-12(수),꿔바로우,석식
2026-08-12(수),오이양파오리엔탈무침,석식
2026-08-12(수),깍두기,석식
2026-08-13(목),밥,석식
2026-08-13(목),두부된장찌개,석식
2026-08-13(목),에그카츠,석식
2026-08-13(목),컵형아이스크림,석식
2026-08-13(목),야채샐러드,석식
2026-08-13(목),배추김치,석식
2026-08-14(금),찹쌀밥,석식
2026-08-14(금),낙지삼계탕,석식
2026-08-14(금),오이풋고추된장무침,석식
2026-08-14(금),파인애플스틱,석식
2026-08-14(금),깍두기,석식
2026-08-15(토),제육덮밥,석식
2026-08-15(토),김자반,석식
2026-08-15(토),평양왕만두,석식
2026-08-15(토),배추김치,석식
2026-08-16(일),밥,석식
2026-08-16(일),순두부백탕,석식
2026-08-16(일),고추장돼지불고기,석식
2026-08-16(일),무조림,석식
2026-08-16(일),백색우유,석식
2026-08-16(일),배추김치,석식
2026-08-17(월),밥,석식
2026-08-17(월),마라탕,석식
2026-08-17(월),비엔나메추리알조림,석식
2026-08-17(월),콩나물무침,석식
2026-08-17(월),샤인머스켓,석식
2026-08-17(월),백김치,석식
2026-08-18(화),밥,석식
2026-08-18(화),꽃게탕,석식
2026-08-18(화),훈제닭다리,석식
2026-08-18(화),오이무침,석식
2026-08-18(화),배추김치,석식
2026-08-18(화),200오븐에구운 호두파이,석식
2026-08-19(수),밥,석식
2026-08-19(수),유부장국,석식
2026-08-19(수),어묵볶음,석식
2026-08-19(수),닭순살치킨가스,석식
2026-08-19(수),배추김치,석식
2026-08-20(목),비빔밥,석식
2026-08-20(목),시래기된장국,석식
2026-08-20(목),닭꼬치,석식
2026-08-20(목),계란후라이,석식
2026-08-20(목),열무김치,석식
2026-08-21(금),밥,석식
2026-08-21(금),참치김치찌개,석식
2026-08-21(금),마파두부,석식
2026-08-21(금),갈비산적,석식
2026-08-21(금),바나나,석식
2026-08-21(금),깍두기,석식
2026-08-22(토),오징어덮밥,석식
2026-08-22(토),모짜렐라핫도그,석식
2026-08-22(토),계란후라이,석식
2026-08-22(토),배추김치,석식
2026-08-23(일),밥,석식
2026-08-23(일),닭볶음탕,석식
2026-08-23(일),두부된장찌개,석식
2026-08-23(일),호박새우볶음,석식
2026-08-23(일),컵형아이스크림,석식
2026-08-23(일),백김치,석식
2026-08-24(월),밥,석식
2026-08-24(월),수제비국,석식
2026-08-24(월),오삼불고기,석식
2026-08-24(월),상추겉절이,석식
2026-08-24(월),복숭아,석식
2026-08-24(월),배추김치,석식
2026-08-25(화),밥,석식
2026-08-25(화),두부김치국,석식
2026-08-25(화),가츠동,석식
2026-08-25(화),감자에그샐러드,석식
2026-08-25(화),깍두기,석식
2026-08-25(화),냉동빵,석식
2026-07-29(수),주꾸미볶음,석식
2026-07-29(수),옥수수계란찜,석식
2026-07-29(수),가공우유,석식
2026-07-29(수),배추김치,석식
2026-07-30(목),밥,석식
2026-07-30(목),사골미역국,석식
2026-07-30(목),오징어채볶음,석식
2026-07-30(목),피자돈까스,석식
2026-07-30(목),배추김치,석식
2026-07-31(금),밥,석식
2026-07-31(금),갈낙탕,석식
2026-07-31(금),돼지고기육전,석식
2026-07-31(금),오이풋고추된장무침,석식
2026-07-31(금),파인애플스틱,석식
2026-07-31(금),깍두기,석식
2026-08-01(토),쇠고기덮밥,석식
2026-08-01(토),김자반,석식
2026-08-01(토),타코야끼,석식
2026-08-01(토),배추김치,석식
2026-08-02(일),밥,석식
2026-08-02(일),닭고기육개장,석식
2026-08-02(일),고구마함박스테이크,석식
2026-08-02(일),김치전,석식
2026-08-02(일),백색우유,석식
2026-08-02(일),깍두기,석식
2026-08-03(월),밥,석식
2026-08-03(월),두부된장찌개,석식
2026-08-03(월),훈제삼겹살,석식
2026-08-03(월),상추겉절이,석식
2026-08-03(월),복숭아,석식
2026-08-03(월),보쌈김치,석식
2026-08-04(화),자장밥,석식
2026-08-04(화),짬뽕수제비,석식
2026-08-04(화),통새우짜조롤,석식
2026-08-04(화),배추김치,석식
2026-08-05(수),잡곡밥,석식
2026-08-05(수),감자국,석식
2026-08-05(수),닭볶음탕,석식
2026-08-05(수),애호박나물,석식
2026-08-05(수),가공우유,석식
2026-08-05(수),배추김치,석식
2026-08-06(목),밥1,석식
2026-08-06(목),사누끼우동,석식
2026-08-06(목),불고기크로켓,석식
2026-08-06(목),양배추피클,석식
2026-08-06(목),푸실리샐러드,석식
2026-08-07(금),유산슬덮밥,석식
2026-08-07(금),쇠고기탕국,석식
2026-08-07(금),김말이튀김,석식
2026-08-07(금),바나나,석식
2026-08-07(금),배추김치,석식
2026-08-08(토),치킨마요덮밥,석식
2026-08-08(토),매콤순대볶음,석식
2026-08-08(토),계란후라이,석식
2026-08-08(토),배추김치,석식
2026-08-09(일),찹쌀밥,석식
2026-08-09(일),꼬리곰탕,석식
2026-08-09(일),새우가스&콘타르타르,석식
2026-08-09(일),양념고추지,석식
2026-08-09(일),팩형아이스크림,석식
2026-08-09(일),깍두기,석식
2026-08-10(월),찰수수밥,석식
2026-08-10(월),순두부찌개,석식
2026-08-10(월),돈육깐풍조림,석식
2026-08-10(월),부추무침,석식
2026-08-10(월),자두,석식
2026-08-10(월),배추김치,석식
2026-08-11(화),새우튀김덮밥,석식
2026-08-11(화),미소장국,석식
2026-08-11(화),굴림만두,석식
2026-08-11(화),열무김치,석식
2026-08-11(화),농심,석식
2026-08-11(화),농심,석식
2026-08-12(수),찰현미밥,석식
2026-07-15(수),복숭아,석식
2026-07-15(수),깍두기,석식
2026-07-16(목),밥,석식
2026-07-16(목),얼큰계란국,석식
2026-07-16(목),불고기크로켓,석식
2026-07-16(목),푸실리샐러드,석식
2026-07-16(목),백색우유,석식
2026-07-16(목),배추김치,석식
2026-07-17(금),밥,석식
2026-07-17(금),감자양파찌개,석식
2026-07-17(금),고추잡채,석식
2026-07-17(금),명엽채볶음,석식
2026-07-17(금),바나나,석식
2026-07-17(금),배추김치,석식
2026-07-18(토),닭고기덮밥,석식
2026-07-18(토),스크램블에그,석식
2026-07-18(토),해물파전,석식
2026-07-18(토),에너지음료,석식
2026-07-18(토),배추김치,석식
2026-07-19(일),밥,석식
2026-07-19(일),순두부찌개,석식
2026-07-19(일),애호박나물,석식
2026-07-19(일),돼지고기부추볶음,석식
2026-07-19(일),가공우유,석식
2026-07-19(일),깍두기,석식
2026-07-20(월),새우튀김덮밥,석식
2026-07-20(월),팽이버섯된장국,석식
2026-07-20(월),양배추피클,석식
2026-07-20(월),백색우유,석식
2026-07-20(월),베이컨떡말이,석식
2026-07-21(화),밥,석식
2026-07-21(화),감자어묵탕,석식
2026-07-21(화),가지볶음,석식
2026-07-21(화),미니돈가스,석식
2026-07-21(화),수박,석식
2026-07-21(화),배추김치,석식
2026-07-22(수),카레밥,석식
2026-07-22(수),나가사끼짬뽕,석식
2026-07-22(수),새우가스&콘타르타르,석식
2026-07-22(수),배추김치,석식
2026-07-23(목),밥1,석식
2026-07-23(목),사누끼우동,석식
2026-07-23(목),에그카츠,석식
2026-07-23(목),감자에그샐러드,석식
2026-07-23(목),배추김치,석식
2026-07-23(목),냉동빵,석식
2026-07-24(금),찹쌀밥,석식
2026-07-24(금),닭장각삼계탕,석식
2026-07-24(금),김치전,석식
2026-07-24(금),부추무침,석식
2026-07-24(금),자두,석식
2026-07-24(금),깍두기,석식
2026-07-25(토),오징어덮밥,석식
2026-07-25(토),굴림만두,석식
2026-07-25(토),계란후라이,석식
2026-07-25(토),제로콜라2,석식
2026-07-25(토),배추김치,석식
2026-07-26(일),밥,석식
2026-07-26(일),쇠고기무국,석식
2026-07-26(일),언양식바싹불고기,석식
2026-07-26(일),백색우유,석식
2026-07-26(일),연두부&양념장,석식
2026-07-26(일),배추김치,석식
2026-07-27(월),비빔밥,석식
2026-07-27(월),두부된장찌개,석식
2026-07-27(월),비엔나소시지케찹볶음,석식
2026-07-27(월),계란후라이,석식
2026-07-27(월),열무김치,석식
2026-07-27(월),200오븐에구운 호두파이,석식
2026-07-28(화),밥1,석식
2026-07-28(화),꼬치어묵국,석식
2026-07-28(화),차돌로제떡볶이,석식
2026-07-28(화),김말이튀김,석식
2026-07-28(화),반달단무지,석식
2026-07-28(화),수박,석식
2026-07-29(수),밥,석식
2026-07-29(수),쇠고기육개장,석식
2026-07-01(수),바나나,석식
2026-07-01(수),야채샐러드,석식
2026-07-01(수),배추김치,석식
2026-07-02(목),자장밥,석식
2026-07-02(목),해물짬뽕,석식
2026-07-02(목),사천탕수육,석식
2026-07-02(목),배추김치,석식
2026-07-03(금),찰현미밥,석식
2026-07-03(금),얼큰계란국,석식
2026-07-03(금),돼지고기자장볶음,석식
2026-07-03(금),무생채,석식
2026-07-03(금),배추김치,석식
2026-07-04(토),치킨마요덮밥,석식
2026-07-04(토),궁중떡볶이,석식
2026-07-04(토),몬스터에너지,석식
2026-07-04(토),배추김치,석식
2026-07-05(일),밥,석식
2026-07-05(일),사골곰탕,석식
2026-07-05(일),왕교자만두찜,석식
2026-07-05(일),부추양파무침,석식
2026-07-05(일),짜요짜요딸기,석식
2026-07-05(일),깍두기,석식
2026-07-06(월),밥,석식
2026-07-06(월),맑은홍합탕,석식
2026-07-06(월),닭바베큐소스조림,석식
2026-07-06(월),상추겉절이,석식
2026-07-06(월),백색우유,석식
2026-07-06(월),배추김치,석식
2026-07-07(화),밥,석식
2026-07-07(화),꽃게탕,석식
2026-07-07(화),닭순살치킨가스,석식
2026-07-07(화),야채샐러드,석식
2026-07-07(화),배추김치,석식
2026-07-08(수),중화식덮밥,석식
2026-07-08(수),콩나물국,석식
2026-07-08(수),깐쇼새우,석식
2026-07-08(수),대추방울토마토,석식
2026-07-08(수),배추김치,석식
2026-07-09(목),밥,석식
2026-07-09(목),치즈돈가스,석식
2026-07-09(목),양송이스프,석식
2026-07-09(목),참치샐러드,석식
2026-07-09(목),배추김치,석식
2026-07-10(금),찰현미밥,석식
2026-07-10(금),돼지고기고추장찌개,석식
2026-07-10(금),순살족발,석식
2026-07-10(금),무생채,석식
2026-07-10(금),보쌈김치,석식
2026-07-11(토),제육덮밥,석식
2026-07-11(토),계란후라이,석식
2026-07-11(토),깻잎전,석식
2026-07-11(토),제로콜라,석식
2026-07-11(토),배추김치,석식
2026-07-12(일),밥,석식
2026-07-12(일),얼큰수제비국,석식
2026-07-12(일),소불고기,석식
2026-07-12(일),오이무침,석식
2026-07-12(일),가공우유,석식
2026-07-12(일),배추김치,석식
2026-07-13(월),유산슬덮밥,석식
2026-07-13(월),팽이버섯된장국,석식
2026-07-13(월),꿔바로우,석식
2026-07-13(월),백색우유,석식
2026-07-13(월),배추김치,석식
2026-07-14(화),돼지고기덮밥,석식
2026-07-14(화),미소장국,석식
2026-07-14(화),통새우짜조롤,석식
2026-07-14(화),배추김치,석식
2026-07-14(화),농심,석식
2026-07-14(화),농심,석식
2026-07-15(수),찹쌀밥,석식
2026-07-15(수),전복삼계탕,석식
2026-07-15(수),오이풋고추된장무침,석식
2026-06-17(수),감자에그샐러드,석식
2026-06-17(수),바나나,석식
2026-06-17(수),배추김치,석식
2026-06-18(목),새우튀김덮밥,석식
2026-06-18(목),팽이버섯된장국,석식
2026-06-18(목),굴림만두,석식
2026-06-18(목),이온음료,석식
2026-06-18(목),배추김치,석식
2026-06-19(금),밥,석식
2026-06-19(금),참치김치찌개,석식
2026-06-19(금),감자채볶음,석식
2026-06-19(금),간장돼지불고기,석식
2026-06-19(금),깍두기,석식
2026-06-20(토),닭고기덮밥,석식
2026-06-20(토),스크램블에그,석식
2026-06-20(토),쇠고기육전,석식
2026-06-20(토),가공우유,석식
2026-06-20(토),배추김치,석식
2026-06-21(일),밥,석식
2026-06-21(일),햄짜글이,석식
2026-06-21(일),닭고기야채조림,석식
2026-06-21(일),시금치무침,석식
2026-06-21(일),백색우유,석식
2026-06-21(일),배추김치,석식
2026-06-22(월),중화식덮밥,석식
2026-06-22(월),들깨무채국,석식
2026-06-22(월),사천탕수육,석식
2026-06-22(월),배추김치,석식
2026-06-23(화),밥,석식
2026-06-23(화),어묵탕,석식
2026-06-23(화),바베큐폭립,석식
2026-06-23(화),참치샐러드,석식
2026-06-23(화),배추김치,석식
2026-06-23(화),떡,석식
2026-06-24(수),찰현미밥,석식
2026-06-24(수),콩나물김치국,석식
2026-06-24(수),명이나물,석식
2026-06-24(수),보쌈,석식
2026-06-24(수),보쌈김치,석식
2026-06-25(목),밥,석식
2026-06-25(목),전복소갈비탕,석식
2026-06-25(목),돼지고기육전,석식
2026-06-25(목),부추무침,석식
2026-06-25(목),깍두기,석식
2026-06-26(금),나가사끼짬뽕,석식
2026-06-26(금),카레밥,석식
2026-06-26(금),고추순살치킨,석식
2026-06-26(금),복숭아,석식
2026-06-26(금),배추김치,석식
2026-06-27(토),오징어덮밥,석식
2026-06-27(토),계란후라이,석식
2026-06-27(토),타코야끼,석식
2026-06-27(토),가공우유,석식
2026-06-27(토),배추김치,석식
2026-06-28(일),밥,석식
2026-06-28(일),사골곰탕,석식
2026-06-28(일),평양왕만두,석식
2026-06-28(일),오징어젓무침,석식
2026-06-28(일),깍두기,석식
2026-06-29(월),밥,석식
2026-06-29(월),유부장국,석식
2026-06-29(월),지코바치킨,석식
2026-06-29(월),제로콜라2,석식
2026-06-29(월),무&비트피클,석식
2026-06-29(월),양배추샐러드,석식
2026-06-30(화),비빔밥,석식
2026-06-30(화),순두부백탕,석식
2026-06-30(화),닭꼬치,석식
2026-06-30(화),계란후라이,석식
2026-06-30(화),수박,석식
2026-06-30(화),열무김치,석식
2026-07-01(수),밥,석식
2026-07-01(수),얼큰수제비국,석식
2026-07-01(수),새우가스,석식
2026-06-03(수),깍두기,석식
2026-06-04(목),밥,석식
2026-06-04(목),돼지고기고추장찌개,석식
2026-06-04(목),닭순살치킨가스,석식
2026-06-04(목),야채샐러드,석식
2026-06-04(목),배추김치,석식
2026-06-05(금),참치오믈렛,석식
2026-06-05(금),밥,석식
2026-06-05(금),순두부찌개,석식
2026-06-05(금),고추잡채,석식
2026-06-05(금),백색우유,석식
2026-06-05(금),배추김치,석식
2026-06-06(토),치킨마요덮밥,석식
2026-06-06(토),모짜렐라핫도그,석식
2026-06-06(토),가공우유,석식
2026-06-06(토),배추김치,석식
2026-06-07(일),밥,석식
2026-06-07(일),감자양파찌개,석식
2026-06-07(일),호박새우볶음,석식
2026-06-07(일),돼지고기무볶음,석식
2026-06-07(일),백색우유,석식
2026-06-07(일),배추김치,석식
2026-06-08(월),자장밥,석식
2026-06-08(월),해물짬뽕,석식
2026-06-08(월),멘보샤,석식
2026-06-08(월),계란후라이,석식
2026-06-08(월),파인애플스틱,석식
2026-06-08(월),배추김치,석식
2026-06-09(화),밥,석식
2026-06-09(화),가츠동,석식
2026-06-09(화),양송이스프,석식
2026-06-09(화),구슬치즈샐러드,석식
2026-06-09(화),배추김치,석식
2026-06-09(화),농심,석식
2026-06-09(화),농심,석식
2026-06-10(수),밥,석식
2026-06-10(수),꽃게탕,석식
2026-06-10(수),동파육,석식
2026-06-10(수),무말랭이무침,석식
2026-06-10(수),배추김치,석식
2026-06-11(목),밥,석식
2026-06-11(목),미소장국,석식
2026-06-11(목),불고기크로켓,석식
2026-06-11(목),양배추피클,석식
2026-06-11(목),백색우유,석식
2026-06-11(목),푸실리파스타,석식
2026-06-12(금),찰수수밥,석식
2026-06-12(금),부대찌개,석식
2026-06-12(금),돼지고기자장볶음,석식
2026-06-12(금),상추겉절이,석식
2026-06-12(금),대추방울토마토,석식
2026-06-12(금),배추김치,석식
2026-06-13(토),쇠고기덮밥,석식
2026-06-13(토),계란후라이,석식
2026-06-13(토),해물파전,석식
2026-06-13(토),가공우유,석식
2026-06-13(토),배추김치,석식
2026-06-14(일),밥,석식
2026-06-14(일),사골우거지국,석식
2026-06-14(일),고추장돼지불고기,석식
2026-06-14(일),가지볶음,석식
2026-06-14(일),배추김치,석식
2026-06-15(월),유산슬덮밥,석식
2026-06-15(월),얼큰계란국,석식
2026-06-15(월),오징어튀김,석식
2026-06-15(월),배추김치,석식
2026-06-15(월),케이크또는파이또는패스트리,석식
2026-06-16(화),밥,석식
2026-06-16(화),순두부백탕,석식
2026-06-16(화),느타리버섯볶음,석식
2026-06-16(화),볼케이노치킨,석식
2026-06-16(화),배추김치,석식
2026-06-17(수),사누끼우동,석식
2026-06-17(수),밥1,석식
2026-06-17(수),에그카츠,석식
2026-05-21(목),중화식덮밥,석식
2026-05-21(목),콩나물국,석식
2026-05-21(목),감자말이새우튀김,석식
2026-05-21(목),팩형아이스크림,석식
2026-05-21(목),배추김치,석식
2026-05-22(금),밥,석식
2026-05-22(금),부대찌개,석식
2026-05-22(금),닭순살김치볶음,석식
2026-05-22(금),무나물,석식
2026-05-22(금),사과,석식
2026-05-22(금),열무김치,석식
2026-05-23(토),오징어덮밥,석식
2026-05-23(토),야채고기말이,석식
2026-05-23(토),계란후라이,석식
2026-05-23(토),배추김치,석식
2026-05-24(일),밥,석식
2026-05-24(일),시금치된장국,석식
2026-05-24(일),낙지삼겹살새우볶음,석식
2026-05-24(일),메추리알장조림,석식
2026-05-24(일),배추김치,석식
2026-05-25(월),밥,석식
2026-05-25(월),유부장국,석식
2026-05-25(월),불고기크로켓,석식
2026-05-25(월),파인애플스틱,석식
2026-05-25(월),감자에그샐러드,석식
2026-05-25(월),배추김치,석식
2026-05-26(화),밥,석식
2026-05-26(화),해물짬뽕,석식
2026-05-26(화),동파육,석식
2026-05-26(화),무생채,석식
2026-05-26(화),오렌지주스,석식
2026-05-26(화),배추김치,석식
2026-05-27(수),밥,석식
2026-05-27(수),순두부찌개,석식
2026-05-27(수),양념치킨vs후라이드치킨,석식
2026-05-27(수),무&비트피클,석식
2026-05-27(수),제로콜라2,석식
2026-05-27(수),양배추샐러드,석식
2026-05-28(목),밥,석식
2026-05-28(목),수제비국,석식
2026-05-28(목),돼지삼겹야채볶음,석식
2026-05-28(목),상추겉절이,석식
2026-05-28(목),배추김치,석식
2026-05-28(목),떡,석식
2026-05-29(금),흑미밥,석식
2026-05-29(금),돼지고기고추장찌개,석식
2026-05-29(금),한우갈비찜,석식
2026-05-29(금),오미산적,석식
2026-05-29(금),대추방울토마토,석식
2026-05-29(금),배추김치,석식
2026-05-30(토),밥,석식
2026-05-30(토),꼬리곰탕,석식
2026-05-30(토),새우교자만두,석식
2026-05-30(토),낙지젓무침,석식
2026-05-30(토),깍두기,석식
2026-05-31(일),밥,석식
2026-05-31(일),두부된장찌개,석식
2026-05-31(일),간장돼지불고기,석식
2026-05-31(일),오이무침,석식
2026-05-31(일),포도주스,석식
2026-05-31(일),배추김치,석식
2026-06-01(월),밥,석식
2026-06-01(월),마라탕,석식
2026-06-01(월),가지볶음,석식
2026-06-01(월),닭순살김치볶음,석식
2026-06-01(월),사과,석식
2026-06-01(월),배추김치,석식
2026-06-02(화),밥1,석식
2026-06-02(화),꼬치어묵국,석식
2026-06-02(화),부대떡볶이,석식
2026-06-02(화),김말이튀김,석식
2026-06-02(화),반달단무지,석식
2026-06-03(수),찹쌀밥,석식
2026-06-03(수),사골곰탕,석식
2026-06-03(수),새우탕수,석식
2026-06-03(수),오징어젓무침,석식
2026-06-03(수),바나나,석식
2026-05-07(목),생선가스,석식
2026-05-07(목),두유,석식
2026-05-07(목),배추김치,석식
2026-05-08(금),밥,석식
2026-05-08(금),황태해장국,석식
2026-05-08(금),훈제오리볶음,석식
2026-05-08(금),부추무침,석식
2026-05-08(금),무쌈,석식
2026-05-08(금),대추방울토마토,석식
2026-05-08(금),배추김치,석식
2026-05-09(토),쇠고기덮밥,석식
2026-05-09(토),타코야끼,석식
2026-05-09(토),배추김치,석식
2026-05-10(일),찹쌀밥,석식
2026-05-10(일),돼지국밥,석식
2026-05-10(일),새우탕수,석식
2026-05-10(일),오이풋고추된장무침,석식
2026-05-10(일),깍두기,석식
2026-05-11(월),찰수수밥,석식
2026-05-11(월),감자양파찌개,석식
2026-05-11(월),닭고기야채조림,석식
2026-05-11(월),미역줄기볶음,석식
2026-05-11(월),배추김치,석식
2026-05-12(화),자장밥,석식
2026-05-12(화),해물짬뽕,석식
2026-05-12(화),맛초킹탕수육,석식
2026-05-12(화),계란후라이,석식
2026-05-12(화),배추김치,석식
2026-05-12(화),농심,석식
2026-05-12(화),농심,석식
2026-05-13(수),새우튀김덮밥,석식
2026-05-13(수),미소장국,석식
2026-05-13(수),굴림만두,석식
2026-05-13(수),양배추피클,석식
2026-05-13(수),사과,석식
2026-05-14(목),밥,석식
2026-05-14(목),어묵탕,석식
2026-05-14(목),닭순살치킨가스,석식
2026-05-14(목),참치샐러드,석식
2026-05-14(목),배추김치,석식
2026-05-15(금),밥,석식
2026-05-15(금),장터국,석식
2026-05-15(금),매콤순대볶음,석식
2026-05-15(금),계란찜,석식
2026-05-15(금),두유,석식
2026-05-15(금),배추김치,석식
2026-05-16(토),제육덮밥,석식
2026-05-16(토),닭꼬치,석식
2026-05-16(토),배추김치,석식
2026-05-17(일),밥,석식
2026-05-17(일),닭고기육개장,석식
2026-05-17(일),소불고기,석식
2026-05-17(일),오이무침,석식
2026-05-17(일),백색우유,석식
2026-05-17(일),배추김치,석식
2026-05-18(월),사누끼우동,석식
2026-05-18(월),밥,석식
2026-05-18(월),에그카츠,석식
2026-05-18(월),야채샐러드,석식
2026-05-18(월),대추방울토마토,석식
2026-05-18(월),배추김치,석식
2026-05-19(화),돼지고기덮밥,석식
2026-05-19(화),팽이버섯된장국,석식
2026-05-19(화),새우가스&콘타르타르,석식
2026-05-19(화),배추김치,석식
2026-05-19(화),케이크또는파이또는패스트리,석식
2026-05-20(수),흑미밥,석식
2026-05-20(수),얼큰수제비국,석식
2026-05-20(수),고추잡채,석식
2026-05-20(수),밥싸먹는훈제오리,석식
2026-05-20(수),바나나,석식
2026-05-20(수),배추김치,석식
2026-05-24(일),메추리알장조림,석식
2026-05-24(일),배추김치,석식
2026-05-25(월),밥,석식
2026-05-25(월),유부장국,석식
2026-05-25(월),불고기크로켓,석식
2026-05-25(월),파인애플스틱,석식
2026-05-25(월),감자에그샐러드,석식
2026-05-25(월),배추김치,석식
2026-05-26(화),밥,석식
2026-05-26(화),해물짬뽕,석식
2026-05-26(화),동파육,석식
2026-05-26(화),무생채,석식
2026-05-26(화),오렌지주스,석식
2026-05-26(화),배추김치,석식
2026-05-27(수),밥,석식
2026-05-27(수),순두부찌개,석식
2026-05-27(수),양념치킨vs후라이드치킨,석식
2026-05-27(수),무&비트피클,석식
2026-05-27(수),제로콜라2,석식
2026-05-27(수),양배추샐러드,석식
2026-05-28(목),밥,석식
2026-05-28(목),수제비국,석식
2026-05-28(목),돼지삼겹야채볶음,석식
2026-05-28(목),상추겉절이,석식
2026-05-28(목),배추김치,석식
2026-05-28(목),떡,석식
2026-05-29(금),흑미밥,석식
2026-05-29(금),돼지고기고추장찌개,석식
2026-05-29(금),한우갈비찜,석식
2026-05-29(금),오미산적,석식
2026-05-29(금),대추방울토마토,석식
2026-05-29(금),배추김치,석식
2026-05-30(토),밥,석식
2026-05-30(토),꼬리곰탕,석식
2026-05-30(토),새우교자만두,석식
2026-05-30(토),낙지젓무침,석식
2026-05-30(토),깍두기,석식
2026-05-31(일),밥,석식
2026-05-31(일),두부된장찌개,석식
2026-05-31(일),간장돼지불고기,석식
2026-05-31(일),오이무침,석식
2026-05-31(일),포도주스,석식
2026-05-31(일),배추김치,석식
2026-05-01(금),밥,석식
2026-05-01(금),부대찌개,석식
2026-05-01(금),고추장돼지불고기,석식
2026-05-01(금),가지볶음,석식
2026-05-01(금),깍두기,석식
2026-05-02(토),닭고기덮밥,석식
2026-05-02(토),스크램블에그,석식
2026-05-02(토),깻잎전,석식
2026-05-02(토),배추김치,석식
2026-05-03(일),밥,석식
2026-05-03(일),순두부찌개,석식
2026-05-03(일),주꾸미볶음,석식
2026-05-03(일),무나물,석식
2026-05-03(일),백색우유,석식
2026-05-03(일),배추김치,석식
2026-05-04(월),밥,석식
2026-05-04(월),치즈돈가스,석식
2026-05-04(월),사과,석식
2026-05-04(월),구슬치즈샐러드,석식
2026-05-04(월),양송이스프,석식
2026-05-04(월),배추김치,석식
2026-05-05(화),밥1,석식
2026-05-05(화),꼬치어묵국,석식
2026-05-05(화),차돌로제떡볶이,석식
2026-05-05(화),김말이튀김,석식
2026-05-05(화),반달단무지,석식
2026-05-06(수),유산슬덮밥,석식
2026-05-06(수),순두부백탕,석식
2026-05-06(수),멘보샤,석식
2026-05-06(수),바나나,석식
2026-05-06(수),배추김치,석식
2026-05-07(목),나가사끼짬뽕,석식
2026-05-07(목),카레밥,석식
2026-05-10(일),깍두기,석식
2026-05-11(월),찰수수밥,석식
2026-05-11(월),감자양파찌개,석식
2026-05-11(월),닭고기야채조림,석식
2026-05-11(월),미역줄기볶음,석식
2026-05-11(월),배추김치,석식
2026-05-12(화),자장밥,석식
2026-05-12(화),해물짬뽕,석식
2026-05-12(화),맛초킹탕수육,석식
2026-05-12(화),계란후라이,석식
2026-05-12(화),배추김치,석식
2026-05-12(화),농심,석식
2026-05-12(화),농심,석식
2026-05-13(수),새우튀김덮밥,석식
2026-05-13(수),미소장국,석식
2026-05-13(수),굴림만두,석식
2026-05-13(수),양배추피클,석식
2026-05-13(수),사과,석식
2026-05-14(목),밥,석식
2026-05-14(목),어묵탕,석식
2026-05-14(목),닭순살치킨가스,석식
2026-05-14(목),참치샐러드,석식
2026-05-14(목),배추김치,석식
2026-05-15(금),밥,석식
2026-05-15(금),장터국,석식
2026-05-15(금),매콤순대볶음,석식
2026-05-15(금),계란찜,석식
2026-05-15(금),두유,석식
2026-05-15(금),배추김치,석식
2026-05-16(토),제육덮밥,석식
2026-05-16(토),닭꼬치,석식
2026-05-16(토),배추김치,석식
2026-05-17(일),밥,석식
2026-05-17(일),닭고기육개장,석식
2026-05-17(일),소불고기,석식
2026-05-17(일),오이무침,석식
2026-05-17(일),백색우유,석식
2026-05-17(일),배추김치,석식
2026-05-18(월),사누끼우동,석식
2026-05-18(월),밥,석식
2026-05-18(월),에그카츠,석식
2026-05-18(월),야채샐러드,석식
2026-05-18(월),대추방울토마토,석식
2026-05-18(월),배추김치,석식
2026-05-19(화),돼지고기덮밥,석식
2026-05-19(화),팽이버섯된장국,석식
2026-05-19(화),새우가스&콘타르타르,석식
2026-05-19(화),배추김치,석식
2026-05-19(화),케이크또는파이또는패스트리,석식
2026-05-20(수),흑미밥,석식
2026-05-20(수),얼큰수제비국,석식
2026-05-20(수),고추잡채,석식
2026-05-20(수),밥싸먹는훈제오리,석식
2026-05-20(수),바나나,석식
2026-05-20(수),배추김치,석식
2026-05-21(목),중화식덮밥,석식
2026-05-21(목),콩나물국,석식
2026-05-21(목),감자말이새우튀김,석식
2026-05-21(목),팩형아이스크림,석식
2026-05-21(목),배추김치,석식
2026-05-22(금),밥,석식
2026-05-22(금),부대찌개,석식
2026-05-22(금),닭순살김치볶음,석식
2026-05-22(금),무나물,석식
2026-05-22(금),사과,석식
2026-05-22(금),열무김치,석식
2026-05-23(토),오징어덮밥,석식
2026-05-23(토),야채고기말이,석식
2026-05-23(토),계란후라이,석식
2026-05-23(토),배추김치,석식
2026-05-24(일),밥,석식
2026-05-24(일),시금치된장국,석식
2026-05-24(일),낙지삼겹살새우볶음,석식
2026-04-27(월),유부장국,석식
2026-04-27(월),바베큐폭립,석식
2026-04-27(월),참치샐러드,석식
2026-04-27(월),바나나,석식
2026-04-27(월),배추김치,석식
2026-04-28(화),흑미밥,석식
2026-04-28(화),감자양파찌개,석식
2026-04-28(화),돼지삼겹야채볶음,석식
2026-04-28(화),무생채,석식
2026-04-28(화),배추김치,석식
2026-04-28(화),떡,석식
2026-04-29(수),밥,석식
2026-04-29(수),순두부찌개,석식
2026-04-29(수),양념치킨vs후라이드치킨,석식
2026-04-29(수),무&비트피클,석식
2026-04-29(수),제로콜라2,석식
2026-04-29(수),양배추샐러드,석식
2026-04-30(목),밥,석식
2026-04-30(목),브로콜리크림스프,석식
2026-04-30(목),찹스테이크,석식
2026-04-30(목),오이풋고추된장무침,석식
2026-04-30(목),배추김치,석식
2026-05-01(금),밥,석식
2026-05-01(금),부대찌개,석식
2026-05-01(금),고추장돼지불고기,석식
2026-05-01(금),가지볶음,석식
2026-05-01(금),깍두기,석식
2026-05-02(토),닭고기덮밥,석식
2026-05-02(토),스크램블에그,석식
2026-05-02(토),깻잎전,석식
2026-05-02(토),배추김치,석식
2026-05-03(일),밥,석식
2026-05-03(일),순두부찌개,석식
2026-05-03(일),주꾸미볶음,석식
2026-05-03(일),무나물,석식
2026-05-03(일),백색우유,석식
2026-05-03(일),배추김치,석식
2026-05-04(월),밥,석식
2026-05-04(월),치즈돈가스,석식
2026-05-04(월),사과,석식
2026-05-04(월),구슬치즈샐러드,석식
2026-05-04(월),양송이스프,석식
2026-05-04(월),배추김치,석식
2026-05-05(화),밥1,석식
2026-05-05(화),꼬치어묵국,석식
2026-05-05(화),차돌로제떡볶이,석식
2026-05-05(화),김말이튀김,석식
2026-05-05(화),반달단무지,석식
2026-05-06(수),유산슬덮밥,석식
2026-05-06(수),순두부백탕,석식
2026-05-06(수),멘보샤,석식
2026-05-06(수),바나나,석식
2026-05-06(수),배추김치,석식
2026-05-07(목),나가사끼짬뽕,석식
2026-05-07(목),카레밥,석식
2026-05-07(목),생선가스,석식
2026-05-07(목),두유,석식
2026-05-07(목),배추김치,석식
2026-05-08(금),밥,석식
2026-05-08(금),황태해장국,석식
2026-05-08(금),훈제오리볶음,석식
2026-05-08(금),부추무침,석식
2026-05-08(금),무쌈,석식
2026-05-08(금),대추방울토마토,석식
2026-05-08(금),배추김치,석식
2026-05-09(토),쇠고기덮밥,석식
2026-05-09(토),타코야끼,석식
2026-05-09(토),배추김치,석식
2026-05-10(일),찹쌀밥,석식
2026-05-10(일),돼지국밥,석식
2026-05-10(일),새우탕수,석식
2026-05-10(일),오이풋고추된장무침,석식
2026-04-13(월),파인애플스틱,석식
2026-04-14(화),사누끼우동,석식
2026-04-14(화),밥,석식
2026-04-14(화),에그카츠,석식
2026-04-14(화),구슬치즈샐러드,석식
2026-04-14(화),에너지음료,석식
2026-04-14(화),배추김치,석식
2026-04-14(화),농심,석식
2026-04-14(화),농심,석식
2026-04-15(수),찰현미밥,석식
2026-04-15(수),얼큰계란국,석식
2026-04-15(수),순살족발,석식
2026-04-15(수),대추방울토마토,석식
2026-04-15(수),무말랭이무침,석식
2026-04-15(수),보쌈김치,석식
2026-04-16(목),밥,석식
2026-04-16(목),해물짬뽕,석식
2026-04-16(목),닭순살치킨가스,석식
2026-04-16(목),감자에그샐러드,석식
2026-04-16(목),배추김치,석식
2026-04-17(금),밥,석식
2026-04-17(금),우거지갈비탕,석식
2026-04-17(금),김말이튀김,석식
2026-04-17(금),도토리묵무침,석식
2026-04-17(금),가공우유,석식
2026-04-17(금),배추김치,석식
2026-04-18(토),닭고기덮밥,석식
2026-04-18(토),스크램블에그,석식
2026-04-18(토),깻잎전,석식
2026-04-18(토),배추김치,석식
2026-04-19(일),밥,석식
2026-04-19(일),쇠고기육개장,석식
2026-04-19(일),낙지삼겹살새우볶음,석식
2026-04-19(일),부들어묵볶음,석식
2026-04-19(일),배추김치,석식
2026-04-20(월),밥,석식
2026-04-20(월),불고기크로켓,석식
2026-04-20(월),야채샐러드,석식
2026-04-20(월),양송이스프,석식
2026-04-20(월),사과,석식
2026-04-20(월),배추김치,석식
2026-04-21(화),자장밥,석식
2026-04-21(화),해물짬뽕,석식
2026-04-21(화),탕수육,석식
2026-04-21(화),계란후라이,석식
2026-04-21(화),배추김치,석식
2026-04-21(화),케이크또는파이또는패스트리,석식
2026-04-22(수),밥,석식
2026-04-22(수),꽃게탕,석식
2026-04-22(수),동파육,석식
2026-04-22(수),대추방울토마토,석식
2026-04-22(수),무말랭이무침,석식
2026-04-22(수),배추김치,석식
2026-04-23(목),밥1,석식
2026-04-23(목),꼬치어묵국,석식
2026-04-23(목),누들떡볶이,석식
2026-04-23(목),감자말이새우튀김,석식
2026-04-23(목),찰순대찜,석식
2026-04-23(목),반달단무지,석식
2026-04-23(목),몬스터에너지,석식
2026-04-24(금),밥,석식
2026-04-24(금),해물탕,석식
2026-04-24(금),돼지고기자장볶음,석식
2026-04-24(금),상추겉절이,석식
2026-04-24(금),가공우유,석식
2026-04-24(금),배추김치,석식
2026-04-25(토),쇠고기덮밥,석식
2026-04-25(토),타코야끼,석식
2026-04-25(토),계란후라이,석식
2026-04-25(토),배추김치,석식
2026-04-26(일),밥,석식
2026-04-26(일),수제비국,석식
2026-04-26(일),주꾸미볶음,석식
2026-04-26(일),연두부&양념장,석식
2026-04-26(일),배추김치,석식
2026-04-27(월),밥,석식
2026-03-30(월),배추김치,석식
2026-03-31(화),밥,석식
2026-03-31(화),해물짬뽕,석식
2026-03-31(화),닭순살치킨가스,석식
2026-03-31(화),감자샐러드,석식
2026-03-31(화),배추김치,석식
2026-04-01(수),중화식덮밥,석식
2026-04-01(수),팽이버섯된장국,석식
2026-04-01(수),멘보샤,석식
2026-04-01(수),사과,석식
2026-04-01(수),배추김치,석식
2026-04-02(목),밥,석식
2026-04-02(목),얼큰수제비국,석식
2026-04-02(목),돼지갈비찜,석식
2026-04-02(목),도토리묵무침,석식
2026-04-02(목),배추김치,석식
2026-04-03(금),찰수수밥,석식
2026-04-03(금),부대찌개,석식
2026-04-03(금),감자채볶음,석식
2026-04-03(금),고추잡채,석식
2026-04-03(금),대추방울토마토,석식
2026-04-03(금),배추김치,석식
2026-04-04(토),오징어덮밥,석식
2026-04-04(토),모짜렐라핫도그,석식
2026-04-04(토),가공우유,석식
2026-04-04(토),배추김치,석식
2026-04-05(일),밥,석식
2026-04-05(일),햄짜글이,석식
2026-04-05(일),고추장돼지불고기,석식
2026-04-05(일),오이무침,석식
2026-04-05(일),파김치,석식
2026-04-06(월),밥,석식
2026-04-06(월),두부된장찌개,석식
2026-04-06(월),가츠동,석식
2026-04-06(월),바나나,석식
2026-04-06(월),푸실리파스타,석식
2026-04-06(월),배추김치,석식
2026-04-07(화),흑미밥,석식
2026-04-07(화),얼큰수제비국,석식
2026-04-07(화),닭고기야채조림,석식
2026-04-07(화),미역줄기볶음,석식
2026-04-07(화),배추김치,석식
2026-04-08(수),유산슬덮밥,석식
2026-04-08(수),순두부백탕,석식
2026-04-08(수),깐쇼새우,석식
2026-04-08(수),사과,석식
2026-04-08(수),배추김치,석식
2026-04-09(목),나가사끼짬뽕,석식
2026-04-09(목),카레밥,석식
2026-04-09(목),생선가스,석식
2026-04-09(목),계란후라이,석식
2026-04-09(목),배추김치,석식
2026-04-10(금),밥,석식
2026-04-10(금),쇠고기버섯전골,석식
2026-04-10(금),닭순살김치볶음,석식
2026-04-10(금),사천식캐슈넛멸치볶음,석식
2026-04-10(금),가공우유,석식
2026-04-10(금),파김치,석식
2026-04-11(토),제육덮밥,석식
2026-04-11(토),야채고기말이,석식
2026-04-11(토),계란후라이,석식
2026-04-11(토),배추김치,석식
2026-04-12(일),밥,석식
2026-04-12(일),마라탕,석식
2026-04-12(일),간장돼지불고기,석식
2026-04-12(일),오이무침,석식
2026-04-12(일),두유,석식
2026-04-12(일),배추김치,석식
2026-04-13(월),새우튀김덮밥,석식
2026-04-13(월),미소장국,석식
2026-04-13(월),닭강정,석식
2026-04-13(월),양배추피클,석식
2026-03-17(화),순대국밥,석식
2026-03-17(화),돼지고기육전,석식
2026-03-17(화),오이풋고추된장무침,석식
2026-03-17(화),이온음료,석식
2026-03-17(화),깍두기,석식
2026-03-17(화),떡,석식
2026-03-18(수),밥1,석식
2026-03-18(수),어묵탕,석식
2026-03-18(수),차돌로제떡볶이,석식
2026-03-18(수),치즈볼,석식
2026-03-18(수),반달단무지,석식
2026-03-19(목),새우튀김덮밥,석식
2026-03-19(목),미소장국,석식
2026-03-19(목),닭강정,석식
2026-03-19(목),두유,석식
2026-03-19(목),배추김치,석식
2026-03-20(금),흑미밥,석식
2026-03-20(금),순두부찌개,석식
2026-03-20(금),한우갈비찜,석식
2026-03-20(금),오미산적,석식
2026-03-20(금),사과,석식
2026-03-20(금),파김치,석식
2026-03-21(토),제육덮밥,석식
2026-03-21(토),유부장국,석식
2026-03-21(토),야채고기말이,석식
2026-03-21(토),계란후라이,석식
2026-03-21(토),배추김치,석식
2026-03-22(일),밥,석식
2026-03-22(일),사골우거지국,석식
2026-03-22(일),주꾸미볶음,석식
2026-03-22(일),호박새우볶음,석식
2026-03-22(일),배추김치,석식
2026-03-23(월),밥,석식
2026-03-23(월),순두부백탕,석식
2026-03-23(월),감자채볶음,석식
2026-03-23(월),볼케이노치킨,석식
2026-03-23(월),파인애플스틱,석식
2026-03-23(월),배추김치,석식
2026-03-24(화),밥,석식
2026-03-24(화),불고기크로켓,석식
2026-03-24(화),백색우유,석식
2026-03-24(화),구슬치즈샐러드,석식
2026-03-24(화),양송이스프,석식
2026-03-24(화),배추김치,석식
2026-03-25(수),밥,석식
2026-03-25(수),해물탕,석식
2026-03-25(수),돼지고기자장볶음,석식
2026-03-25(수),상추겉절이,석식
2026-03-25(수),배추김치,석식
2026-03-26(목),밥,석식
2026-03-26(목),미소장국,석식
2026-03-26(목),양념치킨vs후라이드치킨,석식
2026-03-26(목),무&비트피클,석식
2026-03-26(목),제로콜라2,석식
2026-03-26(목),마카로니샐러드,석식
2026-03-27(금),밥,석식
2026-03-27(금),돼지고기고추장찌개,석식
2026-03-27(금),부들어묵볶음,석식
2026-03-27(금),맛밤송송함박스테이크,석식
2026-03-27(금),대추방울토마토,석식
2026-03-27(금),배추김치,석식
2026-03-27(금),참조은에스에프 블루베리크림치즈찰떡,석식
2026-03-27(금),200오븐에구운 호두파이,석식
2026-03-28(토),오징어덮밥,석식
2026-03-28(토),물만두국,석식
2026-03-28(토),타코야끼,석식
2026-03-28(토),계란후라이,석식
2026-03-28(토),배추김치,석식
2026-03-29(일),밥,석식
2026-03-29(일),참치김치찌개,석식
2026-03-29(일),소불고기,석식
2026-03-29(일),오이풋고추된장무침,석식
2026-03-29(일),열무김치,석식
2026-03-30(월),돼지고기덮밥,석식
2026-03-30(월),콩나물국,석식
2026-03-30(월),김말이튀김,석식
2026-03-30(월),가공우유,석식
2026-03-03(화),딸기,석식
2026-03-03(화),푸실리파스타,석식
2026-03-03(화),배추김치,석식
2026-03-04(수),밥,석식
2026-03-04(수),감자양파찌개,석식
2026-03-04(수),훈제오리볶음,석식
2026-03-04(수),부추무침,석식
2026-03-04(수),무쌈,석식
2026-03-04(수),백색우유,석식
2026-03-04(수),배추김치,석식
2026-03-05(목),김치덮밥,석식
2026-03-05(목),순두부백탕,석식
2026-03-05(목),갑오징어튀김,석식
2026-03-05(목),양배추피클,석식
2026-03-06(금),밥,석식
2026-03-06(금),얼큰계란국,석식
2026-03-06(금),매콤순대볶음,석식
2026-03-06(금),전복장조림,석식
2026-03-06(금),사과,석식
2026-03-06(금),배추김치,석식
2026-03-07(토),닭고기덮밥,석식
2026-03-07(토),수제비국,석식
2026-03-07(토),모짜렐라핫도그,석식
2026-03-07(토),스크램블에그,석식
2026-03-07(토),배추김치,석식
2026-03-08(일),밥,석식
2026-03-08(일),햄짜글이,석식
2026-03-08(일),고추장돼지불고기,석식
2026-03-08(일),오이무침,석식
2026-03-08(일),드링킹요거트,석식
2026-03-08(일),배추김치,석식
2026-03-09(월),자장밥,석식
2026-03-09(월),해물짬뽕,석식
2026-03-09(월),탕수육,석식
2026-03-09(월),배추김치,석식
2026-03-10(화),찰현미밥,석식
2026-03-10(화),닭고기육개장,석식
2026-03-10(화),동파육,석식
2026-03-10(화),양념깻잎지,석식
2026-03-10(화),딸기,석식
2026-03-10(화),배추김치,석식
2026-03-10(화),삼양식품,석식
2026-03-10(화),농심,석식
2026-03-11(수),밥,석식
2026-03-11(수),사누끼우동,석식
2026-03-11(수),에그카츠,석식
2026-03-11(수),사과,석식
2026-03-11(수),구슬치즈샐러드,석식
2026-03-11(수),배추김치,석식
2026-03-12(목),중화식덮밥,석식
2026-03-12(목),팽이버섯된장국,석식
2026-03-12(목),멘보샤,석식
2026-03-12(목),백색우유,석식
2026-03-12(목),배추김치,석식
2026-03-13(금),밥,석식
2026-03-13(금),감자양파찌개,석식
2026-03-13(금),닭순살김치볶음,석식
2026-03-13(금),사천식캐슈넛멸치볶음,석식
2026-03-13(금),대추방울토마토,석식
2026-03-13(금),열무김치,석식
2026-03-14(토),밥,석식
2026-03-14(토),꼬치어묵국,석식
2026-03-14(토),바베큐폭립,석식
2026-03-14(토),감자에그샐러드,석식
2026-03-14(토),초코바,석식
2026-03-14(토),배추김치,석식
2026-03-15(일),밥,석식
2026-03-15(일),닭고기육개장,석식
2026-03-15(일),돼지고기장조림,석식
2026-03-15(일),시금치무침,석식
2026-03-15(일),배추김치,석식
2026-03-16(월),카레밥,석식
2026-03-16(월),나가사끼짬뽕,석식
2026-03-16(월),생선가스,석식
2026-03-16(월),계란후라이,석식
2026-03-16(월),바나나,석식
2026-03-16(월),배추김치,석식
2026-03-17(화),찹쌀밥,석식
2026-02-17(화),떡,석식
2026-02-18(수),밥1,석식
2026-02-18(수),꼬치어묵국,석식
2026-02-18(수),누들떡볶이,석식
2026-02-18(수),김말이튀김,석식
2026-02-18(수),반달단무지,석식
2026-02-19(목),밥,석식
2026-02-19(목),유부장국,석식
2026-02-19(목),양념치킨vs후라이드치킨,석식
2026-02-19(목),제로콜라2,석식
2026-02-19(목),무&비트피클,석식
2026-02-19(목),배추김치,석식
2026-02-20(금),중화식덮밥,석식
2026-02-20(금),물만두국,석식
2026-02-20(금),타코야끼,석식
2026-02-20(금),사과,석식
2026-02-20(금),배추김치,석식
2026-02-21(토),오징어덮밥,석식
2026-02-21(토),미소장국,석식
2026-02-21(토),모짜렐라핫도그,석식
2026-02-21(토),배추김치,석식
2026-02-22(일),밥,석식
2026-02-22(일),참치김치찌개,석식
2026-02-22(일),간장돼지불고기,석식
2026-02-22(일),무조림,석식
2026-02-22(일),파김치,석식
2026-02-23(월),새우튀김덮밥,석식
2026-02-23(월),팽이버섯된장국,석식
2026-02-23(월),닭강정,석식
2026-02-23(월),파인애플스틱,석식
2026-02-23(월),배추김치,석식
2026-02-24(화),밥,석식
2026-02-24(화),불고기크로켓,석식
2026-02-24(화),양송이스프,석식
2026-02-24(화),푸실리파스타,석식
2026-02-24(화),배추김치,석식
2026-02-25(수),찰현미밥,석식
2026-02-25(수),쇠고기육개장,석식
2026-02-25(수),닭고기야채조림,석식
2026-02-25(수),미역줄기볶음,석식
2026-02-25(수),배추김치,석식
2026-02-25(수),참조은에스에프 블루베리크림치즈찰떡,석식
2026-02-25(수),200오븐에구운 호두파이,석식
2026-02-26(목),찹쌀밥,석식
2026-02-26(목),갈낙탕,석식
2026-02-26(목),돼지고기육전,석식
2026-02-26(목),근대무침,석식
2026-02-26(목),딸기,석식
2026-02-26(목),깍두기,석식
2026-02-27(금),밥,석식
2026-02-27(금),순두부백탕,석식
2026-02-27(금),훈제오리볶음,석식
2026-02-27(금),가지볶음,석식
2026-02-27(금),무쌈,석식
2026-02-27(금),배추김치,석식
2026-02-28(토),쇠고기덮밥,석식
2026-02-28(토),콩나물국,석식
2026-02-28(토),닭꼬치,석식
2026-02-28(토),계란후라이,석식
2026-02-28(토),배추김치,석식
2026-03-01(일),밥,석식
2026-03-01(일),감자국,석식
2026-03-01(일),낙지삼겹살새우볶음,석식
2026-03-01(일),계란장조림,석식
2026-03-01(일),백색우유,석식
2026-03-01(일),배추김치,석식
2026-03-02(월),찹쌀밥,석식
2026-03-02(월),사골곰탕,석식
2026-03-02(월),고기만두찜,석식
2026-03-02(월),양념고추지,석식
2026-03-02(월),바나나,석식
2026-03-02(월),깍두기,석식
2026-03-03(화),밥,석식
2026-03-03(화),유부장국,석식
2026-03-03(화),치즈돈가스,석식
2026-02-04(수),해물탕,석식
2026-02-04(수),감자채볶음,석식
2026-02-04(수),고추잡채,석식
2026-02-04(수),샤인머스켓,석식
2026-02-04(수),배추김치,석식
2026-02-05(목),밥,석식
2026-02-05(목),감자양파찌개,석식
2026-02-05(목),닭순살치킨가스,석식
2026-02-05(목),단호박샐러드,석식
2026-02-05(목),배추김치,석식
2026-02-06(금),밥,석식
2026-02-06(금),수제비국,석식
2026-02-06(금),주꾸미볶음,석식
2026-02-06(금),두부양념장,석식
2026-02-06(금),한라봉,석식
2026-02-06(금),배추김치,석식
2026-02-07(토),치킨마요덮밥,석식
2026-02-07(토),어묵탕,석식
2026-02-07(토),비엔나소시지케찹볶음,석식
2026-02-07(토),배추김치,석식
2026-02-08(일),밥,석식
2026-02-08(일),닭볶음탕,석식
2026-02-08(일),쇠고기육개장,석식
2026-02-08(일),청포묵무침,석식
2026-02-08(일),백색우유,석식
2026-02-08(일),배추김치,석식
2026-02-09(월),밥,석식
2026-02-09(월),부대찌개,석식
2026-02-09(월),돼지고기자장볶음,석식
2026-02-09(월),연근조림,석식
2026-02-09(월),바나나,석식
2026-02-09(월),배추김치,석식
2026-02-10(화),유산슬덮밥,석식
2026-02-10(화),순두부백탕,석식
2026-02-10(화),멘보샤,석식
2026-02-10(화),딸기,석식
2026-02-10(화),배추김치,석식
2026-02-10(화),삼양식품,석식
2026-02-10(화),농심,석식
2026-02-11(수),카레밥,석식
2026-02-11(수),나가사끼짬뽕,석식
2026-02-11(수),생선가스,석식
2026-02-11(수),계란후라이,석식
2026-02-11(수),샤인머스켓,석식
2026-02-11(수),배추김치,석식
2026-02-12(목),밥,석식
2026-02-12(목),사누끼우동,석식
2026-02-12(목),에그카츠,석식
2026-02-12(목),양배추피클,석식
2026-02-12(목),배추김치,석식
2026-02-13(금),흑미밥,석식
2026-02-13(금),쇠고기탕국,석식
2026-02-13(금),호박새우볶음,석식
2026-02-13(금),볼케이노치킨,석식
2026-02-13(금),배추김치,석식
2026-02-14(토),제육덮밥,석식
2026-02-14(토),미소장국,석식
2026-02-14(토),새우교자만두,석식
2026-02-14(토),계란후라이,석식
2026-02-14(토),배추김치,석식
2026-02-15(일),밥,석식
2026-02-15(일),시래기감자탕,석식
2026-02-15(일),깻잎전,석식
2026-02-15(일),도토리묵&양념장,석식
2026-02-15(일),깍두기,석식
2026-02-16(월),현미밥,석식
2026-02-16(월),사골미역국,석식
2026-02-16(월),순살족발,석식
2026-02-16(월),모듬쌈,석식
2026-02-16(월),바나나,석식
2026-02-16(월),무말랭이무침,석식
2026-02-16(월),보쌈김치,석식
2026-02-17(화),밥,석식
2026-02-17(화),차돌박이된장찌개,석식
2026-02-17(화),돼지갈비찜,석식
2026-02-17(화),오미산적,석식
2026-02-17(화),백색우유,석식
2026-02-17(화),배추김치,석식
2026-01-21(수),사과,석식
2026-01-21(수),깍두기,석식
2026-01-21(수),떡,석식
2026-01-21(수),200오븐에구운 호두파이,석식
2026-01-22(목),사누끼우동,석식
2026-01-22(목),밥,석식
2026-01-22(목),등심돈까스,석식
2026-01-22(목),단호박샐러드,석식
2026-01-22(목),배추김치,석식
2026-01-23(금),찰현미밥,석식
2026-01-23(금),차돌박이된장찌개,석식
2026-01-23(금),닭순살김치볶음,석식
2026-01-23(금),미역줄기볶음,석식
2026-01-23(금),감귤,석식
2026-01-23(금),배추김치,석식
2026-01-24(토),제육덮밥,석식
2026-01-24(토),물만두국,석식
2026-01-24(토),야채고기말이,석식
2026-01-24(토),계란후라이,석식
2026-01-24(토),배추김치,석식
2026-01-25(일),밥,석식
2026-01-25(일),돼지고기고추장찌개,석식
2026-01-25(일),오리불고기,석식
2026-01-25(일),미역초무침,석식
2026-01-25(일),무쌈,석식
2026-01-25(일),배추김치,석식
2026-01-26(월),밥,석식
2026-01-26(월),쇠고기육개장,석식
2026-01-26(월),돼지고기자장볶음,석식
2026-01-26(월),근대무침,석식
2026-01-26(월),샤인머스켓,석식
2026-01-26(월),배추김치,석식
2026-01-27(화),밥,석식
2026-01-27(화),미소장국,석식
2026-01-27(화),새우가스,석식
2026-01-27(화),푸실리파스타,석식
2026-01-27(화),배추김치,석식
2026-01-28(수),밥,석식
2026-01-28(수),우거지갈비탕,석식
2026-01-28(수),쇠고기육전,석식
2026-01-28(수),청포묵무침,석식
2026-01-28(수),바나나,석식
2026-01-28(수),배추김치,석식
2026-01-29(목),밥,석식
2026-01-29(목),유부장국,석식
2026-01-29(목),양념치킨vs후라이드치킨,석식
2026-01-29(목),제로콜라2,석식
2026-01-29(목),무&비트피클,석식
2026-01-29(목),배추김치,석식
2026-01-30(금),비빔밥,석식
2026-01-30(금),감자국,석식
2026-01-30(금),닭꼬치,석식
2026-01-30(금),계란후라이,석식
2026-01-30(금),한라봉,석식
2026-01-30(금),열무김치,석식
2026-01-31(토),닭고기덮밥,석식
2026-01-31(토),수제비국,석식
2026-01-31(토),언양식바싹불고기,석식
2026-01-31(토),스크램블에그,석식
2026-01-31(토),배추김치,석식
2026-02-01(일),밥,석식
2026-02-01(일),참치김치찌개,석식
2026-02-01(일),고추장돼지불고기,석식
2026-02-01(일),새송이버섯야채볶음,석식
2026-02-01(일),깍두기,석식
2026-02-02(월),자장밥,석식
2026-02-02(월),해물짬뽕,석식
2026-02-02(월),탕수육,석식
2026-02-02(월),계란후라이,석식
2026-02-02(월),배추김치,석식
2026-02-03(화),밥,석식
2026-02-03(화),유부장국,석식
2026-02-03(화),가츠동,석식
2026-02-03(화),딸기,석식
2026-02-03(화),참치샐러드,석식
2026-02-03(화),배추김치,석식
2026-02-04(수),찰수수밥,석식
2026-01-07(수),배추김치,석식
2026-01-08(목),찰수수밥,석식
2026-01-08(목),어묵탕,석식
2026-01-08(목),돼지갈비찜,석식
2026-01-08(목),오이나물,석식
2026-01-08(목),배추김치,석식
2026-01-09(금),밥,석식
2026-01-09(금),감자호박국,석식
2026-01-09(금),파채&간장돼지불백,석식
2026-01-09(금),가지볶음,석식
2026-01-09(금),사과,석식
2026-01-09(금),배추김치,석식
2026-01-10(토),치킨마요덮밥,석식
2026-01-10(토),아욱된장국,석식
2026-01-10(토),메밀전병,석식
2026-01-10(토),배추김치,석식
2026-01-11(일),밥,석식
2026-01-11(일),두부된장찌개,석식
2026-01-11(일),양배추베이컨볶음,석식
2026-01-11(일),들깨백불고기,석식
2026-01-11(일),배추김치,석식
2026-01-12(월),밥,석식
2026-01-12(월),황태해장국,석식
2026-01-12(월),닭순살치킨가스,석식
2026-01-12(월),파인애플스틱,석식
2026-01-12(월),감자에그샐러드,석식
2026-01-12(월),깍두기,석식
2026-01-13(화),찹쌀밥,석식
2026-01-13(화),쇠고기미역국,석식
2026-01-13(화),훈제삼겹살,석식
2026-01-13(화),양념깻잎지,석식
2026-01-13(화),저염쌈장,석식
2026-01-13(화),보쌈김치,석식
2026-01-14(수),밥,석식
2026-01-14(수),꼬치어묵국,석식
2026-01-14(수),차돌로제떡볶이,석식
2026-01-14(수),회오리감자,석식
2026-01-14(수),반달단무지,석식
2026-01-14(수),샤인머스켓,석식
2026-01-15(목),밥,석식
2026-01-15(목),햄짜글이,석식
2026-01-15(목),에그카츠,석식
2026-01-15(목),양배추피클,석식
2026-01-15(목),드링킹요거트,석식
2026-01-15(목),배추김치,석식
2026-01-16(금),중화식덮밥,석식
2026-01-16(금),물만두국,석식
2026-01-16(금),타코야끼,석식
2026-01-16(금),감귤,석식
2026-01-16(금),배추김치,석식
2026-01-16(금),참조은에스에프 블루베리크림치즈찰떡,석식
2026-01-17(토),쇠고기덮밥,석식
2026-01-17(토),유부장국,석식
2026-01-17(토),깻잎전,석식
2026-01-17(토),배추김치,석식
2026-01-18(일),밥,석식
2026-01-18(일),쇠고기육개장,석식
2026-01-18(일),간장돼지불고기,석식
2026-01-18(일),양배추베이컨볶음,석식
2026-01-18(일),배추김치,석식
2026-01-19(월),새우튀김덮밥,석식
2026-01-19(월),미소장국,석식
2026-01-19(월),닭강정,석식
2026-01-19(월),바나나,석식
2026-01-19(월),배추김치,석식
2026-01-20(화),카레밥,석식
2026-01-20(화),짬뽕찌개,석식
2026-01-20(화),생선가스,석식
2026-01-20(화),딸기,석식
2026-01-20(화),배추김치,석식
2026-01-21(수),찹쌀밥,석식
2026-01-21(수),순대국밥,석식
2026-01-21(수),깐쇼새우,석식
2026-01-21(수),양념깻잎지,석식
2025-12-24(수),제로콜라2,석식
2025-12-24(수),배추김치,석식
2025-12-25(목),밥,석식
2025-12-25(목),바베큐폭립,석식
2025-12-25(목),포테이토크림스프,석식
2025-12-25(목),단호박샐러드,석식
2025-12-25(목),배추김치,석식
2025-12-25(목),케이크또는파이또는패스트리,석식
2025-12-26(금),밥,석식
2025-12-26(금),해물탕,석식
2025-12-26(금),꽈리고추멸치볶음,석식
2025-12-26(금),너비아니꼬지치즈맛,석식
2025-12-26(금),바나나,석식
2025-12-26(금),배추김치,석식
2025-12-27(토),쇠고기덮밥,석식
2025-12-27(토),얼큰계란국,석식
2025-12-27(토),돼지고기육전,석식
2025-12-27(토),배추김치,석식
2025-12-28(일),밥,석식
2025-12-28(일),쇠고기육개장,석식
2025-12-28(일),간장돼지불고기,석식
2025-12-28(일),감자채볶음,석식
2025-12-28(일),배추김치,석식
2025-12-29(월),밥,석식
2025-12-29(월),황태해장국,석식
2025-12-29(월),볼카츠,석식
2025-12-29(월),단호박샐러드,석식
2025-12-29(월),사과,석식
2025-12-29(월),배추김치,석식
2025-12-30(화),새우튀김덮밥,석식
2025-12-30(화),미소장국,석식
2025-12-30(화),김말이튀김,석식
2025-12-30(화),배추김치,석식
2025-12-31(수),밥,석식
2025-12-31(수),유부장국,석식
2025-12-31(수),양념치킨vs후라이드치킨,석식
2025-12-31(수),제로콜라,석식
2025-12-31(수),무&비트피클,석식
2025-12-31(수),배추김치,석식
2026-01-01(목),흑미밥,석식
2026-01-01(목),감자호박국,석식
2026-01-01(목),순살족발,석식
2026-01-01(목),오이나물,석식
2026-01-01(목),모듬쌈,석식
2026-01-01(목),보쌈김치,석식
2026-01-02(금),밥,석식
2026-01-02(금),해물탕,석식
2026-01-02(금),백순대볶음,석식
2026-01-02(금),배추나물,석식
2026-01-02(금),샤인머스켓,석식
2026-01-02(금),깍두기,석식
2026-01-03(토),밥,석식
2026-01-03(토),참치김치찌개,석식
2026-01-03(토),고추장돼지불고기,석식
2026-01-03(토),감자채볶음,석식
2026-01-03(토),파김치,석식
2026-01-04(일),오징어덮밥,석식
2026-01-04(일),감자국,석식
2026-01-04(일),모짜렐라핫도그,석식
2026-01-04(일),배추김치,석식
2026-01-05(월),밥,석식
2026-01-05(월),팽이버섯된장국,석식
2026-01-05(월),가츠동,석식
2026-01-05(월),감귤,석식
2026-01-05(월),참치샐러드,석식
2026-01-05(월),배추김치,석식
2026-01-06(화),유산슬덮밥,석식
2026-01-06(화),순두부백탕,석식
2026-01-06(화),유린기,석식
2026-01-06(화),딸기,석식
2026-01-06(화),배추김치,석식
2026-01-06(화),농심,석식
2026-01-06(화),삼양식품,석식
2026-01-07(수),나가사끼짬뽕,석식
2026-01-07(수),자장밥,석식
2026-01-07(수),오징어튀김,석식
2026-01-07(수),게토레이,석식
2025-12-10(수),샤인머스켓,석식
2025-12-10(수),열무김치,석식
2025-12-11(목),자장밥,석식
2025-12-11(목),물만두국,석식
2025-12-11(목),탕수육,석식
2025-12-11(목),배추김치,석식
2025-12-12(금),밥,석식
2025-12-12(금),쇠고기탕국,석식
2025-12-12(금),가지볶음,석식
2025-12-12(금),마파두부,석식
2025-12-12(금),토핑형발효유,석식
2025-12-12(금),배추김치,석식
2025-12-13(토),치킨마요덮밥,석식
2025-12-13(토),어묵탕,석식
2025-12-13(토),김말이튀김,석식
2025-12-13(토),배추김치,석식
2025-12-14(일),찰현미밥,석식
2025-12-14(일),쇠고기육개장,석식
2025-12-14(일),주꾸미볶음,석식
2025-12-14(일),콩나물무침,석식
2025-12-14(일),복숭아주스,석식
2025-12-14(일),배추김치,석식
2025-12-15(월),밥,석식
2025-12-15(월),감자호박국,석식
2025-12-15(월),돼지고기가지볶음,석식
2025-12-15(월),계란찜,석식
2025-12-15(월),백색우유,석식
2025-12-15(월),깍두기,석식
2025-12-16(화),밥,석식
2025-12-16(화),꼬치어묵국,석식
2025-12-16(화),누들떡볶이,석식
2025-12-16(화),김자반,석식
2025-12-16(화),유린기,석식
2025-12-16(화),반달단무지,석식
2025-12-16(화),감귤주스,석식
2025-12-17(수),밥,석식
2025-12-17(수),꽃게탕,석식
2025-12-17(수),애호박나물,석식
2025-12-17(수),버섯잡채,석식
2025-12-17(수),사과,석식
2025-12-17(수),배추김치,석식
2025-12-18(목),밥,석식
2025-12-18(목),계란국,석식
2025-12-18(목),새우가스,석식
2025-12-18(목),마카로니샐러드,석식
2025-12-18(목),배추김치,석식
2025-12-19(금),잡곡밥,석식
2025-12-19(금),해물짬뽕,석식
2025-12-19(금),닭고기야채조림,석식
2025-12-19(금),오이나물,석식
2025-12-19(금),감귤,석식
2025-12-19(금),배추김치,석식
2025-12-19(금),떡,석식
2025-12-20(토),제육덮밥,석식
2025-12-20(토),사골미역국,석식
2025-12-20(토),모짜렐라핫도그,석식
2025-12-20(토),계란후라이,석식
2025-12-20(토),배추김치,석식
2025-12-21(일),흑미밥,석식
2025-12-21(일),들깨무채국,석식
2025-12-21(일),부들어묵볶음,석식
2025-12-21(일),돼지고기자장볶음,석식
2025-12-21(일),배추김치,석식
2025-12-22(월),잡곡밥,석식
2025-12-22(월),사골미역국,석식
2025-12-22(월),훈제삼겹살,석식
2025-12-22(월),양념깻잎지,석식
2025-12-22(월),저염쌈장,석식
2025-12-22(월),샤인머스켓,석식
2025-12-22(월),보쌈김치,석식
2025-12-23(화),밥,석식
2025-12-23(화),참치김치찌개,석식
2025-12-23(화),닭순살치킨가스,석식
2025-12-23(화),마카로니샐러드,석식
2025-12-23(화),깍두기,석식
2025-12-24(수),밥,석식
2025-12-24(수),감자국,석식
2025-12-24(수),닭다리튀김,석식
2025-12-24(수),진미채고추장조림,석식
2025-04-06(일),무나물,석식
2025-04-06(일),배추김치,석식
2025-04-07(월),밥,석식
2025-04-07(월),부대찌개,석식
2025-04-07(월),감자채볶음,석식
2025-04-07(월),순살고등어구이,석식
2025-04-07(월),대추방울토마토,석식
2025-04-07(월),배추김치,석식
2025-04-08(화),흑미밥,석식
2025-04-08(화),마라탕,석식
2025-04-08(화),갑오징어튀김,석식
2025-04-08(화),감자에그샐러드,석식
2025-04-08(화),배추김치,석식
2025-04-08(화),농심,석식
2025-04-09(수),통모짜핫도그,석식
2025-04-09(수),카레밥,석식
2025-04-09(수),팽이버섯된장국,석식
2025-04-09(수),사과,석식
2025-04-09(수),열무김치,석식
2025-04-10(목),밥,석식
2025-04-10(목),사골우거지국,석식
2025-04-10(목),찐새우만두,석식
2025-04-10(목),오징어젓무침,석식
2025-04-10(목),탄산음료,석식
2025-04-10(목),배추김치,석식
2025-04-11(금),밥,석식
2025-04-11(금),꽃게탕,석식
2025-04-11(금),닭강정,석식
2025-04-11(금),양배추샐러드,석식
2025-04-11(금),배추김치,석식
2025-04-12(토),제육덮밥,석식
2025-04-12(토),콩나물무침,석식
2025-04-12(토),열무김치,석식
2025-04-13(일),밥,석식
2025-04-13(일),닭볶음탕,석식
2025-04-13(일),황태해장국,석식
2025-04-13(일),무조림,석식
2025-04-13(일),이온음료,석식
2025-04-13(일),배추김치,석식
2025-04-14(월),잡곡밥,석식
2025-04-14(월),콩나물김치국,석식
2025-04-14(월),순살삼치구이,석식
2025-04-14(월),옥수수계란찜,석식
2025-04-14(월),사과,석식
2025-04-14(월),배추김치,석식
2025-04-15(화),자장밥,석식
2025-04-15(화),계란국,석식
2025-04-15(화),유린기,석식
2025-04-15(화),배추김치,석식
2025-04-16(수),찰현미밥,석식
2025-04-16(수),햄감자찌개,석식
2025-04-16(수),고추잡채,석식
2025-04-16(수),김말이튀김,석식
2025-04-16(수),마시는발효유,석식
2025-04-16(수),열무김치,석식
2025-04-16(수),케이크또는파이또는패스트리,석식
2025-04-16(수),케이크또는파이또는패스트리,석식
2025-04-17(목),새우튀김덮밥,석식
2025-04-17(목),미소장국,석식
2025-04-17(목),닭꼬치,석식
2025-04-17(목),꼬들단무지,석식
2025-04-18(금),밥,석식
2025-04-18(금),꼬치어묵국,석식
2025-04-18(금),떡볶이,석식
2025-04-18(금),찰순대찜,석식
2025-04-18(금),반달단무지,석식
2025-04-18(금),짜먹는발효유,석식
2025-04-19(토),삼색도리덮밥,석식
2025-04-19(토),무나물,석식
2025-04-19(토),배추김치,석식
2025-04-20(일),밥,석식
2025-04-20(일),황태해장국,석식
2025-11-21(금),2708.29kcal,증특식
2025-11-22(토),3191.27kcal,증특식
2025-11-23(일),2687.80kcal,증특식
2025-11-24(월),3459.71kcal,증특식
2025-11-25(화),3188.22kcal,증특식
2025-11-26(수),3309.34kcal,증특식
2025-11-27(목),3529.00kcal,증특식
2025-11-28(금),2999.62kcal,증특식
2025-11-29(토),3450.14kcal,증특식
2025-11-30(일),3043.77kcal,증특식
2025-11-07(금),3125.45kcal,증특식
2025-11-08(토),3449.66kcal,증특식
2025-11-09(일),3213.67kcal,증특식
2025-11-10(월),3874.46kcal,증특식
2025-11-11(화),2955.29kcal,증특식
2025-11-12(수),3364.61kcal,증특식
2025-11-13(목),3582.56kcal,증특식
2025-11-14(금),2608.40kcal,증특식
2025-11-15(토),3830.96kcal,증특식
2025-11-16(일),3085.07kcal,증특식
2025-11-17(월),3479.81kcal,증특식
2025-11-18(화),2794.56kcal,증특식
2025-11-19(수),3274.56kcal,증특식
2025-11-20(목),3438.67kcal,증특식
2025-11-01(토),3118.85kcal,증특식
2025-11-02(일),2743.99kcal,증특식
2025-11-03(월),2905.50kcal,증특식
2025-11-04(화),3958.41kcal,증특식
2025-11-05(수),3662.73kcal,증특식
2025-11-06(목),3512.98kcal,증특식
